event_id,dataset_source,source_file,event_type,lane_id,event_onset_s,window_start_s,window_end_s,event_duration_s,split
0,ngsim_i-80_0400pm-0415pm,data\raw\ngsim\I-80\vehicle-trajectory-data\0400pm-0415pm\trajectories-0400-0415.csv,queue,5,1113433822.7,1113433812.7,1113433822.7,17.09999990463257,holdout
1,ngsim_i-80_0400pm-0415pm,data\raw\ngsim\I-80\vehicle-trajectory-data\0400pm-0415pm\trajectories-0400-0415.csv,queue,5,1113433890.5,1113433880.5,1113433890.5,22.90000009536743,holdout
2,ngsim_i-80_0400pm-0415pm,data\raw\ngsim\I-80\vehicle-trajectory-data\0400pm-0415pm\trajectories-0400-0415.csv,queue,6,1113433689.0,1113433679.0,1113433689.0,29.20000004768372,holdout
3,ngsim_i-80_0400pm-0415pm,data\raw\ngsim\I-80\vehicle-trajectory-data\0400pm-0415pm\trajectories-0400-0415.csv,queue,6,1113433790.5,1113433780.5,1113433790.5,48.09999990463257,holdout
4,ngsim_i-80_0400pm-0415pm,data\raw\ngsim\I-80\vehicle-trajectory-data\0400pm-0415pm\trajectories-0400-0415.csv,queue,2,1113433390.1,1113433380.1,1113433390.1,42.60000014305115,holdout
5,ngsim_i-80_0400pm-0415pm,data\raw\ngsim\I-80\vehicle-trajectory-data\0400pm-0415pm\trajectories-0400-0415.csv,queue,2,1113433744.1,1113433734.1,1113433744.1,31.5,holdout
6,ngsim_i-80_0400pm-0415pm,data\raw\ngsim\I-80\vehicle-trajectory-data\0400pm-0415pm\trajectories-0400-0415.csv,queue,7,1113433842.8,1113433832.8,1113433842.8,6.900000095367432,holdout
7,ngsim_i-80_0400pm-0415pm,data\raw\ngsim\I-80\vehicle-trajectory-data\0400pm-0415pm\trajectories-0400-0415.csv,queue,7,1113433936.7,1113433926.7,1113433936.7,15.899999856948853,holdout
8,ngsim_i-80_0500pm-0515pm,data\raw\ngsim\I-80\vehicle-trajectory-data\0500pm-0515pm\trajectories-0500-0515.csv,queue,4,1113436876.8,1113436866.8,1113436876.8,26.799999952316284,holdout
9,ngsim_i-80_0500pm-0515pm,data\raw\ngsim\I-80\vehicle-trajectory-data\0500pm-0515pm\trajectories-0500-0515.csv,queue,4,1113437205.3,1113437195.3,1113437205.3,22.70000004768372,holdout
10,ngsim_i-80_0500pm-0515pm,data\raw\ngsim\I-80\vehicle-trajectory-data\0500pm-0515pm\trajectories-0500-0515.csv,queue,4,1113437235.7,1113437225.7,1113437235.7,11.200000047683716,holdout
11,ngsim_i-80_0500pm-0515pm,data\raw\ngsim\I-80\vehicle-trajectory-data\0500pm-0515pm\trajectories-0500-0515.csv,queue,5,1113436840.7,1113436830.7,1113436840.7,15.299999952316284,holdout
12,ngsim_i-80_0500pm-0515pm,data\raw\ngsim\I-80\vehicle-trajectory-data\0500pm-0515pm\trajectories-0500-0515.csv,queue,5,1113437345.6,1113437335.6,1113437345.6,13.300000190734863,holdout
13,ngsim_i-80_0500pm-0515pm,data\raw\ngsim\I-80\vehicle-trajectory-data\0500pm-0515pm\trajectories-0500-0515.csv,queue,5,1113437378.2,1113437368.2,1113437378.2,15.099999904632568,holdout
14,ngsim_i-80_0500pm-0515pm,data\raw\ngsim\I-80\vehicle-trajectory-data\0500pm-0515pm\trajectories-0500-0515.csv,queue,5,1113437526.1,1113437516.1,1113437526.1,6.0,holdout
15,ngsim_i-80_0500pm-0515pm,data\raw\ngsim\I-80\vehicle-trajectory-data\0500pm-0515pm\trajectories-0500-0515.csv,queue,2,1113436920.7,1113436910.7,1113436920.7,19.399999856948853,holdout
16,ngsim_i-80_0500pm-0515pm,data\raw\ngsim\I-80\vehicle-trajectory-data\0500pm-0515pm\trajectories-0500-0515.csv,queue,2,1113436953.0,1113436943.0,1113436953.0,42.20000004768372,holdout
17,ngsim_i-80_0500pm-0515pm,data\raw\ngsim\I-80\vehicle-trajectory-data\0500pm-0515pm\trajectories-0500-0515.csv,queue,2,1113437087.1,1113437077.1,1113437087.1,32.30000019073486,holdout
18,ngsim_i-80_0500pm-0515pm,data\raw\ngsim\I-80\vehicle-trajectory-data\0500pm-0515pm\trajectories-0500-0515.csv,queue,2,1113437157.6,1113437147.6,1113437157.6,30.600000143051147,holdout
19,ngsim_i-80_0500pm-0515pm,data\raw\ngsim\I-80\vehicle-trajectory-data\0500pm-0515pm\trajectories-0500-0515.csv,queue,2,1113437326.9,1113437316.9,1113437326.9,31.699999809265137,holdout
20,ngsim_i-80_0500pm-0515pm,data\raw\ngsim\I-80\vehicle-trajectory-data\0500pm-0515pm\trajectories-0500-0515.csv,queue,2,1113437491.6,1113437481.6,1113437491.6,6.400000095367432,holdout
21,ngsim_i-80_0500pm-0515pm,data\raw\ngsim\I-80\vehicle-trajectory-data\0500pm-0515pm\trajectories-0500-0515.csv,queue,2,1113437508.6,1113437498.6,1113437508.6,16.90000009536743,holdout
22,ngsim_i-80_0500pm-0515pm,data\raw\ngsim\I-80\vehicle-trajectory-data\0500pm-0515pm\trajectories-0500-0515.csv,queue,3,1113437461.3,1113437451.3,1113437461.3,6.299999952316284,holdout
23,ngsim_i-80_0500pm-0515pm,data\raw\ngsim\I-80\vehicle-trajectory-data\0500pm-0515pm\trajectories-0500-0515.csv,queue,6,1113436898.7,1113436888.7,1113436898.7,23.899999856948853,holdout
24,ngsim_i-80_0500pm-0515pm,data\raw\ngsim\I-80\vehicle-trajectory-data\0500pm-0515pm\trajectories-0500-0515.csv,queue,6,1113437041.9,1113437031.9,1113437041.9,21.5,holdout
25,ngsim_i-80_0500pm-0515pm,data\raw\ngsim\I-80\vehicle-trajectory-data\0500pm-0515pm\trajectories-0500-0515.csv,queue,6,1113437136.1,1113437126.1,1113437136.1,12.900000095367432,holdout
26,ngsim_i-80_0500pm-0515pm,data\raw\ngsim\I-80\vehicle-trajectory-data\0500pm-0515pm\trajectories-0500-0515.csv,queue,7,1113437083.9,1113437073.9,1113437083.9,18.299999952316284,holdout
27,ngsim_i-80_0515pm-0530pm,data\raw\ngsim\I-80\vehicle-trajectory-data\0515pm-0530pm\trajectories-0515-0530.csv,queue,3,1113437711.4,1113437701.4,1113437711.4,16.199999809265137,holdout
28,ngsim_i-80_0515pm-0530pm,data\raw\ngsim\I-80\vehicle-trajectory-data\0515pm-0530pm\trajectories-0515-0530.csv,queue,4,1113437589.6,1113437579.6,1113437589.6,19.5,holdout
29,ngsim_i-80_0515pm-0530pm,data\raw\ngsim\I-80\vehicle-trajectory-data\0515pm-0530pm\trajectories-0515-0530.csv,queue,4,1113437790.2,1113437780.2,1113437790.2,23.09999990463257,holdout
30,ngsim_i-80_0515pm-0530pm,data\raw\ngsim\I-80\vehicle-trajectory-data\0515pm-0530pm\trajectories-0515-0530.csv,queue,5,1113437679.4,1113437669.4,1113437679.4,24.0,holdout
31,ngsim_i-80_0515pm-0530pm,data\raw\ngsim\I-80\vehicle-trajectory-data\0515pm-0530pm\trajectories-0515-0530.csv,queue,5,1113437913.4,1113437903.4,1113437913.4,9.699999809265137,holdout
32,ngsim_i-80_0515pm-0530pm,data\raw\ngsim\I-80\vehicle-trajectory-data\0515pm-0530pm\trajectories-0515-0530.csv,queue,6,1113437772.4,1113437762.4,1113437772.4,28.199999809265137,holdout
33,ngsim_i-80_0515pm-0530pm,data\raw\ngsim\I-80\vehicle-trajectory-data\0515pm-0530pm\trajectories-0515-0530.csv,queue,6,1113437935.0,1113437925.0,1113437935.0,25.70000004768372,holdout
34,ngsim_i-80_0515pm-0530pm,data\raw\ngsim\I-80\vehicle-trajectory-data\0515pm-0530pm\trajectories-0515-0530.csv,queue,7,1113437646.6,1113437636.6,1113437646.6,20.20000004768372,holdout
35,ngsim_i-80_0515pm-0530pm,data\raw\ngsim\I-80\vehicle-trajectory-data\0515pm-0530pm\trajectories-0515-0530.csv,queue,7,1113437697.6,1113437687.6,1113437697.6,9.600000143051147,holdout
36,ngsim_i-80_0515pm-0530pm,data\raw\ngsim\I-80\vehicle-trajectory-data\0515pm-0530pm\trajectories-0515-0530.csv,queue,2,1113438066.6,1113438056.6,1113438066.6,19.20000004768372,holdout
37,ngsim_us-101_0750am-0805am,data\raw\ngsim\US-101\vehicle-trajectory-data\0750am-0805am\trajectories-0750am-0805am.csv,queue,1,1118847110.8,1118847100.8,1118847110.8,14.5,train
38,ngsim_us-101_0750am-0805am,data\raw\ngsim\US-101\vehicle-trajectory-data\0750am-0805am\trajectories-0750am-0805am.csv,queue,1,1118847233.2,1118847223.2,1118847233.2,19.5,train
39,ngsim_us-101_0750am-0805am,data\raw\ngsim\US-101\vehicle-trajectory-data\0750am-0805am\trajectories-0750am-0805am.csv,queue,1,1118847359.5,1118847349.5,1118847359.5,20.799999952316284,train
40,ngsim_us-101_0750am-0805am,data\raw\ngsim\US-101\vehicle-trajectory-data\0750am-0805am\trajectories-0750am-0805am.csv,queue,1,1118847494.9,1118847484.9,1118847494.9,9.199999809265137,train
41,ngsim_us-101_0750am-0805am,data\raw\ngsim\US-101\vehicle-trajectory-data\0750am-0805am\trajectories-0750am-0805am.csv,queue,1,1118847572.8,1118847562.8,1118847572.8,35.5,train
42,ngsim_us-101_0750am-0805am,data\raw\ngsim\US-101\vehicle-trajectory-data\0750am-0805am\trajectories-0750am-0805am.csv,queue,1,1118847689.3,1118847679.3,1118847689.3,54.5,train
43,ngsim_us-101_0750am-0805am,data\raw\ngsim\US-101\vehicle-trajectory-data\0750am-0805am\trajectories-0750am-0805am.csv,queue,1,1118847749.3,1118847739.3,1118847749.3,28.40000009536743,train
44,ngsim_us-101_0750am-0805am,data\raw\ngsim\US-101\vehicle-trajectory-data\0750am-0805am\trajectories-0750am-0805am.csv,queue,5,1118847765.5,1118847755.5,1118847765.5,24.299999952316284,train
45,ngsim_us-101_0805am-0820am,data\raw\ngsim\US-101\vehicle-trajectory-data\0805am-0820am\trajectories-0805am-0820am.csv,queue,1,1118847856.9,1118847846.9,1118847856.9,12.599999904632568,train
46,ngsim_us-101_0805am-0820am,data\raw\ngsim\US-101\vehicle-trajectory-data\0805am-0820am\trajectories-0805am-0820am.csv,queue,1,1118848130.3,1118848120.3,1118848130.3,13.400000095367432,train
47,ngsim_us-101_0805am-0820am,data\raw\ngsim\US-101\vehicle-trajectory-data\0805am-0820am\trajectories-0805am-0820am.csv,queue,1,1118848193.3,1118848183.3,1118848193.3,89.79999995231628,train
48,ngsim_us-101_0805am-0820am,data\raw\ngsim\US-101\vehicle-trajectory-data\0805am-0820am\trajectories-0805am-0820am.csv,queue,1,1118848463.0,1118848453.0,1118848463.0,17.700000047683716,train
49,ngsim_us-101_0805am-0820am,data\raw\ngsim\US-101\vehicle-trajectory-data\0805am-0820am\trajectories-0805am-0820am.csv,queue,1,1118848564.2,1118848554.2,1118848564.2,10.599999904632568,train
50,ngsim_us-101_0805am-0820am,data\raw\ngsim\US-101\vehicle-trajectory-data\0805am-0820am\trajectories-0805am-0820am.csv,queue,2,1118848052.3,1118848042.3,1118848052.3,17.90000009536743,train
51,ngsim_us-101_0805am-0820am,data\raw\ngsim\US-101\vehicle-trajectory-data\0805am-0820am\trajectories-0805am-0820am.csv,queue,3,1118848092.4,1118848082.4,1118848092.4,7.5,train
52,ngsim_us-101_0805am-0820am,data\raw\ngsim\US-101\vehicle-trajectory-data\0805am-0820am\trajectories-0805am-0820am.csv,queue,3,1118848110.0,1118848100.0,1118848110.0,19.70000004768372,train
53,ngsim_us-101_0805am-0820am,data\raw\ngsim\US-101\vehicle-trajectory-data\0805am-0820am\trajectories-0805am-0820am.csv,queue,3,1118848238.7,1118848228.7,1118848238.7,25.799999952316284,train
54,ngsim_us-101_0805am-0820am,data\raw\ngsim\US-101\vehicle-trajectory-data\0805am-0820am\trajectories-0805am-0820am.csv,queue,5,1118848131.4,1118848121.4,1118848131.4,31.899999856948853,train
55,ngsim_us-101_0805am-0820am,data\raw\ngsim\US-101\vehicle-trajectory-data\0805am-0820am\trajectories-0805am-0820am.csv,queue,5,1118848199.3,1118848189.3,1118848199.3,19.100000143051147,train
56,ngsim_us-101_0805am-0820am,data\raw\ngsim\US-101\vehicle-trajectory-data\0805am-0820am\trajectories-0805am-0820am.csv,queue,5,1118848238.4,1118848228.4,1118848238.4,12.399999856948853,train
57,ngsim_us-101_0805am-0820am,data\raw\ngsim\US-101\vehicle-trajectory-data\0805am-0820am\trajectories-0805am-0820am.csv,queue,4,1118848176.5,1118848166.5,1118848176.5,24.299999952316284,train
58,ngsim_us-101_0805am-0820am,data\raw\ngsim\US-101\vehicle-trajectory-data\0805am-0820am\trajectories-0805am-0820am.csv,queue,4,1118848237.5,1118848227.5,1118848237.5,12.400000095367432,train
59,ngsim_us-101_0820am-0835am,data\raw\ngsim\US-101\vehicle-trajectory-data\0820am-0835am\trajectories-0820am-0835am.csv,queue,4,1118849084.1,1118849074.1,1118849084.1,13.600000143051147,train
60,ngsim_us-101_0820am-0835am,data\raw\ngsim\US-101\vehicle-trajectory-data\0820am-0835am\trajectories-0820am-0835am.csv,queue,4,1118849287.9,1118849277.9,1118849287.9,12.399999856948853,train
61,ngsim_us-101_0820am-0835am,data\raw\ngsim\US-101\vehicle-trajectory-data\0820am-0835am\trajectories-0820am-0835am.csv,queue,4,1118849426.8,1118849416.8,1118849426.8,8.400000095367432,train
62,ngsim_us-101_0820am-0835am,data\raw\ngsim\US-101\vehicle-trajectory-data\0820am-0835am\trajectories-0820am-0835am.csv,queue,1,1118848891.7,1118848881.7,1118848891.7,18.20000004768372,train
63,ngsim_us-101_0820am-0835am,data\raw\ngsim\US-101\vehicle-trajectory-data\0820am-0835am\trajectories-0820am-0835am.csv,queue,1,1118848973.5,1118848963.5,1118848973.5,19.90000009536743,train
64,ngsim_us-101_0820am-0835am,data\raw\ngsim\US-101\vehicle-trajectory-data\0820am-0835am\trajectories-0820am-0835am.csv,queue,1,1118849106.9,1118849096.9,1118849106.9,37.89999985694885,train
65,ngsim_us-101_0820am-0835am,data\raw\ngsim\US-101\vehicle-trajectory-data\0820am-0835am\trajectories-0820am-0835am.csv,queue,1,1118849194.7,1118849184.7,1118849194.7,27.299999952316284,train
66,ngsim_us-101_0820am-0835am,data\raw\ngsim\US-101\vehicle-trajectory-data\0820am-0835am\trajectories-0820am-0835am.csv,queue,2,1118849277.8,1118849267.8,1118849277.8,30.40000009536743,train
67,ngsim_us-101_0820am-0835am,data\raw\ngsim\US-101\vehicle-trajectory-data\0820am-0835am\trajectories-0820am-0835am.csv,queue,2,1118849358.5,1118849348.5,1118849358.5,13.299999952316284,train
68,ngsim_us-101_0820am-0835am,data\raw\ngsim\US-101\vehicle-trajectory-data\0820am-0835am\trajectories-0820am-0835am.csv,queue,2,1118849433.7,1118849423.7,1118849433.7,11.899999856948853,train
69,ngsim_us-101_0820am-0835am,data\raw\ngsim\US-101\vehicle-trajectory-data\0820am-0835am\trajectories-0820am-0835am.csv,queue,3,1118848967.0,1118848957.0,1118848967.0,11.900000095367432,train
70,ngsim_us-101_0820am-0835am,data\raw\ngsim\US-101\vehicle-trajectory-data\0820am-0835am\trajectories-0820am-0835am.csv,queue,3,1118849130.3,1118849120.3,1118849130.3,19.5,train
71,ngsim_us-101_0820am-0835am,data\raw\ngsim\US-101\vehicle-trajectory-data\0820am-0835am\trajectories-0820am-0835am.csv,queue,3,1118849165.4,1118849155.4,1118849165.4,7.599999904632568,train
72,ngsim_us-101_0820am-0835am,data\raw\ngsim\US-101\vehicle-trajectory-data\0820am-0835am\trajectories-0820am-0835am.csv,queue,3,1118849281.5,1118849271.5,1118849281.5,13.299999952316284,train
73,ngsim_us-101_0820am-0835am,data\raw\ngsim\US-101\vehicle-trajectory-data\0820am-0835am\trajectories-0820am-0835am.csv,queue,3,1118849396.3,1118849386.3,1118849396.3,41.79999995231629,train
74,ngsim_us-101_0820am-0835am,data\raw\ngsim\US-101\vehicle-trajectory-data\0820am-0835am\trajectories-0820am-0835am.csv,queue,5,1118848917.2,1118848907.2,1118848917.2,9.399999856948853,train
75,ngsim_us-101_0820am-0835am,data\raw\ngsim\US-101\vehicle-trajectory-data\0820am-0835am\trajectories-0820am-0835am.csv,queue,5,1118848978.7,1118848968.7,1118848978.7,19.399999856948853,train
76,ngsim_us-101_0820am-0835am,data\raw\ngsim\US-101\vehicle-trajectory-data\0820am-0835am\trajectories-0820am-0835am.csv,queue,5,1118849373.7,1118849363.7,1118849373.7,13.5,train
77,ngsim_us-101_0820am-0835am,data\raw\ngsim\US-101\vehicle-trajectory-data\0820am-0835am\trajectories-0820am-0835am.csv,queue,5,1118849401.6,1118849391.6,1118849401.6,12.600000143051147,train
78,mitra_t4,data\raw\mitra\Data_T4\T4_DAll.csv,queue,10,55.288575,45.288575,55.288575,14.581235,train
79,mitra_t4,data\raw\mitra\Data_T4\T4_DAll.csv,queue,10,359.258952,349.258952,359.258952,26.82680399999998,train
80,mitra_t4,data\raw\mitra\Data_T4\T4_DAll.csv,queue,10,621.721191,611.721191,621.721191,10.610600999999974,train
81,mitra_t4,data\raw\mitra\Data_T4\T4_DAll.csv,queue,4,2.5025,-7.4975,2.5025,20.086737,train
82,mitra_t4,data\raw\mitra\Data_T4\T4_DAll.csv,queue,4,160.99419,150.99419,160.99419,48.21484100000001,train
83,mitra_t4,data\raw\mitra\Data_T4\T4_DAll.csv,queue,4,327.026748,317.026748,327.026748,11.11110100000002,train
84,mitra_t4,data\raw\mitra\Data_T4\T4_DAll.csv,queue,4,376.642988,366.642988,376.642988,30.897538,train
85,mitra_t4,data\raw\mitra\Data_T4\T4_DAll.csv,queue,4,422.155128,412.155128,422.155128,10.010001999999986,train
86,mitra_t4,data\raw\mitra\Data_T4\T4_DAll.csv,queue,4,443.776732,433.776732,443.776732,20.15346900000003,train
87,mitra_t4,data\raw\mitra\Data_T4\T4_DAll.csv,queue,4,585.084585,575.084585,585.084585,35.935906000000045,train
88,mitra_t4,data\raw\mitra\Data_T4\T4_DAll.csv,queue,4,775.174513,765.174513,775.174513,43.51013999999998,train
89,mitra_t4,data\raw\mitra\Data_T4\T4_DAll.csv,queue,4,826.158787,816.158787,826.158787,10.543869000000086,train
90,mitra_t4,data\raw\mitra\Data_T4\T4_DAll.csv,queue,5,37.837806,27.837806,37.837806,68.301576,train
91,mitra_t4,data\raw\mitra\Data_T4\T4_DAll.csv,queue,5,119.452684,109.452684,119.452684,19.753070000000008,train
92,mitra_t4,data\raw\mitra\Data_T4\T4_DAll.csv,queue,5,522.655543,512.655543,522.655543,112.47905000000004,train
93,mitra_t4,data\raw\mitra\Data_T4\T4_DAll.csv,queue,3,81.748345,71.748345,81.748345,27.794438,train
94,mitra_t4,data\raw\mitra\Data_T4\T4_DAll.csv,queue,21,150.717255,140.717255,150.717255,9.80980200000002,train
95,mitra_t4,data\raw\mitra\Data_T4\T4_DAll.csv,queue,6,645.811928,635.811928,645.811928,46.41304000000002,train
96,mitra_t4,data\raw\mitra\Data_T4\T4_DAll.csv,hard_brake,1,33.666972,23.666972,33.666972,1.2012,train
97,mitra_t4,data\raw\mitra\Data_T4\T4_DAll.csv,hard_brake,6,48.982274,38.982274,48.982274,0.5005000000000024,train
98,mitra_t4,data\raw\mitra\Data_T4\T4_DAll.csv,hard_brake,3,46.880174,36.880174,46.880174,0.8341660000000033,train
99,mitra_t4,data\raw\mitra\Data_T4\T4_DAll.csv,hard_brake,2,47.547507,37.547507,47.547507,0.6673329999999993,train
100,mitra_t4,data\raw\mitra\Data_T4\T4_DAll.csv,hard_brake,1,39.272572,29.272572,39.272572,1.6016010000000025,train
101,mitra_t4,data\raw\mitra\Data_T4\T4_DAll.csv,hard_brake,3,40.807439,30.807439,40.807439,0.734066999999996,train
102,mitra_t4,data\raw\mitra\Data_T4\T4_DAll.csv,hard_brake,3,48.581874,38.581874,48.581874,0.467133000000004,train
103,mitra_t4,data\raw\mitra\Data_T4\T4_DAll.csv,hard_brake,3,35.168472,25.168472,35.168472,0.8675330000000017,train
104,mitra_t4,data\raw\mitra\Data_T4\T4_DAll.csv,hard_brake,3,39.506139,29.506139,39.506139,0.8675339999999991,train
105,mitra_t4,data\raw\mitra\Data_T4\T4_DAll.csv,hard_brake,3,45.745707,35.745707,45.745707,0.6339659999999938,train
106,mitra_t4,data\raw\mitra\Data_T4\T4_DAll.csv,hard_brake,2,45.71234,35.71234,45.71234,0.5005000000000024,train
107,mitra_t4,data\raw\mitra\Data_T4\T4_DAll.csv,hard_brake,1,42.776073,32.776073,42.776073,0.767433000000004,train
108,mitra_t4,data\raw\mitra\Data_T4\T4_DAll.csv,hard_brake,6,32.198838,22.198838,32.198838,0.9342669999999984,train
109,mitra_t4,data\raw\mitra\Data_T4\T4_DAll.csv,hard_brake,4,79.712978,69.712978,79.712978,0.6339669999999984,train
110,mitra_t4,data\raw\mitra\Data_T4\T4_DAll.csv,hard_brake,3,42.742706,32.742706,42.742706,1.1344670000000008,train
111,mitra_t4,data\raw\mitra\Data_T4\T4_DAll.csv,hard_brake,5,73.673611,63.673611,73.673611,0.5005000000000024,train
112,mitra_t4,data\raw\mitra\Data_T4\T4_DAll.csv,hard_brake,6,42.375673,32.375673,42.375673,0.767433000000004,train
113,mitra_t4,data\raw\mitra\Data_T4\T4_DAll.csv,hard_brake,4,18.685336,8.685336,18.685336,0.5672330000000017,train
114,mitra_t4,data\raw\mitra\Data_T4\T4_DAll.csv,hard_brake,4,83.817079,73.817079,83.817079,0.7006999999999977,train
115,mitra_t4,data\raw\mitra\Data_T4\T4_DAll.csv,hard_brake,1,47.247207,37.247207,47.247207,0.6339669999999984,train
116,mitra_t4,data\raw\mitra\Data_T4\T4_DAll.csv,hard_brake,1,35.702339,25.702339,35.702339,0.5004999999999953,train
117,mitra_t4,data\raw\mitra\Data_T4\T4_DAll.csv,hard_brake,3,18.885536,8.885535999999998,18.885536,0.9676340000000004,train
118,mitra_t4,data\raw\mitra\Data_T4\T4_DAll.csv,hard_brake,4,91.091013,81.091013,91.091013,0.6006,train
119,mitra_t4,data\raw\mitra\Data_T4\T4_DAll.csv,hard_brake,4,27.861171,17.861171,27.861171,1.4014000000000024,train
120,mitra_t4,data\raw\mitra\Data_T4\T4_DAll.csv,hard_brake,2,24.090737,14.090737,24.090737,0.6006,train
121,mitra_t4,data\raw\mitra\Data_T4\T4_DAll.csv,hard_brake,2,19.85317,9.85317,19.85317,1.1344659999999998,train
122,mitra_t4,data\raw\mitra\Data_T4\T4_DAll.csv,hard_brake,2,25.55887,15.55887,25.55887,0.8008009999999999,train
123,mitra_t4,data\raw\mitra\Data_T4\T4_DAll.csv,hard_brake,1,28.661971,18.661971,28.661971,0.8675329999999981,train
124,mitra_t4,data\raw\mitra\Data_T4\T4_DAll.csv,hard_brake,2,30.797438,20.797438,30.797438,0.9009,train
125,mitra_t4,data\raw\mitra\Data_T4\T4_DAll.csv,hard_brake,3,24.324304,14.324304,24.324304,0.8675329999999981,train
126,mitra_t4,data\raw\mitra\Data_T4\T4_DAll.csv,hard_brake,3,27.594237,17.594237,27.594237,0.6006,train
127,mitra_t4,data\raw\mitra\Data_T4\T4_DAll.csv,hard_brake,2,32.665971,22.665971,32.665971,0.5338670000000008,train
128,mitra_t4,data\raw\mitra\Data_T4\T4_DAll.csv,hard_brake,6,64.497776,54.497776,64.497776,0.5005000000000024,train
129,mitra_t4,data\raw\mitra\Data_T4\T4_DAll.csv,hard_brake,7,53.086374,43.086374,53.086374,0.7340670000000031,train
130,mitra_t4,data\raw\mitra\Data_T4\T4_DAll.csv,hard_brake,4,26.726704,16.726704,26.726704,0.5338669999999972,train
131,mitra_t4,data\raw\mitra\Data_T4\T4_DAll.csv,hard_brake,4,28.161471,18.161471,28.161471,0.7007000000000012,train
132,mitra_t4,data\raw\mitra\Data_T4\T4_DAll.csv,hard_brake,4,94.12738,84.12738,94.12738,0.734066999999996,train
133,mitra_t4,data\raw\mitra\Data_T4\T4_DAll.csv,hard_brake,4,28.261571,18.261571,28.261571,0.7674330000000005,train
134,mitra_t4,data\raw\mitra\Data_T4\T4_DAll.csv,hard_brake,3,11.444768,1.4447679999999998,11.444768,0.7340669999999996,train
135,mitra_t4,data\raw\mitra\Data_T4\T4_DAll.csv,hard_brake,5,76.743345,66.743345,76.743345,0.6006,train
136,mitra_t4,data\raw\mitra\Data_T4\T4_DAll.csv,hard_brake,4,29.295938,19.295938,29.295938,1.034366000000002,train
137,mitra_t4,data\raw\mitra\Data_T4\T4_DAll.csv,hard_brake,6,58.525142,48.525142,58.525142,1.4681329999999946,train
138,mitra_t4,data\raw\mitra\Data_T4\T4_DAll.csv,hard_brake,2,17.751069,7.751069000000001,17.751069,0.767433999999998,train
139,mitra_t4,data\raw\mitra\Data_T4\T4_DAll.csv,hard_brake,3,14.347669,4.347669,14.347669,0.6673330000000011,train
140,mitra_t4,data\raw\mitra\Data_T4\T4_DAll.csv,hard_brake,3,3.169834,-6.830166,3.169834,0.8341669999999999,train
141,mitra_t4,data\raw\mitra\Data_T4\T4_DAll.csv,hard_brake,3,6.673334,-3.3266660000000003,6.673334,0.8341670000000008,train
142,mitra_t4,data\raw\mitra\Data_T4\T4_DAll.csv,hard_brake,1,12.045368,2.045368,12.045368,0.9676340000000004,train
143,mitra_t4,data\raw\mitra\Data_T4\T4_DAll.csv,hard_brake,1,15.081736,5.081735999999999,15.081736,1.4347659999999998,train
144,mitra_t4,data\raw\mitra\Data_T4\T4_DAll.csv,hard_brake,1,5.638967,-4.361033,5.638967,1.2012010000000002,train
145,mitra_t4,data\raw\mitra\Data_T4\T4_DAll.csv,hard_brake,2,54.654608,44.654608,54.654608,0.9009,train
146,mitra_t4,data\raw\mitra\Data_T4\T4_DAll.csv,hard_brake,2,6.673334,-3.3266660000000003,6.673334,0.6673340000000003,train
147,mitra_t4,data\raw\mitra\Data_T4\T4_DAll.csv,hard_brake,3,8.341668,-1.6583319999999997,8.341668,0.834166999999999,train
148,mitra_t4,data\raw\mitra\Data_T4\T4_DAll.csv,hard_brake,3,5.071734,-4.928266,5.071734,0.9342670000000002,train
149,mitra_t4,data\raw\mitra\Data_T4\T4_DAll.csv,hard_brake,1,21.621603,11.621603,21.621603,0.7340669999999996,train
150,mitra_t4,data\raw\mitra\Data_T4\T4_DAll.csv,hard_brake,1,8.408401,-1.5915990000000004,8.408401,1.2679340000000003,train
151,mitra_t4,data\raw\mitra\Data_T4\T4_DAll.csv,hard_brake,2,13.446769,3.446769,13.446769,0.7340660000000003,train
152,mitra_t4,data\raw\mitra\Data_T4\T4_DAll.csv,hard_brake,3,10.010001,0.0100010000000008,10.010001,0.6673339999999985,train
153,mitra_t4,data\raw\mitra\Data_T4\T4_DAll.csv,hard_brake,7,48.882174,38.882174,48.882174,0.767433000000004,train
154,mitra_t4,data\raw\mitra\Data_T4\T4_DAll.csv,hard_brake,7,50.016641,40.016641,50.016641,0.8008000000000024,train
155,mitra_t4,data\raw\mitra\Data_T4\T4_DAll.csv,hard_brake,4,27.961271,17.961271,27.961271,1.7350670000000008,train
156,mitra_t4,data\raw\mitra\Data_T4\T4_DAll.csv,hard_brake,5,8.308301,-1.6916989999999998,8.308301,0.8008000000000006,train
157,mitra_t4,data\raw\mitra\Data_T4\T4_DAll.csv,hard_brake,2,64.030643,54.030643,64.030643,1.2012,train
158,mitra_t4,data\raw\mitra\Data_T4\T4_DAll.csv,hard_brake,2,62.562509,52.562509,62.562509,0.8341670000000008,train
159,mitra_t4,data\raw\mitra\Data_T4\T4_DAll.csv,hard_brake,3,61.027642,51.027642,61.027642,0.8675339999999991,train
160,mitra_t4,data\raw\mitra\Data_T4\T4_DAll.csv,hard_brake,7,4.070734,-5.929266,4.070734,0.8675329999999999,train
161,mitra_t4,data\raw\mitra\Data_T4\T4_DAll.csv,hard_brake,2,67.26721,57.267210000000006,67.26721,0.8007999999999953,train
162,mitra_t4,data\raw\mitra\Data_T4\T4_DAll.csv,hard_brake,1,56.856808,46.856808,56.856808,1.2012,train
163,mitra_t4,data\raw\mitra\Data_T4\T4_DAll.csv,hard_brake,2,58.925542,48.925542,58.925542,0.5338670000000008,train
164,mitra_t4,data\raw\mitra\Data_T4\T4_DAll.csv,hard_brake,3,56.156108,46.156108,56.156108,0.734066999999996,train
165,mitra_t4,data\raw\mitra\Data_T4\T4_DAll.csv,hard_brake,3,54.821441,44.821441,54.821441,0.7340670000000031,train
166,mitra_t4,data\raw\mitra\Data_T4\T4_DAll.csv,hard_brake,5,4.971634,-5.028366,4.971634,0.8007999999999997,train
167,mitra_t4,data\raw\mitra\Data_T4\T4_DAll.csv,hard_brake,7,7.841168,-2.1588320000000003,7.841168,0.7674330000000005,train
168,mitra_t4,data\raw\mitra\Data_T4\T4_DAll.csv,hard_brake,6,13.513502,3.513502000000001,13.513502,0.7674329999999987,train
169,mitra_t4,data\raw\mitra\Data_T4\T4_DAll.csv,hard_brake,2,80.246845,70.246845,80.246845,0.8341670000000079,train
170,mitra_t4,data\raw\mitra\Data_T4\T4_DAll.csv,hard_brake,3,76.743345,66.743345,76.743345,0.8341659999999962,train
171,mitra_t4,data\raw\mitra\Data_T4\T4_DAll.csv,hard_brake,7,5.705701,-4.294299,5.705701,1.0677329999999996,train
172,mitra_t4,data\raw\mitra\Data_T4\T4_DAll.csv,hard_brake,6,3.036367,-6.963633,3.036367,1.0677340000000002,train
173,mitra_t4,data\raw\mitra\Data_T4\T4_DAll.csv,hard_brake,7,10.710702,0.7107019999999995,10.710702,0.9009,train
174,mitra_t4,data\raw\mitra\Data_T4\T4_DAll.csv,hard_brake,3,79.546145,69.546145,79.546145,0.7006999999999977,train
175,mitra_t4,data\raw\mitra\Data_T4\T4_DAll.csv,hard_brake,1,74.974911,64.974911,74.974911,1.1010999999999882,train
176,mitra_t4,data\raw\mitra\Data_T4\T4_DAll.csv,hard_brake,2,26.226204,16.226204,26.226204,0.934267000000002,train
177,mitra_t4,data\raw\mitra\Data_T4\T4_DAll.csv,hard_brake,1,73.973911,63.973911,73.973911,0.6006,train
178,mitra_t4,data\raw\mitra\Data_T4\T4_DAll.csv,hard_brake,3,71.17111,61.17111,71.17111,0.5672339999999991,train
179,mitra_t4,data\raw\mitra\Data_T4\T4_DAll.csv,hard_brake,1,66.16611,56.16611,66.16611,0.5672330000000017,train
180,mitra_t4,data\raw\mitra\Data_T4\T4_DAll.csv,hard_brake,2,91.12438,81.12438,91.12438,0.6339669999999984,train
181,mitra_t4,data\raw\mitra\Data_T4\T4_DAll.csv,hard_brake,1,79.079012,69.079012,79.079012,0.6673329999999993,train
182,mitra_t4,data\raw\mitra\Data_T4\T4_DAll.csv,hard_brake,2,78.645245,68.645245,78.645245,0.7674329999999969,train
183,mitra_t4,data\raw\mitra\Data_T4\T4_DAll.csv,hard_brake,3,73.039644,63.039644,73.039644,0.8675330000000088,train
184,mitra_t4,data\raw\mitra\Data_T4\T4_DAll.csv,hard_brake,3,70.336944,60.336944,70.336944,0.5672330000000017,train
185,mitra_t4,data\raw\mitra\Data_T4\T4_DAll.csv,hard_brake,3,5.505501,-4.494499,5.505501,0.6673330000000002,train
186,mitra_t4,data\raw\mitra\Data_T4\T4_DAll.csv,hard_brake,3,63.396676,53.396676,63.396676,0.6673329999999993,train
187,mitra_t4,data\raw\mitra\Data_T4\T4_DAll.csv,hard_brake,2,69.36931,59.36931,69.36931,1.3680339999999944,train
188,mitra_t4,data\raw\mitra\Data_T4\T4_DAll.csv,hard_brake,3,59.993275,49.993275,59.993275,0.7340670000000031,train
189,mitra_t4,data\raw\mitra\Data_T4\T4_DAll.csv,hard_brake,2,15.615602,5.615602000000001,15.615602,0.7340669999999978,train
190,mitra_t4,data\raw\mitra\Data_T4\T4_DAll.csv,hard_brake,3,87.620879,77.620879,87.620879,0.8008009999999928,train
191,mitra_t4,data\raw\mitra\Data_T4\T4_DAll.csv,hard_brake,3,86.119379,76.119379,86.119379,0.8008000000000095,train
192,mitra_t4,data\raw\mitra\Data_T4\T4_DAll.csv,hard_brake,3,82.916179,72.916179,82.916179,0.6673329999999993,train
193,mitra_t4,data\raw\mitra\Data_T4\T4_DAll.csv,hard_brake,2,84.150746,74.150746,84.150746,0.6006,train
194,mitra_t4,data\raw\mitra\Data_T4\T4_DAll.csv,hard_brake,3,78.945545,68.945545,78.945545,0.6339669999999984,train
195,mitra_t4,data\raw\mitra\Data_T4\T4_DAll.csv,hard_brake,1,71.504777,61.504777,71.504777,1.0677340000000015,train
196,mitra_t4,data\raw\mitra\Data_T4\T4_DAll.csv,hard_brake,2,73.440044,63.440044,73.440044,0.8007999999999953,train
197,mitra_t4,data\raw\mitra\Data_T4\T4_DAll.csv,hard_brake,2,71.104377,61.104377,71.104377,0.6339669999999984,train
198,mitra_t4,data\raw\mitra\Data_T4\T4_DAll.csv,hard_brake,1,52.485774,42.485774,52.485774,0.8675339999999991,train
199,mitra_t4,data\raw\mitra\Data_T4\T4_DAll.csv,hard_brake,2,57.891175,47.891175,57.891175,1.0010000000000048,train
200,mitra_t4,data\raw\mitra\Data_T4\T4_DAll.csv,hard_brake,1,50.450407,40.450407,50.450407,1.267934000000004,train
201,mitra_t4,data\raw\mitra\Data_T4\T4_DAll.csv,hard_brake,7,25.35867,15.35867,25.35867,0.7674340000000015,train
202,mitra_t4,data\raw\mitra\Data_T4\T4_DAll.csv,hard_brake,7,14.314302,4.314302,14.314302,0.8008000000000006,train
203,mitra_t4,data\raw\mitra\Data_T4\T4_DAll.csv,hard_brake,5,13.580235,3.580235,13.580235,0.8008000000000006,train
204,mitra_t4,data\raw\mitra\Data_T4\T4_DAll.csv,hard_brake,6,20.787436,10.787436,20.787436,0.6673340000000003,train
205,mitra_t4,data\raw\mitra\Data_T4\T4_DAll.csv,hard_brake,7,18.885536,8.885535999999998,18.885536,0.9009,train
206,mitra_t4,data\raw\mitra\Data_T4\T4_DAll.csv,hard_brake,7,16.316302,6.316302,16.316302,0.6339669999999984,train
207,mitra_t4,data\raw\mitra\Data_T4\T4_DAll.csv,hard_brake,5,17.584236,7.584236000000001,17.584236,0.8675329999999981,train
208,mitra_t4,data\raw\mitra\Data_T4\T4_DAll.csv,hard_brake,5,15.315302,5.315302000000001,15.315302,0.9676339999999986,train
209,mitra_t4,data\raw\mitra\Data_T4\T4_DAll.csv,hard_brake,7,9.509501,-0.4904989999999998,9.509501,0.7674339999999997,train
210,mitra_t4,data\raw\mitra\Data_T4\T4_DAll.csv,hard_brake,5,9.843168,-0.1568319999999996,9.843168,0.7674339999999997,train
211,mitra_t4,data\raw\mitra\Data_T4\T4_DAll.csv,hard_brake,5,80.146745,70.146745,80.146745,0.8675340000000062,train
212,mitra_t4,data\raw\mitra\Data_T4\T4_DAll.csv,hard_brake,5,32.966271,22.966271,32.966271,0.5005009999999999,train
213,mitra_t4,data\raw\mitra\Data_T4\T4_DAll.csv,hard_brake,6,44.21084,34.21084,44.21084,0.6006,train
214,mitra_t4,data\raw\mitra\Data_T4\T4_DAll.csv,hard_brake,4,32.766071,22.766071,32.766071,1.3680340000000015,train
215,mitra_t4,data\raw\mitra\Data_T4\T4_DAll.csv,hard_brake,1,41.608239,31.608239,41.608239,0.6006010000000046,train
216,mitra_t4,data\raw\mitra\Data_T4\T4_DAll.csv,hard_brake,5,89.656246,79.656246,89.656246,0.7007010000000093,train
217,mitra_t4,data\raw\mitra\Data_T4\T4_DAll.csv,hard_brake,4,34.367672,24.367672,34.367672,1.6349670000000032,train
218,mitra_t4,data\raw\mitra\Data_T4\T4_DAll.csv,hard_brake,1,92.892814,82.892814,92.892814,0.7006999999999977,train
219,mitra_t4,data\raw\mitra\Data_T4\T4_DAll.csv,hard_brake,4,33.400038,23.400038,33.400038,1.5682339999999968,train
220,mitra_t4,data\raw\mitra\Data_T4\T4_DAll.csv,hard_brake,1,100.567148,90.567148,100.567148,1.2012,train
221,mitra_t4,data\raw\mitra\Data_T4\T4_DAll.csv,hard_brake,1,47.91454,37.91454,47.91454,0.8007999999999953,train
222,mitra_t4,data\raw\mitra\Data_T4\T4_DAll.csv,hard_brake,3,94.461047,84.461047,94.461047,0.967634000000004,train
223,mitra_t4,data\raw\mitra\Data_T4\T4_DAll.csv,hard_brake,4,37.337305,27.337305,37.337305,0.8008009999999999,train
224,mitra_t4,data\raw\mitra\Data_T4\T4_DAll.csv,hard_brake,5,110.543783,100.543783,110.543783,0.6673329999999993,train
225,mitra_t4,data\raw\mitra\Data_T4\T4_DAll.csv,hard_brake,1,102.936182,92.936182,102.936182,1.0010000000000048,train
226,mitra_t4,data\raw\mitra\Data_T4\T4_DAll.csv,hard_brake,2,98.064648,88.064648,98.064648,0.8675329999999946,train
227,mitra_t4,data\raw\mitra\Data_T4\T4_DAll.csv,hard_brake,4,35.602239,25.602239,35.602239,1.9352660000000057,train
228,mitra_t4,data\raw\mitra\Data_T4\T4_DAll.csv,hard_brake,3,99.632881,89.632881,99.632881,0.8008000000000095,train
229,mitra_t4,data\raw\mitra\Data_T4\T4_DAll.csv,hard_brake,3,95.862447,85.862447,95.862447,0.9008999999999928,train
230,mitra_t4,data\raw\mitra\Data_T4\T4_DAll.csv,hard_brake,4,113.346583,103.346583,113.346583,0.5338670000000008,train
231,mitra_t4,data\raw\mitra\Data_T4\T4_DAll.csv,hard_brake,1,55.889175,45.889175,55.889175,0.6673329999999993,train
232,mitra_t4,data\raw\mitra\Data_T4\T4_DAll.csv,hard_brake,1,105.071649,95.071649,105.071649,1.2012,train
233,mitra_t4,data\raw\mitra\Data_T4\T4_DAll.csv,hard_brake,5,102.702615,92.702615,102.702615,0.6673329999999993,train
234,mitra_t4,data\raw\mitra\Data_T4\T4_DAll.csv,hard_brake,7,89.189113,79.189113,89.189113,0.8341669999999937,train
235,mitra_t4,data\raw\mitra\Data_T4\T4_DAll.csv,hard_brake,4,118.218117,108.218117,118.218117,0.8341669999999937,train
236,mitra_t4,data\raw\mitra\Data_T4\T4_DAll.csv,hard_brake,1,58.591875,48.591875,58.591875,0.6339669999999984,train
237,mitra_t4,data\raw\mitra\Data_T4\T4_DAll.csv,hard_brake,3,105.338582,95.338582,105.338582,0.9342669999999912,train
238,mitra_t4,data\raw\mitra\Data_T4\T4_DAll.csv,hard_brake,4,121.754984,111.754984,121.754984,0.800801000000007,train
239,mitra_t4,data\raw\mitra\Data_T4\T4_DAll.csv,hard_brake,7,88.455046,78.455046,88.455046,0.7340670000000102,train
240,mitra_t4,data\raw\mitra\Data_T4\T4_DAll.csv,hard_brake,4,124.924818,114.924818,124.924818,0.6339669999999984,train
241,mitra_t4,data\raw\mitra\Data_T4\T4_DAll.csv,hard_brake,2,102.469048,92.469048,102.469048,1.3012999999999977,train
242,mitra_t4,data\raw\mitra\Data_T4\T4_DAll.csv,hard_brake,21,30.697338,20.697338,30.697338,0.5672330000000017,train
243,mitra_t4,data\raw\mitra\Data_T4\T4_DAll.csv,hard_brake,4,126.493052,116.493052,126.493052,0.734066999999996,train
244,mitra_t4,data\raw\mitra\Data_T4\T4_DAll.csv,hard_brake,0,28.728704,18.728704,28.728704,0.8675339999999991,train
245,mitra_t4,data\raw\mitra\Data_T4\T4_DAll.csv,hard_brake,0,31.031005,21.031005,31.031005,0.6673329999999993,train
246,mitra_t4,data\raw\mitra\Data_T4\T4_DAll.csv,hard_brake,10,35.201838,25.201838,35.201838,0.5672339999999991,train
247,mitra_t4,data\raw\mitra\Data_T4\T4_DAll.csv,hard_brake,3,36.136105,26.136105,36.136105,0.5672339999999991,train
248,mitra_t4,data\raw\mitra\Data_T4\T4_DAll.csv,hard_brake,1,111.17775,101.17775,111.17775,1.1011000000000024,train
249,mitra_t4,data\raw\mitra\Data_T4\T4_DAll.csv,hard_brake,4,135.468686,125.468686,135.468686,0.7674340000000086,train
250,mitra_t4,data\raw\mitra\Data_T4\T4_DAll.csv,hard_brake,4,137.23712,127.23712,137.23712,0.8341670000000079,train
251,mitra_t4,data\raw\mitra\Data_T4\T4_DAll.csv,hard_brake,5,112.37895,102.37895,112.37895,0.8341669999999937,train
252,mitra_t4,data\raw\mitra\Data_T4\T4_DAll.csv,hard_brake,3,109.075649,99.075649,109.075649,0.8675340000000062,train
253,mitra_t4,data\raw\mitra\Data_T4\T4_DAll.csv,hard_brake,1,64.264209,54.264209,64.264209,0.800801000000007,train
254,mitra_t4,data\raw\mitra\Data_T4\T4_DAll.csv,hard_brake,1,67.934543,57.934543000000005,67.934543,0.6339669999999984,train
255,mitra_t4,data\raw\mitra\Data_T4\T4_DAll.csv,hard_brake,6,115.949184,105.949184,115.949184,1.0009999999999906,train
256,mitra_t4,data\raw\mitra\Data_T4\T4_DAll.csv,hard_brake,3,113.947183,103.947183,113.947183,0.8341670000000079,train
257,mitra_t4,data\raw\mitra\Data_T4\T4_DAll.csv,hard_brake,2,100.300215,90.300215,100.300215,0.7007000000000119,train
258,mitra_t4,data\raw\mitra\Data_T4\T4_DAll.csv,hard_brake,2,107.574149,97.574149,107.574149,1.334666999999996,train
259,mitra_t4,data\raw\mitra\Data_T4\T4_DAll.csv,hard_brake,7,109.609516,99.609516,109.609516,0.6006,train
260,mitra_t4,data\raw\mitra\Data_T4\T4_DAll.csv,hard_brake,4,140.273487,130.273487,140.273487,0.8008000000000095,train
261,mitra_t4,data\raw\mitra\Data_T4\T4_DAll.csv,hard_brake,5,145.545421,135.545421,145.545421,0.7006999999999834,train
262,mitra_t4,data\raw\mitra\Data_T4\T4_DAll.csv,hard_brake,5,120.053284,110.053284,120.053284,1.334666999999996,train
263,mitra_t4,data\raw\mitra\Data_T4\T4_DAll.csv,hard_brake,1,117.417317,107.417317,117.417317,0.5338670000000008,train
264,mitra_t4,data\raw\mitra\Data_T4\T4_DAll.csv,hard_brake,7,110.743983,100.743983,110.743983,0.6339669999999984,train
265,mitra_t4,data\raw\mitra\Data_T4\T4_DAll.csv,hard_brake,3,116.249484,106.249484,116.249484,0.7006999999999977,train
266,mitra_t4,data\raw\mitra\Data_T4\T4_DAll.csv,hard_brake,7,111.344583,101.344583,111.344583,0.8675329999999946,train
267,mitra_t4,data\raw\mitra\Data_T4\T4_DAll.csv,hard_brake,7,118.384951,108.384951,118.384951,0.5005000000000024,train
268,mitra_t4,data\raw\mitra\Data_T4\T4_DAll.csv,hard_brake,2,119.586151,109.586151,119.586151,1.5348670000000055,train
269,mitra_t4,data\raw\mitra\Data_T4\T4_DAll.csv,hard_brake,5,125.191752,115.191752,125.191752,0.5338660000000033,train
270,mitra_t4,data\raw\mitra\Data_T4\T4_DAll.csv,hard_brake,5,141.241121,131.241121,141.241121,0.8341660000000104,train
271,mitra_t4,data\raw\mitra\Data_T4\T4_DAll.csv,hard_brake,4,144.310854,134.310854,144.310854,0.7674339999999802,train
272,mitra_t4,data\raw\mitra\Data_T4\T4_DAll.csv,hard_brake,1,119.252484,109.252484,119.252484,0.8675340000000062,train
273,mitra_t4,data\raw\mitra\Data_T4\T4_DAll.csv,hard_brake,2,122.088651,112.088651,122.088651,1.3680339999999944,train
274,mitra_t4,data\raw\mitra\Data_T4\T4_DAll.csv,hard_brake,5,127.227119,117.227119,127.227119,0.8341659999999962,train
275,mitra_t4,data\raw\mitra\Data_T4\T4_DAll.csv,hard_brake,7,120.520418,110.520418,120.520418,0.7006999999999977,train
276,mitra_t4,data\raw\mitra\Data_T4\T4_DAll.csv,hard_brake,5,128.528419,118.528419,128.528419,0.8675329999999803,train
277,mitra_t4,data\raw\mitra\Data_T4\T4_DAll.csv,hard_brake,2,124.357585,114.357585,124.357585,0.6006,train
278,mitra_t4,data\raw\mitra\Data_T4\T4_DAll.csv,hard_brake,1,81.981912,71.981912,81.981912,0.7674330000000111,train
279,mitra_t4,data\raw\mitra\Data_T4\T4_DAll.csv,hard_brake,3,128.661885,118.661885,128.661885,0.6339669999999842,train
280,mitra_t4,data\raw\mitra\Data_T4\T4_DAll.csv,hard_brake,3,126.159385,116.159385,126.159385,0.8007999999999953,train
281,mitra_t4,data\raw\mitra\Data_T4\T4_DAll.csv,hard_brake,4,149.349222,139.349222,149.349222,0.7340670000000102,train
282,mitra_t4,data\raw\mitra\Data_T4\T4_DAll.csv,hard_brake,5,129.762986,119.762986,129.762986,0.4671329999999898,train
283,mitra_t4,data\raw\mitra\Data_T4\T4_DAll.csv,hard_brake,4,71.77171,61.77171,71.77171,0.6339669999999984,train
284,mitra_t4,data\raw\mitra\Data_T4\T4_DAll.csv,hard_brake,6,125.458685,115.458685,125.458685,0.7674329999999969,train
285,mitra_t4,data\raw\mitra\Data_T4\T4_DAll.csv,hard_brake,4,153.419956,143.419956,153.419956,0.6673329999999851,train
286,mitra_t4,data\raw\mitra\Data_T4\T4_DAll.csv,hard_brake,1,123.389951,113.389951,123.389951,1.401401000000007,train
287,mitra_t4,data\raw\mitra\Data_T4\T4_DAll.csv,hard_brake,3,127.427319,117.427319,127.427319,0.5338660000000033,train
288,mitra_t4,data\raw\mitra\Data_T4\T4_DAll.csv,hard_brake,7,123.656885,113.656885,123.656885,0.734066999999996,train
289,mitra_t4,data\raw\mitra\Data_T4\T4_DAll.csv,hard_brake,6,127.494052,117.494052,127.494052,0.734066999999996,train
290,mitra_t4,data\raw\mitra\Data_T4\T4_DAll.csv,hard_brake,4,154.621156,144.621156,154.621156,0.6339669999999842,train
291,mitra_t4,data\raw\mitra\Data_T4\T4_DAll.csv,hard_brake,5,136.669887,126.669887,136.669887,0.7340660000000128,train
292,mitra_t4,data\raw\mitra\Data_T4\T4_DAll.csv,hard_brake,1,126.960185,116.960185,126.960185,1.2012,train
293,mitra_t4,data\raw\mitra\Data_T4\T4_DAll.csv,hard_brake,4,156.89009,146.89009,156.89009,0.7007000000000119,train
294,mitra_t4,data\raw\mitra\Data_T4\T4_DAll.csv,hard_brake,7,124.424318,114.424318,124.424318,0.8007999999999953,train
295,mitra_t4,data\raw\mitra\Data_T4\T4_DAll.csv,hard_brake,5,138.73862,128.73862,138.73862,0.5005000000000166,train
296,mitra_t4,data\raw\mitra\Data_T4\T4_DAll.csv,hard_brake,21,67.734343,57.734343,67.734343,0.6006,train
297,mitra_t4,data\raw\mitra\Data_T4\T4_DAll.csv,hard_brake,4,71.871811,61.871811,71.871811,0.5672330000000017,train
298,mitra_t4,data\raw\mitra\Data_T4\T4_DAll.csv,hard_brake,4,72.605877,62.60587700000001,72.605877,1.468133999999992,train
299,mitra_t4,data\raw\mitra\Data_T4\T4_DAll.csv,hard_brake,7,136.269487,126.269487,136.269487,0.9676330000000064,train
300,mitra_t4,data\raw\mitra\Data_T4\T4_DAll.csv,hard_brake,7,127.694252,117.694252,127.694252,0.8675329999999803,train
301,mitra_t4,data\raw\mitra\Data_T4\T4_DAll.csv,hard_brake,4,73.339944,63.339944,73.339944,1.7017000000000024,train
302,mitra_t4,data\raw\mitra\Data_T4\T4_DAll.csv,hard_brake,5,148.681888,138.681888,148.681888,0.7340670000000102,train
303,mitra_t4,data\raw\mitra\Data_T4\T4_DAll.csv,hard_brake,2,130.096652,120.096652,130.096652,1.534866999999991,train
304,mitra_t4,data\raw\mitra\Data_T4\T4_DAll.csv,hard_brake,3,134.067286,124.067286,134.067286,0.7340670000000102,train
305,mitra_t4,data\raw\mitra\Data_T4\T4_DAll.csv,hard_brake,4,164.797991,154.797991,164.797991,0.8008000000000095,train
306,mitra_t4,data\raw\mitra\Data_T4\T4_DAll.csv,hard_brake,2,132.098653,122.098653,132.098653,0.834165999999982,train
307,mitra_t4,data\raw\mitra\Data_T4\T4_DAll.csv,hard_brake,2,69.235843,59.235843,69.235843,0.5672339999999991,train
308,mitra_t4,data\raw\mitra\Data_T4\T4_DAll.csv,hard_brake,3,133.066286,123.066286,133.066286,0.5005000000000166,train
309,mitra_t4,data\raw\mitra\Data_T4\T4_DAll.csv,hard_brake,7,131.264486,121.264486,131.264486,0.8007999999999811,train
310,mitra_t4,data\raw\mitra\Data_T4\T4_DAll.csv,hard_brake,5,125.658885,115.658885,125.658885,0.467133000000004,train
311,mitra_t4,data\raw\mitra\Data_T4\T4_DAll.csv,hard_brake,6,141.975187,131.975187,141.975187,0.6673339999999826,train
312,mitra_t4,data\raw\mitra\Data_T4\T4_DAll.csv,hard_brake,4,166.566424,156.566424,166.566424,0.7006999999999834,train
313,mitra_t4,data\raw\mitra\Data_T4\T4_DAll.csv,hard_brake,3,69.936544,59.936544,69.936544,0.5672330000000017,train
314,mitra_t4,data\raw\mitra\Data_T4\T4_DAll.csv,hard_brake,2,125.458685,115.458685,125.458685,0.8341669999999937,train
315,mitra_t4,data\raw\mitra\Data_T4\T4_DAll.csv,hard_brake,6,132.532419,122.532419,132.532419,0.7006999999999834,train
316,mitra_t4,data\raw\mitra\Data_T4\T4_DAll.csv,hard_brake,1,101.534782,91.534782,101.534782,0.9008999999999928,train
317,mitra_t4,data\raw\mitra\Data_T4\T4_DAll.csv,hard_brake,4,80.647245,70.647245,80.647245,0.9342670000000056,train
318,mitra_t4,data\raw\mitra\Data_T4\T4_DAll.csv,hard_brake,4,167.433958,157.433958,167.433958,0.8341670000000079,train
319,mitra_t4,data\raw\mitra\Data_T4\T4_DAll.csv,hard_brake,1,132.732619,122.732619,132.732619,0.7340670000000102,train
320,mitra_t4,data\raw\mitra\Data_T4\T4_DAll.csv,hard_brake,4,169.402591,159.402591,169.402591,0.8675340000000062,train
321,mitra_t4,data\raw\mitra\Data_T4\T4_DAll.csv,hard_brake,5,155.155023,145.155023,155.155023,0.6006000000000142,train
322,mitra_t4,data\raw\mitra\Data_T4\T4_DAll.csv,hard_brake,5,134.601153,124.601153,134.601153,0.8007999999999811,train
323,mitra_t4,data\raw\mitra\Data_T4\T4_DAll.csv,hard_brake,1,133.366586,123.366586,133.366586,1.768433999999985,train
324,mitra_t4,data\raw\mitra\Data_T4\T4_DAll.csv,hard_brake,4,83.483412,73.483412,83.483412,1.2012,train
325,mitra_t4,data\raw\mitra\Data_T4\T4_DAll.csv,hard_brake,4,168.535058,158.535058,168.535058,0.7340670000000102,train
326,mitra_t4,data\raw\mitra\Data_T4\T4_DAll.csv,hard_brake,3,82.816079,72.816079,82.816079,0.467133000000004,train
327,mitra_t4,data\raw\mitra\Data_T4\T4_DAll.csv,hard_brake,3,140.306854,130.306854,140.306854,0.5005000000000166,train
328,mitra_t4,data\raw\mitra\Data_T4\T4_DAll.csv,hard_brake,2,138.805354,128.805354,138.805354,1.1678330000000017,train
329,mitra_t4,data\raw\mitra\Data_T4\T4_DAll.csv,hard_brake,4,84.517779,74.517779,84.517779,0.8007999999999953,train
330,mitra_t4,data\raw\mitra\Data_T4\T4_DAll.csv,hard_brake,6,161.928457,151.928457,161.928457,0.8341669999999795,train
331,mitra_t4,data\raw\mitra\Data_T4\T4_DAll.csv,hard_brake,4,86.586513,76.586513,86.586513,0.6673329999999993,train
332,mitra_t4,data\raw\mitra\Data_T4\T4_DAll.csv,hard_brake,21,87.153746,77.153746,87.153746,0.467133000000004,train
333,mitra_t4,data\raw\mitra\Data_T4\T4_DAll.csv,hard_brake,1,136.43632,126.43632,136.43632,0.533867000000015,train
334,mitra_t4,data\raw\mitra\Data_T4\T4_DAll.csv,hard_brake,5,161.29449,151.29449,161.29449,0.967634000000004,train
335,mitra_t4,data\raw\mitra\Data_T4\T4_DAll.csv,hard_brake,1,141.674887,131.674887,141.674887,0.9676339999999756,train
336,mitra_t4,data\raw\mitra\Data_T4\T4_DAll.csv,hard_brake,5,163.296491,153.296491,163.296491,0.6339659999999867,train
337,mitra_t4,data\raw\mitra\Data_T4\T4_DAll.csv,hard_brake,7,149.082288,139.082288,149.082288,0.6673339999999826,train
338,mitra_t4,data\raw\mitra\Data_T4\T4_DAll.csv,hard_brake,5,166.065924,156.065924,166.065924,0.8675340000000062,train
339,mitra_t4,data\raw\mitra\Data_T4\T4_DAll.csv,hard_brake,6,157.624156,147.624156,157.624156,0.967634000000004,train
340,mitra_t4,data\raw\mitra\Data_T4\T4_DAll.csv,hard_brake,2,141.541421,131.541421,141.541421,1.4347669999999937,train
341,mitra_t4,data\raw\mitra\Data_T4\T4_DAll.csv,hard_brake,4,155.522056,145.522056,155.522056,0.7340670000000102,train
342,mitra_t4,data\raw\mitra\Data_T4\T4_DAll.csv,hard_brake,3,147.480688,137.480688,147.480688,0.667334000000011,train
343,mitra_t4,data\raw\mitra\Data_T4\T4_DAll.csv,hard_brake,7,155.588789,145.588789,155.588789,1.334666999999996,train
344,mitra_t4,data\raw\mitra\Data_T4\T4_DAll.csv,hard_brake,4,179.045559,169.045559,179.045559,0.9009010000000046,train
345,mitra_t4,data\raw\mitra\Data_T4\T4_DAll.csv,hard_brake,1,138.43832,128.43832,138.43832,0.8675340000000062,train
346,mitra_t4,data\raw\mitra\Data_T4\T4_DAll.csv,hard_brake,7,159.025557,149.025557,159.025557,1.2012,train
347,mitra_t4,data\raw\mitra\Data_T4\T4_DAll.csv,hard_brake,2,143.810354,133.810354,143.810354,0.5005000000000166,train
348,mitra_t4,data\raw\mitra\Data_T4\T4_DAll.csv,hard_brake,5,167.233758,157.233758,167.233758,0.7007000000000119,train
349,mitra_t4,data\raw\mitra\Data_T4\T4_DAll.csv,hard_brake,5,173.473325,163.473325,173.473325,0.4671340000000157,train
350,mitra_t4,data\raw\mitra\Data_T4\T4_DAll.csv,hard_brake,6,157.09029,147.09029,157.09029,0.6673329999999851,train
351,mitra_t4,data\raw\mitra\Data_T4\T4_DAll.csv,hard_brake,2,151.351222,141.351222,151.351222,0.6339669999999842,train
352,mitra_t4,data\raw\mitra\Data_T4\T4_DAll.csv,hard_brake,1,146.513055,136.513055,146.513055,1.3012999999999977,train
353,mitra_t4,data\raw\mitra\Data_T4\T4_DAll.csv,hard_brake,4,101.468048,91.468048,101.468048,0.6339669999999984,train
354,mitra_t4,data\raw\mitra\Data_T4\T4_DAll.csv,hard_brake,3,151.518055,141.518055,151.518055,0.800801000000007,train
355,mitra_t4,data\raw\mitra\Data_T4\T4_DAll.csv,hard_brake,2,155.421956,145.421956,155.421956,0.9009000000000073,train
356,mitra_t4,data\raw\mitra\Data_T4\T4_DAll.csv,hard_brake,3,152.952822,142.952822,152.952822,0.7007000000000119,train
357,mitra_t4,data\raw\mitra\Data_T4\T4_DAll.csv,hard_brake,4,188.555061,178.555061,188.555061,0.7340670000000102,train
358,mitra_t4,data\raw\mitra\Data_T4\T4_DAll.csv,hard_brake,7,138.571787,128.571787,138.571787,0.6673330000000135,train
359,mitra_t4,data\raw\mitra\Data_T4\T4_DAll.csv,hard_brake,2,157.69089,147.69089,157.69089,1.4681329999999946,train
360,mitra_t4,data\raw\mitra\Data_T4\T4_DAll.csv,hard_brake,7,166.199391,156.199391,166.199391,0.7340670000000102,train
361,mitra_t4,data\raw\mitra\Data_T4\T4_DAll.csv,hard_brake,3,154.721256,144.721256,154.721256,0.9342669999999772,train
362,mitra_t4,data\raw\mitra\Data_T4\T4_DAll.csv,hard_brake,4,191.090928,181.090928,191.090928,0.8675330000000088,train
363,mitra_t4,data\raw\mitra\Data_T4\T4_DAll.csv,hard_brake,5,182.882727,172.882727,182.882727,0.7340660000000128,train
364,mitra_t4,data\raw\mitra\Data_T4\T4_DAll.csv,hard_brake,3,157.49069,147.49069,157.49069,0.8341660000000104,train
365,mitra_t4,data\raw\mitra\Data_T4\T4_DAll.csv,hard_brake,4,108.575149,98.575149,108.575149,0.6339669999999984,train
366,mitra_t4,data\raw\mitra\Data_T4\T4_DAll.csv,hard_brake,4,194.861362,184.861362,194.861362,0.7674329999999827,train
367,mitra_t4,data\raw\mitra\Data_T4\T4_DAll.csv,hard_brake,3,94.761347,84.761347,94.761347,0.5672339999999991,train
368,mitra_t4,data\raw\mitra\Data_T4\T4_DAll.csv,hard_brake,7,168.902091,158.902091,168.902091,0.7006999999999834,train
369,mitra_t4,data\raw\mitra\Data_T4\T4_DAll.csv,hard_brake,5,190.390228,180.390228,190.390228,1.2345669999999984,train
370,mitra_t4,data\raw\mitra\Data_T4\T4_DAll.csv,hard_brake,1,152.886089,142.886089,152.886089,0.4671329999999898,train
371,mitra_t4,data\raw\mitra\Data_T4\T4_DAll.csv,hard_brake,7,188.922094,178.922094,188.922094,0.8675340000000062,train
372,mitra_t4,data\raw\mitra\Data_T4\T4_DAll.csv,hard_brake,1,159.626157,149.626157,159.626157,1.534866999999991,train
373,mitra_t4,data\raw\mitra\Data_T4\T4_DAll.csv,hard_brake,5,185.35186,175.35186,185.35186,0.6006010000000117,train
374,mitra_t4,data\raw\mitra\Data_T4\T4_DAll.csv,hard_brake,5,191.658161,181.658161,191.658161,0.8007999999999811,train
375,mitra_t4,data\raw\mitra\Data_T4\T4_DAll.csv,hard_brake,3,159.225757,149.225757,159.225757,0.934266000000008,train
376,mitra_t4,data\raw\mitra\Data_T4\T4_DAll.csv,hard_brake,5,194.527695,184.527695,194.527695,0.9342670000000056,train
377,mitra_t4,data\raw\mitra\Data_T4\T4_DAll.csv,hard_brake,3,165.231757,155.231757,165.231757,0.6006010000000117,train
378,mitra_t4,data\raw\mitra\Data_T4\T4_DAll.csv,hard_brake,1,162.19539,152.19539,162.19539,0.8008000000000095,train
379,mitra_t4,data\raw\mitra\Data_T4\T4_DAll.csv,hard_brake,6,176.743259,166.743259,176.743259,1.334666999999996,train
380,mitra_t4,data\raw\mitra\Data_T4\T4_DAll.csv,hard_brake,4,199.532696,189.532696,199.532696,0.9342670000000056,train
381,mitra_t4,data\raw\mitra\Data_T4\T4_DAll.csv,hard_brake,1,163.129657,153.129657,163.129657,1.3680339999999944,train
382,mitra_t4,data\raw\mitra\Data_T4\T4_DAll.csv,hard_brake,4,201.134296,191.134296,201.134296,1.0010000000000048,train
383,mitra_t4,data\raw\mitra\Data_T4\T4_DAll.csv,hard_brake,3,101.134381,91.134381,101.134381,1.1678339999999992,train
384,mitra_t4,data\raw\mitra\Data_T4\T4_DAll.csv,hard_brake,3,167.333858,157.333858,167.333858,0.8341670000000079,train
385,mitra_t4,data\raw\mitra\Data_T4\T4_DAll.csv,hard_brake,6,178.278126,168.278126,178.278126,0.8341670000000079,train
386,mitra_t4,data\raw\mitra\Data_T4\T4_DAll.csv,hard_brake,5,195.862362,185.862362,195.862362,0.7674330000000111,train
387,mitra_t4,data\raw\mitra\Data_T4\T4_DAll.csv,hard_brake,3,169.636158,159.636158,169.636158,0.533867000000015,train
388,mitra_t4,data\raw\mitra\Data_T4\T4_DAll.csv,hard_brake,5,201.968463,191.968463,201.968463,1.0009999999999764,train
389,mitra_t4,data\raw\mitra\Data_T4\T4_DAll.csv,hard_brake,7,180.180026,170.180026,180.180026,0.6006000000000142,train
390,mitra_t4,data\raw\mitra\Data_T4\T4_DAll.csv,hard_brake,5,199.032196,189.032196,199.032196,0.8008000000000095,train
391,mitra_t4,data\raw\mitra\Data_T4\T4_DAll.csv,hard_brake,2,109.943183,99.943183,109.943183,0.7674329999999969,train
392,mitra_t4,data\raw\mitra\Data_T4\T4_DAll.csv,hard_brake,4,203.169663,193.169663,203.169663,0.8007999999999811,train
393,mitra_t4,data\raw\mitra\Data_T4\T4_DAll.csv,hard_brake,3,172.438959,162.438959,172.438959,0.7340659999999843,train
394,mitra_t4,data\raw\mitra\Data_T4\T4_DAll.csv,hard_brake,5,200.366863,190.366863,200.366863,0.7674330000000111,train
395,mitra_t4,data\raw\mitra\Data_T4\T4_DAll.csv,hard_brake,4,205.772263,195.772263,205.772263,1.0343670000000031,train
396,mitra_t4,data\raw\mitra\Data_T4\T4_DAll.csv,hard_brake,2,180.780626,170.780626,180.780626,0.7340669999999818,train
397,mitra_t4,data\raw\mitra\Data_T4\T4_DAll.csv,hard_brake,3,174.474325,164.474325,174.474325,0.7007010000000093,train
398,mitra_t4,data\raw\mitra\Data_T4\T4_DAll.csv,hard_brake,2,185.618794,175.618794,185.618794,0.9008999999999788,train
399,mitra_t4,data\raw\mitra\Data_T4\T4_DAll.csv,hard_brake,6,165.765624,155.765624,165.765624,0.8341670000000079,train
400,mitra_t4,data\raw\mitra\Data_T4\T4_DAll.csv,hard_brake,1,183.316493,173.316493,183.316493,1.2012009999999975,train
401,mitra_t4,data\raw\mitra\Data_T4\T4_DAll.csv,hard_brake,7,186.819994,176.819994,186.819994,0.8007999999999811,train
402,mitra_t4,data\raw\mitra\Data_T4\T4_DAll.csv,hard_brake,3,179.078926,169.078926,179.078926,0.7674340000000086,train
403,mitra_t4,data\raw\mitra\Data_T4\T4_DAll.csv,hard_brake,3,177.143659,167.143659,177.143659,0.8675339999999778,train
404,mitra_t4,data\raw\mitra\Data_T4\T4_DAll.csv,hard_brake,3,180.180026,170.180026,180.180026,0.5004999999999882,train
405,mitra_t4,data\raw\mitra\Data_T4\T4_DAll.csv,hard_brake,1,186.252761,176.252761,186.252761,1.1011000000000024,train
406,mitra_t4,data\raw\mitra\Data_T4\T4_DAll.csv,hard_brake,3,182.215393,172.215393,182.215393,0.967634000000004,train
407,mitra_t4,data\raw\mitra\Data_T4\T4_DAll.csv,hard_brake,2,188.755261,178.755261,188.755261,0.7674330000000111,train
408,mitra_t4,data\raw\mitra\Data_T4\T4_DAll.csv,hard_brake,2,189.622794,179.622794,189.622794,0.9009010000000046,train
409,mitra_t4,data\raw\mitra\Data_T4\T4_DAll.csv,hard_brake,1,189.088928,179.088928,189.088928,0.9342659999999796,train
410,mitra_t4,data\raw\mitra\Data_T4\T4_DAll.csv,hard_brake,3,190.590428,180.590428,190.590428,0.7674330000000111,train
411,mitra_t4,data\raw\mitra\Data_T4\T4_DAll.csv,hard_brake,5,206.10593,196.10593,206.10593,0.8675340000000062,train
412,mitra_t4,data\raw\mitra\Data_T4\T4_DAll.csv,hard_brake,3,184.95146,174.95146,184.95146,0.9009000000000073,train
413,mitra_t4,data\raw\mitra\Data_T4\T4_DAll.csv,hard_brake,7,178.077926,168.077926,178.077926,0.8675330000000088,train
414,mitra_t4,data\raw\mitra\Data_T4\T4_DAll.csv,hard_brake,2,193.660162,183.660162,193.660162,0.8675329999999803,train
415,mitra_t4,data\raw\mitra\Data_T4\T4_DAll.csv,hard_brake,1,197.497329,187.497329,197.497329,1.368032999999997,train
416,mitra_t4,data\raw\mitra\Data_T4\T4_DAll.csv,hard_brake,5,177.410593,167.410593,177.410593,0.7006999999999834,train
417,mitra_t4,data\raw\mitra\Data_T4\T4_DAll.csv,hard_brake,3,186.853361,176.853361,186.853361,0.834165999999982,train
418,mitra_t4,data\raw\mitra\Data_T4\T4_DAll.csv,hard_brake,2,153.887089,143.887089,153.887089,0.6005999999999858,train
419,mitra_t4,data\raw\mitra\Data_T4\T4_DAll.csv,hard_brake,5,208.60843,198.60843,208.60843,0.7007010000000093,train
420,mitra_t4,data\raw\mitra\Data_T4\T4_DAll.csv,hard_brake,4,215.848998,205.848998,215.848998,0.8008000000000095,train
421,mitra_t4,data\raw\mitra\Data_T4\T4_DAll.csv,hard_brake,2,195.728895,185.728895,195.728895,0.8008000000000095,train
422,mitra_t4,data\raw\mitra\Data_T4\T4_DAll.csv,hard_brake,3,187.720894,177.720894,187.720894,0.8008000000000095,train
423,mitra_t4,data\raw\mitra\Data_T4\T4_DAll.csv,hard_brake,6,206.30613,196.30613,206.30613,0.8341670000000079,train
424,mitra_t4,data\raw\mitra\Data_T4\T4_DAll.csv,hard_brake,1,199.732896,189.732896,199.732896,0.8007999999999811,train
425,mitra_t4,data\raw\mitra\Data_T4\T4_DAll.csv,hard_brake,5,209.576064,199.576064,209.576064,0.7340670000000102,train
426,mitra_t4,data\raw\mitra\Data_T4\T4_DAll.csv,hard_brake,3,188.555061,178.555061,188.555061,0.8008000000000095,train
427,mitra_t4,data\raw\mitra\Data_T4\T4_DAll.csv,hard_brake,6,210.410231,200.410231,210.410231,1.5682329999999922,train
428,mitra_t4,data\raw\mitra\Data_T4\T4_DAll.csv,hard_brake,4,218.618432,208.618432,218.618432,0.8675329999999803,train
429,mitra_t4,data\raw\mitra\Data_T4\T4_DAll.csv,hard_brake,3,196.829995,186.829995,196.829995,0.533867000000015,train
430,mitra_t4,data\raw\mitra\Data_T4\T4_DAll.csv,hard_brake,4,220.053199,210.053199,220.053199,0.6005999999999858,train
431,mitra_t4,data\raw\mitra\Data_T4\T4_DAll.csv,hard_brake,1,155.722256,145.722256,155.722256,0.6006000000000142,train
432,mitra_t4,data\raw\mitra\Data_T4\T4_DAll.csv,hard_brake,4,221.588066,211.588066,221.588066,0.5672330000000159,train
433,mitra_t4,data\raw\mitra\Data_T4\T4_DAll.csv,hard_brake,1,200.700529,190.700529,200.700529,1.5015010000000188,train
434,mitra_t4,data\raw\mitra\Data_T4\T4_DAll.csv,hard_brake,6,182.24876,172.24876,182.24876,0.8675330000000088,train
435,mitra_t4,data\raw\mitra\Data_T4\T4_DAll.csv,hard_brake,7,213.513331,203.513331,213.513331,0.8008000000000095,train
436,mitra_t4,data\raw\mitra\Data_T4\T4_DAll.csv,hard_brake,4,222.622433,212.622433,222.622433,0.8675330000000088,train
437,mitra_t4,data\raw\mitra\Data_T4\T4_DAll.csv,hard_brake,1,202.30213,192.30213,202.30213,1.067733000000004,train
438,mitra_t4,data\raw\mitra\Data_T4\T4_DAll.csv,hard_brake,7,185.25176,175.25176,185.25176,0.8675340000000062,train
439,mitra_t4,data\raw\mitra\Data_T4\T4_DAll.csv,hard_brake,4,224.691166,214.691166,224.691166,0.6339669999999842,train
440,mitra_t4,data\raw\mitra\Data_T4\T4_DAll.csv,hard_brake,3,193.326495,183.326495,193.326495,0.7007000000000119,train
441,mitra_t4,data\raw\mitra\Data_T4\T4_DAll.csv,hard_brake,4,225.925733,215.925733,225.925733,0.9008999999999788,train
442,mitra_t4,data\raw\mitra\Data_T4\T4_DAll.csv,hard_brake,1,204.971463,194.971463,204.971463,0.7340670000000102,train
443,mitra_t4,data\raw\mitra\Data_T4\T4_DAll.csv,hard_brake,6,220.820632,210.820632,220.820632,1.5015000000000214,train
444,mitra_t4,data\raw\mitra\Data_T4\T4_DAll.csv,hard_brake,2,200.633796,190.633796,200.633796,0.7340670000000102,train
445,mitra_t4,data\raw\mitra\Data_T4\T4_DAll.csv,hard_brake,7,216.649798,206.649798,216.649798,0.6673339999999826,train
446,mitra_t4,data\raw\mitra\Data_T4\T4_DAll.csv,hard_brake,4,208.174664,198.174664,208.174664,0.7006999999999834,train
447,mitra_t4,data\raw\mitra\Data_T4\T4_DAll.csv,hard_brake,5,217.250398,207.250398,217.250398,0.7340670000000102,train
448,mitra_t4,data\raw\mitra\Data_T4\T4_DAll.csv,hard_brake,1,208.074564,198.074564,208.074564,1.1344670000000008,train
449,mitra_t4,data\raw\mitra\Data_T4\T4_DAll.csv,hard_brake,4,230.3635,220.3635,230.3635,0.8008000000000095,train
450,mitra_t4,data\raw\mitra\Data_T4\T4_DAll.csv,hard_brake,2,203.836996,193.836996,203.836996,0.8675340000000062,train
451,mitra_t4,data\raw\mitra\Data_T4\T4_DAll.csv,hard_brake,5,234.868001,224.868001,234.868001,0.9676330000000064,train
452,mitra_t4,data\raw\mitra\Data_T4\T4_DAll.csv,hard_brake,7,230.396867,220.396867,230.396867,0.7674330000000111,train
453,mitra_t4,data\raw\mitra\Data_T4\T4_DAll.csv,hard_brake,6,235.468601,225.468601,235.468601,1.534866999999991,train
454,mitra_t4,data\raw\mitra\Data_T4\T4_DAll.csv,hard_brake,3,199.232396,189.232396,199.232396,0.9676330000000064,train
455,mitra_t4,data\raw\mitra\Data_T4\T4_DAll.csv,hard_brake,4,231.731534,221.731534,231.731534,0.9342669999999772,train
456,mitra_t4,data\raw\mitra\Data_T4\T4_DAll.csv,hard_brake,5,148.081288,138.081288,148.081288,0.8008000000000095,train
457,mitra_t4,data\raw\mitra\Data_T4\T4_DAll.csv,hard_brake,2,207.373864,197.373864,207.373864,0.8341660000000104,train
458,mitra_t4,data\raw\mitra\Data_T4\T4_DAll.csv,hard_brake,3,204.871363,194.871363,204.871363,0.667334000000011,train
459,mitra_t4,data\raw\mitra\Data_T4\T4_DAll.csv,hard_brake,2,212.045198,202.045198,212.045198,0.8341660000000104,train
460,mitra_t4,data\raw\mitra\Data_T4\T4_DAll.csv,hard_brake,4,233.499967,223.499967,233.499967,0.8341670000000079,train
461,mitra_t4,data\raw\mitra\Data_T4\T4_DAll.csv,hard_brake,1,212.845998,202.845998,212.845998,0.8675329999999803,train
462,mitra_t4,data\raw\mitra\Data_T4\T4_DAll.csv,hard_brake,3,201.935096,191.935096,201.935096,0.9342670000000056,train
463,mitra_t4,data\raw\mitra\Data_T4\T4_DAll.csv,hard_brake,6,240.940735,230.940735,240.940735,1.735067000000015,train
464,mitra_t4,data\raw\mitra\Data_T4\T4_DAll.csv,hard_brake,5,226.9601,216.9601,226.9601,1.368032999999997,train
465,mitra_t4,data\raw\mitra\Data_T4\T4_DAll.csv,hard_brake,7,145.945821,135.945821,145.945821,0.6339670000000126,train
466,mitra_t4,data\raw\mitra\Data_T4\T4_DAll.csv,hard_brake,6,199.832996,189.832996,199.832996,0.8007999999999811,train
467,mitra_t4,data\raw\mitra\Data_T4\T4_DAll.csv,hard_brake,3,203.70353,193.70353,203.70353,0.6673330000000135,train
468,mitra_t4,data\raw\mitra\Data_T4\T4_DAll.csv,hard_brake,5,232.565701,222.565701,232.565701,0.5338660000000175,train
469,mitra_t4,data\raw\mitra\Data_T4\T4_DAll.csv,hard_brake,6,201.234396,191.234396,201.234396,0.9009000000000073,train
470,mitra_t4,data\raw\mitra\Data_T4\T4_DAll.csv,hard_brake,7,147.547422,137.547422,147.547422,1.234566000000001,train
471,mitra_t4,data\raw\mitra\Data_T4\T4_DAll.csv,hard_brake,21,191.758261,181.758261,191.758261,0.6673339999999826,train
472,mitra_t4,data\raw\mitra\Data_T4\T4_DAll.csv,hard_brake,4,236.936735,226.936735,236.936735,0.7340660000000128,train
473,mitra_t4,data\raw\mitra\Data_T4\T4_DAll.csv,hard_brake,5,238.972102,228.972102,238.972102,1.234566000000001,train
474,mitra_t4,data\raw\mitra\Data_T4\T4_DAll.csv,hard_brake,4,240.240035,230.240035,240.240035,0.7674339999999802,train
475,mitra_t4,data\raw\mitra\Data_T4\T4_DAll.csv,hard_brake,1,214.214031,204.214031,214.214031,1.334666999999996,train
476,mitra_t4,data\raw\mitra\Data_T4\T4_DAll.csv,hard_brake,3,217.150298,207.150298,217.150298,0.7340670000000102,train
477,mitra_t4,data\raw\mitra\Data_T4\T4_DAll.csv,hard_brake,5,242.041835,232.041835,242.041835,0.8008000000000095,train
478,mitra_t4,data\raw\mitra\Data_T4\T4_DAll.csv,hard_brake,3,208.942097,198.942097,208.942097,0.7674340000000086,train
479,mitra_t4,data\raw\mitra\Data_T4\T4_DAll.csv,hard_brake,4,244.410869,234.410869,244.410869,0.7674330000000111,train
480,mitra_t4,data\raw\mitra\Data_T4\T4_DAll.csv,hard_brake,3,218.117932,208.117932,218.117932,0.7674330000000111,train
481,mitra_t4,data\raw\mitra\Data_T4\T4_DAll.csv,hard_brake,2,196.429595,186.429595,196.429595,0.7674339999999802,train
482,mitra_t4,data\raw\mitra\Data_T4\T4_DAll.csv,hard_brake,7,243.276402,233.276402,243.276402,1.2345669999999984,train
483,mitra_t4,data\raw\mitra\Data_T4\T4_DAll.csv,hard_brake,4,245.912369,235.912369,245.912369,0.6005999999999858,train
484,mitra_t4,data\raw\mitra\Data_T4\T4_DAll.csv,hard_brake,5,245.378503,235.378503,245.378503,0.4671330000000182,train
485,mitra_t4,data\raw\mitra\Data_T4\T4_DAll.csv,hard_brake,1,215.548698,205.548698,215.548698,1.6015999999999906,train
486,mitra_t4,data\raw\mitra\Data_T4\T4_DAll.csv,hard_brake,4,154.254123,144.254123,154.254123,0.8008000000000095,train
487,mitra_t4,data\raw\mitra\Data_T4\T4_DAll.csv,hard_brake,4,247.113569,237.113569,247.113569,0.7340669999999818,train
488,mitra_t4,data\raw\mitra\Data_T4\T4_DAll.csv,hard_brake,7,193.459962,183.459962,193.459962,0.5672330000000159,train
489,mitra_t4,data\raw\mitra\Data_T4\T4_DAll.csv,hard_brake,1,217.450598,207.450598,217.450598,1.468133999999992,train
490,mitra_t4,data\raw\mitra\Data_T4\T4_DAll.csv,hard_brake,3,215.582065,205.582065,215.582065,0.6339670000000126,train
491,mitra_t4,data\raw\mitra\Data_T4\T4_DAll.csv,hard_brake,1,187.887727,177.887727,187.887727,0.7007009999999809,train
492,mitra_t4,data\raw\mitra\Data_T4\T4_DAll.csv,hard_brake,0,167.901091,157.901091,167.901091,0.6673339999999826,train
493,mitra_t4,data\raw\mitra\Data_T4\T4_DAll.csv,hard_brake,7,244.844636,234.844636,244.844636,0.8341669999999795,train
494,mitra_t4,data\raw\mitra\Data_T4\T4_DAll.csv,hard_brake,3,170.537058,160.537058,170.537058,0.8008000000000095,train
495,mitra_t4,data\raw\mitra\Data_T4\T4_DAll.csv,hard_brake,3,216.316132,206.316132,216.316132,0.7340659999999843,train
496,mitra_t4,data\raw\mitra\Data_T4\T4_DAll.csv,hard_brake,6,219.485965,209.485965,219.485965,0.8341670000000079,train
497,mitra_t4,data\raw\mitra\Data_T4\T4_DAll.csv,hard_brake,2,223.890366,213.890366,223.890366,0.6673330000000135,train
498,mitra_t4,data\raw\mitra\Data_T4\T4_DAll.csv,hard_brake,4,253.987104,243.987104,253.987104,0.8675330000000088,train
499,mitra_t4,data\raw\mitra\Data_T4\T4_DAll.csv,hard_brake,7,224.157299,214.157299,224.157299,0.667334000000011,train
500,mitra_t4,data\raw\mitra\Data_T4\T4_DAll.csv,hard_brake,1,220.954099,210.954099,220.954099,1.101099999999974,train
501,mitra_t4,data\raw\mitra\Data_T4\T4_DAll.csv,hard_brake,0,171.004192,161.004192,171.004192,0.8341660000000104,train
502,mitra_t4,data\raw\mitra\Data_T4\T4_DAll.csv,hard_brake,10,182.882727,172.882727,182.882727,1.3346670000000245,train
503,mitra_t4,data\raw\mitra\Data_T4\T4_DAll.csv,hard_brake,3,220.954099,210.954099,220.954099,0.9342669999999772,train
504,mitra_t4,data\raw\mitra\Data_T4\T4_DAll.csv,hard_brake,3,224.123933,214.123933,224.123933,0.9342670000000056,train
505,mitra_t4,data\raw\mitra\Data_T4\T4_DAll.csv,hard_brake,3,229.295767,219.295767,229.295767,0.9342669999999772,train
506,mitra_t4,data\raw\mitra\Data_T4\T4_DAll.csv,hard_brake,6,224.324133,214.324133,224.324133,0.8341670000000079,train
507,mitra_t4,data\raw\mitra\Data_T4\T4_DAll.csv,hard_brake,3,222.188666,212.188666,222.188666,0.7006999999999834,train
508,mitra_t4,data\raw\mitra\Data_T4\T4_DAll.csv,hard_brake,4,257.724171,247.724171,257.724171,0.967632999999978,train
509,mitra_t4,data\raw\mitra\Data_T4\T4_DAll.csv,hard_brake,2,222.021832,212.021832,222.021832,0.8675340000000062,train
510,mitra_t4,data\raw\mitra\Data_T4\T4_DAll.csv,hard_brake,1,226.86,216.86,226.86,1.368032999999997,train
511,mitra_t4,data\raw\mitra\Data_T4\T4_DAll.csv,hard_brake,4,258.992105,248.992105,258.992105,0.8675330000000372,train
512,mitra_t4,data\raw\mitra\Data_T4\T4_DAll.csv,hard_brake,5,247.280403,237.280403,247.280403,1.2345669999999984,train
513,mitra_t4,data\raw\mitra\Data_T4\T4_DAll.csv,hard_brake,6,263.029472,253.029472,263.029472,1.5015000000000214,train
514,mitra_t4,data\raw\mitra\Data_T4\T4_DAll.csv,hard_brake,3,205.638797,195.638797,205.638797,0.6673329999999851,train
515,mitra_t4,data\raw\mitra\Data_T4\T4_DAll.csv,hard_brake,3,226.9601,216.9601,226.9601,0.7674329999999827,train
516,mitra_t4,data\raw\mitra\Data_T4\T4_DAll.csv,hard_brake,7,270.77054,260.77054,270.77054,1.601600000000019,train
517,mitra_t4,data\raw\mitra\Data_T4\T4_DAll.csv,hard_brake,2,231.731534,221.731534,231.731534,0.8341669999999795,train
518,mitra_t4,data\raw\mitra\Data_T4\T4_DAll.csv,hard_brake,4,261.394505,251.394505,261.394505,0.8008000000000379,train
519,mitra_t4,data\raw\mitra\Data_T4\T4_DAll.csv,hard_brake,3,209.475964,199.475964,209.475964,0.5672329999999874,train
520,mitra_t4,data\raw\mitra\Data_T4\T4_DAll.csv,hard_brake,3,231.631434,221.631434,231.631434,0.7674329999999827,train
521,mitra_t4,data\raw\mitra\Data_T4\T4_DAll.csv,hard_brake,1,228.995467,218.995467,228.995467,0.7340670000000102,train
522,mitra_t4,data\raw\mitra\Data_T4\T4_DAll.csv,hard_brake,7,247.747536,237.747536,247.747536,1.4347669999999937,train
523,mitra_t4,data\raw\mitra\Data_T4\T4_DAll.csv,hard_brake,4,262.762538,252.762538,262.762538,1.2679339999999684,train
524,mitra_t4,data\raw\mitra\Data_T4\T4_DAll.csv,hard_brake,7,236.836635,226.836635,236.836635,0.5004999999999882,train
525,mitra_t4,data\raw\mitra\Data_T4\T4_DAll.csv,hard_brake,2,233.733534,223.733534,233.733534,1.1678339999999992,train
526,mitra_t4,data\raw\mitra\Data_T4\T4_DAll.csv,hard_brake,1,230.864,220.864,230.864,0.8675340000000062,train
527,mitra_t4,data\raw\mitra\Data_T4\T4_DAll.csv,hard_brake,1,234.133934,224.133934,234.133934,1.1011000000000024,train
528,mitra_t4,data\raw\mitra\Data_T4\T4_DAll.csv,hard_brake,3,237.437235,227.437235,237.437235,0.8008000000000095,train
529,mitra_t4,data\raw\mitra\Data_T4\T4_DAll.csv,hard_brake,4,264.197305,254.197305,264.197305,0.7340670000000387,train
530,mitra_t4,data\raw\mitra\Data_T4\T4_DAll.csv,hard_brake,3,240.707169,230.707169,240.707169,1.0343660000000057,train
531,mitra_t4,data\raw\mitra\Data_T4\T4_DAll.csv,hard_brake,4,248.381503,238.381503,248.381503,0.8007999999999811,train
532,mitra_t4,data\raw\mitra\Data_T4\T4_DAll.csv,hard_brake,5,268.968739,258.968739,268.968739,0.7340669999999818,train
533,mitra_t4,data\raw\mitra\Data_T4\T4_DAll.csv,hard_brake,3,238.404868,228.404868,238.404868,1.0010000000000048,train
534,mitra_t4,data\raw\mitra\Data_T4\T4_DAll.csv,hard_brake,2,235.568701,225.568701,235.568701,0.6673339999999826,train
535,mitra_t4,data\raw\mitra\Data_T4\T4_DAll.csv,hard_brake,5,251.651437,241.651437,251.651437,0.8675330000000088,train
536,mitra_t4,data\raw\mitra\Data_T4\T4_DAll.csv,hard_brake,1,242.275402,232.275402,242.275402,1.3012999999999977,train
537,mitra_t4,data\raw\mitra\Data_T4\T4_DAll.csv,hard_brake,1,238.037835,228.037835,238.037835,1.534866999999991,train
538,mitra_t4,data\raw\mitra\Data_T4\T4_DAll.csv,hard_brake,3,245.612069,235.612069,245.612069,0.8008000000000095,train
539,mitra_t4,data\raw\mitra\Data_T4\T4_DAll.csv,hard_brake,7,276.910007,266.910007,276.910007,0.8007999999999811,train
540,mitra_t4,data\raw\mitra\Data_T4\T4_DAll.csv,hard_brake,3,249.148936,239.148936,249.148936,0.9342670000000056,train
541,mitra_t4,data\raw\mitra\Data_T4\T4_DAll.csv,hard_brake,5,255.255037,245.255037,255.255037,1.4347669999999937,train
542,mitra_t4,data\raw\mitra\Data_T4\T4_DAll.csv,hard_brake,7,283.416508,273.416508,283.416508,1.3012999999999693,train
543,mitra_t4,data\raw\mitra\Data_T4\T4_DAll.csv,hard_brake,1,246.045836,236.045836,246.045836,0.8675329999999803,train
544,mitra_t4,data\raw\mitra\Data_T4\T4_DAll.csv,hard_brake,5,259.792905,249.792905,259.792905,0.9008999999999788,train
545,mitra_t4,data\raw\mitra\Data_T4\T4_DAll.csv,hard_brake,2,243.843636,233.843636,243.843636,0.7340659999999843,train
546,mitra_t4,data\raw\mitra\Data_T4\T4_DAll.csv,hard_brake,4,270.803906,260.803906,270.803906,0.7340670000000387,train
547,mitra_t4,data\raw\mitra\Data_T4\T4_DAll.csv,hard_brake,7,275.642074,265.642074,275.642074,0.7340660000000412,train
548,mitra_t4,data\raw\mitra\Data_T4\T4_DAll.csv,hard_brake,2,248.21467,238.21467,248.21467,1.2012,train
549,mitra_t4,data\raw\mitra\Data_T4\T4_DAll.csv,hard_brake,3,255.054837,245.054837,255.054837,0.8675340000000062,train
550,mitra_t4,data\raw\mitra\Data_T4\T4_DAll.csv,hard_brake,3,213.813631,203.813631,213.813631,0.6006000000000142,train
551,mitra_t4,data\raw\mitra\Data_T4\T4_DAll.csv,hard_brake,3,221.487966,211.487966,221.487966,0.7340660000000128,train
552,mitra_t4,data\raw\mitra\Data_T4\T4_DAll.csv,hard_brake,1,255.622071,245.622071,255.622071,0.6339659999999867,train
553,mitra_t4,data\raw\mitra\Data_T4\T4_DAll.csv,hard_brake,2,195.695529,185.695529,195.695529,0.5005000000000166,train
554,mitra_t4,data\raw\mitra\Data_T4\T4_DAll.csv,hard_brake,2,197.564062,187.564062,197.564062,0.8341669999999795,train
555,mitra_t4,data\raw\mitra\Data_T4\T4_DAll.csv,hard_brake,2,251.784903,241.784903,251.784903,1.3013009999999952,train
556,mitra_t4,data\raw\mitra\Data_T4\T4_DAll.csv,hard_brake,3,256.856638,246.856638,256.856638,0.7340660000000412,train
557,mitra_t4,data\raw\mitra\Data_T4\T4_DAll.csv,hard_brake,6,291.257676,281.257676,291.257676,1.468133000000023,train
558,mitra_t4,data\raw\mitra\Data_T4\T4_DAll.csv,hard_brake,1,223.590066,213.590066,223.590066,0.9676330000000064,train
559,mitra_t4,data\raw\mitra\Data_T4\T4_DAll.csv,hard_brake,3,263.529972,253.529972,263.529972,0.9009000000000356,train
560,mitra_t4,data\raw\mitra\Data_T4\T4_DAll.csv,hard_brake,2,255.588704,245.588704,255.588704,1.0009999999999764,train
561,mitra_t4,data\raw\mitra\Data_T4\T4_DAll.csv,hard_brake,6,250.283403,240.283403,250.283403,0.5672340000000133,train
562,mitra_t4,data\raw\mitra\Data_T4\T4_DAll.csv,hard_brake,7,280.313408,270.313408,280.313408,0.7340660000000412,train
563,mitra_t4,data\raw\mitra\Data_T4\T4_DAll.csv,hard_brake,3,266.699806,256.699806,266.699806,0.9008999999999788,train
564,mitra_t4,data\raw\mitra\Data_T4\T4_DAll.csv,hard_brake,4,265.565339,255.565339,265.565339,0.967632999999978,train
565,mitra_t4,data\raw\mitra\Data_T4\T4_DAll.csv,hard_brake,2,265.632072,255.632072,265.632072,0.8007999999999811,train
566,mitra_t4,data\raw\mitra\Data_T4\T4_DAll.csv,hard_brake,3,267.800906,257.800906,267.800906,0.8007999999999811,train
567,mitra_t4,data\raw\mitra\Data_T4\T4_DAll.csv,hard_brake,1,236.336135,226.336135,236.336135,0.9008999999999788,train
568,mitra_t4,data\raw\mitra\Data_T4\T4_DAll.csv,hard_brake,3,260.059838,250.059838,260.059838,0.4671329999999898,train
569,mitra_t4,data\raw\mitra\Data_T4\T4_DAll.csv,hard_brake,3,269.102206,259.102206,269.102206,1.0009999999999764,train
570,mitra_t4,data\raw\mitra\Data_T4\T4_DAll.csv,hard_brake,7,297.93101,287.93101,297.93101,1.2011999999999716,train
571,mitra_t4,data\raw\mitra\Data_T4\T4_DAll.csv,hard_brake,5,272.739173,262.739173,272.739173,0.8007999999999811,train
572,mitra_t4,data\raw\mitra\Data_T4\T4_DAll.csv,hard_brake,2,237.036835,227.036835,237.036835,0.5338660000000175,train
573,mitra_t4,data\raw\mitra\Data_T4\T4_DAll.csv,hard_brake,3,270.67044,260.67044,270.67044,0.9342660000000363,train
574,mitra_t4,data\raw\mitra\Data_T4\T4_DAll.csv,hard_brake,4,256.422871,246.422871,256.422871,0.7674330000000396,train
575,mitra_t4,data\raw\mitra\Data_T4\T4_DAll.csv,hard_brake,1,262.762538,252.762538,262.762538,0.6673339999999826,train
576,mitra_t4,data\raw\mitra\Data_T4\T4_DAll.csv,hard_brake,4,276.17594,266.17594,276.17594,0.8675339999999778,train
577,mitra_t4,data\raw\mitra\Data_T4\T4_DAll.csv,hard_brake,2,274.107207,264.107207,274.107207,0.8341669999999795,train
578,mitra_t4,data\raw\mitra\Data_T4\T4_DAll.csv,hard_brake,6,299.866277,289.866277,299.866277,1.368033999999966,train
579,mitra_t4,data\raw\mitra\Data_T4\T4_DAll.csv,hard_brake,3,272.07184,262.07184,272.07184,0.8675329999999803,train
580,mitra_t4,data\raw\mitra\Data_T4\T4_DAll.csv,hard_brake,2,266.933372,256.933372,266.933372,0.8341669999999795,train
581,mitra_t4,data\raw\mitra\Data_T4\T4_DAll.csv,hard_brake,3,273.57334,263.57334,273.57334,0.8675330000000372,train
582,mitra_t4,data\raw\mitra\Data_T4\T4_DAll.csv,hard_brake,5,276.67644,266.67644,276.67644,0.7007009999999809,train
583,mitra_t4,data\raw\mitra\Data_T4\T4_DAll.csv,hard_brake,6,274.807907,264.807907,274.807907,0.7340669999999818,train
584,mitra_t4,data\raw\mitra\Data_T4\T4_DAll.csv,hard_brake,2,276.209307,266.209307,276.209307,0.7340669999999818,train
585,mitra_t4,data\raw\mitra\Data_T4\T4_DAll.csv,hard_brake,6,276.709807,266.709807,276.709807,0.8341669999999795,train
586,mitra_t4,data\raw\mitra\Data_T4\T4_DAll.csv,hard_brake,1,270.270039,260.270039,270.270039,0.6673339999999826,train
587,mitra_t4,data\raw\mitra\Data_T4\T4_DAll.csv,hard_brake,3,275.241674,265.241674,275.241674,1.034366000000034,train
588,mitra_t4,data\raw\mitra\Data_T4\T4_DAll.csv,hard_brake,1,274.77454,264.77454,274.77454,0.8341669999999795,train
589,mitra_t4,data\raw\mitra\Data_T4\T4_DAll.csv,hard_brake,2,278.478241,268.478241,278.478241,0.8007999999999811,train
590,mitra_t4,data\raw\mitra\Data_T4\T4_DAll.csv,hard_brake,5,291.624709,281.624709,291.624709,0.9342669999999772,train
591,mitra_t4,data\raw\mitra\Data_T4\T4_DAll.csv,hard_brake,4,279.746174,269.746174,279.746174,0.6339669999999842,train
592,mitra_t4,data\raw\mitra\Data_T4\T4_DAll.csv,hard_brake,1,277.911007,267.911007,277.911007,0.8675340000000347,train
593,mitra_t4,data\raw\mitra\Data_T4\T4_DAll.csv,hard_brake,6,266.332772,256.332772,266.332772,0.7007000000000403,train
594,mitra_t4,data\raw\mitra\Data_T4\T4_DAll.csv,hard_brake,2,257.523971,247.523971,257.523971,0.9008999999999788,train
595,mitra_t4,data\raw\mitra\Data_T4\T4_DAll.csv,hard_brake,2,279.579341,269.579341,279.579341,0.5338669999999865,train
596,mitra_t4,data\raw\mitra\Data_T4\T4_DAll.csv,hard_brake,3,282.282041,272.282041,282.282041,0.8341669999999795,train
597,mitra_t4,data\raw\mitra\Data_T4\T4_DAll.csv,hard_brake,2,279.979741,269.979741,279.979741,0.7006999999999834,train
598,mitra_t4,data\raw\mitra\Data_T4\T4_DAll.csv,hard_brake,2,281.281041,271.281041,281.281041,0.8341669999999795,train
599,mitra_t4,data\raw\mitra\Data_T4\T4_DAll.csv,hard_brake,3,278.411507,268.411507,278.411507,0.8675340000000347,train
600,mitra_t4,data\raw\mitra\Data_T4\T4_DAll.csv,hard_brake,10,238.338135,228.338135,238.338135,0.6339670000000126,train
601,mitra_t4,data\raw\mitra\Data_T4\T4_DAll.csv,hard_brake,1,247.046836,237.046836,247.046836,0.7006999999999834,train
602,mitra_t4,data\raw\mitra\Data_T4\T4_DAll.csv,hard_brake,7,273.039473,263.039473,273.039473,0.8341670000000363,train
603,mitra_t4,data\raw\mitra\Data_T4\T4_DAll.csv,hard_brake,6,305.305045,295.305045,305.305045,1.3012999999999693,train
604,mitra_t4,data\raw\mitra\Data_T4\T4_DAll.csv,hard_brake,5,286.986742,276.986742,286.986742,0.9009000000000356,train
605,mitra_t4,data\raw\mitra\Data_T4\T4_DAll.csv,hard_brake,3,285.184942,275.184942,285.184942,0.7674330000000396,train
606,mitra_t4,data\raw\mitra\Data_T4\T4_DAll.csv,hard_brake,4,282.715808,272.715808,282.715808,0.6673330000000419,train
607,mitra_t4,data\raw\mitra\Data_T4\T4_DAll.csv,hard_brake,5,288.688442,278.688442,288.688442,0.7006999999999834,train
608,mitra_t4,data\raw\mitra\Data_T4\T4_DAll.csv,hard_brake,1,279.112207,269.112207,279.112207,0.8341669999999795,train
609,mitra_t4,data\raw\mitra\Data_T4\T4_DAll.csv,hard_brake,2,282.115208,272.115208,282.115208,0.8341669999999795,train
610,mitra_t4,data\raw\mitra\Data_T4\T4_DAll.csv,hard_brake,2,291.958376,281.958376,291.958376,1.6683340000000155,train
611,mitra_t4,data\raw\mitra\Data_T4\T4_DAll.csv,hard_brake,1,281.447874,271.447874,281.447874,0.9342669999999772,train
612,mitra_t4,data\raw\mitra\Data_T4\T4_DAll.csv,hard_brake,5,293.860276,283.860276,293.860276,0.8675339999999778,train
613,mitra_t4,data\raw\mitra\Data_T4\T4_DAll.csv,hard_brake,4,284.918008,274.918008,284.918008,0.4671339999999873,train
614,mitra_t4,data\raw\mitra\Data_T4\T4_DAll.csv,hard_brake,3,286.419509,276.419509,286.419509,0.8675329999999803,train
615,mitra_t4,data\raw\mitra\Data_T4\T4_DAll.csv,hard_brake,2,285.985742,275.985742,285.985742,0.8007999999999811,train
616,mitra_t4,data\raw\mitra\Data_T4\T4_DAll.csv,hard_brake,3,287.854275,277.854275,287.854275,0.767434000000037,train
617,mitra_t4,data\raw\mitra\Data_T4\T4_DAll.csv,hard_brake,5,297.864277,287.864277,297.864277,0.8675329999999803,train
618,mitra_t4,data\raw\mitra\Data_T4\T4_DAll.csv,hard_brake,3,288.988742,278.988742,288.988742,0.8007999999999811,train
619,mitra_t4,data\raw\mitra\Data_T4\T4_DAll.csv,hard_brake,5,281.981741,271.981741,281.981741,0.7340669999999818,train
620,mitra_t4,data\raw\mitra\Data_T4\T4_DAll.csv,hard_brake,1,289.122209,279.122209,289.122209,0.8341669999999795,train
621,mitra_t4,data\raw\mitra\Data_T4\T4_DAll.csv,hard_brake,1,256.055837,246.055837,256.055837,0.8675339999999778,train
622,mitra_t4,data\raw\mitra\Data_T4\T4_DAll.csv,hard_brake,5,299.53261,289.53261,299.53261,0.5338670000000434,train
623,mitra_t4,data\raw\mitra\Data_T4\T4_DAll.csv,hard_brake,2,252.852637,242.852637,252.852637,0.9009000000000073,train
624,mitra_t4,data\raw\mitra\Data_T4\T4_DAll.csv,hard_brake,5,299.999744,289.999744,299.999744,0.7340669999999818,train
625,mitra_t4,data\raw\mitra\Data_T4\T4_DAll.csv,hard_brake,2,294.294043,284.294043,294.294043,1.2679340000000252,train
626,mitra_t4,data\raw\mitra\Data_T4\T4_DAll.csv,hard_brake,1,290.089842,280.089842,290.089842,1.701701000000014,train
627,mitra_t4,data\raw\mitra\Data_T4\T4_DAll.csv,hard_brake,5,289.689442,279.689442,289.689442,0.5338669999999865,train
628,mitra_t4,data\raw\mitra\Data_T4\T4_DAll.csv,hard_brake,6,310.810545,300.810545,310.810545,1.434767000000022,train
629,mitra_t4,data\raw\mitra\Data_T4\T4_DAll.csv,hard_brake,4,287.620709,277.620709,287.620709,0.6006000000000427,train
630,mitra_t4,data\raw\mitra\Data_T4\T4_DAll.csv,hard_brake,1,266.299406,256.299406,266.299406,0.8675330000000372,train
631,mitra_t4,data\raw\mitra\Data_T4\T4_DAll.csv,hard_brake,5,302.068477,292.068477,302.068477,0.6673340000000394,train
632,mitra_t4,data\raw\mitra\Data_T4\T4_DAll.csv,hard_brake,4,288.755176,278.755176,288.755176,0.8007999999999811,train
633,mitra_t4,data\raw\mitra\Data_T4\T4_DAll.csv,hard_brake,3,260.994105,250.994105,260.994105,0.6005999999999858,train
634,mitra_t4,data\raw\mitra\Data_T4\T4_DAll.csv,hard_brake,1,296.93001,286.93001,296.93001,1.2679340000000252,train
635,mitra_t4,data\raw\mitra\Data_T4\T4_DAll.csv,hard_brake,4,290.223309,280.223309,290.223309,1.0010000000000332,train
636,mitra_t4,data\raw\mitra\Data_T4\T4_DAll.csv,hard_brake,1,293.22631,283.22631,293.22631,0.7340659999999843,train
637,mitra_t4,data\raw\mitra\Data_T4\T4_DAll.csv,hard_brake,1,300.133211,290.133211,300.133211,1.3346659999999702,train
638,mitra_t4,data\raw\mitra\Data_T4\T4_DAll.csv,hard_brake,6,314.314046,304.314046,314.314046,1.2679329999999709,train
639,mitra_t4,data\raw\mitra\Data_T4\T4_DAll.csv,hard_brake,0,258.424871,248.424871,258.424871,0.4671329999999898,train
640,mitra_t4,data\raw\mitra\Data_T4\T4_DAll.csv,hard_brake,5,303.469878,293.469878,303.469878,0.6005999999999858,train
641,mitra_t4,data\raw\mitra\Data_T4\T4_DAll.csv,hard_brake,6,287.987742,277.987742,287.987742,0.5672329999999874,train
642,mitra_t4,data\raw\mitra\Data_T4\T4_DAll.csv,hard_brake,5,292.492243,282.492243,292.492243,0.5672330000000443,train
643,mitra_t4,data\raw\mitra\Data_T4\T4_DAll.csv,hard_brake,5,304.771178,294.771178,304.771178,0.6339669999999842,train
644,mitra_t4,data\raw\mitra\Data_T4\T4_DAll.csv,hard_brake,3,298.03111,288.03111,298.03111,0.7674339999999802,train
645,mitra_t4,data\raw\mitra\Data_T4\T4_DAll.csv,hard_brake,4,294.260676,284.260676,294.260676,0.4671339999999873,train
646,mitra_t4,data\raw\mitra\Data_T4\T4_DAll.csv,hard_brake,2,306.739811,296.739811,306.739811,0.900901000000033,train
647,mitra_t4,data\raw\mitra\Data_T4\T4_DAll.csv,hard_brake,2,301.167577,291.167577,301.167577,0.9676340000000324,train
648,mitra_t4,data\raw\mitra\Data_T4\T4_DAll.csv,hard_brake,5,295.862277,285.862277,295.862277,0.7006999999999834,train
649,mitra_t4,data\raw\mitra\Data_T4\T4_DAll.csv,hard_brake,1,276.709807,266.709807,276.709807,0.5672339999999849,train
650,mitra_t4,data\raw\mitra\Data_T4\T4_DAll.csv,hard_brake,3,276.109207,266.109207,276.109207,1.0009999999999764,train
651,mitra_t4,data\raw\mitra\Data_T4\T4_DAll.csv,hard_brake,4,296.596343,286.596343,296.596343,0.4671339999999873,train
652,mitra_t4,data\raw\mitra\Data_T4\T4_DAll.csv,hard_brake,3,301.334411,291.334411,301.334411,0.7006999999999834,train
653,mitra_t4,data\raw\mitra\Data_T4\T4_DAll.csv,hard_brake,6,317.450513,307.450513,317.450513,0.8007999999999811,train
654,mitra_t4,data\raw\mitra\Data_T4\T4_DAll.csv,hard_brake,2,255.021471,245.021471,255.021471,0.7674330000000111,train
655,mitra_t4,data\raw\mitra\Data_T4\T4_DAll.csv,hard_brake,2,309.842912,299.842912,309.842912,1.6349669999999603,train
656,mitra_t4,data\raw\mitra\Data_T4\T4_DAll.csv,hard_brake,2,302.402144,292.402144,302.402144,0.8007999999999811,train
657,mitra_t4,data\raw\mitra\Data_T4\T4_DAll.csv,hard_brake,4,297.697444,287.697444,297.697444,0.8675329999999803,train
658,mitra_t4,data\raw\mitra\Data_T4\T4_DAll.csv,hard_brake,5,319.319047,309.319047,319.319047,0.7674329999999827,train
659,mitra_t4,data\raw\mitra\Data_T4\T4_DAll.csv,hard_brake,1,304.837911,294.837911,304.837911,0.8007999999999811,train
660,mitra_t4,data\raw\mitra\Data_T4\T4_DAll.csv,hard_brake,1,283.116208,273.116208,283.116208,0.8341670000000363,train
661,mitra_t4,data\raw\mitra\Data_T4\T4_DAll.csv,hard_brake,4,299.13221,289.13221,299.13221,0.934267000000034,train
662,mitra_t4,data\raw\mitra\Data_T4\T4_DAll.csv,hard_brake,4,304.837911,294.837911,304.837911,0.7340669999999818,train
663,mitra_t4,data\raw\mitra\Data_T4\T4_DAll.csv,hard_brake,3,305.438511,295.438511,305.438511,0.7006999999999834,train
664,mitra_t4,data\raw\mitra\Data_T4\T4_DAll.csv,hard_brake,1,307.373778,297.373778,307.373778,0.7674339999999802,train
665,mitra_t4,data\raw\mitra\Data_T4\T4_DAll.csv,hard_brake,4,306.105845,296.105845,306.105845,0.8008000000000379,train
666,mitra_t4,data\raw\mitra\Data_T4\T4_DAll.csv,hard_brake,4,308.875278,298.875278,308.875278,1.0343670000000316,train
667,mitra_t4,data\raw\mitra\Data_T4\T4_DAll.csv,hard_brake,2,313.246312,303.246312,313.246312,0.900901000000033,train
668,mitra_t4,data\raw\mitra\Data_T4\T4_DAll.csv,hard_brake,2,315.815546,305.815546,315.815546,0.8341670000000363,train
669,mitra_t4,data\raw\mitra\Data_T4\T4_DAll.csv,hard_brake,5,312.011746,302.011746,312.011746,0.9008999999999788,train
670,mitra_t4,data\raw\mitra\Data_T4\T4_DAll.csv,hard_brake,1,312.679079,302.679079,312.679079,0.8341669999999795,train
671,mitra_t4,data\raw\mitra\Data_T4\T4_DAll.csv,hard_brake,6,329.295681,319.295681,329.295681,1.4681340000000205,train
672,mitra_t4,data\raw\mitra\Data_T4\T4_DAll.csv,hard_brake,1,294.52761,284.52761,294.52761,0.934267000000034,train
673,mitra_t4,data\raw\mitra\Data_T4\T4_DAll.csv,hard_brake,4,311.778179,301.778179,311.778179,0.7340669999999818,train
674,mitra_t4,data\raw\mitra\Data_T4\T4_DAll.csv,hard_brake,1,316.849913,306.849913,316.849913,0.8007999999999811,train
675,mitra_t4,data\raw\mitra\Data_T4\T4_DAll.csv,hard_brake,3,313.446512,303.446512,313.446512,0.8675340000000347,train
676,mitra_t4,data\raw\mitra\Data_T4\T4_DAll.csv,hard_brake,3,314.881279,304.881279,314.881279,0.9342669999999772,train
677,mitra_t4,data\raw\mitra\Data_T4\T4_DAll.csv,hard_brake,5,327.360415,317.360415,327.360415,0.5672329999999874,train
678,mitra_t4,data\raw\mitra\Data_T4\T4_DAll.csv,hard_brake,4,313.146212,303.146212,313.146212,0.767434000000037,train
679,mitra_t4,data\raw\mitra\Data_T4\T4_DAll.csv,hard_brake,1,266.299406,256.299406,266.299406,0.4671330000000466,train
680,mitra_t4,data\raw\mitra\Data_T4\T4_DAll.csv,hard_brake,1,317.817546,307.817546,317.817546,1.3346670000000245,train
681,mitra_t4,data\raw\mitra\Data_T4\T4_DAll.csv,hard_brake,4,314.714446,304.714446,314.714446,0.8675329999999803,train
682,mitra_t4,data\raw\mitra\Data_T4\T4_DAll.csv,hard_brake,3,318.051113,308.051113,318.051113,0.934267000000034,train
683,mitra_t4,data\raw\mitra\Data_T4\T4_DAll.csv,hard_brake,4,317.417146,307.417146,317.417146,0.6673339999999826,train
684,mitra_t4,data\raw\mitra\Data_T4\T4_DAll.csv,hard_brake,6,337.003383,327.003383,337.003383,1.1011000000000308,train
685,mitra_t4,data\raw\mitra\Data_T4\T4_DAll.csv,hard_brake,3,323.323047,313.323047,323.323047,0.8341670000000363,train
686,mitra_t4,data\raw\mitra\Data_T4\T4_DAll.csv,hard_brake,3,319.552613,309.552613,319.552613,0.9342669999999772,train
687,mitra_t4,data\raw\mitra\Data_T4\T4_DAll.csv,hard_brake,7,319.652713,309.652713,319.652713,0.6005999999999858,train
688,mitra_t4,data\raw\mitra\Data_T4\T4_DAll.csv,hard_brake,3,320.720447,310.720447,320.720447,0.7674330000000396,train
689,mitra_t4,data\raw\mitra\Data_T4\T4_DAll.csv,hard_brake,7,336.035749,326.035749,336.035749,0.7340669999999818,train
690,mitra_t4,data\raw\mitra\Data_T4\T4_DAll.csv,hard_brake,1,322.789181,312.789181,322.789181,1.3680330000000254,train
691,mitra_t4,data\raw\mitra\Data_T4\T4_DAll.csv,hard_brake,6,322.722447,312.722447,322.722447,1.2012000000000285,train
692,mitra_t4,data\raw\mitra\Data_T4\T4_DAll.csv,hard_brake,3,321.721447,311.721447,321.721447,0.7674329999999827,train
693,mitra_t4,data\raw\mitra\Data_T4\T4_DAll.csv,hard_brake,2,296.72981,286.72981,296.72981,0.7007000000000403,train
694,mitra_t4,data\raw\mitra\Data_T4\T4_DAll.csv,hard_brake,2,326.092481,316.092481,326.092481,0.9008999999999788,train
695,mitra_t4,data\raw\mitra\Data_T4\T4_DAll.csv,hard_brake,2,325.491881,315.491881,325.491881,0.8341670000000363,train
696,mitra_t4,data\raw\mitra\Data_T4\T4_DAll.csv,hard_brake,6,324.557614,314.557614,324.557614,0.7006999999999834,train
697,mitra_t4,data\raw\mitra\Data_T4\T4_DAll.csv,hard_brake,3,324.691081,314.691081,324.691081,0.967632999999978,train
698,mitra_t4,data\raw\mitra\Data_T4\T4_DAll.csv,hard_brake,7,320.753814,310.753814,320.753814,1.0010000000000332,train
699,mitra_t4,data\raw\mitra\Data_T4\T4_DAll.csv,hard_brake,1,326.492881,316.492881,326.492881,0.8341669999999795,train
700,mitra_t4,data\raw\mitra\Data_T4\T4_DAll.csv,hard_brake,3,329.028748,319.028748,329.028748,0.8007999999999811,train
701,mitra_t4,data\raw\mitra\Data_T4\T4_DAll.csv,hard_brake,7,340.23995,330.23995,340.23995,0.8675329999999803,train
702,mitra_t4,data\raw\mitra\Data_T4\T4_DAll.csv,hard_brake,4,344.978017,334.978017,344.978017,0.4671329999999898,train
703,mitra_t4,data\raw\mitra\Data_T4\T4_DAll.csv,hard_brake,3,329.996382,319.996382,329.996382,0.8341660000000388,train
704,mitra_t4,data\raw\mitra\Data_T4\T4_DAll.csv,hard_brake,1,330.663715,320.663715,330.663715,0.6673329999999851,train
705,mitra_t4,data\raw\mitra\Data_T4\T4_DAll.csv,hard_brake,3,333.333049,323.333049,333.333049,0.6673329999999851,train
706,mitra_t4,data\raw\mitra\Data_T4\T4_DAll.csv,hard_brake,2,332.265315,322.265315,332.265315,0.9009000000000356,train
707,mitra_t4,data\raw\mitra\Data_T4\T4_DAll.csv,hard_brake,3,330.997382,320.997382,330.997382,0.834165999999982,train
708,mitra_t4,data\raw\mitra\Data_T4\T4_DAll.csv,hard_brake,4,348.748451,338.748451,348.748451,0.5338669999999865,train
709,mitra_t4,data\raw\mitra\Data_T4\T4_DAll.csv,hard_brake,1,335.635349,325.635349,335.635349,0.5338669999999865,train
710,mitra_t4,data\raw\mitra\Data_T4\T4_DAll.csv,hard_brake,7,338.738449,328.738449,338.738449,0.5672339999999849,train
711,mitra_t4,data\raw\mitra\Data_T4\T4_DAll.csv,hard_brake,7,351.317685,341.317685,351.317685,1.468133000000023,train
712,mitra_t4,data\raw\mitra\Data_T4\T4_DAll.csv,hard_brake,3,331.631348,321.631348,331.631348,0.8341669999999795,train
713,mitra_t4,data\raw\mitra\Data_T4\T4_DAll.csv,hard_brake,2,336.202582,326.202582,336.202582,1.3013009999999667,train
714,mitra_t4,data\raw\mitra\Data_T4\T4_DAll.csv,hard_brake,3,334.167215,324.167215,334.167215,0.8341669999999795,train
715,mitra_t4,data\raw\mitra\Data_T4\T4_DAll.csv,hard_brake,5,338.738449,328.738449,338.738449,0.7007009999999809,train
716,mitra_t4,data\raw\mitra\Data_T4\T4_DAll.csv,hard_brake,5,341.574617,331.574617,341.574617,1.7017000000000166,train
717,mitra_t4,data\raw\mitra\Data_T4\T4_DAll.csv,hard_brake,4,353.219585,343.219585,353.219585,0.7340669999999818,train
718,mitra_t4,data\raw\mitra\Data_T4\T4_DAll.csv,hard_brake,1,340.34005,330.34005,340.34005,1.1678329999999733,train
719,mitra_t4,data\raw\mitra\Data_T4\T4_DAll.csv,hard_brake,4,355.521885,345.521885,355.521885,0.7674339999999802,train
720,mitra_t4,data\raw\mitra\Data_T4\T4_DAll.csv,hard_brake,7,353.419785,343.419785,353.419785,0.8675330000000372,train
721,mitra_t4,data\raw\mitra\Data_T4\T4_DAll.csv,hard_brake,4,356.856552,346.856552,356.856552,0.7674339999999802,train
722,mitra_t4,data\raw\mitra\Data_T4\T4_DAll.csv,hard_brake,2,338.471516,328.471516,338.471516,1.0343669999999747,train
723,mitra_t4,data\raw\mitra\Data_T4\T4_DAll.csv,hard_brake,1,344.811184,334.811184,344.811184,1.3680329999999683,train
724,mitra_t4,data\raw\mitra\Data_T4\T4_DAll.csv,hard_brake,3,337.804183,327.804183,337.804183,0.8675329999999803,train
725,mitra_t4,data\raw\mitra\Data_T4\T4_DAll.csv,hard_brake,7,348.715084,338.715084,348.715084,0.7340669999999818,train
726,mitra_t4,data\raw\mitra\Data_T4\T4_DAll.csv,hard_brake,6,361.094119,351.094119,361.094119,0.7007010000000378,train
727,mitra_t4,data\raw\mitra\Data_T4\T4_DAll.csv,hard_brake,1,347.714084,337.714084,347.714084,1.1344669999999724,train
728,mitra_t4,data\raw\mitra\Data_T4\T4_DAll.csv,hard_brake,5,351.584618,341.584618,351.584618,0.7007000000000403,train
729,mitra_t4,data\raw\mitra\Data_T4\T4_DAll.csv,hard_brake,5,345.178217,335.178217,345.178217,0.7674339999999802,train
730,mitra_t4,data\raw\mitra\Data_T4\T4_DAll.csv,hard_brake,6,363.09612,353.09612,363.09612,1.0343670000000316,train
731,mitra_t4,data\raw\mitra\Data_T4\T4_DAll.csv,hard_brake,5,353.219585,343.219585,353.219585,0.7340669999999818,train
732,mitra_t4,data\raw\mitra\Data_T4\T4_DAll.csv,hard_brake,1,351.150851,341.150851,351.150851,0.8675340000000347,train
733,mitra_t4,data\raw\mitra\Data_T4\T4_DAll.csv,hard_brake,4,363.329686,353.329686,363.329686,0.8008010000000354,train
734,mitra_t4,data\raw\mitra\Data_T4\T4_DAll.csv,hard_brake,2,348.481518,338.481518,348.481518,0.7006999999999834,train
735,mitra_t4,data\raw\mitra\Data_T4\T4_DAll.csv,hard_brake,4,364.564253,354.564253,364.564253,0.7340669999999818,train
736,mitra_t4,data\raw\mitra\Data_T4\T4_DAll.csv,hard_brake,6,366.032387,356.032387,366.032387,0.7674329999999827,train
737,mitra_t4,data\raw\mitra\Data_T4\T4_DAll.csv,hard_brake,5,354.520885,344.520885,354.520885,0.6005999999999858,train
738,mitra_t4,data\raw\mitra\Data_T4\T4_DAll.csv,hard_brake,3,343.64335,333.64335,343.64335,0.8675339999999778,train
739,mitra_t4,data\raw\mitra\Data_T4\T4_DAll.csv,hard_brake,1,357.657352,347.657352,357.657352,1.701701000000014,train
740,mitra_t4,data\raw\mitra\Data_T4\T4_DAll.csv,hard_brake,6,310.376779,300.376779,310.376779,0.6005999999999858,train
741,mitra_t4,data\raw\mitra\Data_T4\T4_DAll.csv,hard_brake,5,358.791819,348.791819,358.791819,1.5015000000000214,train
742,mitra_t4,data\raw\mitra\Data_T4\T4_DAll.csv,hard_brake,3,345.311684,335.311684,345.311684,1.0343669999999747,train
743,mitra_t4,data\raw\mitra\Data_T4\T4_DAll.csv,hard_brake,4,366.39942,356.39942,366.39942,0.9008999999999788,train
744,mitra_t4,data\raw\mitra\Data_T4\T4_DAll.csv,hard_brake,3,346.512884,336.512884,346.512884,0.8341670000000363,train
745,mitra_t4,data\raw\mitra\Data_T4\T4_DAll.csv,hard_brake,2,349.515884,339.515884,349.515884,0.8341669999999795,train
746,mitra_t4,data\raw\mitra\Data_T4\T4_DAll.csv,hard_brake,3,350.049751,340.049751,350.049751,0.6339669999999842,train
747,mitra_t4,data\raw\mitra\Data_T4\T4_DAll.csv,hard_brake,5,356.089119,346.089119,356.089119,0.7007000000000403,train
748,mitra_t4,data\raw\mitra\Data_T4\T4_DAll.csv,hard_brake,6,371.838188,361.838188,371.838188,0.4671329999999898,train
749,mitra_t4,data\raw\mitra\Data_T4\T4_DAll.csv,hard_brake,3,348.448151,338.448151,348.448151,0.9008999999999788,train
750,mitra_t4,data\raw\mitra\Data_T4\T4_DAll.csv,hard_brake,2,351.784818,341.784818,351.784818,1.568234000000018,train
751,mitra_t4,data\raw\mitra\Data_T4\T4_DAll.csv,hard_brake,4,371.037388,361.037388,371.037388,0.7674329999999827,train
752,mitra_t4,data\raw\mitra\Data_T4\T4_DAll.csv,hard_brake,3,351.651351,341.651351,351.651351,0.7007000000000403,train
753,mitra_t4,data\raw\mitra\Data_T4\T4_DAll.csv,hard_brake,1,341.74145,331.74145,341.74145,0.934267000000034,train
754,mitra_t4,data\raw\mitra\Data_T4\T4_DAll.csv,hard_brake,2,355.521885,345.521885,355.521885,1.1678340000000276,train
755,mitra_t4,data\raw\mitra\Data_T4\T4_DAll.csv,hard_brake,4,372.505521,362.505521,372.505521,0.8008000000000379,train
756,mitra_t4,data\raw\mitra\Data_T4\T4_DAll.csv,hard_brake,4,375.308322,365.308322,375.308322,0.8341660000000388,train
757,mitra_t4,data\raw\mitra\Data_T4\T4_DAll.csv,hard_brake,3,358.057752,348.057752,358.057752,0.8007999999999811,train
758,mitra_t4,data\raw\mitra\Data_T4\T4_DAll.csv,hard_brake,7,366.19922,356.19922,366.19922,0.9342669999999772,train
759,mitra_t4,data\raw\mitra\Data_T4\T4_DAll.csv,hard_brake,3,353.086118,343.086118,353.086118,0.5338669999999865,train
760,mitra_t4,data\raw\mitra\Data_T4\T4_DAll.csv,hard_brake,7,369.235587,359.235587,369.235587,0.7340669999999818,train
761,mitra_t4,data\raw\mitra\Data_T4\T4_DAll.csv,hard_brake,5,373.573255,363.573255,373.573255,0.5672329999999874,train
762,mitra_t4,data\raw\mitra\Data_T4\T4_DAll.csv,hard_brake,3,334.467516,324.467516,334.467516,0.6005999999999858,train
763,mitra_t4,data\raw\mitra\Data_T4\T4_DAll.csv,hard_brake,4,346.612984,336.612984,346.612984,1.2345670000000268,train
764,mitra_t4,data\raw\mitra\Data_T4\T4_DAll.csv,hard_brake,4,377.543889,367.543889,377.543889,0.7674330000000396,train
765,mitra_t4,data\raw\mitra\Data_T4\T4_DAll.csv,hard_brake,4,347.981018,337.981018,347.981018,1.401399999999967,train
766,mitra_t4,data\raw\mitra\Data_T4\T4_DAll.csv,hard_brake,4,380.646989,370.646989,380.646989,0.8341669999999795,train
767,mitra_t4,data\raw\mitra\Data_T4\T4_DAll.csv,hard_brake,2,316.015746,306.015746,316.015746,0.7007000000000403,train
768,mitra_t4,data\raw\mitra\Data_T4\T4_DAll.csv,hard_brake,2,358.858552,348.858552,358.858552,1.5015010000000188,train
769,mitra_t4,data\raw\mitra\Data_T4\T4_DAll.csv,hard_brake,6,373.973655,363.973655,373.973655,0.5004999999999882,train
770,mitra_t4,data\raw\mitra\Data_T4\T4_DAll.csv,hard_brake,7,370.269954,360.269954,370.269954,0.8675340000000347,train
771,mitra_t4,data\raw\mitra\Data_T4\T4_DAll.csv,hard_brake,1,350.149851,340.149851,350.149851,0.8675339999999778,train
772,mitra_t4,data\raw\mitra\Data_T4\T4_DAll.csv,hard_brake,6,377.276955,367.276955,377.276955,0.8675340000000347,train
773,mitra_t4,data\raw\mitra\Data_T4\T4_DAll.csv,hard_brake,4,349.015384,339.015384,349.015384,1.0343670000000316,train
774,mitra_t4,data\raw\mitra\Data_T4\T4_DAll.csv,hard_brake,4,382.415423,372.415423,382.415423,0.7340660000000412,train
775,mitra_t4,data\raw\mitra\Data_T4\T4_DAll.csv,hard_brake,3,363.09612,353.09612,363.09612,0.934267000000034,train
776,mitra_t4,data\raw\mitra\Data_T4\T4_DAll.csv,hard_brake,4,350.149851,340.149851,350.149851,1.2011999999999716,train
777,mitra_t4,data\raw\mitra\Data_T4\T4_DAll.csv,hard_brake,4,384.65099,374.65099,384.65099,0.8341660000000388,train
778,mitra_t4,data\raw\mitra\Data_T4\T4_DAll.csv,hard_brake,1,351.985018,341.985018,351.985018,0.8675339999999778,train
779,mitra_t4,data\raw\mitra\Data_T4\T4_DAll.csv,hard_brake,1,364.063753,354.063753,364.063753,0.8007999999999811,train
780,mitra_t4,data\raw\mitra\Data_T4\T4_DAll.csv,hard_brake,7,376.142488,366.142488,376.142488,0.8341669999999795,train
781,mitra_t4,data\raw\mitra\Data_T4\T4_DAll.csv,hard_brake,2,362.662353,352.662353,362.662353,0.8675329999999803,train
782,mitra_t4,data\raw\mitra\Data_T4\T4_DAll.csv,hard_brake,7,377.210222,367.210222,377.210222,0.7674330000000396,train
783,mitra_t4,data\raw\mitra\Data_T4\T4_DAll.csv,hard_brake,2,366.733087,356.733087,366.733087,0.967632999999978,train
784,mitra_t4,data\raw\mitra\Data_T4\T4_DAll.csv,hard_brake,7,373.706721,363.706721,373.706721,0.7674339999999802,train
785,mitra_t4,data\raw\mitra\Data_T4\T4_DAll.csv,hard_brake,2,365.09812,355.09812,365.09812,0.7674329999999827,train
786,mitra_t4,data\raw\mitra\Data_T4\T4_DAll.csv,hard_brake,3,361.761453,351.761453,361.761453,0.7674329999999827,train
787,mitra_t4,data\raw\mitra\Data_T4\T4_DAll.csv,hard_brake,7,374.307321,364.307321,374.307321,0.8341669999999795,train
788,mitra_t4,data\raw\mitra\Data_T4\T4_DAll.csv,hard_brake,4,392.091757,382.091757,392.091757,1.06773400000003,train
789,mitra_t4,data\raw\mitra\Data_T4\T4_DAll.csv,hard_brake,3,364.530887,354.530887,364.530887,1.0009999999999764,train
790,mitra_t4,data\raw\mitra\Data_T4\T4_DAll.csv,hard_brake,1,369.469154,359.469154,369.469154,0.9008999999999788,train
791,mitra_t4,data\raw\mitra\Data_T4\T4_DAll.csv,hard_brake,6,379.612622,369.612622,379.612622,0.7007000000000403,train
792,mitra_t4,data\raw\mitra\Data_T4\T4_DAll.csv,hard_brake,4,393.659991,383.659991,393.659991,0.6673329999999851,train
793,mitra_t4,data\raw\mitra\Data_T4\T4_DAll.csv,hard_brake,3,366.466154,356.466154,366.466154,0.4671329999999898,train
794,mitra_t4,data\raw\mitra\Data_T4\T4_DAll.csv,hard_brake,2,374.173855,364.173855,374.173855,1.468133000000023,train
795,mitra_t4,data\raw\mitra\Data_T4\T4_DAll.csv,hard_brake,5,377.410422,367.410422,377.410422,0.7340670000000387,train
796,mitra_t4,data\raw\mitra\Data_T4\T4_DAll.csv,hard_brake,6,386.919923,376.919923,386.919923,0.9009000000000356,train
797,mitra_t4,data\raw\mitra\Data_T4\T4_DAll.csv,hard_brake,3,367.50052,357.50052,367.50052,0.8675339999999778,train
798,mitra_t4,data\raw\mitra\Data_T4\T4_DAll.csv,hard_brake,7,378.811822,368.811822,378.811822,0.8341669999999795,train
799,mitra_t4,data\raw\mitra\Data_T4\T4_DAll.csv,hard_brake,4,355.621985,345.621985,355.621985,1.1678340000000276,train
800,mitra_t4,data\raw\mitra\Data_T4\T4_DAll.csv,hard_brake,4,395.128124,385.128124,395.128124,0.8675339999999778,train
801,mitra_t4,data\raw\mitra\Data_T4\T4_DAll.csv,hard_brake,2,379.946289,369.946289,379.946289,1.434767000000022,train
802,mitra_t4,data\raw\mitra\Data_T4\T4_DAll.csv,hard_brake,7,380.446789,370.446789,380.446789,0.8675329999999803,train
803,mitra_t4,data\raw\mitra\Data_T4\T4_DAll.csv,hard_brake,6,397.096758,387.096758,397.096758,0.7340669999999818,train
804,mitra_t4,data\raw\mitra\Data_T4\T4_DAll.csv,hard_brake,1,370.703721,360.703721,370.703721,0.8341670000000363,train
805,mitra_t4,data\raw\mitra\Data_T4\T4_DAll.csv,hard_brake,7,387.05339,377.05339,387.05339,0.934267000000034,train
806,mitra_t4,data\raw\mitra\Data_T4\T4_DAll.csv,hard_brake,2,382.548889,372.548889,382.548889,0.8341670000000363,train
807,mitra_t4,data\raw\mitra\Data_T4\T4_DAll.csv,hard_brake,3,343.009383,333.009383,343.009383,0.7007009999999809,train
808,mitra_t4,data\raw\mitra\Data_T4\T4_DAll.csv,hard_brake,3,371.371054,361.371054,371.371054,0.6673339999999826,train
809,mitra_t4,data\raw\mitra\Data_T4\T4_DAll.csv,hard_brake,2,369.969654,359.969654,369.969654,1.2345670000000268,train
810,mitra_t4,data\raw\mitra\Data_T4\T4_DAll.csv,hard_brake,4,397.897558,387.897558,397.897558,0.7340669999999818,train
811,mitra_t4,data\raw\mitra\Data_T4\T4_DAll.csv,hard_brake,7,390.690357,380.690357,390.690357,1.1344669999999724,train
812,mitra_t4,data\raw\mitra\Data_T4\T4_DAll.csv,hard_brake,5,383.416423,373.416423,383.416423,0.7340659999999843,train
813,mitra_t4,data\raw\mitra\Data_T4\T4_DAll.csv,hard_brake,1,384.083756,374.083756,384.083756,0.7006999999999834,train
814,mitra_t4,data\raw\mitra\Data_T4\T4_DAll.csv,hard_brake,2,383.483156,373.483156,383.483156,0.9008999999999788,train
815,mitra_t4,data\raw\mitra\Data_T4\T4_DAll.csv,hard_brake,6,388.688357,378.688357,388.688357,0.8007999999999811,train
816,mitra_t4,data\raw\mitra\Data_T4\T4_DAll.csv,hard_brake,3,375.875555,365.875555,375.875555,1.1678329999999733,train
817,mitra_t4,data\raw\mitra\Data_T4\T4_DAll.csv,hard_brake,1,380.747089,370.747089,380.747089,0.967632999999978,train
818,mitra_t4,data\raw\mitra\Data_T4\T4_DAll.csv,hard_brake,1,366.89992,356.89992,366.89992,0.9676339999999756,train
819,mitra_t4,data\raw\mitra\Data_T4\T4_DAll.csv,hard_brake,4,400.566892,390.566892,400.566892,0.7674329999999827,train
820,mitra_t4,data\raw\mitra\Data_T4\T4_DAll.csv,hard_brake,7,384.55089,374.55089,384.55089,1.2679330000000275,train
821,mitra_t4,data\raw\mitra\Data_T4\T4_DAll.csv,hard_brake,7,394.527524,384.527524,394.527524,0.8007999999999811,train
822,mitra_t4,data\raw\mitra\Data_T4\T4_DAll.csv,hard_brake,4,363.429786,353.429786,363.429786,1.1678340000000276,train
823,mitra_t4,data\raw\mitra\Data_T4\T4_DAll.csv,hard_brake,4,403.403059,393.403059,403.403059,0.7674330000000396,train
824,mitra_t4,data\raw\mitra\Data_T4\T4_DAll.csv,hard_brake,2,389.622624,379.622624,389.622624,0.7674330000000396,train
825,mitra_t4,data\raw\mitra\Data_T4\T4_DAll.csv,hard_brake,4,363.763453,353.763453,363.763453,1.401399999999967,train
826,mitra_t4,data\raw\mitra\Data_T4\T4_DAll.csv,hard_brake,4,403.936926,393.936926,403.936926,1.23456699999997,train
827,mitra_t4,data\raw\mitra\Data_T4\T4_DAll.csv,hard_brake,3,382.015022,372.015022,382.015022,0.7007010000000378,train
828,mitra_t4,data\raw\mitra\Data_T4\T4_DAll.csv,hard_brake,0,350.083118,340.083118,350.083118,0.9342669999999772,train
829,mitra_t4,data\raw\mitra\Data_T4\T4_DAll.csv,hard_brake,5,388.488157,378.488157,388.488157,0.6673329999999851,train
830,mitra_t4,data\raw\mitra\Data_T4\T4_DAll.csv,hard_brake,3,383.583256,373.583256,383.583256,0.9676339999999756,train
831,mitra_t4,data\raw\mitra\Data_T4\T4_DAll.csv,hard_brake,1,391.891557,381.891557,391.891557,0.6673340000000394,train
832,mitra_t4,data\raw\mitra\Data_T4\T4_DAll.csv,hard_brake,1,393.326324,383.326324,393.326324,0.7340669999999818,train
833,mitra_t4,data\raw\mitra\Data_T4\T4_DAll.csv,hard_brake,3,387.387057,377.387057,387.387057,0.5004999999999882,train
834,mitra_t4,data\raw\mitra\Data_T4\T4_DAll.csv,hard_brake,4,407.473793,397.473793,407.473793,0.8675329999999803,train
835,mitra_t4,data\raw\mitra\Data_T4\T4_DAll.csv,hard_brake,2,368.067754,358.067754,368.067754,0.8008000000000379,train
836,mitra_t4,data\raw\mitra\Data_T4\T4_DAll.csv,hard_brake,3,385.65199,375.65199,385.65199,0.9008999999999788,train
837,mitra_t4,data\raw\mitra\Data_T4\T4_DAll.csv,hard_brake,2,392.925924,382.925924,392.925924,0.8007999999999811,train
838,mitra_t4,data\raw\mitra\Data_T4\T4_DAll.csv,hard_brake,7,401.067392,391.067392,401.067392,0.6006000000000427,train
839,mitra_t4,data\raw\mitra\Data_T4\T4_DAll.csv,hard_brake,2,394.761091,384.761091,394.761091,0.967632999999978,train
840,mitra_t4,data\raw\mitra\Data_T4\T4_DAll.csv,hard_brake,2,393.693358,383.693358,393.693358,0.7006999999999834,train
841,mitra_t4,data\raw\mitra\Data_T4\T4_DAll.csv,hard_brake,1,371.771454,361.771454,371.771454,0.8341669999999795,train
842,mitra_t4,data\raw\mitra\Data_T4\T4_DAll.csv,hard_brake,4,366.89992,356.89992,366.89992,0.5338669999999865,train
843,mitra_t4,data\raw\mitra\Data_T4\T4_DAll.csv,hard_brake,4,367.867554,357.867554,367.867554,0.7674330000000396,train
844,mitra_t4,data\raw\mitra\Data_T4\T4_DAll.csv,hard_brake,4,409.075393,399.075393,409.075393,0.7674339999999802,train
845,mitra_t4,data\raw\mitra\Data_T4\T4_DAll.csv,hard_brake,3,390.35669,380.35669,390.35669,0.8675339999999778,train
846,mitra_t4,data\raw\mitra\Data_T4\T4_DAll.csv,hard_brake,6,403.269592,393.269592,403.269592,0.9009000000000356,train
847,mitra_t4,data\raw\mitra\Data_T4\T4_DAll.csv,hard_brake,5,395.762091,385.762091,395.762091,0.9008999999999788,train
848,mitra_t4,data\raw\mitra\Data_T4\T4_DAll.csv,hard_brake,2,396.029025,386.029025,396.029025,1.034366000000034,train
849,mitra_t4,data\raw\mitra\Data_T4\T4_DAll.csv,hard_brake,4,370.370054,360.370054,370.370054,2.002000000000009,train
850,mitra_t4,data\raw\mitra\Data_T4\T4_DAll.csv,hard_brake,3,388.788457,378.788457,388.788457,0.7674329999999827,train
851,mitra_t4,data\raw\mitra\Data_T4\T4_DAll.csv,hard_brake,1,395.461791,385.461791,395.461791,0.9342669999999772,train
852,mitra_t4,data\raw\mitra\Data_T4\T4_DAll.csv,hard_brake,5,399.565892,389.565892,399.565892,0.5338659999999891,train
853,mitra_t4,data\raw\mitra\Data_T4\T4_DAll.csv,hard_brake,7,399.065392,389.065392,399.065392,0.6006000000000427,train
854,mitra_t4,data\raw\mitra\Data_T4\T4_DAll.csv,hard_brake,7,409.675993,399.675993,409.675993,0.6673339999999826,train
855,mitra_t4,data\raw\mitra\Data_T4\T4_DAll.csv,hard_brake,2,398.197858,388.197858,398.197858,1.3680340000000228,train
856,mitra_t4,data\raw\mitra\Data_T4\T4_DAll.csv,hard_brake,1,377.844189,367.844189,377.844189,0.5338660000000459,train
857,mitra_t4,data\raw\mitra\Data_T4\T4_DAll.csv,hard_brake,4,414.680994,404.680994,414.680994,0.8341669999999795,train
858,mitra_t4,data\raw\mitra\Data_T4\T4_DAll.csv,hard_brake,3,393.760091,383.760091,393.760091,0.8008000000000379,train
859,mitra_t4,data\raw\mitra\Data_T4\T4_DAll.csv,hard_brake,2,400.633625,390.633625,400.633625,0.7674339999999802,train
860,mitra_t4,data\raw\mitra\Data_T4\T4_DAll.csv,hard_brake,7,406.806459,396.806459,406.806459,0.7007009999999809,train
861,mitra_t4,data\raw\mitra\Data_T4\T4_DAll.csv,hard_brake,2,405.505159,395.505159,405.505159,0.7340669999999818,train
862,mitra_t4,data\raw\mitra\Data_T4\T4_DAll.csv,hard_brake,1,402.135125,392.135125,402.135125,1.1344669999999724,train
863,mitra_t4,data\raw\mitra\Data_T4\T4_DAll.csv,hard_brake,4,374.407421,364.407421,374.407421,2.4357669999999985,train
864,mitra_t4,data\raw\mitra\Data_T4\T4_DAll.csv,hard_brake,7,404.137126,394.137126,404.137126,0.5338659999999891,train
865,mitra_t4,data\raw\mitra\Data_T4\T4_DAll.csv,hard_brake,5,405.038026,395.038026,405.038026,0.8007999999999811,train
866,mitra_t4,data\raw\mitra\Data_T4\T4_DAll.csv,hard_brake,3,395.061391,385.061391,395.061391,0.5338669999999865,train
867,mitra_t4,data\raw\mitra\Data_T4\T4_DAll.csv,hard_brake,2,401.634625,391.634625,401.634625,0.9342669999999772,train
868,mitra_t4,data\raw\mitra\Data_T4\T4_DAll.csv,hard_brake,4,375.308322,365.308322,375.308322,2.8695330000000467,train
869,mitra_t4,data\raw\mitra\Data_T4\T4_DAll.csv,hard_brake,6,410.00966,400.00966,410.00966,0.8341669999999795,train
870,mitra_t4,data\raw\mitra\Data_T4\T4_DAll.csv,hard_brake,3,396.295958,386.295958,396.295958,0.7674330000000396,train
871,mitra_t4,data\raw\mitra\Data_T4\T4_DAll.csv,hard_brake,5,407.073393,397.073393,407.073393,0.7674329999999827,train
872,mitra_t4,data\raw\mitra\Data_T4\T4_DAll.csv,hard_brake,7,410.643627,400.643627,410.643627,0.7007000000000403,train
873,mitra_t4,data\raw\mitra\Data_T4\T4_DAll.csv,hard_brake,4,376.509522,366.509522,376.509522,2.602599999999996,train
874,mitra_t4,data\raw\mitra\Data_T4\T4_DAll.csv,hard_brake,4,418.851828,408.851828,418.851828,0.7340669999999818,train
875,mitra_t4,data\raw\mitra\Data_T4\T4_DAll.csv,hard_brake,2,404.070392,394.070392,404.070392,1.501500999999962,train
876,mitra_t4,data\raw\mitra\Data_T4\T4_DAll.csv,hard_brake,3,400.566892,390.566892,400.566892,0.8341669999999795,train
877,mitra_t4,data\raw\mitra\Data_T4\T4_DAll.csv,hard_brake,4,378.378055,368.378055,378.378055,2.1021010000000047,train
878,mitra_t4,data\raw\mitra\Data_T4\T4_DAll.csv,hard_brake,3,409.275593,399.275593,409.275593,0.9342669999999772,train
879,mitra_t4,data\raw\mitra\Data_T4\T4_DAll.csv,hard_brake,5,408.574893,398.574893,408.574893,0.934267000000034,train
880,mitra_t4,data\raw\mitra\Data_T4\T4_DAll.csv,hard_brake,7,416.449428,406.449428,416.449428,0.9008999999999788,train
881,mitra_t4,data\raw\mitra\Data_T4\T4_DAll.csv,hard_brake,1,405.938926,395.938926,405.938926,1.4681340000000205,train
882,mitra_t4,data\raw\mitra\Data_T4\T4_DAll.csv,hard_brake,3,402.235225,392.235225,402.235225,0.8341669999999795,train
883,mitra_t4,data\raw\mitra\Data_T4\T4_DAll.csv,hard_brake,1,410.243227,400.243227,410.243227,0.834165999999982,train
884,mitra_t4,data\raw\mitra\Data_T4\T4_DAll.csv,hard_brake,4,379.545889,369.545889,379.545889,0.934267000000034,train
885,mitra_t4,data\raw\mitra\Data_T4\T4_DAll.csv,hard_brake,4,424.424062,414.424062,424.424062,0.7674329999999827,train
886,mitra_t4,data\raw\mitra\Data_T4\T4_DAll.csv,hard_brake,3,403.603259,393.603259,403.603259,0.8008000000000379,train
887,mitra_t4,data\raw\mitra\Data_T4\T4_DAll.csv,hard_brake,2,411.244227,401.244227,411.244227,0.8341669999999795,train
888,mitra_t4,data\raw\mitra\Data_T4\T4_DAll.csv,hard_brake,7,412.11176,402.11176,412.11176,0.7340669999999818,train
889,mitra_t4,data\raw\mitra\Data_T4\T4_DAll.csv,hard_brake,3,404.370692,394.370692,404.370692,0.8675339999999778,train
890,mitra_t4,data\raw\mitra\Data_T4\T4_DAll.csv,hard_brake,4,381.781456,371.781456,381.781456,0.9676330000000348,train
891,mitra_t4,data\raw\mitra\Data_T4\T4_DAll.csv,hard_brake,0,370.169854,360.169854,370.169854,0.6673340000000394,train
892,mitra_t4,data\raw\mitra\Data_T4\T4_DAll.csv,hard_brake,5,412.979294,402.979294,412.979294,0.7007000000000403,train
893,mitra_t4,data\raw\mitra\Data_T4\T4_DAll.csv,hard_brake,2,412.678994,402.678994,412.678994,1.2012000000000285,train
894,mitra_t4,data\raw\mitra\Data_T4\T4_DAll.csv,hard_brake,3,406.406059,396.406059,406.406059,1.0010009999999738,train
895,mitra_t4,data\raw\mitra\Data_T4\T4_DAll.csv,hard_brake,7,422.355328,412.355328,422.355328,1.001001000000031,train
896,mitra_t4,data\raw\mitra\Data_T4\T4_DAll.csv,hard_brake,4,385.385056,375.385056,385.385056,0.7340669999999818,train
897,mitra_t4,data\raw\mitra\Data_T4\T4_DAll.csv,hard_brake,1,408.741726,398.741726,408.741726,0.8341669999999795,train
898,mitra_t4,data\raw\mitra\Data_T4\T4_DAll.csv,hard_brake,7,424.323962,414.323962,424.323962,0.8675329999999803,train
899,mitra_t4,data\raw\mitra\Data_T4\T4_DAll.csv,hard_brake,3,412.51216,402.51216,412.51216,0.9008999999999788,train
900,mitra_t4,data\raw\mitra\Data_T4\T4_DAll.csv,hard_brake,3,410.10976,400.10976,410.10976,0.8007999999999811,train
901,mitra_t4,data\raw\mitra\Data_T4\T4_DAll.csv,hard_brake,4,386.45279,376.45279,386.45279,1.1344670000000292,train
902,mitra_t4,data\raw\mitra\Data_T4\T4_DAll.csv,hard_brake,5,427.393696,417.393696,427.393696,0.8008000000000379,train
903,mitra_t4,data\raw\mitra\Data_T4\T4_DAll.csv,hard_brake,1,412.879194,402.879194,412.879194,0.8675330000000372,train
904,mitra_t4,data\raw\mitra\Data_T4\T4_DAll.csv,hard_brake,6,414.213861,404.213861,414.213861,0.967632999999978,train
905,mitra_t4,data\raw\mitra\Data_T4\T4_DAll.csv,hard_brake,3,410.777093,400.777093,410.777093,0.9676340000000324,train
906,mitra_t4,data\raw\mitra\Data_T4\T4_DAll.csv,hard_brake,2,415.615261,405.615261,415.615261,0.8008000000000379,train
907,mitra_t4,data\raw\mitra\Data_T4\T4_DAll.csv,hard_brake,2,420.086395,410.086395,420.086395,0.8341670000000363,train
908,mitra_t4,data\raw\mitra\Data_T4\T4_DAll.csv,hard_brake,2,364.49752,354.49752,364.49752,0.6339669999999842,train
909,mitra_t4,data\raw\mitra\Data_T4\T4_DAll.csv,hard_brake,2,366.032387,356.032387,366.032387,0.5004999999999882,train
910,mitra_t4,data\raw\mitra\Data_T4\T4_DAll.csv,hard_brake,2,368.968654,358.968654,368.968654,0.6005999999999858,train
911,mitra_t4,data\raw\mitra\Data_T4\T4_DAll.csv,hard_brake,2,421.220862,411.220862,421.220862,1.3680329999999683,train
912,mitra_t4,data\raw\mitra\Data_T4\T4_DAll.csv,hard_brake,7,419.519161,409.519161,419.519161,0.8341669999999795,train
913,mitra_t4,data\raw\mitra\Data_T4\T4_DAll.csv,hard_brake,1,416.549528,406.549528,416.549528,0.7006999999999834,train
914,mitra_t4,data\raw\mitra\Data_T4\T4_DAll.csv,hard_brake,4,447.613899,437.613899,447.613899,0.7674329999999827,train
915,mitra_t4,data\raw\mitra\Data_T4\T4_DAll.csv,hard_brake,3,392.992657,382.992657,392.992657,1.23456699999997,train
916,mitra_t4,data\raw\mitra\Data_T4\T4_DAll.csv,hard_brake,3,415.381694,405.381694,415.381694,0.8675330000000372,train
917,mitra_t4,data\raw\mitra\Data_T4\T4_DAll.csv,hard_brake,2,417.683994,407.683994,417.683994,0.8675340000000347,train
918,mitra_t4,data\raw\mitra\Data_T4\T4_DAll.csv,hard_brake,1,420.820461,410.820461,420.820461,0.6006009999999833,train
919,mitra_t4,data\raw\mitra\Data_T4\T4_DAll.csv,hard_brake,5,431.798096,421.798096,431.798096,0.7340670000000387,train
920,mitra_t4,data\raw\mitra\Data_T4\T4_DAll.csv,hard_brake,7,427.293596,417.293596,427.293596,1.2345670000000268,train
921,mitra_t4,data\raw\mitra\Data_T4\T4_DAll.csv,hard_brake,7,425.691996,415.691996,425.691996,0.6673329999999851,train
922,mitra_t4,data\raw\mitra\Data_T4\T4_DAll.csv,hard_brake,3,417.450428,407.450428,417.450428,0.8008000000000379,train
923,mitra_t4,data\raw\mitra\Data_T4\T4_DAll.csv,hard_brake,2,425.058029,415.058029,425.058029,0.8675330000000372,train
924,mitra_t4,data\raw\mitra\Data_T4\T4_DAll.csv,hard_brake,5,430.229863,420.229863,430.229863,0.8007999999999811,train
925,mitra_t4,data\raw\mitra\Data_T4\T4_DAll.csv,hard_brake,1,427.794096,417.794096,427.794096,1.3012999999999693,train
926,mitra_t4,data\raw\mitra\Data_T4\T4_DAll.csv,hard_brake,3,386.719723,376.719723,386.719723,0.6339669999999842,train
927,mitra_t4,data\raw\mitra\Data_T4\T4_DAll.csv,hard_brake,3,419.118761,409.118761,419.118761,0.8007999999999811,train
928,mitra_t4,data\raw\mitra\Data_T4\T4_DAll.csv,hard_brake,2,425.858829,415.858829,425.858829,0.7340669999999818,train
929,mitra_t4,data\raw\mitra\Data_T4\T4_DAll.csv,hard_brake,6,436.903197,426.903197,436.903197,0.9676340000000324,train
930,mitra_t4,data\raw\mitra\Data_T4\T4_DAll.csv,hard_brake,2,389.088757,379.088757,389.088757,1.1344670000000292,train
931,mitra_t4,data\raw\mitra\Data_T4\T4_DAll.csv,hard_brake,2,426.993296,416.993296,426.993296,0.7674330000000396,train
932,mitra_t4,data\raw\mitra\Data_T4\T4_DAll.csv,hard_brake,1,399.732725,389.732725,399.732725,0.8341669999999795,train
933,mitra_t4,data\raw\mitra\Data_T4\T4_DAll.csv,hard_brake,5,421.621262,411.621262,421.621262,1.0677329999999756,train
934,mitra_t4,data\raw\mitra\Data_T4\T4_DAll.csv,hard_brake,3,422.822462,412.822462,422.822462,0.7674330000000396,train
935,mitra_t4,data\raw\mitra\Data_T4\T4_DAll.csv,hard_brake,7,438.404697,428.404697,438.404697,0.8008009999999786,train
936,mitra_t4,data\raw\mitra\Data_T4\T4_DAll.csv,hard_brake,4,455.988933,445.988933,455.988933,0.9009000000000356,train
937,mitra_t4,data\raw\mitra\Data_T4\T4_DAll.csv,hard_brake,1,434.56753,424.56753,434.56753,0.7007000000000403,train
938,mitra_t4,data\raw\mitra\Data_T4\T4_DAll.csv,hard_brake,7,429.796096,419.796096,429.796096,0.7340670000000387,train
939,mitra_t4,data\raw\mitra\Data_T4\T4_DAll.csv,hard_brake,7,431.631263,421.631263,431.631263,0.9009000000000356,train
940,mitra_t4,data\raw\mitra\Data_T4\T4_DAll.csv,hard_brake,7,441.307598,431.307598,441.307598,0.9009000000000356,train
941,mitra_t4,data\raw\mitra\Data_T4\T4_DAll.csv,hard_brake,6,418.518161,408.518161,418.518161,0.6673339999999826,train
942,mitra_t4,data\raw\mitra\Data_T4\T4_DAll.csv,hard_brake,1,438.738364,428.738364,438.738364,1.3680340000000228,train
943,mitra_t4,data\raw\mitra\Data_T4\T4_DAll.csv,hard_brake,3,426.659629,416.659629,426.659629,0.9342669999999772,train
944,mitra_t4,data\raw\mitra\Data_T4\T4_DAll.csv,hard_brake,5,433.56653,423.56653,433.56653,0.4671329999999898,train
945,mitra_t4,data\raw\mitra\Data_T4\T4_DAll.csv,hard_brake,2,432.56553,422.56553,432.56553,0.7006999999999834,train
946,mitra_t4,data\raw\mitra\Data_T4\T4_DAll.csv,hard_brake,6,440.006298,430.006298,440.006298,0.7006999999999834,train
947,mitra_t4,data\raw\mitra\Data_T4\T4_DAll.csv,hard_brake,3,429.028663,419.028663,429.028663,0.9008999999999788,train
948,mitra_t4,data\raw\mitra\Data_T4\T4_DAll.csv,hard_brake,5,436.26923,426.26923,436.26923,0.7674339999999802,train
949,mitra_t4,data\raw\mitra\Data_T4\T4_DAll.csv,hard_brake,1,443.476431,433.476431,443.476431,0.8008010000000354,train
950,mitra_t4,data\raw\mitra\Data_T4\T4_DAll.csv,hard_brake,2,433.96693,423.96693,433.96693,1.301300000000026,train
951,mitra_t4,data\raw\mitra\Data_T4\T4_DAll.csv,hard_brake,3,431.831463,421.831463,431.831463,0.767434000000037,train
952,mitra_t4,data\raw\mitra\Data_T4\T4_DAll.csv,hard_brake,6,441.841465,431.841465,441.841465,0.8675329999999803,train
953,mitra_t4,data\raw\mitra\Data_T4\T4_DAll.csv,hard_brake,2,436.202497,426.202497,436.202497,1.568234000000018,train
954,mitra_t4,data\raw\mitra\Data_T4\T4_DAll.csv,hard_brake,5,440.706998,430.706998,440.706998,0.6673329999999851,train
955,mitra_t4,data\raw\mitra\Data_T4\T4_DAll.csv,hard_brake,2,440.606898,430.606898,440.606898,0.8341669999999795,train
956,mitra_t4,data\raw\mitra\Data_T4\T4_DAll.csv,hard_brake,3,383.816823,373.816823,383.816823,0.8007999999999811,train
957,mitra_t4,data\raw\mitra\Data_T4\T4_DAll.csv,hard_brake,3,405.772093,395.772093,405.772093,0.5004999999999882,train
958,mitra_t4,data\raw\mitra\Data_T4\T4_DAll.csv,hard_brake,2,437.937564,427.937564,437.937564,1.3346669999999676,train
959,mitra_t4,data\raw\mitra\Data_T4\T4_DAll.csv,hard_brake,3,436.636264,426.636264,436.636264,0.8008000000000379,train
960,mitra_t4,data\raw\mitra\Data_T4\T4_DAll.csv,hard_brake,1,445.178132,435.178132,445.178132,0.7674329999999827,train
961,mitra_t4,data\raw\mitra\Data_T4\T4_DAll.csv,hard_brake,2,442.942565,432.942565,442.942565,0.8341669999999795,train
962,mitra_t4,data\raw\mitra\Data_T4\T4_DAll.csv,hard_brake,3,441.307598,431.307598,441.307598,0.8008000000000379,train
963,mitra_t4,data\raw\mitra\Data_T4\T4_DAll.csv,hard_brake,7,451.951566,441.951566,451.951566,0.9342669999999772,train
964,mitra_t4,data\raw\mitra\Data_T4\T4_DAll.csv,hard_brake,3,441.941565,431.941565,441.941565,0.834165999999982,train
965,mitra_t4,data\raw\mitra\Data_T4\T4_DAll.csv,hard_brake,7,445.344965,435.344965,445.344965,0.7006999999999834,train
966,mitra_t4,data\raw\mitra\Data_T4\T4_DAll.csv,hard_brake,1,425.291595,415.291595,425.291595,0.633967000000041,train
967,mitra_t4,data\raw\mitra\Data_T4\T4_DAll.csv,hard_brake,2,446.913199,436.913199,446.913199,0.7006999999999834,train
968,mitra_t4,data\raw\mitra\Data_T4\T4_DAll.csv,hard_brake,1,447.613899,437.613899,447.613899,0.8341669999999795,train
969,mitra_t4,data\raw\mitra\Data_T4\T4_DAll.csv,hard_brake,3,447.313599,437.313599,447.313599,0.8007999999999811,train
970,mitra_t4,data\raw\mitra\Data_T4\T4_DAll.csv,hard_brake,5,459.692634,449.692634,459.692634,1.0343669999999747,train
971,mitra_t4,data\raw\mitra\Data_T4\T4_DAll.csv,hard_brake,2,448.514799,438.514799,448.514799,0.7674330000000396,train
972,mitra_t4,data\raw\mitra\Data_T4\T4_DAll.csv,hard_brake,3,449.449066,439.449066,449.449066,0.9008999999999788,train
973,mitra_t4,data\raw\mitra\Data_T4\T4_DAll.csv,hard_brake,1,454.5208,444.5208,454.5208,1.101099999999974,train
974,mitra_t4,data\raw\mitra\Data_T4\T4_DAll.csv,hard_brake,3,451.284233,441.284233,451.284233,0.8341660000000388,train
975,mitra_t4,data\raw\mitra\Data_T4\T4_DAll.csv,hard_brake,1,430.797096,420.797096,430.797096,0.8007999999999811,train
976,mitra_t4,data\raw\mitra\Data_T4\T4_DAll.csv,hard_brake,1,456.5228,446.5228,456.5228,0.9342669999999772,train
977,mitra_t4,data\raw\mitra\Data_T4\T4_DAll.csv,hard_brake,2,450.683633,440.683633,450.683633,0.7674330000000396,train
978,mitra_t4,data\raw\mitra\Data_T4\T4_DAll.csv,hard_brake,3,454.721,444.721,454.721,0.9008999999999788,train
979,mitra_t4,data\raw\mitra\Data_T4\T4_DAll.csv,hard_brake,2,452.185133,442.185133,452.185133,0.7674329999999827,train
980,mitra_t4,data\raw\mitra\Data_T4\T4_DAll.csv,hard_brake,6,466.733002,456.733002,466.733002,0.7006999999999834,train
981,mitra_t4,data\raw\mitra\Data_T4\T4_DAll.csv,hard_brake,2,457.990934,447.990934,457.990934,0.8008000000000379,train
982,mitra_t4,data\raw\mitra\Data_T4\T4_DAll.csv,hard_brake,1,462.795734,452.795734,462.795734,1.3346670000000245,train
983,mitra_t4,data\raw\mitra\Data_T4\T4_DAll.csv,hard_brake,3,459.492434,449.492434,459.492434,0.8007999999999811,train
984,mitra_t4,data\raw\mitra\Data_T4\T4_DAll.csv,hard_brake,6,471.437702,461.437702,471.437702,0.7006999999999834,train
985,mitra_t4,data\raw\mitra\Data_T4\T4_DAll.csv,hard_brake,1,440.807098,430.807098,440.807098,0.8007999999999811,train
986,mitra_t4,data\raw\mitra\Data_T4\T4_DAll.csv,hard_brake,3,458.091034,448.091034,458.091034,0.8675330000000372,train
987,mitra_t4,data\raw\mitra\Data_T4\T4_DAll.csv,hard_brake,4,426.392696,416.392696,426.392696,0.5338659999999891,train
988,mitra_t4,data\raw\mitra\Data_T4\T4_DAll.csv,hard_brake,1,442.675631,432.675631,442.675631,0.7674339999999802,train
989,mitra_t4,data\raw\mitra\Data_T4\T4_DAll.csv,hard_brake,2,466.299235,456.299235,466.299235,1.0009999999999764,train
990,mitra_t4,data\raw\mitra\Data_T4\T4_DAll.csv,hard_brake,1,458.9252,448.9252,458.9252,0.7006999999999834,train
991,mitra_t4,data\raw\mitra\Data_T4\T4_DAll.csv,hard_brake,1,466.399335,456.399335,466.399335,0.7340669999999818,train
992,mitra_t4,data\raw\mitra\Data_T4\T4_DAll.csv,hard_brake,4,452.718999,442.718999,452.718999,2.469133999999997,train
993,mitra_t4,data\raw\mitra\Data_T4\T4_DAll.csv,hard_brake,2,435.301597,425.301597,435.301597,0.5004999999999882,train
994,mitra_t4,data\raw\mitra\Data_T4\T4_DAll.csv,hard_brake,2,464.997935,454.997935,464.997935,1.468133000000023,train
995,mitra_t4,data\raw\mitra\Data_T4\T4_DAll.csv,hard_brake,2,467.867468,457.867468,467.867468,0.934267000000034,train
996,mitra_t4,data\raw\mitra\Data_T4\T4_DAll.csv,hard_brake,1,471.170769,461.170769,471.170769,0.8007999999999811,train
997,mitra_t4,data\raw\mitra\Data_T4\T4_DAll.csv,hard_brake,3,441.441065,431.441065,441.441065,0.500500000000045,train
998,mitra_t4,data\raw\mitra\Data_T4\T4_DAll.csv,hard_brake,2,469.569169,459.569169,469.569169,1.4014000000000235,train
999,mitra_t4,data\raw\mitra\Data_T4\T4_DAll.csv,hard_brake,1,475.608536,465.608536,475.608536,0.6339669999999842,train
1000,mitra_t4,data\raw\mitra\Data_T4\T4_DAll.csv,hard_brake,3,434.400697,424.400697,434.400697,1.0677330000000325,train
1001,mitra_t4,data\raw\mitra\Data_T4\T4_DAll.csv,hard_brake,3,472.038302,462.038302,472.038302,0.934267000000034,train
1002,mitra_t4,data\raw\mitra\Data_T4\T4_DAll.csv,hard_brake,3,469.035302,459.035302,469.035302,0.9342669999999772,train
1003,mitra_t4,data\raw\mitra\Data_T4\T4_DAll.csv,hard_brake,7,481.48107,471.48107,481.48107,1.2679340000000252,train
1004,mitra_t4,data\raw\mitra\Data_T4\T4_DAll.csv,hard_brake,4,463.629901,453.629901,463.629901,0.6005999999999858,train
1005,mitra_t4,data\raw\mitra\Data_T4\T4_DAll.csv,hard_brake,3,468.067668,458.067668,468.067668,0.7340669999999818,train
1006,mitra_t4,data\raw\mitra\Data_T4\T4_DAll.csv,hard_brake,4,436.26923,426.26923,436.26923,0.6006009999999833,train
1007,mitra_t4,data\raw\mitra\Data_T4\T4_DAll.csv,hard_brake,2,474.540803,464.540803,474.540803,1.2679330000000275,train
1008,mitra_t4,data\raw\mitra\Data_T4\T4_DAll.csv,hard_brake,2,476.87647,466.87647,476.87647,0.9342660000000363,train
1009,mitra_t4,data\raw\mitra\Data_T4\T4_DAll.csv,hard_brake,3,473.840103,463.840103,473.840103,0.967632999999978,train
1010,mitra_t4,data\raw\mitra\Data_T4\T4_DAll.csv,hard_brake,1,478.044303,468.044303,478.044303,0.7674339999999802,train
1011,mitra_t4,data\raw\mitra\Data_T4\T4_DAll.csv,hard_brake,2,479.812737,469.812737,479.812737,0.8341669999999795,train
1012,mitra_t4,data\raw\mitra\Data_T4\T4_DAll.csv,hard_brake,3,475.67527,465.67527,475.67527,0.4671329999999898,train
1013,mitra_t4,data\raw\mitra\Data_T4\T4_DAll.csv,hard_brake,3,476.07567,466.07567,476.07567,0.9008999999999788,train
1014,mitra_t4,data\raw\mitra\Data_T4\T4_DAll.csv,hard_brake,3,448.448066,438.448066,448.448066,0.8008000000000379,train
1015,mitra_t4,data\raw\mitra\Data_T4\T4_DAll.csv,hard_brake,3,476.943203,466.943203,476.943203,0.8675330000000372,train
1016,mitra_t4,data\raw\mitra\Data_T4\T4_DAll.csv,hard_brake,2,460.460067,450.460067,460.460067,0.8341670000000363,train
1017,mitra_t4,data\raw\mitra\Data_T4\T4_DAll.csv,hard_brake,2,471.771369,461.771369,471.771369,1.0343670000000316,train
1018,mitra_t4,data\raw\mitra\Data_T4\T4_DAll.csv,hard_brake,2,484.016937,474.016937,484.016937,1.1678340000000276,train
1019,mitra_t4,data\raw\mitra\Data_T4\T4_DAll.csv,hard_brake,6,488.855105,478.855105,488.855105,1.0677330000000325,train
1020,mitra_t4,data\raw\mitra\Data_T4\T4_DAll.csv,hard_brake,5,502.63554,492.63554,502.63554,0.8007999999999811,train
1021,mitra_t4,data\raw\mitra\Data_T4\T4_DAll.csv,hard_brake,2,485.852104,475.852104,485.852104,0.8007999999999811,train
1022,mitra_t4,data\raw\mitra\Data_T4\T4_DAll.csv,hard_brake,5,504.270507,494.270507,504.270507,0.7674329999999827,train
1023,mitra_t4,data\raw\mitra\Data_T4\T4_DAll.csv,hard_brake,2,488.020938,478.020938,488.020938,0.4671329999999898,train
1024,mitra_t4,data\raw\mitra\Data_T4\T4_DAll.csv,hard_brake,3,452.251866,442.251866,452.251866,0.8007999999999811,train
1025,mitra_t4,data\raw\mitra\Data_T4\T4_DAll.csv,hard_brake,2,480.713637,470.713637,480.713637,1.434767000000022,train
1026,mitra_t4,data\raw\mitra\Data_T4\T4_DAll.csv,hard_brake,2,492.925839,482.925839,492.925839,0.9008999999999788,train
1027,mitra_t4,data\raw\mitra\Data_T4\T4_DAll.csv,hard_brake,1,491.424338,481.424338,491.424338,1.06773400000003,train
1028,mitra_t4,data\raw\mitra\Data_T4\T4_DAll.csv,hard_brake,2,494.627539,484.627539,494.627539,1.534866999999963,train
1029,mitra_t4,data\raw\mitra\Data_T4\T4_DAll.csv,hard_brake,1,469.168769,459.168769,469.168769,0.8007999999999811,train
1030,mitra_t4,data\raw\mitra\Data_T4\T4_DAll.csv,hard_brake,3,459.0253,449.0253,459.0253,0.4671339999999873,train
1031,mitra_t4,data\raw\mitra\Data_T4\T4_DAll.csv,hard_brake,2,483.549804,473.549804,483.549804,0.6005999999999858,train
1032,mitra_t4,data\raw\mitra\Data_T4\T4_DAll.csv,hard_brake,1,493.459705,483.459705,493.459705,0.8675340000000347,train
1033,mitra_t4,data\raw\mitra\Data_T4\T4_DAll.csv,hard_brake,3,491.257505,481.257505,491.257505,0.7340670000000387,train
1034,mitra_t4,data\raw\mitra\Data_T4\T4_DAll.csv,hard_brake,3,486.452704,476.452704,486.452704,0.7007010000000378,train
1035,mitra_t4,data\raw\mitra\Data_T4\T4_DAll.csv,hard_brake,3,488.454705,478.454705,488.454705,0.7006999999999834,train
1036,mitra_t4,data\raw\mitra\Data_T4\T4_DAll.csv,hard_brake,6,513.279508,503.279508,513.279508,1.1678340000000844,train
1037,mitra_t4,data\raw\mitra\Data_T4\T4_DAll.csv,hard_brake,1,472.939202,462.939202,472.939202,0.8675339999999778,train
1038,mitra_t4,data\raw\mitra\Data_T4\T4_DAll.csv,hard_brake,1,498.231139,488.231139,498.231139,0.934267000000034,train
1039,mitra_t4,data\raw\mitra\Data_T4\T4_DAll.csv,hard_brake,3,489.722638,479.722638,489.722638,0.6005999999999858,train
1040,mitra_t4,data\raw\mitra\Data_T4\T4_DAll.csv,hard_brake,1,501.400973,491.400973,501.400973,1.4347669999999653,train
1041,mitra_t4,data\raw\mitra\Data_T4\T4_DAll.csv,hard_brake,2,497.163406,487.163406,497.163406,1.0009999999999764,train
1042,mitra_t4,data\raw\mitra\Data_T4\T4_DAll.csv,hard_brake,3,493.760005,483.760005,493.760005,0.7340670000000387,train
1043,mitra_t4,data\raw\mitra\Data_T4\T4_DAll.csv,hard_brake,3,498.131039,488.131039,498.131039,0.8675340000000347,train
1044,mitra_t4,data\raw\mitra\Data_T4\T4_DAll.csv,hard_brake,2,504.403974,494.403974,504.403974,1.2679329999999709,train
1045,mitra_t4,data\raw\mitra\Data_T4\T4_DAll.csv,hard_brake,3,499.398973,489.398973,499.398973,0.9342669999999772,train
1046,mitra_t4,data\raw\mitra\Data_T4\T4_DAll.csv,hard_brake,3,500.399973,490.399973,500.399973,0.767434000000037,train
1047,mitra_t4,data\raw\mitra\Data_T4\T4_DAll.csv,hard_brake,3,501.367607,491.367607,501.367607,0.6673329999999851,train
1048,mitra_t4,data\raw\mitra\Data_T4\T4_DAll.csv,hard_brake,3,502.368607,492.368607,502.368607,0.8007999999999811,train
1049,mitra_t4,data\raw\mitra\Data_T4\T4_DAll.csv,hard_brake,1,510.243141,500.243141,510.243141,1.301300000000026,train
1050,mitra_t4,data\raw\mitra\Data_T4\T4_DAll.csv,hard_brake,4,591.090586,581.090586,591.090586,0.6005999999999858,train
1051,mitra_t4,data\raw\mitra\Data_T4\T4_DAll.csv,hard_brake,3,503.770007,493.770007,503.770007,0.7340669999999818,train
1052,mitra_t4,data\raw\mitra\Data_T4\T4_DAll.csv,hard_brake,2,513.279508,503.279508,513.279508,0.9009000000000924,train
1053,mitra_t4,data\raw\mitra\Data_T4\T4_DAll.csv,hard_brake,1,497.330239,487.330239,497.330239,0.8341669999999795,train
1054,mitra_t4,data\raw\mitra\Data_T4\T4_DAll.csv,hard_brake,4,497.497073,487.497073,497.497073,0.7006999999999834,train
1055,mitra_t4,data\raw\mitra\Data_T4\T4_DAll.csv,hard_brake,4,595.16132,585.16132,595.16132,1.0343669999999747,train
1056,mitra_t4,data\raw\mitra\Data_T4\T4_DAll.csv,hard_brake,1,513.613175,503.613175,513.613175,0.7340670000000955,train
1057,mitra_t4,data\raw\mitra\Data_T4\T4_DAll.csv,hard_brake,4,498.53144,488.53144,498.53144,1.3680330000000254,train
1058,mitra_t4,data\raw\mitra\Data_T4\T4_DAll.csv,hard_brake,7,545.84538,535.84538,545.84538,0.8341669999999795,train
1059,mitra_t4,data\raw\mitra\Data_T4\T4_DAll.csv,hard_brake,1,516.983209,506.983209,516.983209,0.7006999999999834,train
1060,mitra_t4,data\raw\mitra\Data_T4\T4_DAll.csv,hard_brake,7,534.066945,524.066945,534.066945,0.7340659999999843,train
1061,mitra_t4,data\raw\mitra\Data_T4\T4_DAll.csv,hard_brake,2,514.814375,504.814375,514.814375,0.8675339999999778,train
1062,mitra_t4,data\raw\mitra\Data_T4\T4_DAll.csv,hard_brake,4,498.498073,488.498073,498.498073,1.2345670000000268,train
1063,mitra_t4,data\raw\mitra\Data_T4\T4_DAll.csv,hard_brake,3,505.605174,495.605174,505.605174,0.7340670000000387,train
1064,mitra_t4,data\raw\mitra\Data_T4\T4_DAll.csv,hard_brake,3,513.012575,503.012575,513.012575,0.6673329999999851,train
1065,mitra_t4,data\raw\mitra\Data_T4\T4_DAll.csv,hard_brake,1,517.884109,507.884109,517.884109,0.8007999999999811,train
1066,mitra_t4,data\raw\mitra\Data_T4\T4_DAll.csv,hard_brake,3,507.373607,497.373607,507.373607,0.8008010000000354,train
1067,mitra_t4,data\raw\mitra\Data_T4\T4_DAll.csv,hard_brake,2,521.68791,511.68791,521.68791,1.3346659999999702,train
1068,mitra_t4,data\raw\mitra\Data_T4\T4_DAll.csv,hard_brake,3,508.808374,498.808374,508.808374,0.8675339999999778,train
1069,mitra_t4,data\raw\mitra\Data_T4\T4_DAll.csv,hard_brake,7,526.39261,516.39261,526.39261,1.067733999999973,train
1070,mitra_t4,data\raw\mitra\Data_T4\T4_DAll.csv,hard_brake,3,510.309875,500.309875,510.309875,0.5338660000000459,train
1071,mitra_t4,data\raw\mitra\Data_T4\T4_DAll.csv,hard_brake,7,527.760644,517.760644,527.760644,1.0343670000000884,train
1072,mitra_t4,data\raw\mitra\Data_T4\T4_DAll.csv,hard_brake,2,520.286509,510.286509,520.286509,1.368033999999966,train
1073,mitra_t4,data\raw\mitra\Data_T4\T4_DAll.csv,hard_brake,3,526.19241,516.19241,526.19241,0.8341669999999795,train
1074,mitra_t4,data\raw\mitra\Data_T4\T4_DAll.csv,hard_brake,3,512.311875,502.311875,512.311875,0.7006999999999834,train
1075,mitra_t4,data\raw\mitra\Data_T4\T4_DAll.csv,hard_brake,3,523.99021,513.99021,523.99021,0.8675329999999803,train
1076,mitra_t4,data\raw\mitra\Data_T4\T4_DAll.csv,hard_brake,2,524.524077,514.524077,524.524077,0.834165999999982,train
1077,mitra_t4,data\raw\mitra\Data_T4\T4_DAll.csv,hard_brake,2,523.356243,513.356243,523.356243,1.334667000000081,train
1078,mitra_t4,data\raw\mitra\Data_T4\T4_DAll.csv,hard_brake,3,513.813375,503.813375,513.813375,0.8675340000000915,train
1079,mitra_t4,data\raw\mitra\Data_T4\T4_DAll.csv,hard_brake,2,525.424977,515.424977,525.424977,0.7674329999999827,train
1080,mitra_t4,data\raw\mitra\Data_T4\T4_DAll.csv,hard_brake,4,504.570807,494.570807,504.570807,0.9342669999999772,train
1081,mitra_t4,data\raw\mitra\Data_T4\T4_DAll.csv,hard_brake,2,526.659544,516.659544,526.659544,0.8675329999999803,train
1082,mitra_t4,data\raw\mitra\Data_T4\T4_DAll.csv,hard_brake,3,516.682909,506.682909,516.682909,0.8341669999999795,train
1083,mitra_t4,data\raw\mitra\Data_T4\T4_DAll.csv,hard_brake,1,532.465344,522.465344,532.465344,0.90090100000009,train
1084,mitra_t4,data\raw\mitra\Data_T4\T4_DAll.csv,hard_brake,3,522.121676,512.121676,522.121676,0.7340669999999818,train
1085,mitra_t4,data\raw\mitra\Data_T4\T4_DAll.csv,hard_brake,2,528.561444,518.561444,528.561444,0.6339669999999842,train
1086,mitra_t4,data\raw\mitra\Data_T4\T4_DAll.csv,hard_brake,4,505.938841,495.938841,505.938841,0.9342659999999796,train
1087,mitra_t4,data\raw\mitra\Data_T4\T4_DAll.csv,hard_brake,4,608.541356,598.541356,608.541356,0.5672330000001011,train
1088,mitra_t4,data\raw\mitra\Data_T4\T4_DAll.csv,hard_brake,2,529.395611,519.395611,529.395611,0.8007999999999811,train
1089,mitra_t4,data\raw\mitra\Data_T4\T4_DAll.csv,hard_brake,1,533.533078,523.533078,533.533078,1.0009999999999764,train
1090,mitra_t4,data\raw\mitra\Data_T4\T4_DAll.csv,hard_brake,2,530.530078,520.530078,530.530078,1.5014999999999643,train
1091,mitra_t4,data\raw\mitra\Data_T4\T4_DAll.csv,hard_brake,4,616.249057,606.249057,616.249057,0.6339659999999867,train
1092,mitra_t4,data\raw\mitra\Data_T4\T4_DAll.csv,hard_brake,3,529.028577,519.028577,529.028577,0.8341669999999795,train
1093,mitra_t4,data\raw\mitra\Data_T4\T4_DAll.csv,hard_brake,1,537.403612,527.403612,537.403612,1.4681330000000798,train
1094,mitra_t4,data\raw\mitra\Data_T4\T4_DAll.csv,hard_brake,3,529.762644,519.762644,529.762644,0.6005999999999858,train
1095,mitra_t4,data\raw\mitra\Data_T4\T4_DAll.csv,hard_brake,2,532.832378,522.832378,532.832378,0.867533000000094,train
1096,mitra_t4,data\raw\mitra\Data_T4\T4_DAll.csv,hard_brake,10,531.497711,521.497711,531.497711,0.7340669999999818,train
1097,mitra_t4,data\raw\mitra\Data_T4\T4_DAll.csv,hard_brake,4,511.277508,501.277508,511.277508,0.8341669999999795,train
1098,mitra_t4,data\raw\mitra\Data_T4\T4_DAll.csv,hard_brake,1,539.772646,529.772646,539.772646,0.9342659999999796,train
1099,mitra_t4,data\raw\mitra\Data_T4\T4_DAll.csv,hard_brake,3,530.663544,520.663544,530.663544,1.0343669999999747,train
1100,mitra_t4,data\raw\mitra\Data_T4\T4_DAll.csv,hard_brake,3,503.33624,493.33624,503.33624,1.3680340000000228,train
1101,mitra_t4,data\raw\mitra\Data_T4\T4_DAll.csv,hard_brake,2,535.868745,525.868745,535.868745,1.5014999999999643,train
1102,mitra_t4,data\raw\mitra\Data_T4\T4_DAll.csv,hard_brake,1,524.624177,514.624177,524.624177,0.7340659999999843,train
1103,mitra_t4,data\raw\mitra\Data_T4\T4_DAll.csv,hard_brake,1,546.14568,536.14568,546.14568,1.4014000000000806,train
1104,mitra_t4,data\raw\mitra\Data_T4\T4_DAll.csv,hard_brake,3,532.131678,522.131678,532.131678,0.7340669999999818,train
1105,mitra_t4,data\raw\mitra\Data_T4\T4_DAll.csv,hard_brake,1,525.658543,515.658543,525.658543,0.7007009999999809,train
1106,mitra_t4,data\raw\mitra\Data_T4\T4_DAll.csv,hard_brake,1,527.059944,517.059944,527.059944,0.967632999999978,train
1107,mitra_t4,data\raw\mitra\Data_T4\T4_DAll.csv,hard_brake,5,604.437255,594.437255,604.437255,0.9342669999999772,train
1108,mitra_t4,data\raw\mitra\Data_T4\T4_DAll.csv,hard_brake,2,541.440979,531.440979,541.440979,1.267934000000082,train
1109,mitra_t4,data\raw\mitra\Data_T4\T4_DAll.csv,hard_brake,2,546.24578,536.24578,546.24578,0.8007999999999811,train
1110,mitra_t4,data\raw\mitra\Data_T4\T4_DAll.csv,hard_brake,3,537.103312,527.103312,537.103312,0.7674330000000964,train
1111,mitra_t4,data\raw\mitra\Data_T4\T4_DAll.csv,hard_brake,2,544.94448,534.94448,544.94448,1.4347669999999653,train
1112,mitra_t4,data\raw\mitra\Data_T4\T4_DAll.csv,hard_brake,3,537.637179,527.637179,537.637179,0.9009000000000924,train
1113,mitra_t4,data\raw\mitra\Data_T4\T4_DAll.csv,hard_brake,1,553.553081,543.553081,553.553081,0.8341669999999795,train
1114,mitra_t4,data\raw\mitra\Data_T4\T4_DAll.csv,hard_brake,5,618.284424,608.284424,618.284424,0.7674330000000964,train
1115,mitra_t4,data\raw\mitra\Data_T4\T4_DAll.csv,hard_brake,1,535.268145,525.268145,535.268145,0.7340669999999818,train
1116,mitra_t4,data\raw\mitra\Data_T4\T4_DAll.csv,hard_brake,21,521.88811,511.88811,521.88811,0.4671329999999898,train
1117,mitra_t4,data\raw\mitra\Data_T4\T4_DAll.csv,hard_brake,3,539.505712,529.505712,539.505712,0.6339669999999842,train
1118,mitra_t4,data\raw\mitra\Data_T4\T4_DAll.csv,hard_brake,3,549.64918,539.64918,549.64918,1.067733999999973,train
1119,mitra_t4,data\raw\mitra\Data_T4\T4_DAll.csv,hard_brake,5,619.785924,609.785924,619.785924,0.8007999999999811,train
1120,mitra_t4,data\raw\mitra\Data_T4\T4_DAll.csv,hard_brake,5,622.221691,612.221691,622.221691,0.6673329999999851,train
1121,mitra_t4,data\raw\mitra\Data_T4\T4_DAll.csv,hard_brake,7,576.509351,566.509351,576.509351,0.8341669999999795,train
1122,mitra_t4,data\raw\mitra\Data_T4\T4_DAll.csv,hard_brake,1,560.059582,550.059582,560.059582,1.5015000000000782,train
1123,mitra_t4,data\raw\mitra\Data_T4\T4_DAll.csv,hard_brake,3,548.714914,538.714914,548.714914,0.834165999999982,train
1124,mitra_t4,data\raw\mitra\Data_T4\T4_DAll.csv,hard_brake,1,540.706912,530.706912,540.706912,0.8341669999999795,train
1125,mitra_t4,data\raw\mitra\Data_T4\T4_DAll.csv,hard_brake,1,542.642179,532.642179,542.642179,0.7340669999999818,train
1126,mitra_t4,data\raw\mitra\Data_T4\T4_DAll.csv,hard_brake,2,558.291148,548.291148,558.291148,1.2679339999999684,train
1127,mitra_t4,data\raw\mitra\Data_T4\T4_DAll.csv,hard_brake,3,551.717914,541.717914,551.717914,0.8341670000000931,train
1128,mitra_t4,data\raw\mitra\Data_T4\T4_DAll.csv,hard_brake,3,552.518714,542.518714,552.518714,0.8675339999999778,train
1129,mitra_t4,data\raw\mitra\Data_T4\T4_DAll.csv,hard_brake,2,561.394249,551.394249,561.394249,1.334667000000081,train
1130,mitra_t4,data\raw\mitra\Data_T4\T4_DAll.csv,hard_brake,1,564.897749,554.897749,564.897749,1.5015000000000782,train
1131,mitra_t4,data\raw\mitra\Data_T4\T4_DAll.csv,hard_brake,1,556.255781,546.255781,556.255781,0.9676340000000891,train
1132,mitra_t4,data\raw\mitra\Data_T4\T4_DAll.csv,hard_brake,5,630.930392,620.930392,630.930392,0.6339669999999842,train
1133,mitra_t4,data\raw\mitra\Data_T4\T4_DAll.csv,hard_brake,6,582.215052,572.215052,582.215052,0.8007999999999811,train
1134,mitra_t4,data\raw\mitra\Data_T4\T4_DAll.csv,hard_brake,7,580.313151,570.313151,580.313151,1.0343670000000884,train
1135,mitra_t4,data\raw\mitra\Data_T4\T4_DAll.csv,hard_brake,3,554.954481,544.954481,554.954481,0.9342669999999772,train
1136,mitra_t4,data\raw\mitra\Data_T4\T4_DAll.csv,hard_brake,4,679.512266,669.512266,679.512266,0.7674330000000964,train
1137,mitra_t4,data\raw\mitra\Data_T4\T4_DAll.csv,hard_brake,2,562.829016,552.829016,562.829016,1.5682329999999638,train
1138,mitra_t4,data\raw\mitra\Data_T4\T4_DAll.csv,hard_brake,3,562.995849,552.995849,562.995849,0.5672329999999874,train
1139,mitra_t4,data\raw\mitra\Data_T4\T4_DAll.csv,hard_brake,3,557.390248,547.390248,557.390248,0.6673339999999826,train
1140,mitra_t4,data\raw\mitra\Data_T4\T4_DAll.csv,hard_brake,1,584.417252,574.417252,584.417252,1.1678340000000844,train
1141,mitra_t4,data\raw\mitra\Data_T4\T4_DAll.csv,hard_brake,1,573.10595,563.10595,573.10595,1.4681339999999636,train
1142,mitra_t4,data\raw\mitra\Data_T4\T4_DAll.csv,hard_brake,7,581.581085,571.581085,581.581085,0.9342669999999772,train
1143,mitra_t4,data\raw\mitra\Data_T4\T4_DAll.csv,hard_brake,4,685.451533,675.451533,685.451533,0.8341669999999795,train
1144,mitra_t4,data\raw\mitra\Data_T4\T4_DAll.csv,hard_brake,2,575.575084,565.575084,575.575084,0.5672340000000986,train
1145,mitra_t4,data\raw\mitra\Data_T4\T4_DAll.csv,hard_brake,5,679.045133,669.045133,679.045133,0.7340659999999843,train
1146,mitra_t4,data\raw\mitra\Data_T4\T4_DAll.csv,hard_brake,2,570.036217,560.036217,570.036217,0.8675329999999803,train
1147,mitra_t4,data\raw\mitra\Data_T4\T4_DAll.csv,hard_brake,4,690.056134,680.056134,690.056134,0.7340669999999818,train
1148,mitra_t4,data\raw\mitra\Data_T4\T4_DAll.csv,hard_brake,2,569.368883,559.368883,569.368883,0.9008999999999788,train
1149,mitra_t4,data\raw\mitra\Data_T4\T4_DAll.csv,hard_brake,2,582.181685,572.181685,582.181685,1.067733999999973,train
1150,mitra_t4,data\raw\mitra\Data_T4\T4_DAll.csv,hard_brake,6,599.365521,589.365521,599.365521,1.00100000000009,train
1151,mitra_t4,data\raw\mitra\Data_T4\T4_DAll.csv,hard_brake,3,565.865383,555.865383,565.865383,0.867533000000094,train
1152,mitra_t4,data\raw\mitra\Data_T4\T4_DAll.csv,hard_brake,4,696.395802,686.395802,696.395802,0.7340669999999818,train
1153,mitra_t4,data\raw\mitra\Data_T4\T4_DAll.csv,hard_brake,4,699.799202,689.799202,699.799202,0.8341669999999795,train
1154,mitra_t4,data\raw\mitra\Data_T4\T4_DAll.csv,hard_brake,2,592.525353,582.525353,592.525353,0.5672339999999849,train
1155,mitra_t4,data\raw\mitra\Data_T4\T4_DAll.csv,hard_brake,3,573.973484,563.973484,573.973484,0.9342669999999772,train
1156,mitra_t4,data\raw\mitra\Data_T4\T4_DAll.csv,hard_brake,6,544.877746,534.877746,544.877746,0.5672339999999849,train
1157,mitra_t4,data\raw\mitra\Data_T4\T4_DAll.csv,hard_brake,1,596.095587,586.095587,596.095587,1.5014999999999643,train
1158,mitra_t4,data\raw\mitra\Data_T4\T4_DAll.csv,hard_brake,21,552.919114,542.919114,552.919114,0.4671339999999873,train
1159,mitra_t4,data\raw\mitra\Data_T4\T4_DAll.csv,hard_brake,3,577.143318,567.143318,577.143318,0.7674329999999827,train
1160,mitra_t4,data\raw\mitra\Data_T4\T4_DAll.csv,hard_brake,2,592.95912,582.95912,592.95912,1.3012999999999693,train
1161,mitra_t4,data\raw\mitra\Data_T4\T4_DAll.csv,hard_brake,1,589.422253,579.422253,589.422253,0.8341670000000931,train
1162,mitra_t4,data\raw\mitra\Data_T4\T4_DAll.csv,hard_brake,3,578.110951,568.110951,578.110951,0.9676339999999756,train
1163,mitra_t4,data\raw\mitra\Data_T4\T4_DAll.csv,hard_brake,3,580.413251,570.413251,580.413251,1.1678340000000844,train
1164,mitra_t4,data\raw\mitra\Data_T4\T4_DAll.csv,hard_brake,3,581.781285,571.781285,581.781285,0.6339669999999842,train
1165,mitra_t4,data\raw\mitra\Data_T4\T4_DAll.csv,hard_brake,1,598.331154,588.331154,598.331154,0.9342669999999772,train
1166,mitra_t4,data\raw\mitra\Data_T4\T4_DAll.csv,hard_brake,5,684.3838,674.3838,684.3838,0.7340670000000955,train
1167,mitra_t4,data\raw\mitra\Data_T4\T4_DAll.csv,hard_brake,7,602.635455,592.635455,602.635455,0.7340669999999818,train
1168,mitra_t4,data\raw\mitra\Data_T4\T4_DAll.csv,hard_brake,3,583.015852,573.015852,583.015852,1.23456699999997,train
1169,mitra_t4,data\raw\mitra\Data_T4\T4_DAll.csv,hard_brake,4,703.369436,693.369436,703.369436,0.9342670000000908,train
1170,mitra_t4,data\raw\mitra\Data_T4\T4_DAll.csv,hard_brake,6,631.831292,621.831292,631.831292,0.5672339999999849,train
1171,mitra_t4,data\raw\mitra\Data_T4\T4_DAll.csv,hard_brake,3,598.397887,588.397887,598.397887,0.9342669999999772,train
1172,mitra_t4,data\raw\mitra\Data_T4\T4_DAll.csv,hard_brake,2,596.629454,586.629454,596.629454,0.8007999999999811,train
1173,mitra_t4,data\raw\mitra\Data_T4\T4_DAll.csv,hard_brake,4,705.871936,695.871936,705.871936,0.6006009999999833,train
1174,mitra_t4,data\raw\mitra\Data_T4\T4_DAll.csv,hard_brake,5,691.190601,681.190601,691.190601,0.7674329999999827,train
1175,mitra_t4,data\raw\mitra\Data_T4\T4_DAll.csv,hard_brake,3,589.255419,579.255419,589.255419,0.8341670000000931,train
1176,mitra_t4,data\raw\mitra\Data_T4\T4_DAll.csv,hard_brake,1,604.270422,594.270422,604.270422,0.834165999999982,train
1177,mitra_t4,data\raw\mitra\Data_T4\T4_DAll.csv,hard_brake,21,561.494349,551.494349,561.494349,0.8341669999999795,train
1178,mitra_t4,data\raw\mitra\Data_T4\T4_DAll.csv,hard_brake,6,627.360158,617.360158,627.360158,0.7007000000000971,train
1179,mitra_t4,data\raw\mitra\Data_T4\T4_DAll.csv,hard_brake,3,601.434255,591.434255,601.434255,0.834165999999982,train
1180,mitra_t4,data\raw\mitra\Data_T4\T4_DAll.csv,hard_brake,7,618.251057,608.251057,618.251057,0.8008000000000948,train
1181,mitra_t4,data\raw\mitra\Data_T4\T4_DAll.csv,hard_brake,7,624.690825,614.690825,624.690825,0.7006999999999834,train
1182,mitra_t4,data\raw\mitra\Data_T4\T4_DAll.csv,hard_brake,3,611.544356,601.544356,611.544356,0.9008999999999788,train
1183,mitra_t4,data\raw\mitra\Data_T4\T4_DAll.csv,hard_brake,7,619.552357,609.552357,619.552357,0.8341669999999795,train
1184,mitra_t4,data\raw\mitra\Data_T4\T4_DAll.csv,hard_brake,4,711.477537,701.477537,711.477537,0.6673339999999826,train
1185,mitra_t4,data\raw\mitra\Data_T4\T4_DAll.csv,hard_brake,3,596.295787,586.295787,596.295787,0.6339669999999842,train
1186,mitra_t4,data\raw\mitra\Data_T4\T4_DAll.csv,hard_brake,2,603.736555,593.736555,603.736555,1.5348670000000766,train
1187,mitra_t4,data\raw\mitra\Data_T4\T4_DAll.csv,hard_brake,3,609.108589,599.108589,609.108589,0.8341669999999795,train
1188,mitra_t4,data\raw\mitra\Data_T4\T4_DAll.csv,hard_brake,7,628.828292,618.828292,628.828292,0.5672329999999874,train
1189,mitra_t4,data\raw\mitra\Data_T4\T4_DAll.csv,hard_brake,4,566.232416,556.232416,566.232416,0.8341670000000931,train
1190,mitra_t4,data\raw\mitra\Data_T4\T4_DAll.csv,hard_brake,4,714.780838,704.780838,714.780838,0.8675329999999803,train
1191,mitra_t4,data\raw\mitra\Data_T4\T4_DAll.csv,hard_brake,3,606.873022,596.873022,606.873022,0.9008999999999788,train
1192,mitra_t4,data\raw\mitra\Data_T4\T4_DAll.csv,hard_brake,2,607.073222,597.073222,607.073222,0.7006999999999834,train
1193,mitra_t4,data\raw\mitra\Data_T4\T4_DAll.csv,hard_brake,6,644.277061,634.277061,644.277061,1.1344669999999724,train
1194,mitra_t4,data\raw\mitra\Data_T4\T4_DAll.csv,hard_brake,3,604.937755,594.937755,604.937755,0.6673329999999851,train
1195,mitra_t4,data\raw\mitra\Data_T4\T4_DAll.csv,hard_brake,2,616.182323,606.182323,616.182323,0.7674339999999802,train
1196,mitra_t4,data\raw\mitra\Data_T4\T4_DAll.csv,hard_brake,3,605.838655,595.838655,605.838655,0.6005999999999858,train
1197,mitra_t4,data\raw\mitra\Data_T4\T4_DAll.csv,hard_brake,5,700.232969,690.232969,700.232969,0.7340669999999818,train
1198,mitra_t4,data\raw\mitra\Data_T4\T4_DAll.csv,hard_brake,4,574.140317,564.140317,574.140317,1.568234000000075,train
1199,mitra_t4,data\raw\mitra\Data_T4\T4_DAll.csv,hard_brake,7,629.395525,619.395525,629.395525,0.8341669999999795,train
1200,mitra_t4,data\raw\mitra\Data_T4\T4_DAll.csv,hard_brake,2,617.583724,607.583724,617.583724,0.867533000000094,train
1201,mitra_t4,data\raw\mitra\Data_T4\T4_DAll.csv,hard_brake,3,610.076222,600.076222,610.076222,0.8675339999999778,train
1202,mitra_t4,data\raw\mitra\Data_T4\T4_DAll.csv,hard_brake,4,719.885939,709.885939,719.885939,0.6005999999999858,train
1203,mitra_t4,data\raw\mitra\Data_T4\T4_DAll.csv,hard_brake,4,721.087139,711.087139,721.087139,0.5672329999999874,train
1204,mitra_t4,data\raw\mitra\Data_T4\T4_DAll.csv,hard_brake,3,607.740555,597.740555,607.740555,0.8675339999999778,train
1205,mitra_t4,data\raw\mitra\Data_T4\T4_DAll.csv,hard_brake,1,616.749557,606.749557,616.749557,0.8675329999999803,train
1206,mitra_t4,data\raw\mitra\Data_T4\T4_DAll.csv,hard_brake,1,622.755558,612.755558,622.755558,1.2012000000000853,train
1207,mitra_t4,data\raw\mitra\Data_T4\T4_DAll.csv,hard_brake,4,724.724106,714.724106,724.724106,0.9342669999999772,train
1208,mitra_t4,data\raw\mitra\Data_T4\T4_DAll.csv,hard_brake,5,702.969036,692.969036,702.969036,0.6673329999999851,train
1209,mitra_t4,data\raw\mitra\Data_T4\T4_DAll.csv,hard_brake,3,614.41389,604.41389,614.41389,0.8675329999999803,train
1210,mitra_t4,data\raw\mitra\Data_T4\T4_DAll.csv,hard_brake,7,623.089224,613.089224,623.089224,0.8008010000000922,train
1211,mitra_t4,data\raw\mitra\Data_T4\T4_DAll.csv,hard_brake,7,626.459258,616.459258,626.459258,0.7674339999999802,train
1212,mitra_t4,data\raw\mitra\Data_T4\T4_DAll.csv,hard_brake,1,603.669822,593.669822,603.669822,0.7674330000000964,train
1213,mitra_t4,data\raw\mitra\Data_T4\T4_DAll.csv,hard_brake,1,621.120591,611.120591,621.120591,1.2011999999999716,train
1214,mitra_t4,data\raw\mitra\Data_T4\T4_DAll.csv,hard_brake,3,616.682823,606.682823,616.682823,0.7674339999999802,train
1215,mitra_t4,data\raw\mitra\Data_T4\T4_DAll.csv,hard_brake,3,615.448257,605.448257,615.448257,0.834165999999982,train
1216,mitra_t4,data\raw\mitra\Data_T4\T4_DAll.csv,hard_brake,7,647.546995,637.546995,647.546995,0.8675329999999803,train
1217,mitra_t4,data\raw\mitra\Data_T4\T4_DAll.csv,hard_brake,2,625.157958,615.157958,625.157958,0.8007999999999811,train
1218,mitra_t4,data\raw\mitra\Data_T4\T4_DAll.csv,hard_brake,1,626.459258,616.459258,626.459258,0.8341669999999795,train
1219,mitra_t4,data\raw\mitra\Data_T4\T4_DAll.csv,hard_brake,5,704.43717,694.43717,704.43717,1.0009999999999764,train
1220,mitra_t4,data\raw\mitra\Data_T4\T4_DAll.csv,hard_brake,1,630.563359,620.563359,630.563359,0.7340669999999818,train
1221,mitra_t4,data\raw\mitra\Data_T4\T4_DAll.csv,hard_brake,3,605.238055,595.238055,605.238055,0.8341669999999795,train
1222,mitra_t4,data\raw\mitra\Data_T4\T4_DAll.csv,hard_brake,2,626.158958,616.158958,626.158958,0.8007999999999811,train
1223,mitra_t4,data\raw\mitra\Data_T4\T4_DAll.csv,hard_brake,2,628.427892,618.427892,628.427892,0.7006999999999834,train
1224,mitra_t4,data\raw\mitra\Data_T4\T4_DAll.csv,hard_brake,1,631.764559,621.764559,631.764559,1.0343670000000884,train
1225,mitra_t4,data\raw\mitra\Data_T4\T4_DAll.csv,hard_brake,3,621.454257,611.454257,621.454257,0.8341669999999795,train
1226,mitra_t4,data\raw\mitra\Data_T4\T4_DAll.csv,hard_brake,2,630.363159,620.363159,630.363159,0.7674329999999827,train
1227,mitra_t4,data\raw\mitra\Data_T4\T4_DAll.csv,hard_brake,7,654.420529,644.420529,654.420529,0.6673329999999851,train
1228,mitra_t4,data\raw\mitra\Data_T4\T4_DAll.csv,hard_brake,3,622.555358,612.555358,622.555358,0.734066000000098,train
1229,mitra_t4,data\raw\mitra\Data_T4\T4_DAll.csv,hard_brake,1,614.747556,604.747556,614.747556,0.7007009999999809,train
1230,mitra_t4,data\raw\mitra\Data_T4\T4_DAll.csv,hard_brake,3,628.027492,618.027492,628.027492,0.9342669999999772,train
1231,mitra_t4,data\raw\mitra\Data_T4\T4_DAll.csv,hard_brake,7,667.266698,657.266698,667.266698,1.1678329999999733,train
1232,mitra_t4,data\raw\mitra\Data_T4\T4_DAll.csv,hard_brake,3,626.792925,616.792925,626.792925,0.6673329999999851,train
1233,mitra_t4,data\raw\mitra\Data_T4\T4_DAll.csv,hard_brake,4,729.962673,719.962673,729.962673,0.8675339999999778,train
1234,mitra_t4,data\raw\mitra\Data_T4\T4_DAll.csv,hard_brake,2,599.465621,589.465621,599.465621,0.5338669999999865,train
1235,mitra_t4,data\raw\mitra\Data_T4\T4_DAll.csv,hard_brake,2,632.465259,622.465259,632.465259,0.8341670000000931,train
1236,mitra_t4,data\raw\mitra\Data_T4\T4_DAll.csv,hard_brake,3,633.132593,623.132593,633.132593,0.834165999999982,train
1237,mitra_t4,data\raw\mitra\Data_T4\T4_DAll.csv,hard_brake,4,731.831207,721.831207,731.831207,0.8341670000000931,train
1238,mitra_t4,data\raw\mitra\Data_T4\T4_DAll.csv,hard_brake,3,627.360158,617.360158,627.360158,0.7674340000000939,train
1239,mitra_t4,data\raw\mitra\Data_T4\T4_DAll.csv,hard_brake,3,626.292425,616.292425,626.292425,0.5338669999999865,train
1240,mitra_t4,data\raw\mitra\Data_T4\T4_DAll.csv,hard_brake,1,637.803927,627.803927,637.803927,0.834165999999982,train
1241,mitra_t4,data\raw\mitra\Data_T4\T4_DAll.csv,hard_brake,1,639.07186,629.07186,639.07186,0.9008999999999788,train
1242,mitra_t4,data\raw\mitra\Data_T4\T4_DAll.csv,hard_brake,5,708.674737,698.674737,708.674737,0.6339669999999842,train
1243,mitra_t4,data\raw\mitra\Data_T4\T4_DAll.csv,hard_brake,7,649.649095,639.649095,649.649095,0.7674329999999827,train
1244,mitra_t4,data\raw\mitra\Data_T4\T4_DAll.csv,hard_brake,3,630.363159,620.363159,630.363159,0.6005999999999858,train
1245,mitra_t4,data\raw\mitra\Data_T4\T4_DAll.csv,hard_brake,4,712.812204,702.812204,712.812204,0.5005000000001019,train
1246,mitra_t4,data\raw\mitra\Data_T4\T4_DAll.csv,hard_brake,7,696.262335,686.262335,696.262335,1.0343669999999747,train
1247,mitra_t4,data\raw\mitra\Data_T4\T4_DAll.csv,hard_brake,1,650.283062,640.283062,650.283062,1.2345670000000837,train
1248,mitra_t4,data\raw\mitra\Data_T4\T4_DAll.csv,hard_brake,1,618.31779,608.31779,618.31779,0.4671340000001009,train
1249,mitra_t4,data\raw\mitra\Data_T4\T4_DAll.csv,hard_brake,3,604.370522,594.370522,604.370522,0.6005999999999858,train
1250,mitra_t4,data\raw\mitra\Data_T4\T4_DAll.csv,hard_brake,3,632.331792,622.331792,632.331792,0.8008010000000922,train
1251,mitra_t4,data\raw\mitra\Data_T4\T4_DAll.csv,hard_brake,2,640.706827,630.706827,640.706827,0.7674329999999827,train
1252,mitra_t4,data\raw\mitra\Data_T4\T4_DAll.csv,hard_brake,1,619.719191,609.719191,619.719191,0.7340659999999843,train
1253,mitra_t4,data\raw\mitra\Data_T4\T4_DAll.csv,hard_brake,3,637.703827,627.703827,637.703827,0.7674329999999827,train
1254,mitra_t4,data\raw\mitra\Data_T4\T4_DAll.csv,hard_brake,3,633.900026,623.900026,633.900026,0.7340669999999818,train
1255,mitra_t4,data\raw\mitra\Data_T4\T4_DAll.csv,hard_brake,5,716.782838,706.782838,716.782838,0.8675339999999778,train
1256,mitra_t4,data\raw\mitra\Data_T4\T4_DAll.csv,hard_brake,2,642.408527,632.408527,642.408527,0.9008999999999788,train
1257,mitra_t4,data\raw\mitra\Data_T4\T4_DAll.csv,hard_brake,4,742.308342,732.308342,742.308342,0.5338669999999865,train
1258,mitra_t4,data\raw\mitra\Data_T4\T4_DAll.csv,hard_brake,7,699.565636,689.565636,699.565636,1.0677329999999756,train
1259,mitra_t4,data\raw\mitra\Data_T4\T4_DAll.csv,hard_brake,3,636.502626,626.502626,636.502626,0.8007999999999811,train
1260,mitra_t4,data\raw\mitra\Data_T4\T4_DAll.csv,hard_brake,4,743.776475,733.776475,743.776475,0.5672339999999849,train
1261,mitra_t4,data\raw\mitra\Data_T4\T4_DAll.csv,hard_brake,3,639.47226,629.47226,639.47226,0.8341669999999795,train
1262,mitra_t4,data\raw\mitra\Data_T4\T4_DAll.csv,hard_brake,3,638.504627,628.504627,638.504627,0.967632999999978,train
1263,mitra_t4,data\raw\mitra\Data_T4\T4_DAll.csv,hard_brake,5,722.521906,712.521906,722.521906,0.8008000000000948,train
1264,mitra_t4,data\raw\mitra\Data_T4\T4_DAll.csv,hard_brake,6,682.348433,672.348433,682.348433,1.2679339999999684,train
1265,mitra_t4,data\raw\mitra\Data_T4\T4_DAll.csv,hard_brake,2,647.046495,637.046495,647.046495,1.2679329999999709,train
1266,mitra_t4,data\raw\mitra\Data_T4\T4_DAll.csv,hard_brake,4,748.948309,738.948309,748.948309,0.7340669999999818,train
1267,mitra_t4,data\raw\mitra\Data_T4\T4_DAll.csv,hard_brake,2,653.653096,643.653096,653.653096,0.6673329999999851,train
1268,mitra_t4,data\raw\mitra\Data_T4\T4_DAll.csv,hard_brake,3,642.642094,632.642094,642.642094,0.8341669999999795,train
1269,mitra_t4,data\raw\mitra\Data_T4\T4_DAll.csv,hard_brake,6,712.244971,702.244971,712.244971,0.7340669999999818,train
1270,mitra_t4,data\raw\mitra\Data_T4\T4_DAll.csv,hard_brake,1,634.901026,624.901026,634.901026,0.9008999999999788,train
1271,mitra_t4,data\raw\mitra\Data_T4\T4_DAll.csv,hard_brake,1,649.181962,639.181962,649.181962,0.8007999999999811,train
1272,mitra_t4,data\raw\mitra\Data_T4\T4_DAll.csv,hard_brake,4,751.617643,741.617643,751.617643,0.7340669999999818,train
1273,mitra_t4,data\raw\mitra\Data_T4\T4_DAll.csv,hard_brake,4,753.386077,743.386077,753.386077,1.1344669999999724,train
1274,mitra_t4,data\raw\mitra\Data_T4\T4_DAll.csv,hard_brake,3,644.844294,634.844294,644.844294,0.8007999999999811,train
1275,mitra_t4,data\raw\mitra\Data_T4\T4_DAll.csv,hard_brake,1,655.187962,645.187962,655.187962,0.9676339999999756,train
1276,mitra_t4,data\raw\mitra\Data_T4\T4_DAll.csv,hard_brake,4,756.288977,746.288977,756.288977,0.5672339999999849,train
1277,mitra_t4,data\raw\mitra\Data_T4\T4_DAll.csv,hard_brake,3,647.747195,637.747195,647.747195,0.9008999999999788,train
1278,mitra_t4,data\raw\mitra\Data_T4\T4_DAll.csv,hard_brake,5,731.831207,721.831207,731.831207,0.6673330000000988,train
1279,mitra_t4,data\raw\mitra\Data_T4\T4_DAll.csv,hard_brake,4,758.524544,748.524544,758.524544,0.8341669999999795,train
1280,mitra_t4,data\raw\mitra\Data_T4\T4_DAll.csv,hard_brake,3,641.741194,631.741194,641.741194,1.2012000000000853,train
1281,mitra_t4,data\raw\mitra\Data_T4\T4_DAll.csv,hard_brake,3,641.941394,631.941394,641.941394,0.5005000000001019,train
1282,mitra_t4,data\raw\mitra\Data_T4\T4_DAll.csv,hard_brake,6,715.514905,705.514905,715.514905,0.8007999999999811,train
1283,mitra_t4,data\raw\mitra\Data_T4\T4_DAll.csv,hard_brake,3,648.447895,638.447895,648.447895,1.0343669999999747,train
1284,mitra_t4,data\raw\mitra\Data_T4\T4_DAll.csv,hard_brake,5,734.133507,724.133507,734.133507,0.7006999999999834,train
1285,mitra_t4,data\raw\mitra\Data_T4\T4_DAll.csv,hard_brake,3,649.348795,639.348795,649.348795,0.967632999999978,train
1286,mitra_t4,data\raw\mitra\Data_T4\T4_DAll.csv,hard_brake,4,744.844209,734.844209,744.844209,0.6673329999999851,train
1287,mitra_t4,data\raw\mitra\Data_T4\T4_DAll.csv,hard_brake,1,640.840294,630.840294,640.840294,0.8007999999999811,train
1288,mitra_t4,data\raw\mitra\Data_T4\T4_DAll.csv,hard_brake,3,652.285062,642.285062,652.285062,0.8675329999999803,train
1289,mitra_t4,data\raw\mitra\Data_T4\T4_DAll.csv,hard_brake,3,653.052495,643.052495,653.052495,0.7674339999999802,train
1290,mitra_t4,data\raw\mitra\Data_T4\T4_DAll.csv,hard_brake,1,658.62473,648.62473,658.62473,0.7006999999999834,train
1291,mitra_t4,data\raw\mitra\Data_T4\T4_DAll.csv,hard_brake,2,617.550357,607.550357,617.550357,0.5004999999999882,train
1292,mitra_t4,data\raw\mitra\Data_T4\T4_DAll.csv,hard_brake,2,656.956396,646.956396,656.956396,1.2011999999999716,train
1293,mitra_t4,data\raw\mitra\Data_T4\T4_DAll.csv,hard_brake,1,659.42553,649.42553,659.42553,0.9008999999999788,train
1294,mitra_t4,data\raw\mitra\Data_T4\T4_DAll.csv,hard_brake,2,641.140594,631.140594,641.140594,0.834165999999982,train
1295,mitra_t4,data\raw\mitra\Data_T4\T4_DAll.csv,hard_brake,3,655.154596,645.154596,655.154596,1.167833000000087,train
1296,mitra_t4,data\raw\mitra\Data_T4\T4_DAll.csv,hard_brake,5,713.446171,703.446171,713.446171,0.8675329999999803,train
1297,mitra_t4,data\raw\mitra\Data_T4\T4_DAll.csv,hard_brake,3,658.92503,648.92503,658.92503,0.9008999999999788,train
1298,mitra_t4,data\raw\mitra\Data_T4\T4_DAll.csv,hard_brake,7,672.571998,662.571998,672.571998,0.7006999999999834,train
1299,mitra_t4,data\raw\mitra\Data_T4\T4_DAll.csv,hard_brake,2,663.896664,653.896664,663.896664,0.6005999999999858,train
1300,mitra_t4,data\raw\mitra\Data_T4\T4_DAll.csv,hard_brake,21,648.447895,638.447895,648.447895,0.5338669999999865,train
1301,mitra_t4,data\raw\mitra\Data_T4\T4_DAll.csv,hard_brake,4,764.664012,754.664012,764.664012,0.7007000000000971,train
1302,mitra_t4,data\raw\mitra\Data_T4\T4_DAll.csv,hard_brake,4,765.865212,755.865212,765.865212,0.8341669999999795,train
1303,mitra_t4,data\raw\mitra\Data_T4\T4_DAll.csv,hard_brake,3,661.694463,651.694463,661.694463,0.8007999999999811,train
1304,mitra_t4,data\raw\mitra\Data_T4\T4_DAll.csv,hard_brake,5,744.944309,734.944309,744.944309,0.9008999999999788,train
1305,mitra_t4,data\raw\mitra\Data_T4\T4_DAll.csv,hard_brake,7,698.664735,688.664735,698.664735,0.8008010000000922,train
1306,mitra_t4,data\raw\mitra\Data_T4\T4_DAll.csv,hard_brake,4,767.667012,757.667012,767.667012,1.0343669999999747,train
1307,mitra_t4,data\raw\mitra\Data_T4\T4_DAll.csv,hard_brake,5,747.013042,737.013042,747.013042,0.6673339999999826,train
1308,mitra_t4,data\raw\mitra\Data_T4\T4_DAll.csv,hard_brake,3,664.33043,654.33043,664.33043,0.8341669999999795,train
1309,mitra_t4,data\raw\mitra\Data_T4\T4_DAll.csv,hard_brake,6,724.390439,714.390439,724.390439,0.7674339999999802,train
1310,mitra_t4,data\raw\mitra\Data_T4\T4_DAll.csv,hard_brake,5,749.34871,739.34871,749.34871,0.834165999999982,train
1311,mitra_t4,data\raw\mitra\Data_T4\T4_DAll.csv,hard_brake,2,671.237331,661.237331,671.237331,1.4347669999999653,train
1312,mitra_t4,data\raw\mitra\Data_T4\T4_DAll.csv,hard_brake,2,667.433531,657.433531,667.433531,0.7340669999999818,train
1313,mitra_t4,data\raw\mitra\Data_T4\T4_DAll.csv,hard_brake,3,665.631731,655.631731,665.631731,0.867533000000094,train
1314,mitra_t4,data\raw\mitra\Data_T4\T4_DAll.csv,hard_brake,7,723.155872,713.155872,723.155872,0.6673339999999826,train
1315,mitra_t4,data\raw\mitra\Data_T4\T4_DAll.csv,hard_brake,1,655.955396,645.955396,655.955396,0.867533000000094,train
1316,mitra_t4,data\raw\mitra\Data_T4\T4_DAll.csv,hard_brake,3,667.400164,657.400164,667.400164,1.101099999999974,train
1317,mitra_t4,data\raw\mitra\Data_T4\T4_DAll.csv,hard_brake,5,753.085777,743.085777,753.085777,0.6005999999999858,train
1318,mitra_t4,data\raw\mitra\Data_T4\T4_DAll.csv,hard_brake,5,755.05441,745.05441,755.05441,0.8008000000000948,train
1319,mitra_t4,data\raw\mitra\Data_T4\T4_DAll.csv,hard_brake,2,635.801926,625.801926,635.801926,0.6005999999999858,train
1320,mitra_t4,data\raw\mitra\Data_T4\T4_DAll.csv,hard_brake,1,679.845933,669.845933,679.845933,1.5015000000000782,train
1321,mitra_t4,data\raw\mitra\Data_T4\T4_DAll.csv,hard_brake,1,661.82793,651.82793,661.82793,0.8341669999999795,train
1322,mitra_t4,data\raw\mitra\Data_T4\T4_DAll.csv,hard_brake,1,681.814566,671.814566,681.814566,1.534866999999963,train
1323,mitra_t4,data\raw\mitra\Data_T4\T4_DAll.csv,hard_brake,1,671.270698,661.270698,671.270698,0.5672339999999849,train
1324,mitra_t4,data\raw\mitra\Data_T4\T4_DAll.csv,hard_brake,5,757.590277,747.590277,757.590277,0.7674339999999802,train
1325,mitra_t4,data\raw\mitra\Data_T4\T4_DAll.csv,hard_brake,7,733.966674,723.966674,733.966674,1.3680329999999683,train
1326,mitra_t4,data\raw\mitra\Data_T4\T4_DAll.csv,hard_brake,3,672.104865,662.104865,672.104865,0.9008999999999788,train
1327,mitra_t4,data\raw\mitra\Data_T4\T4_DAll.csv,hard_brake,7,749.081776,739.081776,749.081776,0.7674339999999802,train
1328,mitra_t4,data\raw\mitra\Data_T4\T4_DAll.csv,hard_brake,7,741.707742,731.707742,741.707742,0.6339659999999867,train
1329,mitra_t4,data\raw\mitra\Data_T4\T4_DAll.csv,hard_brake,2,684.016767,674.016767,684.016767,0.8341660000000957,train
1330,mitra_t4,data\raw\mitra\Data_T4\T4_DAll.csv,hard_brake,2,675.141232,665.141232,675.141232,0.7007000000000971,train
1331,mitra_t4,data\raw\mitra\Data_T4\T4_DAll.csv,hard_brake,4,775.541547,765.541547,775.541547,0.834165999999982,train
1332,mitra_t4,data\raw\mitra\Data_T4\T4_DAll.csv,hard_brake,2,684.517267,674.517267,684.517267,1.5015000000000782,train
1333,mitra_t4,data\raw\mitra\Data_T4\T4_DAll.csv,hard_brake,7,739.805841,729.805841,739.805841,0.8675339999999778,train
1334,mitra_t4,data\raw\mitra\Data_T4\T4_DAll.csv,hard_brake,1,686.052134,676.052134,686.052134,1.3012999999999693,train
1335,mitra_t4,data\raw\mitra\Data_T4\T4_DAll.csv,hard_brake,7,703.436169,693.436169,703.436169,0.8675340000000915,train
1336,mitra_t4,data\raw\mitra\Data_T4\T4_DAll.csv,hard_brake,3,676.409166,666.409166,676.409166,1.101099999999974,train
1337,mitra_t4,data\raw\mitra\Data_T4\T4_DAll.csv,hard_brake,4,779.145147,769.145147,779.145147,0.9009000000000924,train
1338,mitra_t4,data\raw\mitra\Data_T4\T4_DAll.csv,hard_brake,3,681.614366,671.614366,681.614366,1.067733999999973,train
1339,mitra_t4,data\raw\mitra\Data_T4\T4_DAll.csv,hard_brake,5,763.829845,753.829845,763.829845,1.2011999999999716,train
1340,mitra_t4,data\raw\mitra\Data_T4\T4_DAll.csv,hard_brake,7,750.04941,740.04941,750.04941,0.6339659999999867,train
1341,mitra_t4,data\raw\mitra\Data_T4\T4_DAll.csv,hard_brake,3,678.377799,668.377799,678.377799,0.8007999999999811,train
1342,mitra_t4,data\raw\mitra\Data_T4\T4_DAll.csv,hard_brake,2,688.154234,678.154234,688.154234,0.8675329999999803,train
1343,mitra_t4,data\raw\mitra\Data_T4\T4_DAll.csv,hard_brake,7,751.85121,741.85121,751.85121,0.8341669999999795,train
1344,mitra_t4,data\raw\mitra\Data_T4\T4_DAll.csv,hard_brake,3,679.912666,669.912666,679.912666,0.9342670000000908,train
1345,mitra_t4,data\raw\mitra\Data_T4\T4_DAll.csv,hard_brake,7,757.790477,747.790477,757.790477,1.067733999999973,train
1346,mitra_t4,data\raw\mitra\Data_T4\T4_DAll.csv,hard_brake,2,690.189601,680.189601,690.189601,0.8341669999999795,train
1347,mitra_t4,data\raw\mitra\Data_T4\T4_DAll.csv,hard_brake,5,765.464812,755.464812,765.464812,0.6339669999999842,train
1348,mitra_t4,data\raw\mitra\Data_T4\T4_DAll.csv,hard_brake,2,672.438532,662.438532,672.438532,0.9008999999999788,train
1349,mitra_t4,data\raw\mitra\Data_T4\T4_DAll.csv,hard_brake,2,692.224968,682.224968,692.224968,0.967632999999978,train
1350,mitra_t4,data\raw\mitra\Data_T4\T4_DAll.csv,hard_brake,3,685.585,675.585,685.585,0.7674339999999802,train
1351,mitra_t4,data\raw\mitra\Data_T4\T4_DAll.csv,hard_brake,7,743.909942,733.909942,743.909942,0.7674329999999827,train
1352,mitra_t4,data\raw\mitra\Data_T4\T4_DAll.csv,hard_brake,3,689.188601,679.188601,689.188601,0.5005000000001019,train
1353,mitra_t4,data\raw\mitra\Data_T4\T4_DAll.csv,hard_brake,3,686.852934,676.852934,686.852934,0.834165999999982,train
1354,mitra_t4,data\raw\mitra\Data_T4\T4_DAll.csv,hard_brake,6,703.269336,693.269336,703.269336,0.8675340000000915,train
1355,mitra_t4,data\raw\mitra\Data_T4\T4_DAll.csv,hard_brake,5,742.975675,732.975675,742.975675,0.7006999999999834,train
1356,mitra_t4,data\raw\mitra\Data_T4\T4_DAll.csv,hard_brake,4,788.054048,778.054048,788.054048,0.6673339999999826,train
1357,mitra_t4,data\raw\mitra\Data_T4\T4_DAll.csv,hard_brake,1,694.827568,684.827568,694.827568,0.5338669999999865,train
1358,mitra_t4,data\raw\mitra\Data_T4\T4_DAll.csv,hard_brake,5,772.004679,762.004679,772.004679,0.7007009999999809,train
1359,mitra_t4,data\raw\mitra\Data_T4\T4_DAll.csv,hard_brake,2,704.003403,694.003403,704.003403,0.7006999999999834,train
1360,mitra_t4,data\raw\mitra\Data_T4\T4_DAll.csv,hard_brake,5,787.353348,777.353348,787.353348,0.7006999999999834,train
1361,mitra_t4,data\raw\mitra\Data_T4\T4_DAll.csv,hard_brake,1,687.4869,677.4869,687.4869,0.8675339999999778,train
1362,mitra_t4,data\raw\mitra\Data_T4\T4_DAll.csv,hard_brake,3,692.825568,682.825568,692.825568,0.7006999999999834,train
1363,mitra_t4,data\raw\mitra\Data_T4\T4_DAll.csv,hard_brake,1,707.807203,697.807203,707.807203,0.7340670000000955,train
1364,mitra_t4,data\raw\mitra\Data_T4\T4_DAll.csv,hard_brake,1,706.305703,696.305703,706.305703,0.9008999999999788,train
1365,mitra_t4,data\raw\mitra\Data_T4\T4_DAll.csv,hard_brake,3,696.062135,686.062135,696.062135,0.8007999999999811,train
1366,mitra_t4,data\raw\mitra\Data_T4\T4_DAll.csv,hard_brake,6,740.806842,730.806842,740.806842,0.867533000000094,train
1367,mitra_t4,data\raw\mitra\Data_T4\T4_DAll.csv,hard_brake,6,673.606365,663.606365,673.606365,0.4671339999999873,train
1368,mitra_t4,data\raw\mitra\Data_T4\T4_DAll.csv,hard_brake,6,676.876299,666.876299,676.876299,0.6339669999999842,train
1369,mitra_t4,data\raw\mitra\Data_T4\T4_DAll.csv,hard_brake,6,768.668012,758.668012,768.668012,0.8675339999999778,train
1370,mitra_t4,data\raw\mitra\Data_T4\T4_DAll.csv,hard_brake,2,706.572637,696.572637,706.572637,0.8007999999999811,train
1371,mitra_t4,data\raw\mitra\Data_T4\T4_DAll.csv,hard_brake,3,696.462535,686.462535,696.462535,0.5672339999999849,train
1372,mitra_t4,data\raw\mitra\Data_T4\T4_DAll.csv,hard_brake,2,699.732469,689.732469,699.732469,0.967632999999978,train
1373,mitra_t4,data\raw\mitra\Data_T4\T4_DAll.csv,hard_brake,2,701.000402,691.000402,701.000402,0.8675339999999778,train
1374,mitra_t4,data\raw\mitra\Data_T4\T4_DAll.csv,hard_brake,1,716.782838,706.782838,716.782838,0.9342669999999772,train
1375,mitra_t4,data\raw\mitra\Data_T4\T4_DAll.csv,hard_brake,6,750.082776,740.082776,750.082776,1.1011000000000877,train
1376,mitra_t4,data\raw\mitra\Data_T4\T4_DAll.csv,hard_brake,6,728.49454,718.49454,728.49454,0.5004999999999882,train
1377,mitra_t4,data\raw\mitra\Data_T4\T4_DAll.csv,hard_brake,6,690.056134,680.056134,690.056134,0.6673339999999826,train
1378,mitra_t4,data\raw\mitra\Data_T4\T4_DAll.csv,hard_brake,6,782.214881,772.214881,782.214881,1.0009999999999764,train
1379,mitra_t4,data\raw\mitra\Data_T4\T4_DAll.csv,hard_brake,3,702.969036,692.969036,702.969036,0.9009000000000924,train
1380,mitra_t4,data\raw\mitra\Data_T4\T4_DAll.csv,hard_brake,2,702.535269,692.535269,702.535269,0.8341669999999795,train
1381,mitra_t4,data\raw\mitra\Data_T4\T4_DAll.csv,hard_brake,4,791.557549,781.557549,791.557549,0.5004999999999882,train
1382,mitra_t4,data\raw\mitra\Data_T4\T4_DAll.csv,hard_brake,2,705.43817,695.43817,705.43817,0.7674329999999827,train
1383,mitra_t4,data\raw\mitra\Data_T4\T4_DAll.csv,hard_brake,1,670.736831,660.736831,670.736831,0.5004999999999882,train
1384,mitra_t4,data\raw\mitra\Data_T4\T4_DAll.csv,hard_brake,2,710.44317,700.44317,710.44317,1.2679339999999684,train
1385,mitra_t4,data\raw\mitra\Data_T4\T4_DAll.csv,hard_brake,7,727.159873,717.159873,727.159873,1.00100000000009,train
1386,mitra_t4,data\raw\mitra\Data_T4\T4_DAll.csv,hard_brake,2,672.438532,662.438532,672.438532,1.0677329999999756,train
1387,mitra_t4,data\raw\mitra\Data_T4\T4_DAll.csv,hard_brake,2,707.44017,697.44017,707.44017,0.7674329999999827,train
1388,mitra_t4,data\raw\mitra\Data_T4\T4_DAll.csv,hard_brake,1,718.718105,708.718105,718.718105,0.8341669999999795,train
1389,mitra_t4,data\raw\mitra\Data_T4\T4_DAll.csv,hard_brake,4,793.492816,783.492816,793.492816,0.9009000000000924,train
1390,mitra_t4,data\raw\mitra\Data_T4\T4_DAll.csv,hard_brake,3,704.33707,694.33707,704.33707,0.7006999999999834,train
1391,mitra_t4,data\raw\mitra\Data_T4\T4_DAll.csv,hard_brake,1,720.519905,710.519905,720.519905,0.8675339999999778,train
1392,mitra_t4,data\raw\mitra\Data_T4\T4_DAll.csv,hard_brake,5,783.983315,773.983315,783.983315,0.9009000000000924,train
1393,mitra_t4,data\raw\mitra\Data_T4\T4_DAll.csv,hard_brake,3,707.707103,697.707103,707.707103,1.0010010000000875,train
1394,mitra_t4,data\raw\mitra\Data_T4\T4_DAll.csv,hard_brake,6,797.797117,787.797117,797.797117,1.1011000000000877,train
1395,mitra_t4,data\raw\mitra\Data_T4\T4_DAll.csv,hard_brake,1,721.454172,711.454172,721.454172,0.7674339999999802,train
1396,mitra_t4,data\raw\mitra\Data_T4\T4_DAll.csv,hard_brake,4,799.999317,789.999317,799.999317,0.9008999999999788,train
1397,mitra_t4,data\raw\mitra\Data_T4\T4_DAll.csv,hard_brake,3,688.654734,678.654734,688.654734,0.867533000000094,train
1398,mitra_t4,data\raw\mitra\Data_T4\T4_DAll.csv,hard_brake,3,691.357434,681.357434,691.357434,0.5004999999999882,train
1399,mitra_t4,data\raw\mitra\Data_T4\T4_DAll.csv,hard_brake,2,674.640732,664.640732,674.640732,0.4671329999999898,train
1400,mitra_t4,data\raw\mitra\Data_T4\T4_DAll.csv,hard_brake,3,712.378437,702.378437,712.378437,0.6673339999999826,train
1401,mitra_t4,data\raw\mitra\Data_T4\T4_DAll.csv,hard_brake,4,797.26325,787.26325,797.26325,0.8007999999999811,train
1402,mitra_t4,data\raw\mitra\Data_T4\T4_DAll.csv,hard_brake,3,713.012404,703.012404,713.012404,0.8675340000000915,train
1403,mitra_t4,data\raw\mitra\Data_T4\T4_DAll.csv,hard_brake,2,725.858573,715.858573,725.858573,0.7006999999999834,train
1404,mitra_t4,data\raw\mitra\Data_T4\T4_DAll.csv,hard_brake,4,801.46745,791.46745,801.46745,0.9342669999999772,train
1405,mitra_t4,data\raw\mitra\Data_T4\T4_DAll.csv,hard_brake,3,680.446533,670.446533,680.446533,1.101099999999974,train
1406,mitra_t4,data\raw\mitra\Data_T4\T4_DAll.csv,hard_brake,3,713.579638,703.579638,713.579638,0.6339659999999867,train
1407,mitra_t4,data\raw\mitra\Data_T4\T4_DAll.csv,hard_brake,2,719.085138,709.085138,719.085138,1.3013009999999667,train
1408,mitra_t4,data\raw\mitra\Data_T4\T4_DAll.csv,hard_brake,2,724.757473,714.757473,724.757473,0.8007999999999811,train
1409,mitra_t4,data\raw\mitra\Data_T4\T4_DAll.csv,hard_brake,21,706.73947,696.73947,706.73947,0.5338669999999865,train
1410,mitra_t4,data\raw\mitra\Data_T4\T4_DAll.csv,hard_brake,4,803.436084,793.436084,803.436084,0.8007999999999811,train
1411,mitra_t4,data\raw\mitra\Data_T4\T4_DAll.csv,hard_brake,5,789.689015,779.689015,789.689015,0.7006999999999834,train
1412,mitra_t4,data\raw\mitra\Data_T4\T4_DAll.csv,hard_brake,3,715.081138,705.081138,715.081138,0.8007999999999811,train
1413,mitra_t4,data\raw\mitra\Data_T4\T4_DAll.csv,hard_brake,2,723.522906,713.522906,723.522906,0.8675329999999803,train
1414,mitra_t4,data\raw\mitra\Data_T4\T4_DAll.csv,hard_brake,4,804.570551,794.570551,804.570551,0.8341669999999795,train
1415,mitra_t4,data\raw\mitra\Data_T4\T4_DAll.csv,hard_brake,2,727.69374,717.69374,727.69374,0.834165999999982,train
1416,mitra_t4,data\raw\mitra\Data_T4\T4_DAll.csv,hard_brake,2,726.69274,716.69274,726.69274,1.034366000000091,train
1417,mitra_t4,data\raw\mitra\Data_T4\T4_DAll.csv,hard_brake,7,801.66765,791.66765,801.66765,0.7340669999999818,train
1418,mitra_t4,data\raw\mitra\Data_T4\T4_DAll.csv,hard_brake,2,727.99404,717.99404,727.99404,0.9342669999999772,train
1419,mitra_t4,data\raw\mitra\Data_T4\T4_DAll.csv,hard_brake,4,810.242885,800.242885,810.242885,0.8341669999999795,train
1420,mitra_t4,data\raw\mitra\Data_T4\T4_DAll.csv,hard_brake,5,798.130783,788.130783,798.130783,0.7674340000000939,train
1421,mitra_t4,data\raw\mitra\Data_T4\T4_DAll.csv,hard_brake,3,721.921305,711.921305,721.921305,0.6339669999999842,train
1422,mitra_t4,data\raw\mitra\Data_T4\T4_DAll.csv,hard_brake,4,811.711019,801.711019,811.711019,0.8675329999999803,train
1423,mitra_t4,data\raw\mitra\Data_T4\T4_DAll.csv,hard_brake,3,723.022406,713.022406,723.022406,0.8675329999999803,train
1424,mitra_t4,data\raw\mitra\Data_T4\T4_DAll.csv,hard_brake,4,814.080052,804.080052,814.080052,0.8341669999999795,train
1425,mitra_t4,data\raw\mitra\Data_T4\T4_DAll.csv,hard_brake,1,744.543909,734.543909,744.543909,0.8675329999999803,train
1426,mitra_t4,data\raw\mitra\Data_T4\T4_DAll.csv,hard_brake,10,706.272337,696.272337,706.272337,1.0677329999999756,train
1427,mitra_t4,data\raw\mitra\Data_T4\T4_DAll.csv,hard_brake,5,806.405718,796.405718,806.405718,1.3346669999999676,train
1428,mitra_t4,data\raw\mitra\Data_T4\T4_DAll.csv,hard_brake,10,707.673737,697.673737,707.673737,0.7340670000000955,train
1429,mitra_t4,data\raw\mitra\Data_T4\T4_DAll.csv,hard_brake,2,732.19824,722.19824,732.19824,1.201200999999969,train
1430,mitra_t4,data\raw\mitra\Data_T4\T4_DAll.csv,hard_brake,3,726.125506,716.125506,726.125506,0.9342669999999772,train
1431,mitra_t4,data\raw\mitra\Data_T4\T4_DAll.csv,hard_brake,4,816.816119,806.816119,816.816119,0.9342670000000908,train
1432,mitra_t4,data\raw\mitra\Data_T4\T4_DAll.csv,hard_brake,3,727.29334,717.29334,727.29334,0.7674330000000964,train
1433,mitra_t4,data\raw\mitra\Data_T4\T4_DAll.csv,hard_brake,4,820.61992,810.61992,820.61992,0.8007999999999811,train
1434,mitra_t4,data\raw\mitra\Data_T4\T4_DAll.csv,hard_brake,3,730.363073,720.363073,730.363073,0.8675339999999778,train
1435,mitra_t4,data\raw\mitra\Data_T4\T4_DAll.csv,hard_brake,4,822.32162,812.32162,822.32162,0.9342669999999772,train
1436,mitra_t4,data\raw\mitra\Data_T4\T4_DAll.csv,hard_brake,1,722.588639,712.588639,722.588639,0.6339670000000979,train
1437,mitra_t4,data\raw\mitra\Data_T4\T4_DAll.csv,hard_brake,3,734.934307,724.934307,734.934307,1.1011009999999717,train
1438,mitra_t4,data\raw\mitra\Data_T4\T4_DAll.csv,hard_brake,5,812.411719,802.411719,812.411719,0.6673330000000988,train
1439,mitra_t4,data\raw\mitra\Data_T4\T4_DAll.csv,hard_brake,1,746.145509,736.145509,746.145509,1.434767000000079,train
1440,mitra_t4,data\raw\mitra\Data_T4\T4_DAll.csv,hard_brake,5,814.714019,804.714019,814.714019,0.5338669999999865,train
1441,mitra_t4,data\raw\mitra\Data_T4\T4_DAll.csv,hard_brake,3,736.068774,726.068774,736.068774,0.8341670000000931,train
1442,mitra_t4,data\raw\mitra\Data_T4\T4_DAll.csv,hard_brake,3,733.19924,723.19924,733.19924,0.8675339999999778,train
1443,mitra_t4,data\raw\mitra\Data_T4\T4_DAll.csv,hard_brake,6,810.910218,800.910218,810.910218,0.8341669999999795,train
1444,mitra_t4,data\raw\mitra\Data_T4\T4_DAll.csv,hard_brake,3,725.424806,715.424806,725.424806,0.8341669999999795,train
1445,mitra_t4,data\raw\mitra\Data_T4\T4_DAll.csv,hard_brake,1,735.568274,725.568274,735.568274,1.334667000000081,train
1446,mitra_t4,data\raw\mitra\Data_T4\T4_DAll.csv,hard_brake,2,738.170875,728.170875,738.170875,0.9008999999999788,train
1447,mitra_t4,data\raw\mitra\Data_T4\T4_DAll.csv,hard_brake,1,754.020044,744.020044,754.020044,0.9008999999999788,train
1448,mitra_t4,data\raw\mitra\Data_T4\T4_DAll.csv,hard_brake,3,737.303341,727.303341,737.303341,0.7674339999999802,train
1449,mitra_t4,data\raw\mitra\Data_T4\T4_DAll.csv,hard_brake,4,824.757387,814.757387,824.757387,0.8341669999999795,train
1450,mitra_t4,data\raw\mitra\Data_T4\T4_DAll.csv,hard_brake,5,818.884853,808.884853,818.884853,1.534866999999963,train
1451,mitra_t4,data\raw\mitra\Data_T4\T4_DAll.csv,hard_brake,2,737.236608,727.236608,737.236608,0.8341669999999795,train
1452,mitra_t4,data\raw\mitra\Data_T4\T4_DAll.csv,hard_brake,3,739.572275,729.572275,739.572275,1.0009999999999764,train
1453,mitra_t4,data\raw\mitra\Data_T4\T4_DAll.csv,hard_brake,3,738.104141,728.104141,738.104141,0.8007999999999811,train
1454,mitra_t4,data\raw\mitra\Data_T4\T4_DAll.csv,hard_brake,7,812.278252,802.278252,812.278252,0.8008000000000948,train
1455,mitra_t4,data\raw\mitra\Data_T4\T4_DAll.csv,hard_brake,1,756.489177,746.489177,756.489177,1.2679339999999684,train
1456,mitra_t4,data\raw\mitra\Data_T4\T4_DAll.csv,hard_brake,7,825.391354,815.391354,825.391354,1.0343669999999747,train
1457,mitra_t4,data\raw\mitra\Data_T4\T4_DAll.csv,hard_brake,5,821.253887,811.253887,821.253887,1.167833000000087,train
1458,mitra_t4,data\raw\mitra\Data_T4\T4_DAll.csv,hard_brake,3,741.507542,731.507542,741.507542,0.734066000000098,train
1459,mitra_t4,data\raw\mitra\Data_T4\T4_DAll.csv,hard_brake,4,826.292254,816.292254,826.292254,0.8008000000000948,train
1460,mitra_t4,data\raw\mitra\Data_T4\T4_DAll.csv,hard_brake,2,748.214243,738.214243,748.214243,0.8675329999999803,train
1461,mitra_t4,data\raw\mitra\Data_T4\T4_DAll.csv,hard_brake,3,742.341708,732.341708,742.341708,0.7340669999999818,train
1462,mitra_t4,data\raw\mitra\Data_T4\T4_DAll.csv,hard_brake,3,743.009042,733.009042,743.009042,0.7340669999999818,train
1463,mitra_t4,data\raw\mitra\Data_T4\T4_DAll.csv,hard_brake,4,828.627921,818.627921,828.627921,0.8007999999999811,train
1464,mitra_t4,data\raw\mitra\Data_T4\T4_DAll.csv,hard_brake,2,753.219243,743.219243,753.219243,0.8675339999999778,train
1465,mitra_t4,data\raw\mitra\Data_T4\T4_DAll.csv,hard_brake,0,750.182876,740.182876,750.182876,0.7340669999999818,train
1466,mitra_t4,data\raw\mitra\Data_T4\T4_DAll.csv,hard_brake,2,749.682376,739.682376,749.682376,0.7340669999999818,train
1467,mitra_t4,data\raw\mitra\Data_T4\T4_DAll.csv,hard_brake,2,743.743109,733.743109,743.743109,0.6673329999999851,train
1468,mitra_t4,data\raw\mitra\Data_T4\T4_DAll.csv,hard_brake,3,750.116143,740.116143,750.116143,0.8007999999999811,train
1469,mitra_t4,data\raw\mitra\Data_T4\T4_DAll.csv,hard_brake,5,823.255887,813.255887,823.255887,0.6673329999999851,train
1470,mitra_t4,data\raw\mitra\Data_T4\T4_DAll.csv,hard_brake,7,814.947586,804.947586,814.947586,0.8007999999999811,train
1471,mitra_t4,data\raw\mitra\Data_T4\T4_DAll.csv,hard_brake,4,829.528821,819.528821,829.528821,0.9008999999999788,train
1472,mitra_t4,data\raw\mitra\Data_T4\T4_DAll.csv,hard_brake,3,754.220244,744.220244,754.220244,0.8675329999999803,train
1473,mitra_t4,data\raw\mitra\Data_T4\T4_DAll.csv,hard_brake,3,748.948309,738.948309,748.948309,0.4671339999999873,train
1474,mitra_t4,data\raw\mitra\Data_T4\T4_DAll.csv,hard_brake,3,757.289977,747.289977,757.289977,0.8007999999999811,train
1475,mitra_t4,data\raw\mitra\Data_T4\T4_DAll.csv,hard_brake,2,759.058411,749.058411,759.058411,0.8675329999999803,train
1476,mitra_t4,data\raw\mitra\Data_T4\T4_DAll.csv,hard_brake,3,758.991678,748.991678,758.991678,0.7674329999999827,train
1477,mitra_t4,data\raw\mitra\Data_T4\T4_DAll.csv,hard_brake,7,834.934222,824.934222,834.934222,1.0009999999999764,train
1478,mitra_t4,data\raw\mitra\Data_T4\T4_DAll.csv,hard_brake,3,755.121144,745.121144,755.121144,0.6339659999999867,train
1479,mitra_t4,data\raw\mitra\Data_T4\T4_DAll.csv,hard_brake,7,840.473089,830.473089,840.473089,0.8008010000000922,train
1480,mitra_t4,data\raw\mitra\Data_T4\T4_DAll.csv,hard_brake,1,768.267612,758.267612,768.267612,0.8341669999999795,train
1481,mitra_t4,data\raw\mitra\Data_T4\T4_DAll.csv,hard_brake,7,815.781753,805.781753,815.781753,0.967632999999978,train
1482,mitra_t4,data\raw\mitra\Data_T4\T4_DAll.csv,hard_brake,2,769.835846,759.835846,769.835846,0.6006000000000995,train
1483,mitra_t4,data\raw\mitra\Data_T4\T4_DAll.csv,hard_brake,5,791.857849,781.857849,791.857849,0.7006999999999834,train
1484,mitra_t4,data\raw\mitra\Data_T4\T4_DAll.csv,hard_brake,4,834.600555,824.600555,834.600555,1.0009999999999764,train
1485,mitra_t4,data\raw\mitra\Data_T4\T4_DAll.csv,hard_brake,2,767.900579,757.900579,767.900579,1.3680329999999683,train
1486,mitra_t4,data\raw\mitra\Data_T4\T4_DAll.csv,hard_brake,3,763.229245,753.229245,763.229245,1.0343669999999747,train
1487,mitra_t4,data\raw\mitra\Data_T4\T4_DAll.csv,hard_brake,7,788.254249,778.254249,788.254249,0.8008000000000948,train
1488,mitra_t4,data\raw\mitra\Data_T4\T4_DAll.csv,hard_brake,4,836.769389,826.769389,836.769389,0.8341669999999795,train
1489,mitra_t4,data\raw\mitra\Data_T4\T4_DAll.csv,hard_brake,1,774.40708,764.40708,774.40708,1.2012000000000853,train
1490,mitra_t4,data\raw\mitra\Data_T4\T4_DAll.csv,hard_brake,1,769.335346,759.335346,769.335346,0.7674330000000964,train
1491,mitra_t4,data\raw\mitra\Data_T4\T4_DAll.csv,hard_brake,5,831.230521,821.230521,831.230521,0.7007010000000946,train
1492,mitra_t4,data\raw\mitra\Data_T4\T4_DAll.csv,hard_brake,7,823.32262,813.32262,823.32262,0.7674339999999802,train
1493,mitra_t4,data\raw\mitra\Data_T4\T4_DAll.csv,hard_brake,3,768.567912,758.567912,768.567912,0.8675339999999778,train
1494,mitra_t4,data\raw\mitra\Data_T4\T4_DAll.csv,hard_brake,3,770.569913,760.569913,770.569913,0.5338659999999891,train
1495,mitra_t4,data\raw\mitra\Data_T4\T4_DAll.csv,hard_brake,4,831.430721,821.430721,831.430721,0.8341670000000931,train
1496,mitra_t4,data\raw\mitra\Data_T4\T4_DAll.csv,hard_brake,3,766.599279,756.599279,766.599279,1.0009999999999764,train
1497,mitra_t4,data\raw\mitra\Data_T4\T4_DAll.csv,hard_brake,1,778.978314,768.978314,778.978314,0.8008000000000948,train
1498,mitra_t4,data\raw\mitra\Data_T4\T4_DAll.csv,hard_brake,1,781.547548,771.547548,781.547548,0.9008999999999788,train
1499,mitra_t4,data\raw\mitra\Data_T4\T4_DAll.csv,hard_brake,5,840.473089,830.473089,840.473089,0.8008010000000922,train
1500,mitra_t4,data\raw\mitra\Data_T4\T4_DAll.csv,hard_brake,7,831.731022,821.731022,831.731022,0.7006999999999834,train
1501,mitra_t4,data\raw\mitra\Data_T4\T4_DAll.csv,hard_brake,5,824.857487,814.857487,824.857487,0.5672339999999849,train
1502,mitra_t4,data\raw\mitra\Data_T4\T4_DAll.csv,hard_brake,3,772.271613,762.271613,772.271613,0.8341669999999795,train
1503,mitra_t4,data\raw\mitra\Data_T4\T4_DAll.csv,hard_brake,2,765.898579,755.898579,765.898579,0.8675329999999803,train
1504,mitra_t4,data\raw\mitra\Data_T4\T4_DAll.csv,hard_brake,3,774.473813,764.473813,774.473813,0.9676340000000891,train
1505,mitra_t4,data\raw\mitra\Data_T4\T4_DAll.csv,hard_brake,4,842.97559,832.97559,842.97559,0.4671329999999898,train
1506,mitra_t4,data\raw\mitra\Data_T4\T4_DAll.csv,hard_brake,3,775.741747,765.741747,775.741747,0.7006999999999834,train
1507,mitra_t4,data\raw\mitra\Data_T4\T4_DAll.csv,hard_brake,7,839.105056,829.105056,839.105056,0.8341669999999795,train
1508,mitra_t4,data\raw\mitra\Data_T4\T4_DAll.csv,hard_brake,2,785.851848,775.851848,785.851848,0.7674339999999802,train
1509,mitra_t4,data\raw\mitra\Data_T4\T4_DAll.csv,hard_brake,3,776.90958,766.90958,776.90958,0.7006999999999834,train
1510,mitra_t4,data\raw\mitra\Data_T4\T4_DAll.csv,hard_brake,3,782.281614,772.281614,782.281614,0.6673339999999826,train
1511,mitra_t4,data\raw\mitra\Data_T4\T4_DAll.csv,hard_brake,1,788.954949,778.954949,788.954949,1.5014999999999643,train
1512,mitra_t4,data\raw\mitra\Data_T4\T4_DAll.csv,hard_brake,2,780.279614,770.279614,780.279614,1.5014999999999643,train
1513,mitra_t4,data\raw\mitra\Data_T4\T4_DAll.csv,hard_brake,2,783.582915,773.582915,783.582915,0.867533000000094,train
1514,mitra_t4,data\raw\mitra\Data_T4\T4_DAll.csv,hard_brake,1,791.290616,781.290616,791.290616,1.0009999999999764,train
1515,mitra_t4,data\raw\mitra\Data_T4\T4_DAll.csv,hard_brake,6,842.141423,832.141423,842.141423,0.5672329999999874,train
1516,mitra_t4,data\raw\mitra\Data_T4\T4_DAll.csv,hard_brake,3,783.582915,773.582915,783.582915,1.034366000000091,train
1517,mitra_t4,data\raw\mitra\Data_T4\T4_DAll.csv,hard_brake,5,839.872489,829.872489,839.872489,0.7340669999999818,train
1518,mitra_t4,data\raw\mitra\Data_T4\T4_DAll.csv,hard_brake,3,784.817481,774.817481,784.817481,0.8007999999999811,train
1519,mitra_t4,data\raw\mitra\Data_T4\T4_DAll.csv,hard_brake,2,770.469813,760.469813,770.469813,1.1344659999999749,train
1520,mitra_t4,data\raw\mitra\Data_T4\T4_DAll.csv,hard_brake,3,785.418081,775.418081,785.418081,1.0343669999999747,train
1521,mitra_t4,data\raw\mitra\Data_T4\T4_DAll.csv,hard_brake,3,786.552548,776.552548,786.552548,0.9008999999999788,train
1522,mitra_t4,data\raw\mitra\Data_T4\T4_DAll.csv,hard_brake,3,771.437446,761.437446,771.437446,0.6673329999999851,train
1523,mitra_t4,data\raw\mitra\Data_T4\T4_DAll.csv,hard_brake,6,844.77739,834.77739,844.77739,0.8341669999999795,train
1524,mitra_t4,data\raw\mitra\Data_T4\T4_DAll.csv,hard_brake,2,791.857849,781.857849,791.857849,0.9342669999999772,train
1525,mitra_t4,data\raw\mitra\Data_T4\T4_DAll.csv,hard_brake,2,764.263612,754.263612,764.263612,0.9342659999999796,train
1526,mitra_t4,data\raw\mitra\Data_T4\T4_DAll.csv,hard_brake,1,792.958949,782.958949,792.958949,0.8341670000000931,train
1527,mitra_t4,data\raw\mitra\Data_T4\T4_DAll.csv,hard_brake,3,787.853848,777.853848,787.853848,0.5672339999999849,train
1528,mitra_t4,data\raw\mitra\Data_T4\T4_DAll.csv,hard_brake,2,794.393716,784.393716,794.393716,0.9008999999999788,train
1529,mitra_t4,data\raw\mitra\Data_T4\T4_DAll.csv,hard_brake,1,795.394716,785.394716,795.394716,0.5672339999999849,train
1530,mitra_t4,data\raw\mitra\Data_T4\T4_DAll.csv,hard_brake,1,795.86185,785.86185,795.86185,0.9342659999999796,train
1531,mitra_t4,data\raw\mitra\Data_T4\T4_DAll.csv,hard_brake,3,790.056049,780.056049,790.056049,0.9008999999999788,train
1532,mitra_t4,data\raw\mitra\Data_T4\T4_DAll.csv,hard_brake,5,809.442085,799.442085,809.442085,0.8007999999999811,train
1533,mitra_t4,data\raw\mitra\Data_T4\T4_DAll.csv,hard_brake,3,791.457449,781.457449,791.457449,0.8341669999999795,train
1534,mitra_t4,data\raw\mitra\Data_T4\T4_DAll.csv,hard_brake,1,800.76675,790.76675,800.76675,0.8675339999999778,train
1535,mitra_t4,data\raw\mitra\Data_T4\T4_DAll.csv,hard_brake,4,843.843123,833.843123,843.843123,0.6005999999999858,train
1536,mitra_t4,data\raw\mitra\Data_T4\T4_DAll.csv,hard_brake,5,810.376352,800.376352,810.376352,0.7006999999999834,train
1537,mitra_t4,data\raw\mitra\Data_T4\T4_DAll.csv,hard_brake,2,798.16415,788.16415,798.16415,1.134467000000086,train
1538,mitra_t4,data\raw\mitra\Data_T4\T4_DAll.csv,hard_brake,1,803.169151,793.169151,803.169151,1.3012999999999693,train
1539,mitra_t4,data\raw\mitra\Data_T4\T4_DAll.csv,hard_brake,3,792.758749,782.758749,792.758749,0.8675339999999778,train
1540,mitra_t4,data\raw\mitra\Data_T4\T4_DAll.csv,hard_brake,2,799.799117,789.799117,799.799117,0.8341669999999795,train
1541,mitra_t4,data\raw\mitra\Data_T4\T4_DAll.csv,hard_brake,6,850.249524,840.249524,850.249524,1.5348670000000766,train
1542,mitra_t4,data\raw\mitra\Data_T4\T4_DAll.csv,hard_brake,3,795.327983,785.327983,795.327983,0.8007999999999811,train
1543,mitra_t4,data\raw\mitra\Data_T4\T4_DAll.csv,hard_brake,1,805.037684,795.037684,805.037684,0.7674339999999802,train
1544,mitra_t4,data\raw\mitra\Data_T4\T4_DAll.csv,hard_brake,5,845.544824,835.544824,845.544824,0.9009000000000924,train
1545,mitra_t4,data\raw\mitra\Data_T4\T4_DAll.csv,hard_brake,2,756.989677,746.989677,756.989677,0.7006999999999834,train
1546,mitra_t4,data\raw\mitra\Data_T4\T4_DAll.csv,hard_brake,5,852.251525,842.251525,852.251525,1.4347659999999678,train
1547,mitra_t4,data\raw\mitra\Data_T4\T4_DAll.csv,hard_brake,21,770.936946,760.936946,770.936946,0.5004999999999882,train
1548,mitra_t4,data\raw\mitra\Data_T4\T4_DAll.csv,hard_brake,3,796.896216,786.896216,796.896216,0.9009009999999762,train
1549,mitra_t4,data\raw\mitra\Data_T4\T4_DAll.csv,hard_brake,3,768.401079,758.401079,768.401079,0.9008999999999788,train
1550,mitra_t4,data\raw\mitra\Data_T4\T4_DAll.csv,hard_brake,3,774.573913,764.573913,774.573913,0.5338670000001002,train
1551,mitra_t4,data\raw\mitra\Data_T4\T4_DAll.csv,hard_brake,3,799.76575,789.76575,799.76575,0.6339669999999842,train
1552,mitra_t4,data\raw\mitra\Data_T4\T4_DAll.csv,hard_brake,3,759.058411,749.058411,759.058411,0.5672329999999874,train
1553,mitra_t4,data\raw\mitra\Data_T4\T4_DAll.csv,hard_brake,0,763.629645,753.629645,763.629645,0.7340669999999818,train
1554,mitra_t4,data\raw\mitra\Data_T4\T4_DAll.csv,hard_brake,0,768.367712,758.367712,768.367712,0.7006999999999834,train
1555,mitra_t4,data\raw\mitra\Data_T4\T4_DAll.csv,hard_brake,7,814.580552,804.580552,814.580552,0.6673339999999826,train
1556,mitra_t4,data\raw\mitra\Data_T4\T4_DAll.csv,hard_brake,4,845.07769,835.07769,845.07769,1.0343670000000884,train
1557,mitra_t4,data\raw\mitra\Data_T4\T4_DAll.csv,hard_brake,3,756.522544,746.522544,756.522544,0.6339669999999842,train
1558,mitra_t4,data\raw\mitra\Data_T4\T4_DAll.csv,hard_brake,3,759.191878,749.191878,759.191878,0.5672329999999874,train
1559,mitra_t4,data\raw\mitra\Data_T4\T4_DAll.csv,hard_brake,1,811.510819,801.510819,811.510819,0.6339659999999867,train
1560,mitra_t4,data\raw\mitra\Data_T4\T4_DAll.csv,hard_brake,7,851.183791,841.183791,851.183791,0.9342669999999772,train
1561,mitra_t4,data\raw\mitra\Data_T4\T4_DAll.csv,hard_brake,1,814.847486,804.847486,814.847486,0.967632999999978,train
1562,mitra_t4,data\raw\mitra\Data_T4\T4_DAll.csv,hard_brake,3,800.76675,790.76675,800.76675,1.201200999999969,train
1563,mitra_t4,data\raw\mitra\Data_T4\T4_DAll.csv,hard_brake,3,803.602917,793.602917,803.602917,1.0343669999999747,train
1564,mitra_t4,data\raw\mitra\Data_T4\T4_DAll.csv,hard_brake,7,861.427359,851.427359,861.427359,0.8675339999999778,train
1565,mitra_t4,data\raw\mitra\Data_T4\T4_DAll.csv,hard_brake,5,815.448086,805.448086,815.448086,0.8007999999999811,train
1566,mitra_t4,data\raw\mitra\Data_T4\T4_DAll.csv,hard_brake,2,806.205518,796.205518,806.205518,1.101099999999974,train
1567,mitra_t4,data\raw\mitra\Data_T4\T4_DAll.csv,hard_brake,5,855.554825,845.554825,855.554825,1.5682339999999613,train
1568,mitra_t4,data\raw\mitra\Data_T4\T4_DAll.csv,hard_brake,4,848.881491,838.881491,848.881491,0.9008999999999788,train
1569,mitra_t4,data\raw\mitra\Data_T4\T4_DAll.csv,hard_brake,7,827.860488,817.860488,827.860488,0.9008999999999788,train
1570,mitra_t4,data\raw\mitra\Data_T4\T4_DAll.csv,hard_brake,1,816.549186,806.549186,816.549186,0.7674329999999827,train
1571,mitra_t4,data\raw\mitra\Data_T4\T4_DAll.csv,hard_brake,1,817.983953,807.983953,817.983953,0.8341669999999795,train
1572,mitra_t4,data\raw\mitra\Data_T4\T4_DAll.csv,hard_brake,21,817.81712,807.81712,817.81712,0.7006999999999834,train
1573,mitra_t4,data\raw\mitra\Data_T4\T4_DAll.csv,hard_brake,4,849.949224,839.949224,849.949224,0.8341670000000931,train
1574,mitra_t4,data\raw\mitra\Data_T4\T4_DAll.csv,hard_brake,7,829.428721,819.428721,829.428721,0.8341669999999795,train
1575,mitra_t4,data\raw\mitra\Data_T4\T4_DAll.csv,hard_brake,1,819.185153,809.185153,819.185153,0.8007999999999811,train
1576,mitra_t4,data\raw\mitra\Data_T4\T4_DAll.csv,hard_brake,2,814.947586,804.947586,814.947586,0.7006999999999834,train
1577,mitra_t4,data\raw\mitra\Data_T4\T4_DAll.csv,hard_brake,2,768.334346,758.334346,768.334346,0.5004999999999882,train
1578,mitra_t4,data\raw\mitra\Data_T4\T4_DAll.csv,hard_brake,2,809.975952,799.975952,809.975952,1.23456699999997,train
1579,mitra_t4,data\raw\mitra\Data_T4\T4_DAll.csv,hard_brake,3,806.439085,796.439085,806.439085,0.7006999999999834,train
1580,mitra_t4,data\raw\mitra\Data_T4\T4_DAll.csv,hard_brake,5,860.159426,850.159426,860.159426,0.8007999999999811,train
1581,mitra_t4,data\raw\mitra\Data_T4\T4_DAll.csv,hard_brake,2,811.744385,801.744385,811.744385,0.9008999999999788,train
1582,mitra_t4,data\raw\mitra\Data_T4\T4_DAll.csv,hard_brake,6,861.961226,851.961226,861.961226,1.1678329999999733,train
1583,mitra_t4,data\raw\mitra\Data_T4\T4_DAll.csv,hard_brake,4,850.750024,840.750024,850.750024,1.2011999999999716,train
1584,mitra_t4,data\raw\mitra\Data_T4\T4_DAll.csv,hard_brake,7,799.298617,789.298617,799.298617,0.5338669999999865,train
1585,mitra_t4,data\raw\mitra\Data_T4\T4_DAll.csv,hard_brake,6,822.755387,812.755387,822.755387,0.6339669999999842,train
1586,mitra_t4,data\raw\mitra\Data_T4\T4_DAll.csv,hard_brake,5,863.462726,853.462726,863.462726,0.8341669999999795,train
1587,mitra_t4,data\raw\mitra\Data_T4\T4_DAll.csv,hard_brake,7,864.263526,854.263526,864.263526,1.3680340000000797,train
1588,mitra_t4,data\raw\mitra\Data_T4\T4_DAll.csv,hard_brake,2,813.746386,803.746386,813.746386,1.4681329999999662,train
1589,mitra_t4,data\raw\mitra\Data_T4\T4_DAll.csv,hard_brake,5,864.063326,854.063326,864.063326,0.4671339999999873,train
1590,mitra_t4,data\raw\mitra\Data_T4\T4_DAll.csv,hard_brake,4,852.685291,842.685291,852.685291,1.2679339999999684,train
1591,mitra_t4,data\raw\mitra\Data_T4\T4_DAll.csv,hard_brake,3,808.441085,798.441085,808.441085,0.7006999999999834,train
1592,mitra_t4,data\raw\mitra\Data_T4\T4_DAll.csv,hard_brake,1,820.286253,810.286253,820.286253,0.8675339999999778,train
1593,mitra_t4,data\raw\mitra\Data_T4\T4_DAll.csv,hard_brake,4,855.387992,845.387992,855.387992,0.9008999999999788,train
1594,mitra_t4,data\raw\mitra\Data_T4\T4_DAll.csv,hard_brake,1,808.708018,798.708018,808.708018,0.6339669999999842,train
1595,mitra_t4,data\raw\mitra\Data_T4\T4_DAll.csv,hard_brake,2,817.016319,807.016319,817.016319,1.468134000000077,train
1596,mitra_t4,data\raw\mitra\Data_T4\T4_DAll.csv,hard_brake,5,869.268527,859.268527,869.268527,0.867533000000094,train
1597,mitra_t4,data\raw\mitra\Data_T4\T4_DAll.csv,hard_brake,3,812.011319,802.011319,812.011319,0.8008000000000948,train
1598,mitra_t4,data\raw\mitra\Data_T4\T4_DAll.csv,hard_brake,4,859.725659,849.725659,859.725659,1.0677330000000893,train
1599,mitra_t4,data\raw\mitra\Data_T4\T4_DAll.csv,hard_brake,1,826.792754,816.792754,826.792754,1.2012000000000853,train
1600,mitra_t4,data\raw\mitra\Data_T4\T4_DAll.csv,hard_brake,7,870.069327,860.069327,870.069327,0.9008999999999788,train
1601,mitra_t4,data\raw\mitra\Data_T4\T4_DAll.csv,hard_brake,2,824.42372,814.42372,824.42372,0.9009009999999762,train
1602,mitra_t4,data\raw\mitra\Data_T4\T4_DAll.csv,hard_brake,4,862.461726,852.461726,862.461726,0.8341669999999795,train
1603,mitra_t4,data\raw\mitra\Data_T4\T4_DAll.csv,hard_brake,2,827.593554,817.593554,827.593554,0.9008999999999788,train
1604,mitra_t4,data\raw\mitra\Data_T4\T4_DAll.csv,hard_brake,1,828.994954,818.994954,828.994954,1.067733999999973,train
1605,mitra_t4,data\raw\mitra\Data_T4\T4_DAll.csv,hard_brake,5,873.739661,863.739661,873.739661,0.9009000000000924,train
1606,mitra_t4,data\raw\mitra\Data_T4\T4_DAll.csv,hard_brake,2,825.124421,815.124421,825.124421,1.3680329999999683,train
1607,mitra_t4,data\raw\mitra\Data_T4\T4_DAll.csv,hard_brake,4,865.097693,855.097693,865.097693,0.8675339999999778,train
1608,mitra_t4,data\raw\mitra\Data_T4\T4_DAll.csv,hard_brake,1,812.645285,802.645285,812.645285,0.8341670000000931,train
1609,mitra_t4,data\raw\mitra\Data_T4\T4_DAll.csv,hard_brake,3,814.747386,804.747386,814.747386,0.9008999999999788,train
1610,mitra_t4,data\raw\mitra\Data_T4\T4_DAll.csv,hard_brake,1,834.266889,824.266889,834.266889,0.7340659999999843,train
1611,mitra_t4,data\raw\mitra\Data_T4\T4_DAll.csv,hard_brake,2,813.079052,803.079052,813.079052,0.7340669999999818,train
1612,mitra_t4,data\raw\mitra\Data_T4\T4_DAll.csv,hard_brake,7,837.503456,827.503456,837.503456,0.7674329999999827,train
1613,mitra_t4,data\raw\mitra\Data_T4\T4_DAll.csv,hard_brake,7,874.240161,864.240161,874.240161,1.4014000000000806,train
1614,mitra_t4,data\raw\mitra\Data_T4\T4_DAll.csv,hard_brake,7,878.410995,868.410995,878.410995,0.7340670000000955,train
1615,mitra_t4,data\raw\mitra\Data_T4\T4_DAll.csv,hard_brake,5,876.909495,866.909495,876.909495,0.9008999999999788,train
1616,mitra_t4,data\raw\mitra\Data_T4\T4_DAll.csv,hard_brake,4,870.536461,860.536461,870.536461,0.9342659999999796,train
1617,mitra_t4,data\raw\mitra\Data_T4\T4_DAll.csv,hard_brake,7,875.908495,865.908495,875.908495,0.9008999999999788,train
1618,mitra_t4,data\raw\mitra\Data_T4\T4_DAll.csv,hard_brake,5,842.141423,832.141423,842.141423,0.8007999999999811,train
1619,mitra_t4,data\raw\mitra\Data_T4\T4_DAll.csv,hard_brake,2,833.432722,823.432722,833.432722,0.9008999999999788,train
1620,mitra_t4,data\raw\mitra\Data_T4\T4_DAll.csv,hard_brake,2,829.995955,819.995955,829.995955,0.834165999999982,train
1621,mitra_t4,data\raw\mitra\Data_T4\T4_DAll.csv,hard_brake,4,871.837761,861.837761,871.837761,0.8007999999999811,train
1622,mitra_t4,data\raw\mitra\Data_T4\T4_DAll.csv,hard_brake,2,832.031322,822.031322,832.031322,0.8007999999999811,train
1623,mitra_t4,data\raw\mitra\Data_T4\T4_DAll.csv,hard_brake,5,884.817396,874.817396,884.817396,0.6673329999999851,train
1624,mitra_t4,data\raw\mitra\Data_T4\T4_DAll.csv,hard_brake,2,820.252887,810.252887,820.252887,0.4671329999999898,train
1625,mitra_t4,data\raw\mitra\Data_T4\T4_DAll.csv,hard_brake,4,876.609195,866.609195,876.609195,1.0343669999999747,train
1626,mitra_t4,data\raw\mitra\Data_T4\T4_DAll.csv,hard_brake,6,871.036961,861.036961,871.036961,0.6005999999999858,train
1627,mitra_t4,data\raw\mitra\Data_T4\T4_DAll.csv,hard_brake,3,829.028321,819.028321,829.028321,0.8007999999999811,train
1628,mitra_t4,data\raw\mitra\Data_T4\T4_DAll.csv,hard_brake,2,834.100055,824.100055,834.100055,1.23456699999997,train
1629,mitra_t4,data\raw\mitra\Data_T4\T4_DAll.csv,hard_brake,3,830.996955,820.996955,830.996955,0.8341670000000931,train
1630,mitra_t4,data\raw\mitra\Data_T4\T4_DAll.csv,hard_brake,4,878.310895,868.310895,878.310895,0.6673329999999851,train
1631,mitra_t4,data\raw\mitra\Data_T4\T4_DAll.csv,hard_brake,2,838.003956,828.003956,838.003956,0.8341669999999795,train
1632,mitra_t4,data\raw\mitra\Data_T4\T4_DAll.csv,hard_brake,6,882.515096,872.515096,882.515096,1.4681330000000798,train
1633,mitra_t4,data\raw\mitra\Data_T4\T4_DAll.csv,hard_brake,5,887.119696,877.119696,887.119696,0.7006999999999834,train
1634,mitra_t4,data\raw\mitra\Data_T4\T4_DAll.csv,hard_brake,1,828.127421,818.127421,828.127421,0.8675329999999803,train
1635,mitra_t4,data\raw\mitra\Data_T4\T4_DAll.csv,hard_brake,3,832.598555,822.598555,832.598555,0.9008999999999788,train
1636,mitra_t4,data\raw\mitra\Data_T4\T4_DAll.csv,hard_brake,4,879.712295,869.712295,879.712295,0.7674339999999802,train
1637,mitra_t4,data\raw\mitra\Data_T4\T4_DAll.csv,hard_brake,2,839.772389,829.772389,839.772389,0.9009009999999762,train
1638,mitra_t4,data\raw\mitra\Data_T4\T4_DAll.csv,hard_brake,1,831.897855,821.897855,831.897855,0.7674329999999827,train
1639,mitra_t4,data\raw\mitra\Data_T4\T4_DAll.csv,hard_brake,1,847.880491,837.880491,847.880491,1.1344659999999749,train
1640,mitra_t4,data\raw\mitra\Data_T4\T4_DAll.csv,hard_brake,4,888.38763,878.38763,888.38763,0.7674330000000964,train
1641,mitra_t4,data\raw\mitra\Data_T4\T4_DAll.csv,hard_brake,1,844.944223,834.944223,844.944223,0.7340669999999818,train
1642,mitra_t4,data\raw\mitra\Data_T4\T4_DAll.csv,hard_brake,6,885.918496,875.918496,885.918496,0.7340669999999818,train
1643,mitra_t4,data\raw\mitra\Data_T4\T4_DAll.csv,hard_brake,3,835.534822,825.534822,835.534822,0.9676340000000891,train
1644,mitra_t4,data\raw\mitra\Data_T4\T4_DAll.csv,hard_brake,2,844.310257,834.310257,844.310257,0.8675329999999803,train
1645,mitra_t4,data\raw\mitra\Data_T4\T4_DAll.csv,hard_brake,2,812.578552,802.578552,812.578552,0.9342670000000908,train
1646,mitra_t4,data\raw\mitra\Data_T4\T4_DAll.csv,hard_brake,4,890.08933,880.08933,890.08933,0.7340669999999818,train
1647,mitra_t4,data\raw\mitra\Data_T4\T4_DAll.csv,hard_brake,2,846.77939,836.77939,846.77939,0.9009009999999762,train
1648,mitra_t4,data\raw\mitra\Data_T4\T4_DAll.csv,hard_brake,7,895.895131,885.895131,895.895131,1.4347669999999653,train
1649,mitra_t4,data\raw\mitra\Data_T4\T4_DAll.csv,hard_brake,3,837.503456,827.503456,837.503456,0.6673329999999851,train
1650,mitra_t4,data\raw\mitra\Data_T4\T4_DAll.csv,hard_brake,2,841.006956,831.006956,841.006956,0.8341670000000931,train
1651,mitra_t4,data\raw\mitra\Data_T4\T4_DAll.csv,hard_brake,5,890.48973,880.48973,890.48973,0.6673339999999826,train
1652,mitra_t4,data\raw\mitra\Data_T4\T4_DAll.csv,hard_brake,3,842.37499,832.37499,842.37499,0.967632999999978,train
1653,mitra_t4,data\raw\mitra\Data_T4\T4_DAll.csv,hard_brake,4,892.224797,882.224797,892.224797,0.7674329999999827,train
1654,mitra_t4,data\raw\mitra\Data_T4\T4_DAll.csv,hard_brake,1,838.604556,828.604556,838.604556,1.0677329999999756,train
1655,mitra_t4,data\raw\mitra\Data_T4\T4_DAll.csv,hard_brake,7,899.331898,889.331898,899.331898,0.8341669999999795,train
1656,mitra_t4,data\raw\mitra\Data_T4\T4_DAll.csv,hard_brake,3,839.171789,829.171789,839.171789,0.8007999999999811,train
1657,mitra_t4,data\raw\mitra\Data_T4\T4_DAll.csv,hard_brake,7,865.93186,855.93186,865.93186,0.7006999999999834,train
1658,mitra_t4,data\raw\mitra\Data_T4\T4_DAll.csv,hard_brake,3,841.340623,831.340623,841.340623,1.0009999999999764,train
1659,mitra_t4,data\raw\mitra\Data_T4\T4_DAll.csv,hard_brake,1,839.705656,829.705656,839.705656,0.8007999999999811,train
1660,mitra_t4,data\raw\mitra\Data_T4\T4_DAll.csv,hard_brake,6,901.300532,891.300532,901.300532,1.23456699999997,train
1661,mitra_t4,data\raw\mitra\Data_T4\T4_DAll.csv,hard_brake,4,863.562826,853.562826,863.562826,0.9008999999999788,train
1662,mitra_t4,data\raw\mitra\Data_T4\T4_DAll.csv,hard_brake,3,840.406356,830.406356,840.406356,1.1011000000000877,train
1663,mitra_t4,data\raw\mitra\Data_T4\T4_DAll.csv,hard_brake,1,840.67329,830.67329,840.67329,0.6673330000000988,train
1664,mitra_t4,data\raw\mitra\Data_T4\T4_DAll.csv,hard_brake,3,841.207156,831.207156,841.207156,1.0343669999999747,train
1665,mitra_t4,data\raw\mitra\Data_T4\T4_DAll.csv,hard_brake,3,843.909857,833.909857,843.909857,0.7674329999999827,train
1666,mitra_t4,data\raw\mitra\Data_T4\T4_DAll.csv,hard_brake,2,855.721658,845.721658,855.721658,0.8007999999999811,train
1667,mitra_t4,data\raw\mitra\Data_T4\T4_DAll.csv,hard_brake,3,845.010957,835.010957,845.010957,1.00100000000009,train
1668,mitra_t4,data\raw\mitra\Data_T4\T4_DAll.csv,hard_brake,4,896.095331,886.095331,896.095331,1.0677329999999756,train
1669,mitra_t4,data\raw\mitra\Data_T4\T4_DAll.csv,hard_brake,7,904.336899,894.336899,904.336899,0.8341669999999795,train
1670,mitra_t4,data\raw\mitra\Data_T4\T4_DAll.csv,hard_brake,1,846.17879,836.17879,846.17879,0.8341669999999795,train
1671,mitra_t4,data\raw\mitra\Data_T4\T4_DAll.csv,hard_brake,5,900.299532,890.299532,900.299532,0.7006999999999834,train
1672,mitra_t4,data\raw\mitra\Data_T4\T4_DAll.csv,hard_brake,6,857.590192,847.590192,857.590192,0.8675329999999803,train
1673,mitra_t4,data\raw\mitra\Data_T4\T4_DAll.csv,hard_brake,1,857.990592,847.990592,857.990592,1.368033999999966,train
1674,mitra_t4,data\raw\mitra\Data_T4\T4_DAll.csv,hard_brake,7,906.238799,896.238799,906.238799,0.7674339999999802,train
1675,mitra_t4,data\raw\mitra\Data_T4\T4_DAll.csv,hard_brake,4,902.334899,892.334899,902.334899,0.5005000000001019,train
1676,mitra_t4,data\raw\mitra\Data_T4\T4_DAll.csv,hard_brake,7,871.537461,861.537461,871.537461,0.7674329999999827,train
1677,mitra_t4,data\raw\mitra\Data_T4\T4_DAll.csv,hard_brake,7,907.773666,897.773666,907.773666,0.9008999999999788,train
1678,mitra_t4,data\raw\mitra\Data_T4\T4_DAll.csv,hard_brake,4,903.836399,893.836399,903.836399,0.5004999999999882,train
1679,mitra_t4,data\raw\mitra\Data_T4\T4_DAll.csv,hard_brake,6,876.742661,866.742661,876.742661,0.5672339999999849,train
1680,mitra_t4,data\raw\mitra\Data_T4\T4_DAll.csv,hard_brake,4,898.964865,888.964865,898.964865,0.7006999999999834,train
1681,mitra_t4,data\raw\mitra\Data_T4\T4_DAll.csv,hard_brake,5,875.941861,865.941861,875.941861,0.8675339999999778,train
1682,mitra_t4,data\raw\mitra\Data_T4\T4_DAll.csv,hard_brake,2,861.460726,851.460726,861.460726,0.9008999999999788,train
1683,mitra_t4,data\raw\mitra\Data_T4\T4_DAll.csv,hard_brake,4,905.504732,895.504732,905.504732,0.6673339999999826,train
1684,mitra_t4,data\raw\mitra\Data_T4\T4_DAll.csv,hard_brake,5,903.169065,893.169065,903.169065,0.6673339999999826,train
1685,mitra_t4,data\raw\mitra\Data_T4\T4_DAll.csv,hard_brake,21,838.938223,828.938223,838.938223,0.5004999999999882,train
1686,mitra_t4,data\raw\mitra\Data_T4\T4_DAll.csv,hard_brake,2,860.459726,850.459726,860.459726,0.5672329999999874,train
1687,mitra_t4,data\raw\mitra\Data_T4\T4_DAll.csv,hard_brake,3,861.961226,851.961226,861.961226,0.9008999999999788,train
1688,mitra_t4,data\raw\mitra\Data_T4\T4_DAll.csv,hard_brake,3,856.122058,846.122058,856.122058,1.067733999999973,train
1689,mitra_t4,data\raw\mitra\Data_T4\T4_DAll.csv,hard_brake,3,860.860126,850.860126,860.860126,0.8341669999999795,train
1690,mitra_t4,data\raw\mitra\Data_T4\T4_DAll.csv,hard_brake,5,905.771666,895.771666,905.771666,0.9008999999999788,train
1691,mitra_t4,data\raw\mitra\Data_T4\T4_DAll.csv,hard_brake,2,850.750024,840.750024,850.750024,0.5338669999999865,train
1692,mitra_t4,data\raw\mitra\Data_T4\T4_DAll.csv,hard_brake,3,858.023959,848.023959,858.023959,0.8341669999999795,train
1693,mitra_t4,data\raw\mitra\Data_T4\T4_DAll.csv,hard_brake,3,860.159426,850.159426,860.159426,0.8675329999999803,train
1694,mitra_t4,data\raw\mitra\Data_T4\T4_DAll.csv,hard_brake,7,910.776666,900.776666,910.776666,0.5672339999999849,train
1695,mitra_t4,data\raw\mitra\Data_T4\T4_DAll.csv,hard_brake,2,866.398993,856.398993,866.398993,1.4681339999999636,train
1696,mitra_t4,data\raw\mitra\Data_T4\T4_DAll.csv,hard_brake,1,860.159426,850.159426,860.159426,0.8675329999999803,train
1697,mitra_t4,data\raw\mitra\Data_T4\T4_DAll.csv,hard_brake,3,864.163426,854.163426,864.163426,0.7674340000000939,train
1698,mitra_t4,data\raw\mitra\Data_T4\T4_DAll.csv,hard_brake,4,884.316896,874.316896,884.316896,0.6673329999999851,train
1699,mitra_t4,data\raw\mitra\Data_T4\T4_DAll.csv,hard_brake,1,872.805394,862.805394,872.805394,1.23456699999997,train
1700,mitra_t4,data\raw\mitra\Data_T4\T4_DAll.csv,hard_brake,3,863.095693,853.095693,863.095693,0.9342669999999772,train
1701,mitra_t4,data\raw\mitra\Data_T4\T4_DAll.csv,hard_brake,5,910.9435,900.9435,910.9435,0.9008999999999788,train
1702,mitra_t4,data\raw\mitra\Data_T4\T4_DAll.csv,hard_brake,4,885.317896,875.317896,885.317896,0.8341669999999795,train
1703,mitra_t4,data\raw\mitra\Data_T4\T4_DAll.csv,hard_brake,4,910.576466,900.576466,910.576466,1.1011009999999717,train
1704,mitra_t4,data\raw\mitra\Data_T4\T4_DAll.csv,hard_brake,1,880.146062,870.146062,880.146062,1.0677329999999756,train
1705,mitra_t4,data\raw\mitra\Data_T4\T4_DAll.csv,hard_brake,5,911.777667,901.777667,911.777667,0.6339660000001004,train
1706,mitra_t4,data\raw\mitra\Data_T4\T4_DAll.csv,hard_brake,2,868.467727,858.467727,868.467727,0.9008999999999788,train
1707,mitra_t4,data\raw\mitra\Data_T4\T4_DAll.csv,hard_brake,1,882.281529,872.281529,882.281529,1.101099999999974,train
1708,mitra_t4,data\raw\mitra\Data_T4\T4_DAll.csv,hard_brake,1,870.703294,860.703294,870.703294,1.0009999999999764,train
1709,mitra_t4,data\raw\mitra\Data_T4\T4_DAll.csv,hard_brake,3,872.505094,862.505094,872.505094,0.8675339999999778,train
1710,mitra_t4,data\raw\mitra\Data_T4\T4_DAll.csv,hard_brake,7,871.670927,861.670927,871.670927,0.9676339999999756,train
1711,mitra_t4,data\raw\mitra\Data_T4\T4_DAll.csv,hard_brake,6,904.236799,894.236799,904.236799,0.6005999999999858,train
1712,mitra_t4,data\raw\mitra\Data_T4\T4_DAll.csv,hard_brake,3,879.044962,869.044962,879.044962,0.8341669999999795,train
1713,mitra_t4,data\raw\mitra\Data_T4\T4_DAll.csv,hard_brake,1,885.985229,875.985229,885.985229,0.9009009999999762,train
1714,mitra_t4,data\raw\mitra\Data_T4\T4_DAll.csv,hard_brake,2,883.315896,873.315896,883.315896,0.9009000000000924,train
1715,mitra_t4,data\raw\mitra\Data_T4\T4_DAll.csv,hard_brake,3,881.180429,871.180429,881.180429,0.8675329999999803,train
1716,mitra_t4,data\raw\mitra\Data_T4\T4_DAll.csv,hard_brake,7,893.192431,883.192431,893.192431,0.8007999999999811,train
1717,mitra_t4,data\raw\mitra\Data_T4\T4_DAll.csv,hard_brake,1,889.38863,879.38863,889.38863,0.9342669999999772,train
1718,mitra_t4,data\raw\mitra\Data_T4\T4_DAll.csv,hard_brake,2,886.252163,876.252163,886.252163,0.6339669999999842,train
1719,mitra_t4,data\raw\mitra\Data_T4\T4_DAll.csv,hard_brake,0,860.459726,850.459726,860.459726,1.1344669999999724,train
1720,mitra_t4,data\raw\mitra\Data_T4\T4_DAll.csv,hard_brake,2,891.657564,881.657564,891.657564,0.9008999999999788,train
1721,mitra_t4,data\raw\mitra\Data_T4\T4_DAll.csv,hard_brake,2,896.562464,886.562464,896.562464,0.8341669999999795,train
1722,mitra_t4,data\raw\mitra\Data_T4\T4_DAll.csv,hard_brake,2,893.726297,883.726297,893.726297,0.6673339999999826,train
1723,mitra_t4,data\raw\mitra\Data_T4\T4_DAll.csv,hard_brake,2,897.930498,887.930498,897.930498,0.6339670000000979,train
1724,mitra_t4,data\raw\mitra\Data_T4\T4_DAll.csv,hard_brake,3,894.860764,884.860764,894.860764,0.8675339999999778,train
1725,mitra_t4,data\raw\mitra\Data_T4\T4_DAll.csv,hard_brake,1,903.869765,893.869765,903.869765,0.8675339999999778,train
1726,mitra_t4,data\raw\mitra\Data_T4\T4_DAll.csv,hard_brake,1,902.968865,892.968865,902.968865,0.7674339999999802,train
1727,mitra_t4,data\raw\mitra\Data_T4\T4_DAll.csv,hard_brake,3,892.89213,882.89213,892.89213,0.8341670000000931,train
1728,mitra_t4,data\raw\mitra\Data_T4\T4_DAll.csv,hard_brake,2,903.402632,893.402632,903.402632,0.8341669999999795,train
1729,mitra_t4,data\raw\mitra\Data_T4\T4_DAll.csv,hard_brake,1,905.437999,895.437999,905.437999,0.8007999999999811,train
1730,mitra_t4,data\raw\mitra\Data_T4\T4_DAll.csv,hard_brake,3,897.363264,887.363264,897.363264,0.7007010000000946,train
1731,mitra_t4,data\raw\mitra\Data_T4\T4_DAll.csv,hard_brake,1,906.839399,896.839399,906.839399,1.4014000000000806,train
1732,mitra_t4,data\raw\mitra\Data_T4\T4_DAll.csv,hard_brake,3,898.964865,888.964865,898.964865,0.7674329999999827,train
1733,mitra_t4,data\raw\mitra\Data_T4\T4_DAll.csv,hard_brake,2,905.171066,895.171066,905.171066,0.7340659999999843,train
1734,mitra_t4,data\raw\mitra\Data_T4\T4_DAll.csv,hard_brake,3,901.634198,891.634198,901.634198,0.7674339999999802,train
1735,mitra_t4,data\raw\mitra\Data_T4\T4_DAll.csv,hard_brake,2,883.582829,873.582829,883.582829,0.5005000000001019,train
1736,mitra_t4,data\raw\mitra\Data_T4\T4_DAll.csv,hard_brake,2,909.108333,899.108333,909.108333,0.6339669999999842,train
1737,mitra_t4,data\raw\mitra\Data_T4\T4_DAll.csv,hard_brake,3,902.768665,892.768665,902.768665,0.9676339999999756,train
1738,mitra_t4,data\raw\mitra\Data_T4\T4_DAll.csv,hard_brake,10,911.7443,901.7443,911.7443,0.5005000000001019,train
1739,mitra_t4,data\raw\mitra\Data_T4\T4_DAll.csv,hard_brake,3,903.702932,893.702932,903.702932,0.8675339999999778,train
1740,mitra_t4,data\raw\mitra\Data_T4\T4_DAll.csv,hard_brake,6,911.7443,901.7443,911.7443,0.5005000000001019,train
1741,mitra_t4,data\raw\mitra\Data_T4\T4_DAll.csv,hard_brake,1,901.133698,891.133698,901.133698,0.7674339999999802,train
1742,mitra_t4,data\raw\mitra\Data_T4\T4_DAll.csv,hard_brake,2,905.738299,895.738299,905.738299,0.8341669999999795,train
1743,mitra_t4,data\raw\mitra\Data_T4\T4_DAll.csv,hard_brake,3,904.870766,894.870766,904.870766,0.8675329999999803,train
1744,mitra_t4,data\raw\mitra\Data_T4\T4_DAll.csv,hard_brake,4,911.477367,901.477367,911.477367,0.7674330000000964,train
1745,mitra_t4,data\raw\mitra\Data_T4\T4_DAll.csv,hard_brake,3,906.605832,896.605832,906.605832,1.134467000000086,train
1746,mitra_t4,data\raw\mitra\Data_T4\T4_DAll.csv,hard_brake,3,907.940499,897.940499,907.940499,0.5338669999999865,train
1747,mitra_t4,data\raw\mitra\Data_T4\T4_DAll.csv,hard_brake,4,911.777667,901.777667,911.777667,0.4671330000001035,train
1748,mitra_t4,data\raw\mitra\Data_T4\T4_DAll.csv,hard_brake,4,909.3419,899.3419,909.3419,0.5672329999999874,train
1749,mitra_t4,data\raw\mitra\Data_T4\T4_DAll.csv,hard_brake,7,911.510733,901.510733,911.510733,0.7340670000000955,train
1750,mitra_t4,data\raw\mitra\Data_T4\T4_DAll.csv,hard_brake,1,911.177066,901.177066,911.177066,1.0677340000000868,train
1751,mitra_t4,data\raw\mitra\Data_T4\T4_DAll.csv,hard_brake,5,909.275166,899.275166,909.275166,0.6339669999999842,train
1752,mitra_t4,data\raw\mitra\Data_T4\T4_DAll.csv,hard_brake,20,911.7443,901.7443,911.7443,0.5005000000001019,train
1753,mitra_t4,data\raw\mitra\Data_T4\T4_DAll.csv,hard_brake,7,911.710933,901.710933,911.710933,0.5338670000001002,train
1754,mitra_t4,data\raw\mitra\Data_T4\T4_DAll.csv,hard_brake,2,911.177066,901.177066,911.177066,1.0677340000000868,train
1755,mitra_t4,data\raw\mitra\Data_T4\T4_DAll.csv,hard_brake,1,911.577467,901.577467,911.577467,0.6673330000000988,train
1756,mitra_t4,data\raw\mitra\Data_T4\T4_DAll.csv,hard_brake,2,911.510733,901.510733,911.510733,0.6673340000000962,train
1757,mitra_t4,data\raw\mitra\Data_T4\T4_DAll.csv,hard_brake,3,911.444,901.444,911.444,0.8008000000000948,train
1758,mitra_t4,data\raw\mitra\Data_T4\T4_DAll.csv,hard_brake,3,911.610833,901.610833,911.610833,0.6339670000000979,train
1759,mitra_t4,data\raw\mitra\Data_T4\T4_DAll.csv,hard_brake,20,911.510733,901.510733,911.510733,0.7340670000000955,train
1760,mitra_t4,data\raw\mitra\Data_T4\T4_DAll.csv,hard_brake,3,907.873766,897.873766,907.873766,0.4671329999999898,train
1761,mitra_t5,data\raw\mitra\Data_T5\T5_DAll.csv,queue,4,1.034367,-8.965633,1.034367,40.206855,train
1762,mitra_t5,data\raw\mitra\Data_T5\T5_DAll.csv,queue,4,677.043398,667.043398,677.043398,12.27893999999992,train
1763,mitra_t5,data\raw\mitra\Data_T5\T5_DAll.csv,queue,10,34.868185,24.868185,34.868185,9.409405,train
1764,mitra_t5,data\raw\mitra\Data_T5\T5_DAll.csv,queue,10,575.541943,565.541943,575.541943,48.84882600000003,train
1765,mitra_t5,data\raw\mitra\Data_T5\T5_DAll.csv,queue,10,643.142846,633.142846,643.142846,24.09074600000008,train
1766,mitra_t5,data\raw\mitra\Data_T5\T5_DAll.csv,queue,10,817.483773,807.483773,817.483773,22.756079,train
1767,mitra_t5,data\raw\mitra\Data_T5\T5_DAll.csv,queue,5,675.475163,665.475163,675.475163,12.512507000000028,train
1768,mitra_t5,data\raw\mitra\Data_T5\T5_DAll.csv,queue,6,797.163462,787.163462,797.163462,22.52251200000001,train
1769,mitra_t5,data\raw\mitra\Data_T5\T5_DAll.csv,queue,7,873.940204,863.940204,873.940204,7.440770000000043,train
1770,mitra_t5,data\raw\mitra\Data_T5\T5_DAll.csv,hard_brake,1,17.851176,7.851175999999999,17.851176,1.1678340000000027,train
1771,mitra_t5,data\raw\mitra\Data_T5\T5_DAll.csv,hard_brake,7,21.254578,11.254578,21.254578,0.5672340000000027,train
1772,mitra_t5,data\raw\mitra\Data_T5\T5_DAll.csv,hard_brake,7,50.884194,40.884194,50.884194,0.9009009999999976,train
1773,mitra_t5,data\raw\mitra\Data_T5\T5_DAll.csv,hard_brake,7,49.61626,39.61626,49.61626,0.8341670000000008,train
1774,mitra_t5,data\raw\mitra\Data_T5\T5_DAll.csv,hard_brake,4,19.519511,9.519511,19.519511,0.8341669999999972,train
1775,mitra_t5,data\raw\mitra\Data_T5\T5_DAll.csv,hard_brake,2,11.77844,1.7784399999999998,11.77844,0.9009,train
1776,mitra_t5,data\raw\mitra\Data_T5\T5_DAll.csv,hard_brake,3,10.143472,0.1434719999999991,10.143472,0.7007010000000005,train
1777,mitra_t5,data\raw\mitra\Data_T5\T5_DAll.csv,hard_brake,2,14.314308,4.3143080000000005,14.314308,0.7006999999999994,train
1778,mitra_t5,data\raw\mitra\Data_T5\T5_DAll.csv,hard_brake,1,17.250576,7.250575999999999,17.250576,0.6006,train
1779,mitra_t5,data\raw\mitra\Data_T5\T5_DAll.csv,hard_brake,5,52.318961,42.318961,52.318961,0.4671340000000015,train
1780,mitra_t5,data\raw\mitra\Data_T5\T5_DAll.csv,hard_brake,4,32.032017,22.032017000000003,32.032017,1.968634999999999,train
1781,mitra_t5,data\raw\mitra\Data_T5\T5_DAll.csv,hard_brake,1,9.409405,-0.5905950000000004,9.409405,0.7674339999999997,train
1782,mitra_t5,data\raw\mitra\Data_T5\T5_DAll.csv,hard_brake,7,65.298602,55.298602,65.298602,1.5015009999999904,train
1783,mitra_t5,data\raw\mitra\Data_T5\T5_DAll.csv,hard_brake,7,46.579892,36.579892,46.579892,0.5672330000000017,train
1784,mitra_t5,data\raw\mitra\Data_T5\T5_DAll.csv,hard_brake,5,59.926566,49.926566,59.926566,0.8675330000000017,train
1785,mitra_t5,data\raw\mitra\Data_T5\T5_DAll.csv,hard_brake,7,68.902204,58.902204,68.902204,0.9009000000000073,train
1786,mitra_t5,data\raw\mitra\Data_T5\T5_DAll.csv,hard_brake,7,63.329967,53.329967,63.329967,0.8008009999999999,train
1787,mitra_t5,data\raw\mitra\Data_T5\T5_DAll.csv,hard_brake,2,9.709705,-0.2902950000000004,9.709705,0.8008009999999999,train
1788,mitra_t5,data\raw\mitra\Data_T5\T5_DAll.csv,hard_brake,2,6.673337,-3.326663,6.673337,0.8341669999999999,train
1789,mitra_t5,data\raw\mitra\Data_T5\T5_DAll.csv,hard_brake,2,10.477139,0.4771389999999993,10.477139,0.7007000000000012,train
1790,mitra_t5,data\raw\mitra\Data_T5\T5_DAll.csv,hard_brake,7,74.541173,64.541173,74.541173,0.7674339999999944,train
1791,mitra_t5,data\raw\mitra\Data_T5\T5_DAll.csv,hard_brake,5,68.468437,58.468437,68.468437,0.667334000000011,train
1792,mitra_t5,data\raw\mitra\Data_T5\T5_DAll.csv,hard_brake,6,72.972939,62.972939,72.972939,0.8341670000000079,train
1793,mitra_t5,data\raw\mitra\Data_T5\T5_DAll.csv,hard_brake,7,58.892198,48.892198,58.892198,1.0677340000000015,train
1794,mitra_t5,data\raw\mitra\Data_T5\T5_DAll.csv,hard_brake,2,5.105103,-4.894897,5.105103,0.7340670000000005,train
1795,mitra_t5,data\raw\mitra\Data_T5\T5_DAll.csv,hard_brake,3,1.368034,-8.631966,1.368034,0.8008010000000001,train
1796,mitra_t5,data\raw\mitra\Data_T5\T5_DAll.csv,hard_brake,2,18.651977,8.651976999999999,18.651977,0.8675340000000027,train
1797,mitra_t5,data\raw\mitra\Data_T5\T5_DAll.csv,hard_brake,4,37.33732,27.33732,37.33732,1.4347679999999985,train
1798,mitra_t5,data\raw\mitra\Data_T5\T5_DAll.csv,hard_brake,4,39.773088,29.773088,39.773088,0.5338670000000008,train
1799,mitra_t5,data\raw\mitra\Data_T5\T5_DAll.csv,hard_brake,5,65.265235,55.265235,65.265235,0.7006999999999977,train
1800,mitra_t5,data\raw\mitra\Data_T5\T5_DAll.csv,hard_brake,3,16.916909,6.916909,16.916909,0.767433999999998,train
1801,mitra_t5,data\raw\mitra\Data_T5\T5_DAll.csv,hard_brake,5,49.682993,39.682993,49.682993,0.7674339999999944,train
1802,mitra_t5,data\raw\mitra\Data_T5\T5_DAll.csv,hard_brake,6,62.328967,52.328967,62.328967,1.4681339999999992,train
1803,mitra_t5,data\raw\mitra\Data_T5\T5_DAll.csv,hard_brake,5,57.390698,47.390698,57.390698,1.067732999999997,train
1804,mitra_t5,data\raw\mitra\Data_T5\T5_DAll.csv,hard_brake,4,33.533518,23.533518,33.533518,1.9019010000000025,train
1805,mitra_t5,data\raw\mitra\Data_T5\T5_DAll.csv,hard_brake,4,62.962934,52.962934,62.962934,0.6673340000000039,train
1806,mitra_t5,data\raw\mitra\Data_T5\T5_DAll.csv,hard_brake,1,10.577239,0.5772390000000005,10.577239,0.7674339999999997,train
1807,mitra_t5,data\raw\mitra\Data_T5\T5_DAll.csv,hard_brake,3,19.919911,9.919911,19.919911,0.7674330000000005,train
1808,mitra_t5,data\raw\mitra\Data_T5\T5_DAll.csv,hard_brake,3,18.752077,8.752077,18.752077,0.9342669999999984,train
1809,mitra_t5,data\raw\mitra\Data_T5\T5_DAll.csv,hard_brake,3,20.987645,10.987645,20.987645,0.8675329999999981,train
1810,mitra_t5,data\raw\mitra\Data_T5\T5_DAll.csv,hard_brake,1,25.45878,15.45878,25.45878,0.9009009999999976,train
1811,mitra_t5,data\raw\mitra\Data_T5\T5_DAll.csv,hard_brake,3,23.089746,13.089746000000002,23.089746,0.6006,train
1812,mitra_t5,data\raw\mitra\Data_T5\T5_DAll.csv,hard_brake,7,19.252577,9.252577,19.252577,0.8341670000000008,train
1813,mitra_t5,data\raw\mitra\Data_T5\T5_DAll.csv,hard_brake,6,15.548875,5.548875000000001,15.548875,0.7006999999999994,train
1814,mitra_t5,data\raw\mitra\Data_T5\T5_DAll.csv,hard_brake,4,36.036019,26.036019000000003,36.036019,0.9009009999999976,train
1815,mitra_t5,data\raw\mitra\Data_T5\T5_DAll.csv,hard_brake,4,29.729716,19.729716,29.729716,0.7007000000000012,train
1816,mitra_t5,data\raw\mitra\Data_T5\T5_DAll.csv,hard_brake,4,32.966284,22.966284,32.966284,0.6339669999999984,train
1817,mitra_t5,data\raw\mitra\Data_T5\T5_DAll.csv,hard_brake,6,9.175838,-0.8241619999999994,9.175838,0.9009009999999992,train
1818,mitra_t5,data\raw\mitra\Data_T5\T5_DAll.csv,hard_brake,7,4.504502,-5.495498,4.504502,0.6006010000000002,train
1819,mitra_t5,data\raw\mitra\Data_T5\T5_DAll.csv,hard_brake,4,31.631617,21.631617,31.631617,0.4671340000000015,train
1820,mitra_t5,data\raw\mitra\Data_T5\T5_DAll.csv,hard_brake,4,34.134118,24.134118,34.134118,0.8008009999999999,train
1821,mitra_t5,data\raw\mitra\Data_T5\T5_DAll.csv,hard_brake,7,10.944273,0.9442730000000008,10.944273,0.8007999999999988,train
1822,mitra_t5,data\raw\mitra\Data_T5\T5_DAll.csv,hard_brake,4,13.146474,3.1464739999999995,13.146474,0.6006,train
1823,mitra_t5,data\raw\mitra\Data_T5\T5_DAll.csv,hard_brake,5,2.268935,-7.731065,2.268935,0.8008000000000002,train
1824,mitra_t5,data\raw\mitra\Data_T5\T5_DAll.csv,hard_brake,7,3.103102,-6.896898,3.103102,1.134467,train
1825,mitra_t5,data\raw\mitra\Data_T5\T5_DAll.csv,hard_brake,7,5.472136,-4.527864,5.472136,1.101101,train
1826,mitra_t5,data\raw\mitra\Data_T5\T5_DAll.csv,hard_brake,5,4.938269,-5.061731,4.938269,0.9676340000000004,train
1827,mitra_t5,data\raw\mitra\Data_T5\T5_DAll.csv,hard_brake,5,16.716709,6.716709000000002,16.716709,0.5338669999999972,train
1828,mitra_t5,data\raw\mitra\Data_T5\T5_DAll.csv,hard_brake,7,15.949275,5.949275,15.949275,0.8008009999999999,train
1829,mitra_t5,data\raw\mitra\Data_T5\T5_DAll.csv,hard_brake,7,14.247574,4.247574,14.247574,0.6673340000000003,train
1830,mitra_t5,data\raw\mitra\Data_T5\T5_DAll.csv,hard_brake,3,23.990646,13.990646000000002,23.990646,0.8675339999999991,train
1831,mitra_t5,data\raw\mitra\Data_T5\T5_DAll.csv,hard_brake,4,44.611257,34.611257,44.611257,0.6006009999999975,train
1832,mitra_t5,data\raw\mitra\Data_T5\T5_DAll.csv,hard_brake,4,71.271238,61.271238,71.271238,0.8675340000000062,train
1833,mitra_t5,data\raw\mitra\Data_T5\T5_DAll.csv,hard_brake,7,57.724364,47.724364,57.724364,0.5672339999999991,train
1834,mitra_t5,data\raw\mitra\Data_T5\T5_DAll.csv,hard_brake,2,31.39805,21.39805,31.39805,0.8008009999999963,train
1835,mitra_t5,data\raw\mitra\Data_T5\T5_DAll.csv,hard_brake,5,62.962934,52.962934,62.962934,0.6339670000000055,train
1836,mitra_t5,data\raw\mitra\Data_T5\T5_DAll.csv,hard_brake,3,27.894548,17.894548,27.894548,0.8008009999999999,train
1837,mitra_t5,data\raw\mitra\Data_T5\T5_DAll.csv,hard_brake,2,32.365684,22.365684,32.365684,0.8341670000000008,train
1838,mitra_t5,data\raw\mitra\Data_T5\T5_DAll.csv,hard_brake,6,80.31361,70.31361,80.31361,1.434767000000008,train
1839,mitra_t5,data\raw\mitra\Data_T5\T5_DAll.csv,hard_brake,1,43.67699,33.67699,43.67699,0.7007009999999951,train
1840,mitra_t5,data\raw\mitra\Data_T5\T5_DAll.csv,hard_brake,3,33.033018,23.033018,33.033018,0.8341670000000008,train
1841,mitra_t5,data\raw\mitra\Data_T5\T5_DAll.csv,hard_brake,1,44.744724,34.744724,44.744724,0.967634000000004,train
1842,mitra_t5,data\raw\mitra\Data_T5\T5_DAll.csv,hard_brake,1,60.994299,50.994299,60.994299,1.234568000000003,train
1843,mitra_t5,data\raw\mitra\Data_T5\T5_DAll.csv,hard_brake,5,72.038672,62.038672000000005,72.038672,1.2679339999999968,train
1844,mitra_t5,data\raw\mitra\Data_T5\T5_DAll.csv,hard_brake,2,45.578891,35.578891,45.578891,0.967634000000004,train
1845,mitra_t5,data\raw\mitra\Data_T5\T5_DAll.csv,hard_brake,5,76.076041,66.076041,76.076041,0.9008999999999928,train
1846,mitra_t5,data\raw\mitra\Data_T5\T5_DAll.csv,hard_brake,1,62.696,52.696,62.696,0.8675339999999991,train
1847,mitra_t5,data\raw\mitra\Data_T5\T5_DAll.csv,hard_brake,1,47.781092,37.781092,47.781092,0.7674340000000015,train
1848,mitra_t5,data\raw\mitra\Data_T5\T5_DAll.csv,hard_brake,7,71.271238,61.271238,71.271238,0.5338670000000008,train
1849,mitra_t5,data\raw\mitra\Data_T5\T5_DAll.csv,hard_brake,4,76.843475,66.843475,76.843475,0.6339669999999984,train
1850,mitra_t5,data\raw\mitra\Data_T5\T5_DAll.csv,hard_brake,5,77.677642,67.677642,77.677642,0.8007999999999953,train
1851,mitra_t5,data\raw\mitra\Data_T5\T5_DAll.csv,hard_brake,3,47.814459,37.814459,47.814459,0.7340670000000031,train
1852,mitra_t5,data\raw\mitra\Data_T5\T5_DAll.csv,hard_brake,3,41.107755,31.107755,41.107755,0.7674340000000015,train
1853,mitra_t5,data\raw\mitra\Data_T5\T5_DAll.csv,hard_brake,2,50.683994,40.683994,50.683994,0.7007000000000048,train
1854,mitra_t5,data\raw\mitra\Data_T5\T5_DAll.csv,hard_brake,4,78.344975,68.344975,78.344975,0.4671340000000015,train
1855,mitra_t5,data\raw\mitra\Data_T5\T5_DAll.csv,hard_brake,2,48.91556,38.91556,48.91556,0.467133000000004,train
1856,mitra_t5,data\raw\mitra\Data_T5\T5_DAll.csv,hard_brake,3,42.275589,32.275589,42.275589,0.7674340000000015,train
1857,mitra_t5,data\raw\mitra\Data_T5\T5_DAll.csv,hard_brake,4,79.079043,69.079043,79.079043,0.9009000000000073,train
1858,mitra_t5,data\raw\mitra\Data_T5\T5_DAll.csv,hard_brake,7,98.53182,88.53182,98.53182,1.3012999999999977,train
1859,mitra_t5,data\raw\mitra\Data_T5\T5_DAll.csv,hard_brake,1,54.95493,44.95493,54.95493,1.1011000000000024,train
1860,mitra_t5,data\raw\mitra\Data_T5\T5_DAll.csv,hard_brake,3,56.890197,46.890197,56.890197,0.8341670000000008,train
1861,mitra_t5,data\raw\mitra\Data_T5\T5_DAll.csv,hard_brake,7,101.000954,91.000954,101.000954,0.667334000000011,train
1862,mitra_t5,data\raw\mitra\Data_T5\T5_DAll.csv,hard_brake,4,80.21351,70.21351,80.21351,0.9342670000000056,train
1863,mitra_t5,data\raw\mitra\Data_T5\T5_DAll.csv,hard_brake,3,45.578891,35.578891,45.578891,0.8008009999999999,train
1864,mitra_t5,data\raw\mitra\Data_T5\T5_DAll.csv,hard_brake,2,60.293599,50.293599,60.293599,0.7674340000000015,train
1865,mitra_t5,data\raw\mitra\Data_T5\T5_DAll.csv,hard_brake,7,73.506806,63.506806,73.506806,0.800801000000007,train
1866,mitra_t5,data\raw\mitra\Data_T5\T5_DAll.csv,hard_brake,5,80.01331,70.01331,80.01331,0.8007999999999953,train
1867,mitra_t5,data\raw\mitra\Data_T5\T5_DAll.csv,hard_brake,3,55.121763,45.121763,55.121763,0.9342669999999984,train
1868,mitra_t5,data\raw\mitra\Data_T5\T5_DAll.csv,hard_brake,1,56.823464,46.823464,56.823464,0.9009,train
1869,mitra_t5,data\raw\mitra\Data_T5\T5_DAll.csv,hard_brake,3,51.785095,41.785095,51.785095,1.1011000000000024,train
1870,mitra_t5,data\raw\mitra\Data_T5\T5_DAll.csv,hard_brake,1,59.659632,49.659632,59.659632,0.7006999999999977,train
1871,mitra_t5,data\raw\mitra\Data_T5\T5_DAll.csv,hard_brake,6,108.742025,98.742025,108.742025,0.7674340000000086,train
1872,mitra_t5,data\raw\mitra\Data_T5\T5_DAll.csv,hard_brake,3,39.672988,29.672988,39.672988,0.4671340000000015,train
1873,mitra_t5,data\raw\mitra\Data_T5\T5_DAll.csv,hard_brake,3,59.192499,49.192499,59.192499,0.8675330000000017,train
1874,mitra_t5,data\raw\mitra\Data_T5\T5_DAll.csv,hard_brake,2,63.897201,53.897201,63.897201,0.6673340000000039,train
1875,mitra_t5,data\raw\mitra\Data_T5\T5_DAll.csv,hard_brake,3,58.625265,48.625265,58.625265,0.7674340000000015,train
1876,mitra_t5,data\raw\mitra\Data_T5\T5_DAll.csv,hard_brake,4,85.652279,75.652279,85.652279,0.667334000000011,train
1877,mitra_t5,data\raw\mitra\Data_T5\T5_DAll.csv,hard_brake,3,64.564535,54.56453500000001,64.564535,0.6673329999999993,train
1878,mitra_t5,data\raw\mitra\Data_T5\T5_DAll.csv,hard_brake,5,83.316612,73.316612,83.316612,0.8341669999999937,train
1879,mitra_t5,data\raw\mitra\Data_T5\T5_DAll.csv,hard_brake,4,86.419713,76.419713,86.419713,0.9009010000000046,train
1880,mitra_t5,data\raw\mitra\Data_T5\T5_DAll.csv,hard_brake,3,60.460433,50.460433,60.460433,0.7674329999999969,train
1881,mitra_t5,data\raw\mitra\Data_T5\T5_DAll.csv,hard_brake,3,49.382693,39.382693,49.382693,0.6673339999999968,train
1882,mitra_t5,data\raw\mitra\Data_T5\T5_DAll.csv,hard_brake,3,53.119762,43.119762,53.119762,0.734066999999996,train
1883,mitra_t5,data\raw\mitra\Data_T5\T5_DAll.csv,hard_brake,5,89.222515,79.222515,89.222515,0.7674329999999969,train
1884,mitra_t5,data\raw\mitra\Data_T5\T5_DAll.csv,hard_brake,3,66.966936,56.966936,66.966936,0.7674339999999944,train
1885,mitra_t5,data\raw\mitra\Data_T5\T5_DAll.csv,hard_brake,3,63.730368,53.730368,63.730368,0.8341670000000079,train
1886,mitra_t5,data\raw\mitra\Data_T5\T5_DAll.csv,hard_brake,3,67.73437,57.73437,67.73437,0.8341670000000079,train
1887,mitra_t5,data\raw\mitra\Data_T5\T5_DAll.csv,hard_brake,6,110.043326,100.043326,110.043326,0.967634000000004,train
1888,mitra_t5,data\raw\mitra\Data_T5\T5_DAll.csv,hard_brake,1,68.33497,58.33497,68.33497,0.734066999999996,train
1889,mitra_t5,data\raw\mitra\Data_T5\T5_DAll.csv,hard_brake,3,65.065035,55.065035,65.065035,1.0010010000000025,train
1890,mitra_t5,data\raw\mitra\Data_T5\T5_DAll.csv,hard_brake,3,66.166136,56.166136,66.166136,0.9009000000000073,train
1891,mitra_t5,data\raw\mitra\Data_T5\T5_DAll.csv,hard_brake,5,94.360984,84.360984,94.360984,0.8008009999999928,train
1892,mitra_t5,data\raw\mitra\Data_T5\T5_DAll.csv,hard_brake,6,112.879494,102.879494,112.879494,0.800801000000007,train
1893,mitra_t5,data\raw\mitra\Data_T5\T5_DAll.csv,hard_brake,2,71.638272,61.638272,71.638272,1.1011000000000024,train
1894,mitra_t5,data\raw\mitra\Data_T5\T5_DAll.csv,hard_brake,3,68.868837,58.868837,68.868837,0.8675340000000062,train
1895,mitra_t5,data\raw\mitra\Data_T5\T5_DAll.csv,hard_brake,6,116.549829,106.549829,116.549829,0.6339669999999984,train
1896,mitra_t5,data\raw\mitra\Data_T5\T5_DAll.csv,hard_brake,4,95.895852,85.895852,95.895852,0.7674329999999969,train
1897,mitra_t5,data\raw\mitra\Data_T5\T5_DAll.csv,hard_brake,1,81.815111,71.815111,81.815111,1.1011000000000024,train
1898,mitra_t5,data\raw\mitra\Data_T5\T5_DAll.csv,hard_brake,7,111.31126,101.31126,111.31126,0.7006999999999977,train
1899,mitra_t5,data\raw\mitra\Data_T5\T5_DAll.csv,hard_brake,3,75.17514,65.17514,75.17514,0.9009010000000046,train
1900,mitra_t5,data\raw\mitra\Data_T5\T5_DAll.csv,hard_brake,4,69.402704,59.402704,69.402704,0.4671340000000015,train
1901,mitra_t5,data\raw\mitra\Data_T5\T5_DAll.csv,hard_brake,4,97.130419,87.130419,97.130419,0.867533999999992,train
1902,mitra_t5,data\raw\mitra\Data_T5\T5_DAll.csv,hard_brake,1,78.678642,68.678642,78.678642,0.9009010000000046,train
1903,mitra_t5,data\raw\mitra\Data_T5\T5_DAll.csv,hard_brake,1,85.351979,75.351979,85.351979,0.734066999999996,train
1904,mitra_t5,data\raw\mitra\Data_T5\T5_DAll.csv,hard_brake,4,101.935222,91.935222,101.935222,0.9009000000000073,train
1905,mitra_t5,data\raw\mitra\Data_T5\T5_DAll.csv,hard_brake,2,73.740373,63.740373000000005,73.740373,0.8341669999999937,train
1906,mitra_t5,data\raw\mitra\Data_T5\T5_DAll.csv,hard_brake,2,82.682644,72.682644,82.682644,0.7340680000000077,train
1907,mitra_t5,data\raw\mitra\Data_T5\T5_DAll.csv,hard_brake,7,107.173791,97.173791,107.173791,0.667334000000011,train
1908,mitra_t5,data\raw\mitra\Data_T5\T5_DAll.csv,hard_brake,5,104.904856,94.904856,104.904856,0.6006010000000117,train
1909,mitra_t5,data\raw\mitra\Data_T5\T5_DAll.csv,hard_brake,2,79.546176,69.546176,79.546176,0.867533999999992,train
1910,mitra_t5,data\raw\mitra\Data_T5\T5_DAll.csv,hard_brake,5,108.408358,98.408358,108.408358,0.7674339999999944,train
1911,mitra_t5,data\raw\mitra\Data_T5\T5_DAll.csv,hard_brake,3,76.042674,66.042674,76.042674,0.7007009999999951,train
1912,mitra_t5,data\raw\mitra\Data_T5\T5_DAll.csv,hard_brake,3,77.243875,67.243875,77.243875,0.5005000000000024,train
1913,mitra_t5,data\raw\mitra\Data_T5\T5_DAll.csv,hard_brake,7,122.255532,112.255532,122.255532,0.7674339999999944,train
1914,mitra_t5,data\raw\mitra\Data_T5\T5_DAll.csv,hard_brake,2,85.85248,75.85248,85.85248,0.9009000000000073,train
1915,mitra_t5,data\raw\mitra\Data_T5\T5_DAll.csv,hard_brake,5,109.209159,99.209159,109.209159,0.8007999999999953,train
1916,mitra_t5,data\raw\mitra\Data_T5\T5_DAll.csv,hard_brake,7,127.360635,117.360635,127.360635,1.0010010000000025,train
1917,mitra_t5,data\raw\mitra\Data_T5\T5_DAll.csv,hard_brake,1,91.257882,81.257882,91.257882,1.1678339999999992,train
1918,mitra_t5,data\raw\mitra\Data_T5\T5_DAll.csv,hard_brake,3,77.844475,67.844475,77.844475,0.9009009999999904,train
1919,mitra_t5,data\raw\mitra\Data_T5\T5_DAll.csv,hard_brake,5,102.202155,92.202155,102.202155,0.8007999999999953,train
1920,mitra_t5,data\raw\mitra\Data_T5\T5_DAll.csv,hard_brake,1,93.660284,83.660284,93.660284,0.7674329999999969,train
1921,mitra_t5,data\raw\mitra\Data_T5\T5_DAll.csv,hard_brake,7,129.162436,119.162436,129.162436,0.7007009999999809,train
1922,mitra_t5,data\raw\mitra\Data_T5\T5_DAll.csv,hard_brake,4,109.042325,99.042325,109.042325,0.8008009999999928,train
1923,mitra_t5,data\raw\mitra\Data_T5\T5_DAll.csv,hard_brake,3,83.516812,73.516812,83.516812,0.9008999999999928,train
1924,mitra_t5,data\raw\mitra\Data_T5\T5_DAll.csv,hard_brake,2,88.021314,78.021314,88.021314,0.9009009999999904,train
1925,mitra_t5,data\raw\mitra\Data_T5\T5_DAll.csv,hard_brake,1,99.766387,89.766387,99.766387,0.8341670000000079,train
1926,mitra_t5,data\raw\mitra\Data_T5\T5_DAll.csv,hard_brake,4,112.21216,102.21216,112.21216,0.6339669999999984,train
1927,mitra_t5,data\raw\mitra\Data_T5\T5_DAll.csv,hard_brake,3,90.623915,80.623915,90.623915,0.967634000000004,train
1928,mitra_t5,data\raw\mitra\Data_T5\T5_DAll.csv,hard_brake,7,137.137074,127.137074,137.137074,0.7340669999999818,train
1929,mitra_t5,data\raw\mitra\Data_T5\T5_DAll.csv,hard_brake,3,85.618913,75.618913,85.618913,0.8007999999999953,train
1930,mitra_t5,data\raw\mitra\Data_T5\T5_DAll.csv,hard_brake,4,113.680295,103.680295,113.680295,0.6673329999999993,train
1931,mitra_t5,data\raw\mitra\Data_T5\T5_DAll.csv,hard_brake,1,60.960933,50.960933,60.960933,0.7340670000000031,train
1932,mitra_t5,data\raw\mitra\Data_T5\T5_DAll.csv,hard_brake,1,106.206157,96.206157,106.206157,0.9009009999999904,train
1933,mitra_t5,data\raw\mitra\Data_T5\T5_DAll.csv,hard_brake,1,94.894851,84.894851,94.894851,0.6339669999999984,train
1934,mitra_t5,data\raw\mitra\Data_T5\T5_DAll.csv,hard_brake,3,88.588548,78.588548,88.588548,0.6673329999999993,train
1935,mitra_t5,data\raw\mitra\Data_T5\T5_DAll.csv,hard_brake,3,89.556182,79.556182,89.556182,0.8675329999999946,train
1936,mitra_t5,data\raw\mitra\Data_T5\T5_DAll.csv,hard_brake,2,100.600554,90.600554,100.600554,0.8341669999999937,train
1937,mitra_t5,data\raw\mitra\Data_T5\T5_DAll.csv,hard_brake,2,95.095051,85.095051,95.095051,0.8341670000000079,train
1938,mitra_t5,data\raw\mitra\Data_T5\T5_DAll.csv,hard_brake,1,108.108058,98.108058,108.108058,0.8341669999999937,train
1939,mitra_t5,data\raw\mitra\Data_T5\T5_DAll.csv,hard_brake,4,114.981595,104.981595,114.981595,0.7007009999999951,train
1940,mitra_t5,data\raw\mitra\Data_T5\T5_DAll.csv,hard_brake,5,115.648929,105.648929,115.648929,0.7006999999999977,train
1941,mitra_t5,data\raw\mitra\Data_T5\T5_DAll.csv,hard_brake,4,91.257882,81.257882,91.257882,1.267934000000011,train
1942,mitra_t5,data\raw\mitra\Data_T5\T5_DAll.csv,hard_brake,4,115.982596,105.982596,115.982596,0.867533999999992,train
1943,mitra_t5,data\raw\mitra\Data_T5\T5_DAll.csv,hard_brake,7,124.557834,114.557834,124.557834,0.467133000000004,train
1944,mitra_t5,data\raw\mitra\Data_T5\T5_DAll.csv,hard_brake,1,101.568188,91.568188,101.568188,0.867533999999992,train
1945,mitra_t5,data\raw\mitra\Data_T5\T5_DAll.csv,hard_brake,4,117.95123,107.95123,117.95123,0.5672339999999991,train
1946,mitra_t5,data\raw\mitra\Data_T5\T5_DAll.csv,hard_brake,3,97.931219,87.931219,97.931219,0.8341670000000079,train
1947,mitra_t5,data\raw\mitra\Data_T5\T5_DAll.csv,hard_brake,2,107.807758,97.807758,107.807758,0.8007999999999953,train
1948,mitra_t5,data\raw\mitra\Data_T5\T5_DAll.csv,hard_brake,3,102.402355,92.402355,102.402355,0.7006999999999977,train
1949,mitra_t5,data\raw\mitra\Data_T5\T5_DAll.csv,hard_brake,1,109.542826,99.542826,109.542826,0.734066999999996,train
1950,mitra_t5,data\raw\mitra\Data_T5\T5_DAll.csv,hard_brake,7,148.84878,138.84878,148.84878,0.8675340000000062,train
1951,mitra_t5,data\raw\mitra\Data_T5\T5_DAll.csv,hard_brake,3,102.969589,92.969589,102.969589,0.8007999999999953,train
1952,mitra_t5,data\raw\mitra\Data_T5\T5_DAll.csv,hard_brake,3,105.638924,95.638924,105.638924,0.9676329999999922,train
1953,mitra_t5,data\raw\mitra\Data_T5\T5_DAll.csv,hard_brake,2,108.975592,98.975592,108.975592,0.6339669999999984,train
1954,mitra_t5,data\raw\mitra\Data_T5\T5_DAll.csv,hard_brake,4,133.133072,123.133072,133.133072,0.5672329999999874,train
1955,mitra_t5,data\raw\mitra\Data_T5\T5_DAll.csv,hard_brake,1,111.21116,101.21116,111.21116,0.5672329999999874,train
1956,mitra_t5,data\raw\mitra\Data_T5\T5_DAll.csv,hard_brake,7,151.584848,141.584848,151.584848,0.800801000000007,train
1957,mitra_t5,data\raw\mitra\Data_T5\T5_DAll.csv,hard_brake,4,118.918864,108.918864,118.918864,0.7674339999999944,train
1958,mitra_t5,data\raw\mitra\Data_T5\T5_DAll.csv,hard_brake,2,112.045327,102.045327,112.045327,0.5672339999999991,train
1959,mitra_t5,data\raw\mitra\Data_T5\T5_DAll.csv,hard_brake,7,137.871141,127.871141,137.871141,0.8341670000000079,train
1960,mitra_t5,data\raw\mitra\Data_T5\T5_DAll.csv,hard_brake,4,129.662936,119.662936,129.662936,0.7007010000000093,train
1961,mitra_t5,data\raw\mitra\Data_T5\T5_DAll.csv,hard_brake,5,138.505108,128.505108,138.505108,0.8675340000000062,train
1962,mitra_t5,data\raw\mitra\Data_T5\T5_DAll.csv,hard_brake,7,152.685949,142.685949,152.685949,0.6339670000000126,train
1963,mitra_t5,data\raw\mitra\Data_T5\T5_DAll.csv,hard_brake,6,155.822417,145.822417,155.822417,0.7340670000000102,train
1964,mitra_t5,data\raw\mitra\Data_T5\T5_DAll.csv,hard_brake,1,121.087698,111.087698,121.087698,1.2012009999999975,train
1965,mitra_t5,data\raw\mitra\Data_T5\T5_DAll.csv,hard_brake,1,125.692301,115.692301,125.692301,0.7674339999999944,train
1966,mitra_t5,data\raw\mitra\Data_T5\T5_DAll.csv,hard_brake,4,122.889499,112.889499,122.889499,0.8008009999999928,train
1967,mitra_t5,data\raw\mitra\Data_T5\T5_DAll.csv,hard_brake,7,143.243177,133.243177,143.243177,0.800801000000007,train
1968,mitra_t5,data\raw\mitra\Data_T5\T5_DAll.csv,hard_brake,4,123.456733,113.456733,123.456733,0.7006999999999977,train
1969,mitra_t5,data\raw\mitra\Data_T5\T5_DAll.csv,hard_brake,1,115.215162,105.215162,115.215162,0.9008999999999928,train
1970,mitra_t5,data\raw\mitra\Data_T5\T5_DAll.csv,hard_brake,5,151.351281,141.351281,151.351281,0.8675340000000062,train
1971,mitra_t5,data\raw\mitra\Data_T5\T5_DAll.csv,hard_brake,2,119.619564,109.619564,119.619564,0.5005009999999999,train
1972,mitra_t5,data\raw\mitra\Data_T5\T5_DAll.csv,hard_brake,4,126.126068,116.126068,126.126068,0.734066999999996,train
1973,mitra_t5,data\raw\mitra\Data_T5\T5_DAll.csv,hard_brake,2,117.884497,107.884497,117.884497,0.7340670000000102,train
1974,mitra_t5,data\raw\mitra\Data_T5\T5_DAll.csv,hard_brake,5,143.376644,133.376644,143.376644,0.8341670000000079,train
1975,mitra_t5,data\raw\mitra\Data_T5\T5_DAll.csv,hard_brake,4,128.094702,118.094702,128.094702,0.7674339999999802,train
1976,mitra_t5,data\raw\mitra\Data_T5\T5_DAll.csv,hard_brake,5,144.177444,134.177444,144.177444,0.8675339999999778,train
1977,mitra_t5,data\raw\mitra\Data_T5\T5_DAll.csv,hard_brake,6,150.383648,140.383648,150.383648,0.8341670000000079,train
1978,mitra_t5,data\raw\mitra\Data_T5\T5_DAll.csv,hard_brake,3,117.584197,107.584197,117.584197,0.8675329999999946,train
1979,mitra_t5,data\raw\mitra\Data_T5\T5_DAll.csv,hard_brake,6,146.479745,136.479745,146.479745,0.7340679999999793,train
1980,mitra_t5,data\raw\mitra\Data_T5\T5_DAll.csv,hard_brake,3,118.818764,108.818764,118.818764,0.8007999999999953,train
1981,mitra_t5,data\raw\mitra\Data_T5\T5_DAll.csv,hard_brake,1,131.030971,121.030971,131.030971,0.9342670000000056,train
1982,mitra_t5,data\raw\mitra\Data_T5\T5_DAll.csv,hard_brake,7,154.38765,144.38765,154.38765,0.8341669999999795,train
1983,mitra_t5,data\raw\mitra\Data_T5\T5_DAll.csv,hard_brake,5,148.64858,138.64858,148.64858,1.2345669999999984,train
1984,mitra_t5,data\raw\mitra\Data_T5\T5_DAll.csv,hard_brake,3,119.252531,109.252531,119.252531,0.867533999999992,train
1985,mitra_t5,data\raw\mitra\Data_T5\T5_DAll.csv,hard_brake,3,119.953231,109.953231,119.953231,0.8341669999999937,train
1986,mitra_t5,data\raw\mitra\Data_T5\T5_DAll.csv,hard_brake,4,134.968239,124.968239,134.968239,0.9009009999999762,train
1987,mitra_t5,data\raw\mitra\Data_T5\T5_DAll.csv,hard_brake,2,131.965238,121.965238,131.965238,0.8341670000000079,train
1988,mitra_t5,data\raw\mitra\Data_T5\T5_DAll.csv,hard_brake,5,140.407009,130.407009,140.407009,0.4671330000000182,train
1989,mitra_t5,data\raw\mitra\Data_T5\T5_DAll.csv,hard_brake,4,136.403007,126.403007,136.403007,0.6339669999999842,train
1990,mitra_t5,data\raw\mitra\Data_T5\T5_DAll.csv,hard_brake,7,167.06699,157.06699,167.06699,0.8341670000000079,train
1991,mitra_t5,data\raw\mitra\Data_T5\T5_DAll.csv,hard_brake,5,150.650581,140.650581,150.650581,0.7340670000000102,train
1992,mitra_t5,data\raw\mitra\Data_T5\T5_DAll.csv,hard_brake,2,129.062336,119.062336,129.062336,0.5672340000000133,train
1993,mitra_t5,data\raw\mitra\Data_T5\T5_DAll.csv,hard_brake,2,122.655933,112.655933,122.655933,0.8007999999999953,train
1994,mitra_t5,data\raw\mitra\Data_T5\T5_DAll.csv,hard_brake,1,137.036974,127.036974,137.036974,0.7674330000000111,train
1995,mitra_t5,data\raw\mitra\Data_T5\T5_DAll.csv,hard_brake,3,124.357634,114.357634,124.357634,0.9342669999999912,train
1996,mitra_t5,data\raw\mitra\Data_T5\T5_DAll.csv,hard_brake,5,159.626219,149.626219,159.626219,0.7674340000000086,train
1997,mitra_t5,data\raw\mitra\Data_T5\T5_DAll.csv,hard_brake,2,131.030971,121.030971,131.030971,0.7674330000000111,train
1998,mitra_t5,data\raw\mitra\Data_T5\T5_DAll.csv,hard_brake,4,141.574843,131.574843,141.574843,0.967634000000004,train
1999,mitra_t5,data\raw\mitra\Data_T5\T5_DAll.csv,hard_brake,6,158.191452,148.191452,158.191452,0.7007000000000119,train
2000,mitra_t5,data\raw\mitra\Data_T5\T5_DAll.csv,hard_brake,2,136.536473,126.536473,136.536473,0.6006010000000117,train
2001,mitra_t5,data\raw\mitra\Data_T5\T5_DAll.csv,hard_brake,3,126.693302,116.693302,126.693302,1.1011000000000024,train
2002,mitra_t5,data\raw\mitra\Data_T5\T5_DAll.csv,hard_brake,5,156.089351,146.089351,156.089351,0.6339670000000126,train
2003,mitra_t5,data\raw\mitra\Data_T5\T5_DAll.csv,hard_brake,4,145.211811,135.211811,145.211811,0.6673339999999826,train
2004,mitra_t5,data\raw\mitra\Data_T5\T5_DAll.csv,hard_brake,7,173.339927,163.339927,173.339927,0.7340670000000102,train
2005,mitra_t5,data\raw\mitra\Data_T5\T5_DAll.csv,hard_brake,3,128.962236,118.962236,128.962236,0.6339670000000126,train
2006,mitra_t5,data\raw\mitra\Data_T5\T5_DAll.csv,hard_brake,4,148.24818,138.24818,148.24818,0.8008000000000095,train
2007,mitra_t5,data\raw\mitra\Data_T5\T5_DAll.csv,hard_brake,4,160.093353,150.093353,160.093353,0.967634000000004,train
2008,mitra_t5,data\raw\mitra\Data_T5\T5_DAll.csv,hard_brake,7,175.208461,165.208461,175.208461,1.0343670000000031,train
2009,mitra_t5,data\raw\mitra\Data_T5\T5_DAll.csv,hard_brake,3,132.532471,122.532471,132.532471,0.8675340000000062,train
2010,mitra_t5,data\raw\mitra\Data_T5\T5_DAll.csv,hard_brake,7,169.035624,159.035624,169.035624,0.7007009999999809,train
2011,mitra_t5,data\raw\mitra\Data_T5\T5_DAll.csv,hard_brake,4,149.516114,139.516114,149.516114,0.7007000000000119,train
2012,mitra_t5,data\raw\mitra\Data_T5\T5_DAll.csv,hard_brake,5,157.557485,147.557485,157.557485,0.8341669999999795,train
2013,mitra_t5,data\raw\mitra\Data_T5\T5_DAll.csv,hard_brake,4,151.418015,141.418015,151.418015,0.967634000000004,train
2014,mitra_t5,data\raw\mitra\Data_T5\T5_DAll.csv,hard_brake,4,154.08735,144.08735,154.08735,0.6339670000000126,train
2015,mitra_t5,data\raw\mitra\Data_T5\T5_DAll.csv,hard_brake,5,160.794053,150.794053,160.794053,0.9342670000000056,train
2016,mitra_t5,data\raw\mitra\Data_T5\T5_DAll.csv,hard_brake,4,156.489751,146.489751,156.489751,0.7340669999999818,train
2017,mitra_t5,data\raw\mitra\Data_T5\T5_DAll.csv,hard_brake,1,144.744678,134.744678,144.744678,1.0677340000000015,train
2018,mitra_t5,data\raw\mitra\Data_T5\T5_DAll.csv,hard_brake,1,154.68795,144.68795,154.68795,0.8008000000000095,train
2019,mitra_t5,data\raw\mitra\Data_T5\T5_DAll.csv,hard_brake,2,141.474743,131.474743,141.474743,0.8341670000000079,train
2020,mitra_t5,data\raw\mitra\Data_T5\T5_DAll.csv,hard_brake,2,147.247179,137.247179,147.247179,0.9009010000000046,train
2021,mitra_t5,data\raw\mitra\Data_T5\T5_DAll.csv,hard_brake,1,139.639575,129.639575,139.639575,0.6673339999999826,train
2022,mitra_t5,data\raw\mitra\Data_T5\T5_DAll.csv,hard_brake,3,148.34828,138.34828,148.34828,0.6339670000000126,train
2023,mitra_t5,data\raw\mitra\Data_T5\T5_DAll.csv,hard_brake,4,158.258185,148.258185,158.258185,0.800801000000007,train
2024,mitra_t5,data\raw\mitra\Data_T5\T5_DAll.csv,hard_brake,3,138.471741,128.471741,138.471741,0.8341669999999795,train
2025,mitra_t5,data\raw\mitra\Data_T5\T5_DAll.csv,hard_brake,7,179.612863,169.612863,179.612863,0.4671339999999873,train
2026,mitra_t5,data\raw\mitra\Data_T5\T5_DAll.csv,hard_brake,6,183.416665,173.416665,183.416665,1.0010010000000025,train
2027,mitra_t5,data\raw\mitra\Data_T5\T5_DAll.csv,hard_brake,3,143.00961,133.00961,143.00961,0.967634000000004,train
2028,mitra_t5,data\raw\mitra\Data_T5\T5_DAll.csv,hard_brake,1,143.676944,133.676944,143.676944,0.6006000000000142,train
2029,mitra_t5,data\raw\mitra\Data_T5\T5_DAll.csv,hard_brake,3,142.041976,132.041976,142.041976,0.7674340000000086,train
2030,mitra_t5,data\raw\mitra\Data_T5\T5_DAll.csv,hard_brake,5,172.405659,162.405659,172.405659,0.8341679999999769,train
2031,mitra_t5,data\raw\mitra\Data_T5\T5_DAll.csv,hard_brake,4,162.262187,152.262187,162.262187,0.9676339999999756,train
2032,mitra_t5,data\raw\mitra\Data_T5\T5_DAll.csv,hard_brake,6,169.235824,159.235824,169.235824,0.8341680000000053,train
2033,mitra_t5,data\raw\mitra\Data_T5\T5_DAll.csv,hard_brake,5,163.062988,153.062988,163.062988,0.6673330000000135,train
2034,mitra_t5,data\raw\mitra\Data_T5\T5_DAll.csv,hard_brake,3,147.280546,137.280546,147.280546,0.8675340000000062,train
2035,mitra_t5,data\raw\mitra\Data_T5\T5_DAll.csv,hard_brake,4,164.364288,154.364288,164.364288,0.8675340000000062,train
2036,mitra_t5,data\raw\mitra\Data_T5\T5_DAll.csv,hard_brake,7,184.784699,174.784699,184.784699,0.6339670000000126,train
2037,mitra_t5,data\raw\mitra\Data_T5\T5_DAll.csv,hard_brake,3,145.612212,135.612212,145.612212,1.0343670000000031,train
2038,mitra_t5,data\raw\mitra\Data_T5\T5_DAll.csv,hard_brake,7,189.689602,179.689602,189.689602,0.7340669999999818,train
2039,mitra_t5,data\raw\mitra\Data_T5\T5_DAll.csv,hard_brake,2,152.986249,142.986249,152.986249,0.667334000000011,train
2040,mitra_t5,data\raw\mitra\Data_T5\T5_DAll.csv,hard_brake,4,170.537125,160.537125,170.537125,0.5338669999999865,train
2041,mitra_t5,data\raw\mitra\Data_T5\T5_DAll.csv,hard_brake,6,194.360938,184.360938,194.360938,0.9009000000000073,train
2042,mitra_t5,data\raw\mitra\Data_T5\T5_DAll.csv,hard_brake,4,173.80706,163.80706,173.80706,0.7674339999999802,train
2043,mitra_t5,data\raw\mitra\Data_T5\T5_DAll.csv,hard_brake,3,150.417014,140.417014,150.417014,0.9009010000000046,train
2044,mitra_t5,data\raw\mitra\Data_T5\T5_DAll.csv,hard_brake,5,180.413664,170.413664,180.413664,0.6673329999999851,train
2045,mitra_t5,data\raw\mitra\Data_T5\T5_DAll.csv,hard_brake,7,194.961538,184.961538,194.961538,0.967634000000004,train
2046,mitra_t5,data\raw\mitra\Data_T5\T5_DAll.csv,hard_brake,7,201.267842,191.267842,201.267842,1.0010000000000048,train
2047,mitra_t5,data\raw\mitra\Data_T5\T5_DAll.csv,hard_brake,5,182.248831,172.248831,182.248831,0.8341680000000053,train
2048,mitra_t5,data\raw\mitra\Data_T5\T5_DAll.csv,hard_brake,3,151.317915,141.317915,151.317915,0.8341670000000079,train
2049,mitra_t5,data\raw\mitra\Data_T5\T5_DAll.csv,hard_brake,2,159.926519,149.926519,159.926519,1.234567999999996,train
2050,mitra_t5,data\raw\mitra\Data_T5\T5_DAll.csv,hard_brake,6,190.223469,180.223469,190.223469,0.7007000000000119,train
2051,mitra_t5,data\raw\mitra\Data_T5\T5_DAll.csv,hard_brake,5,184.751333,174.751333,184.751333,0.5005000000000166,train
2052,mitra_t5,data\raw\mitra\Data_T5\T5_DAll.csv,hard_brake,2,167.834424,157.834424,167.834424,1.0009999999999764,train
2053,mitra_t5,data\raw\mitra\Data_T5\T5_DAll.csv,hard_brake,2,158.124718,148.124718,158.124718,0.7007010000000093,train
2054,mitra_t5,data\raw\mitra\Data_T5\T5_DAll.csv,hard_brake,2,168.968891,158.968891,168.968891,0.5338669999999865,train
2055,mitra_t5,data\raw\mitra\Data_T5\T5_DAll.csv,hard_brake,1,167.56749,157.56749,167.56749,0.9342670000000056,train
2056,mitra_t5,data\raw\mitra\Data_T5\T5_DAll.csv,hard_brake,6,192.292203,182.292203,192.292203,0.800801000000007,train
2057,mitra_t5,data\raw\mitra\Data_T5\T5_DAll.csv,hard_brake,3,146.613212,136.613212,146.613212,0.4671339999999873,train
2058,mitra_t5,data\raw\mitra\Data_T5\T5_DAll.csv,hard_brake,7,207.707612,197.707612,207.707612,0.9008999999999788,train
2059,mitra_t5,data\raw\mitra\Data_T5\T5_DAll.csv,hard_brake,7,191.62487,181.62487,191.62487,0.8008000000000095,train
2060,mitra_t5,data\raw\mitra\Data_T5\T5_DAll.csv,hard_brake,5,187.954534,177.954534,187.954534,0.967634000000004,train
2061,mitra_t5,data\raw\mitra\Data_T5\T5_DAll.csv,hard_brake,4,197.897806,187.897806,197.897806,0.8675340000000062,train
2062,mitra_t5,data\raw\mitra\Data_T5\T5_DAll.csv,hard_brake,6,145.812412,135.812412,145.812412,1.0677340000000015,train
2063,mitra_t5,data\raw\mitra\Data_T5\T5_DAll.csv,hard_brake,7,208.875446,198.875446,208.875446,0.7340669999999818,train
2064,mitra_t5,data\raw\mitra\Data_T5\T5_DAll.csv,hard_brake,5,189.889802,179.889802,189.889802,0.7007010000000093,train
2065,mitra_t5,data\raw\mitra\Data_T5\T5_DAll.csv,hard_brake,4,181.815065,171.815065,181.815065,0.7674329999999827,train
2066,mitra_t5,data\raw\mitra\Data_T5\T5_DAll.csv,hard_brake,7,210.310213,200.310213,210.310213,0.800801000000007,train
2067,mitra_t5,data\raw\mitra\Data_T5\T5_DAll.csv,hard_brake,5,205.872444,195.872444,205.872444,0.9009010000000046,train
2068,mitra_t5,data\raw\mitra\Data_T5\T5_DAll.csv,hard_brake,4,185.652233,175.652233,185.652233,0.7674340000000086,train
2069,mitra_t5,data\raw\mitra\Data_T5\T5_DAll.csv,hard_brake,4,188.855435,178.855435,188.855435,0.7340670000000102,train
2070,mitra_t5,data\raw\mitra\Data_T5\T5_DAll.csv,hard_brake,4,186.653234,176.653234,186.653234,0.8341670000000079,train
2071,mitra_t5,data\raw\mitra\Data_T5\T5_DAll.csv,hard_brake,6,215.482049,205.482049,215.482049,0.800801000000007,train
2072,mitra_t5,data\raw\mitra\Data_T5\T5_DAll.csv,hard_brake,5,192.692604,182.692604,192.692604,0.9009000000000073,train
2073,mitra_t5,data\raw\mitra\Data_T5\T5_DAll.csv,hard_brake,5,195.862439,185.862439,195.862439,1.568234000000018,train
2074,mitra_t5,data\raw\mitra\Data_T5\T5_DAll.csv,hard_brake,6,155.28855,145.28855,155.28855,0.7340670000000102,train
2075,mitra_t5,data\raw\mitra\Data_T5\T5_DAll.csv,hard_brake,3,170.937525,160.937525,170.937525,0.5672340000000133,train
2076,mitra_t5,data\raw\mitra\Data_T5\T5_DAll.csv,hard_brake,4,191.658236,181.658236,191.658236,0.7674340000000086,train
2077,mitra_t5,data\raw\mitra\Data_T5\T5_DAll.csv,hard_brake,1,178.111363,168.111363,178.111363,0.8007999999999811,train
2078,mitra_t5,data\raw\mitra\Data_T5\T5_DAll.csv,hard_brake,5,200.800708,190.800708,200.800708,0.6339670000000126,train
2079,mitra_t5,data\raw\mitra\Data_T5\T5_DAll.csv,hard_brake,4,191.958537,181.958537,191.958537,1.1344670000000008,train
2080,mitra_t5,data\raw\mitra\Data_T5\T5_DAll.csv,hard_brake,1,199.799708,189.799708,199.799708,1.2345669999999984,train
2081,mitra_t5,data\raw\mitra\Data_T5\T5_DAll.csv,hard_brake,3,175.475394,165.475394,175.475394,0.8675340000000062,train
2082,mitra_t5,data\raw\mitra\Data_T5\T5_DAll.csv,hard_brake,2,196.596506,186.596506,196.596506,0.7674340000000086,train
2083,mitra_t5,data\raw\mitra\Data_T5\T5_DAll.csv,hard_brake,3,176.276195,166.276195,176.276195,0.9009000000000073,train
2084,mitra_t5,data\raw\mitra\Data_T5\T5_DAll.csv,hard_brake,4,195.929172,185.929172,195.929172,1.334666999999996,train
2085,mitra_t5,data\raw\mitra\Data_T5\T5_DAll.csv,hard_brake,5,201.935175,191.935175,201.935175,0.667334000000011,train
2086,mitra_t5,data\raw\mitra\Data_T5\T5_DAll.csv,hard_brake,1,181.147731,171.147731,181.147731,0.8675340000000062,train
2087,mitra_t5,data\raw\mitra\Data_T5\T5_DAll.csv,hard_brake,3,178.111363,168.111363,178.111363,0.9008999999999788,train
2088,mitra_t5,data\raw\mitra\Data_T5\T5_DAll.csv,hard_brake,7,211.511414,201.511414,211.511414,0.9342670000000056,train
2089,mitra_t5,data\raw\mitra\Data_T5\T5_DAll.csv,hard_brake,1,182.582498,172.582498,182.582498,0.6006010000000117,train
2090,mitra_t5,data\raw\mitra\Data_T5\T5_DAll.csv,hard_brake,2,202.535776,192.535776,202.535776,1.501499999999993,train
2091,mitra_t5,data\raw\mitra\Data_T5\T5_DAll.csv,hard_brake,1,189.656235,179.656235,189.656235,0.8675339999999778,train
2092,mitra_t5,data\raw\mitra\Data_T5\T5_DAll.csv,hard_brake,3,180.24683,170.24683,180.24683,0.9342670000000056,train
2093,mitra_t5,data\raw\mitra\Data_T5\T5_DAll.csv,hard_brake,2,195.128372,185.128372,195.128372,0.9008999999999788,train
2094,mitra_t5,data\raw\mitra\Data_T5\T5_DAll.csv,hard_brake,1,192.32557,182.32557,192.32557,1.0343670000000031,train
2095,mitra_t5,data\raw\mitra\Data_T5\T5_DAll.csv,hard_brake,3,194.828072,184.828072,194.828072,0.7007000000000119,train
2096,mitra_t5,data\raw\mitra\Data_T5\T5_DAll.csv,hard_brake,1,185.752333,175.752333,185.752333,0.7674340000000086,train
2097,mitra_t5,data\raw\mitra\Data_T5\T5_DAll.csv,hard_brake,7,225.191755,215.191755,225.191755,0.7674330000000111,train
2098,mitra_t5,data\raw\mitra\Data_T5\T5_DAll.csv,hard_brake,6,228.96219,218.96219,228.96219,0.667334000000011,train
2099,mitra_t5,data\raw\mitra\Data_T5\T5_DAll.csv,hard_brake,7,222.789353,212.789353,222.789353,0.5004999999999882,train
2100,mitra_t5,data\raw\mitra\Data_T5\T5_DAll.csv,hard_brake,4,204.437677,194.437677,204.437677,0.6673329999999851,train
2101,mitra_t5,data\raw\mitra\Data_T5\T5_DAll.csv,hard_brake,7,229.796357,219.796357,229.796357,1.0010010000000025,train
2102,mitra_t5,data\raw\mitra\Data_T5\T5_DAll.csv,hard_brake,1,206.573144,196.573144,206.573144,0.8008009999999786,train
2103,mitra_t5,data\raw\mitra\Data_T5\T5_DAll.csv,hard_brake,2,189.722969,179.722969,189.722969,1.1344670000000008,train
2104,mitra_t5,data\raw\mitra\Data_T5\T5_DAll.csv,hard_brake,5,209.542779,199.542779,209.542779,0.7340670000000102,train
2105,mitra_t5,data\raw\mitra\Data_T5\T5_DAll.csv,hard_brake,3,185.318566,175.318566,185.318566,1.0343680000000006,train
2106,mitra_t5,data\raw\mitra\Data_T5\T5_DAll.csv,hard_brake,2,197.76434,187.76434,197.76434,0.7674329999999827,train
2107,mitra_t5,data\raw\mitra\Data_T5\T5_DAll.csv,hard_brake,3,189.689602,179.689602,189.689602,0.4671339999999873,train
2108,mitra_t5,data\raw\mitra\Data_T5\T5_DAll.csv,hard_brake,3,191.82507,181.82507,191.82507,0.7006999999999834,train
2109,mitra_t5,data\raw\mitra\Data_T5\T5_DAll.csv,hard_brake,4,208.775346,198.775346,208.775346,0.6673329999999851,train
2110,mitra_t5,data\raw\mitra\Data_T5\T5_DAll.csv,hard_brake,3,192.792704,182.792704,192.792704,0.9009000000000073,train
2111,mitra_t5,data\raw\mitra\Data_T5\T5_DAll.csv,hard_brake,3,193.560137,183.560137,193.560137,0.967634000000004,train
2112,mitra_t5,data\raw\mitra\Data_T5\T5_DAll.csv,hard_brake,5,212.645881,202.645881,212.645881,0.800801000000007,train
2113,mitra_t5,data\raw\mitra\Data_T5\T5_DAll.csv,hard_brake,5,214.514415,204.514415,214.514415,0.6006009999999833,train
2114,mitra_t5,data\raw\mitra\Data_T5\T5_DAll.csv,hard_brake,5,218.785351,208.785351,218.785351,0.667334000000011,train
2115,mitra_t5,data\raw\mitra\Data_T5\T5_DAll.csv,hard_brake,3,196.262839,186.262839,196.262839,0.9342669999999772,train
2116,mitra_t5,data\raw\mitra\Data_T5\T5_DAll.csv,hard_brake,4,209.976546,199.976546,209.976546,0.8008009999999786,train
2117,mitra_t5,data\raw\mitra\Data_T5\T5_DAll.csv,hard_brake,1,210.310213,200.310213,210.310213,0.7340669999999818,train
2118,mitra_t5,data\raw\mitra\Data_T5\T5_DAll.csv,hard_brake,4,199.232474,189.232474,199.232474,0.6006000000000142,train
2119,mitra_t5,data\raw\mitra\Data_T5\T5_DAll.csv,hard_brake,6,207.273845,197.273845,207.273845,1.1011000000000024,train
2120,mitra_t5,data\raw\mitra\Data_T5\T5_DAll.csv,hard_brake,2,204.10401,194.10401,204.10401,1.2345669999999984,train
2121,mitra_t5,data\raw\mitra\Data_T5\T5_DAll.csv,hard_brake,4,212.312214,202.312214,212.312214,0.8008009999999786,train
2122,mitra_t5,data\raw\mitra\Data_T5\T5_DAll.csv,hard_brake,3,197.66424,187.66424,197.66424,0.7006999999999834,train
2123,mitra_t5,data\raw\mitra\Data_T5\T5_DAll.csv,hard_brake,5,220.253485,210.253485,220.253485,0.7007009999999809,train
2124,mitra_t5,data\raw\mitra\Data_T5\T5_DAll.csv,hard_brake,7,234.934826,224.934826,234.934826,1.201201000000026,train
2125,mitra_t5,data\raw\mitra\Data_T5\T5_DAll.csv,hard_brake,3,198.398307,188.398307,198.398307,0.8008000000000095,train
2126,mitra_t5,data\raw\mitra\Data_T5\T5_DAll.csv,hard_brake,4,213.813715,203.813715,213.813715,0.967634000000004,train
2127,mitra_t5,data\raw\mitra\Data_T5\T5_DAll.csv,hard_brake,2,207.607512,197.607512,207.607512,0.6005999999999858,train
2128,mitra_t5,data\raw\mitra\Data_T5\T5_DAll.csv,hard_brake,3,199.666241,189.666241,199.666241,0.8675339999999778,train
2129,mitra_t5,data\raw\mitra\Data_T5\T5_DAll.csv,hard_brake,5,182.248831,172.248831,182.248831,0.934268000000003,train
2130,mitra_t5,data\raw\mitra\Data_T5\T5_DAll.csv,hard_brake,5,184.484399,174.484399,184.484399,0.8341670000000079,train
2131,mitra_t5,data\raw\mitra\Data_T5\T5_DAll.csv,hard_brake,4,217.750984,207.750984,217.750984,0.533867000000015,train
2132,mitra_t5,data\raw\mitra\Data_T5\T5_DAll.csv,hard_brake,1,204.737977,194.737977,204.737977,0.967634000000004,train
2133,mitra_t5,data\raw\mitra\Data_T5\T5_DAll.csv,hard_brake,2,208.274845,198.274845,208.274845,0.934268000000003,train
2134,mitra_t5,data\raw\mitra\Data_T5\T5_DAll.csv,hard_brake,3,201.134375,191.134375,201.134375,0.7340669999999818,train
2135,mitra_t5,data\raw\mitra\Data_T5\T5_DAll.csv,hard_brake,5,223.12302,213.12302,223.12302,0.667334000000011,train
2136,mitra_t5,data\raw\mitra\Data_T5\T5_DAll.csv,hard_brake,2,209.876446,199.876446,209.876446,0.8341670000000079,train
2137,mitra_t5,data\raw\mitra\Data_T5\T5_DAll.csv,hard_brake,7,238.304862,228.304862,238.304862,1.334666999999996,train
2138,mitra_t5,data\raw\mitra\Data_T5\T5_DAll.csv,hard_brake,21,185.718967,175.718967,185.718967,0.533867000000015,train
2139,mitra_t5,data\raw\mitra\Data_T5\T5_DAll.csv,hard_brake,3,193.860438,183.860438,193.860438,0.7674330000000111,train
2140,mitra_t5,data\raw\mitra\Data_T5\T5_DAll.csv,hard_brake,3,202.402309,192.402309,202.402309,0.6339669999999842,train
2141,mitra_t5,data\raw\mitra\Data_T5\T5_DAll.csv,hard_brake,4,219.319218,209.319218,219.319218,0.8007999999999811,train
2142,mitra_t5,data\raw\mitra\Data_T5\T5_DAll.csv,hard_brake,1,216.28285,206.28285,216.28285,0.9342670000000056,train
2143,mitra_t5,data\raw\mitra\Data_T5\T5_DAll.csv,hard_brake,7,239.973196,229.973196,239.973196,0.6673329999999851,train
2144,mitra_t5,data\raw\mitra\Data_T5\T5_DAll.csv,hard_brake,2,215.98255,205.98255,215.98255,0.7340670000000102,train
2145,mitra_t5,data\raw\mitra\Data_T5\T5_DAll.csv,hard_brake,6,221.888453,211.888453,221.888453,0.7340670000000102,train
2146,mitra_t5,data\raw\mitra\Data_T5\T5_DAll.csv,hard_brake,2,211.911814,201.911814,211.911814,0.6339670000000126,train
2147,mitra_t5,data\raw\mitra\Data_T5\T5_DAll.csv,hard_brake,2,214.280849,204.280849,214.280849,0.7674330000000111,train
2148,mitra_t5,data\raw\mitra\Data_T5\T5_DAll.csv,hard_brake,3,205.405311,195.405311,205.405311,0.967632999999978,train
2149,mitra_t5,data\raw\mitra\Data_T5\T5_DAll.csv,hard_brake,5,225.558788,215.558788,225.558788,0.9009010000000046,train
2150,mitra_t5,data\raw\mitra\Data_T5\T5_DAll.csv,hard_brake,6,241.14103,231.14103,241.14103,0.5004999999999882,train
2151,mitra_t5,data\raw\mitra\Data_T5\T5_DAll.csv,hard_brake,1,218.084651,208.084651,218.084651,0.8007999999999811,train
2152,mitra_t5,data\raw\mitra\Data_T5\T5_DAll.csv,hard_brake,7,243.076297,233.076297,243.076297,0.5672339999999849,train
2153,mitra_t5,data\raw\mitra\Data_T5\T5_DAll.csv,hard_brake,1,207.073645,197.073645,207.073645,0.967634000000004,train
2154,mitra_t5,data\raw\mitra\Data_T5\T5_DAll.csv,hard_brake,3,207.540778,197.540778,207.540778,0.667334000000011,train
2155,mitra_t5,data\raw\mitra\Data_T5\T5_DAll.csv,hard_brake,2,208.842079,198.842079,208.842079,0.8675339999999778,train
2156,mitra_t5,data\raw\mitra\Data_T5\T5_DAll.csv,hard_brake,3,210.477047,200.477047,210.477047,0.9009000000000073,train
2157,mitra_t5,data\raw\mitra\Data_T5\T5_DAll.csv,hard_brake,4,227.227122,217.227122,227.227122,0.7340669999999818,train
2158,mitra_t5,data\raw\mitra\Data_T5\T5_DAll.csv,hard_brake,5,228.328223,218.328223,228.328223,0.8007999999999811,train
2159,mitra_t5,data\raw\mitra\Data_T5\T5_DAll.csv,hard_brake,3,212.645881,202.645881,212.645881,0.9009010000000046,train
2160,mitra_t5,data\raw\mitra\Data_T5\T5_DAll.csv,hard_brake,4,228.76199,218.76199,228.76199,0.7007000000000119,train
2161,mitra_t5,data\raw\mitra\Data_T5\T5_DAll.csv,hard_brake,1,211.44468,201.44468,211.44468,1.0010010000000025,train
2162,mitra_t5,data\raw\mitra\Data_T5\T5_DAll.csv,hard_brake,4,232.465692,222.465692,232.465692,0.6673330000000135,train
2163,mitra_t5,data\raw\mitra\Data_T5\T5_DAll.csv,hard_brake,7,247.814367,237.814367,247.814367,0.8341670000000079,train
2164,mitra_t5,data\raw\mitra\Data_T5\T5_DAll.csv,hard_brake,4,234.267493,224.267493,234.267493,0.5338669999999865,train
2165,mitra_t5,data\raw\mitra\Data_T5\T5_DAll.csv,hard_brake,5,232.031925,222.031925,232.031925,0.7674340000000086,train
2166,mitra_t5,data\raw\mitra\Data_T5\T5_DAll.csv,hard_brake,7,256.456338,246.456338,256.456338,0.5338669999999865,train
2167,mitra_t5,data\raw\mitra\Data_T5\T5_DAll.csv,hard_brake,2,219.018918,209.018918,219.018918,1.534866999999991,train
2168,mitra_t5,data\raw\mitra\Data_T5\T5_DAll.csv,hard_brake,3,213.980548,203.980548,213.980548,0.7340680000000077,train
2169,mitra_t5,data\raw\mitra\Data_T5\T5_DAll.csv,hard_brake,4,224.357587,214.357587,224.357587,0.9009010000000046,train
2170,mitra_t5,data\raw\mitra\Data_T5\T5_DAll.csv,hard_brake,5,235.935827,225.935827,235.935827,0.7007000000000119,train
2171,mitra_t5,data\raw\mitra\Data_T5\T5_DAll.csv,hard_brake,1,232.265492,222.265492,232.265492,1.3012999999999977,train
2172,mitra_t5,data\raw\mitra\Data_T5\T5_DAll.csv,hard_brake,3,221.087652,211.087652,221.087652,0.800801000000007,train
2173,mitra_t5,data\raw\mitra\Data_T5\T5_DAll.csv,hard_brake,7,254.42097,244.42097,254.42097,0.5672339999999849,train
2174,mitra_t5,data\raw\mitra\Data_T5\T5_DAll.csv,hard_brake,4,236.870094,226.870094,236.870094,0.5005000000000166,train
2175,mitra_t5,data\raw\mitra\Data_T5\T5_DAll.csv,hard_brake,7,240.440329,230.440329,240.440329,0.8675340000000062,train
2176,mitra_t5,data\raw\mitra\Data_T5\T5_DAll.csv,hard_brake,2,228.56179,218.56179,228.56179,0.6673329999999851,train
2177,mitra_t5,data\raw\mitra\Data_T5\T5_DAll.csv,hard_brake,7,247.013566,237.013566,247.013566,0.7007010000000093,train
2178,mitra_t5,data\raw\mitra\Data_T5\T5_DAll.csv,hard_brake,4,228.328223,218.328223,228.328223,0.5672339999999849,train
2179,mitra_t5,data\raw\mitra\Data_T5\T5_DAll.csv,hard_brake,2,225.792355,215.792355,225.792355,0.7674340000000086,train
2180,mitra_t5,data\raw\mitra\Data_T5\T5_DAll.csv,hard_brake,2,223.756987,213.756987,223.756987,0.967634000000004,train
2181,mitra_t5,data\raw\mitra\Data_T5\T5_DAll.csv,hard_brake,4,241.44133,231.44133,241.44133,0.533867000000015,train
2182,mitra_t5,data\raw\mitra\Data_T5\T5_DAll.csv,hard_brake,6,261.427974,251.427974,261.427974,1.23456699999997,train
2183,mitra_t5,data\raw\mitra\Data_T5\T5_DAll.csv,hard_brake,5,245.145032,235.145032,245.145032,1.5015010000000188,train
2184,mitra_t5,data\raw\mitra\Data_T5\T5_DAll.csv,hard_brake,6,264.998209,254.998209,264.998209,1.001001000000031,train
2185,mitra_t5,data\raw\mitra\Data_T5\T5_DAll.csv,hard_brake,2,233.900459,223.900459,233.900459,1.0010009999999738,train
2186,mitra_t5,data\raw\mitra\Data_T5\T5_DAll.csv,hard_brake,5,249.182401,239.182401,249.182401,1.1344670000000008,train
2187,mitra_t5,data\raw\mitra\Data_T5\T5_DAll.csv,hard_brake,7,266.032576,256.032576,266.032576,0.8008009999999786,train
2188,mitra_t5,data\raw\mitra\Data_T5\T5_DAll.csv,hard_brake,1,238.338228,228.338228,238.338228,1.4014010000000212,train
2189,mitra_t5,data\raw\mitra\Data_T5\T5_DAll.csv,hard_brake,2,231.097658,221.097658,231.097658,0.6006000000000142,train
2190,mitra_t5,data\raw\mitra\Data_T5\T5_DAll.csv,hard_brake,6,254.654537,244.654537,254.654537,1.0010010000000025,train
2191,mitra_t5,data\raw\mitra\Data_T5\T5_DAll.csv,hard_brake,4,247.747633,237.747633,247.747633,1.0677340000000015,train
2192,mitra_t5,data\raw\mitra\Data_T5\T5_DAll.csv,hard_brake,6,270.203412,260.203412,270.203412,1.1344669999999724,train
2193,mitra_t5,data\raw\mitra\Data_T5\T5_DAll.csv,hard_brake,5,247.2805,237.2805,247.2805,0.7007000000000119,train
2194,mitra_t5,data\raw\mitra\Data_T5\T5_DAll.csv,hard_brake,6,250.784002,240.784002,250.784002,0.7007000000000119,train
2195,mitra_t5,data\raw\mitra\Data_T5\T5_DAll.csv,hard_brake,4,248.815367,238.815367,248.815367,0.8341669999999795,train
2196,mitra_t5,data\raw\mitra\Data_T5\T5_DAll.csv,hard_brake,3,234.200759,224.200759,234.200759,0.7007009999999809,train
2197,mitra_t5,data\raw\mitra\Data_T5\T5_DAll.csv,hard_brake,2,235.268493,225.268493,235.268493,0.800801000000007,train
2198,mitra_t5,data\raw\mitra\Data_T5\T5_DAll.csv,hard_brake,2,240.240129,230.240129,240.240129,0.8341670000000079,train
2199,mitra_t5,data\raw\mitra\Data_T5\T5_DAll.csv,hard_brake,3,234.968193,224.968193,234.968193,0.7674339999999802,train
2200,mitra_t5,data\raw\mitra\Data_T5\T5_DAll.csv,hard_brake,1,248.0813,238.0813,248.0813,1.1678339999999992,train
2201,mitra_t5,data\raw\mitra\Data_T5\T5_DAll.csv,hard_brake,7,272.305513,262.305513,272.305513,0.5004999999999882,train
2202,mitra_t5,data\raw\mitra\Data_T5\T5_DAll.csv,hard_brake,2,249.382601,239.382601,249.382601,0.8675340000000062,train
2203,mitra_t5,data\raw\mitra\Data_T5\T5_DAll.csv,hard_brake,3,235.768994,225.768994,235.768994,0.8008000000000095,train
2204,mitra_t5,data\raw\mitra\Data_T5\T5_DAll.csv,hard_brake,4,252.218769,242.218769,252.218769,0.7674339999999802,train
2205,mitra_t5,data\raw\mitra\Data_T5\T5_DAll.csv,hard_brake,5,256.623171,246.623171,256.623171,1.201200999999969,train
2206,mitra_t5,data\raw\mitra\Data_T5\T5_DAll.csv,hard_brake,2,246.746633,236.746633,246.746633,1.5015009999999904,train
2207,mitra_t5,data\raw\mitra\Data_T5\T5_DAll.csv,hard_brake,7,259.993207,249.993207,259.993207,0.8341670000000363,train
2208,mitra_t5,data\raw\mitra\Data_T5\T5_DAll.csv,hard_brake,3,238.905462,228.905462,238.905462,0.8341670000000079,train
2209,mitra_t5,data\raw\mitra\Data_T5\T5_DAll.csv,hard_brake,7,277.544083,267.544083,277.544083,0.8007999999999811,train
2210,mitra_t5,data\raw\mitra\Data_T5\T5_DAll.csv,hard_brake,2,248.348234,238.348234,248.348234,0.7340670000000102,train
2211,mitra_t5,data\raw\mitra\Data_T5\T5_DAll.csv,hard_brake,5,261.361241,251.361241,261.361241,0.8007999999999811,train
2212,mitra_t5,data\raw\mitra\Data_T5\T5_DAll.csv,hard_brake,4,253.486703,243.486703,253.486703,0.8341670000000079,train
2213,mitra_t5,data\raw\mitra\Data_T5\T5_DAll.csv,hard_brake,6,258.525072,248.525072,258.525072,0.4671339999999873,train
2214,mitra_t5,data\raw\mitra\Data_T5\T5_DAll.csv,hard_brake,2,242.842731,232.842731,242.842731,0.7340670000000102,train
2215,mitra_t5,data\raw\mitra\Data_T5\T5_DAll.csv,hard_brake,3,239.672896,229.672896,239.672896,0.9008999999999788,train
2216,mitra_t5,data\raw\mitra\Data_T5\T5_DAll.csv,hard_brake,5,259.325873,249.325873,259.325873,0.5004999999999882,train
2217,mitra_t5,data\raw\mitra\Data_T5\T5_DAll.csv,hard_brake,1,252.685903,242.685903,252.685903,0.9009000000000073,train
2218,mitra_t5,data\raw\mitra\Data_T5\T5_DAll.csv,hard_brake,4,256.222771,246.222771,256.222771,0.7674339999999802,train
2219,mitra_t5,data\raw\mitra\Data_T5\T5_DAll.csv,hard_brake,3,249.649534,239.649534,249.649534,0.7674340000000086,train
2220,mitra_t5,data\raw\mitra\Data_T5\T5_DAll.csv,hard_brake,2,251.918469,241.918469,251.918469,0.8341670000000079,train
2221,mitra_t5,data\raw\mitra\Data_T5\T5_DAll.csv,hard_brake,5,265.732276,255.732276,265.732276,1.1011009999999717,train
2222,mitra_t5,data\raw\mitra\Data_T5\T5_DAll.csv,hard_brake,1,255.188404,245.188404,255.188404,0.7340670000000102,train
2223,mitra_t5,data\raw\mitra\Data_T5\T5_DAll.csv,hard_brake,3,247.6809,237.6809,247.6809,0.9008999999999788,train
2224,mitra_t5,data\raw\mitra\Data_T5\T5_DAll.csv,hard_brake,7,283.917119,273.917119,283.917119,1.4347679999999627,train
2225,mitra_t5,data\raw\mitra\Data_T5\T5_DAll.csv,hard_brake,6,267.20041,257.20041,267.20041,0.4671340000000441,train
2226,mitra_t5,data\raw\mitra\Data_T5\T5_DAll.csv,hard_brake,2,253.686903,243.686903,253.686903,0.7340670000000102,train
2227,mitra_t5,data\raw\mitra\Data_T5\T5_DAll.csv,hard_brake,5,273.840381,263.840381,273.840381,0.8341670000000363,train
2228,mitra_t5,data\raw\mitra\Data_T5\T5_DAll.csv,hard_brake,3,252.118669,242.118669,252.118669,0.8007999999999811,train
2229,mitra_t5,data\raw\mitra\Data_T5\T5_DAll.csv,hard_brake,2,258.291506,248.29150600000003,258.291506,0.8007999999999811,train
2230,mitra_t5,data\raw\mitra\Data_T5\T5_DAll.csv,hard_brake,3,252.952836,242.952836,252.952836,0.4671340000000157,train
2231,mitra_t5,data\raw\mitra\Data_T5\T5_DAll.csv,hard_brake,4,262.428975,252.428975,262.428975,0.9009000000000356,train
2232,mitra_t5,data\raw\mitra\Data_T5\T5_DAll.csv,hard_brake,7,275.175048,265.175048,275.175048,0.8341669999999795,train
2233,mitra_t5,data\raw\mitra\Data_T5\T5_DAll.csv,hard_brake,1,267.934478,257.934478,267.934478,0.8341669999999795,train
2234,mitra_t5,data\raw\mitra\Data_T5\T5_DAll.csv,hard_brake,2,266.80001,256.80001,266.80001,0.8008010000000354,train
2235,mitra_t5,data\raw\mitra\Data_T5\T5_DAll.csv,hard_brake,4,272.405613,262.405613,272.405613,0.9342669999999772,train
2236,mitra_t5,data\raw\mitra\Data_T5\T5_DAll.csv,hard_brake,1,270.937479,260.937479,270.937479,0.8341669999999795,train
2237,mitra_t5,data\raw\mitra\Data_T5\T5_DAll.csv,hard_brake,5,279.112317,269.112317,279.112317,1.23456699999997,train
2238,mitra_t5,data\raw\mitra\Data_T5\T5_DAll.csv,hard_brake,4,264.831376,254.831376,264.831376,0.500500000000045,train
2239,mitra_t5,data\raw\mitra\Data_T5\T5_DAll.csv,hard_brake,5,278.745283,268.745283,278.745283,0.6006010000000401,train
2240,mitra_t5,data\raw\mitra\Data_T5\T5_DAll.csv,hard_brake,6,289.055589,279.055589,289.055589,0.8007999999999811,train
2241,mitra_t5,data\raw\mitra\Data_T5\T5_DAll.csv,hard_brake,1,278.27815,268.27815,278.27815,0.500500000000045,train
2242,mitra_t5,data\raw\mitra\Data_T5\T5_DAll.csv,hard_brake,3,231.731625,221.731625,231.731625,0.5672329999999874,train
2243,mitra_t5,data\raw\mitra\Data_T5\T5_DAll.csv,hard_brake,4,266.132677,256.132677,266.132677,0.7006999999999834,train
2244,mitra_t5,data\raw\mitra\Data_T5\T5_DAll.csv,hard_brake,1,253.186403,243.186403,253.186403,0.8675339999999778,train
2245,mitra_t5,data\raw\mitra\Data_T5\T5_DAll.csv,hard_brake,2,262.962842,252.962842,262.962842,1.3012999999999693,train
2246,mitra_t5,data\raw\mitra\Data_T5\T5_DAll.csv,hard_brake,1,269.269145,259.269145,269.269145,1.0343670000000316,train
2247,mitra_t5,data\raw\mitra\Data_T5\T5_DAll.csv,hard_brake,1,279.546084,269.546084,279.546084,0.7340669999999818,train
2248,mitra_t5,data\raw\mitra\Data_T5\T5_DAll.csv,hard_brake,4,267.700911,257.700911,267.700911,0.6339669999999842,train
2249,mitra_t5,data\raw\mitra\Data_T5\T5_DAll.csv,hard_brake,3,257.757639,247.757639,257.757639,0.8341670000000363,train
2250,mitra_t5,data\raw\mitra\Data_T5\T5_DAll.csv,hard_brake,2,268.701911,258.701911,268.701911,0.5672339999999849,train
2251,mitra_t5,data\raw\mitra\Data_T5\T5_DAll.csv,hard_brake,2,265.064943,255.06494300000003,265.064943,1.2011999999999716,train
2252,mitra_t5,data\raw\mitra\Data_T5\T5_DAll.csv,hard_brake,4,269.169045,259.169045,269.169045,0.6673340000000394,train
2253,mitra_t5,data\raw\mitra\Data_T5\T5_DAll.csv,hard_brake,1,258.458339,248.458339,258.458339,0.8008009999999786,train
2254,mitra_t5,data\raw\mitra\Data_T5\T5_DAll.csv,hard_brake,5,285.285154,275.285154,285.285154,0.6673330000000419,train
2255,mitra_t5,data\raw\mitra\Data_T5\T5_DAll.csv,hard_brake,3,252.018569,242.018569,252.018569,0.5338669999999865,train
2256,mitra_t5,data\raw\mitra\Data_T5\T5_DAll.csv,hard_brake,1,269.536078,259.536078,269.536078,0.8008010000000354,train
2257,mitra_t5,data\raw\mitra\Data_T5\T5_DAll.csv,hard_brake,3,244.644532,234.644532,244.644532,0.6339670000000126,train
2258,mitra_t5,data\raw\mitra\Data_T5\T5_DAll.csv,hard_brake,4,273.873747,263.873747,273.873747,0.8008010000000354,train
2259,mitra_t5,data\raw\mitra\Data_T5\T5_DAll.csv,hard_brake,2,272.906114,262.906114,272.906114,1.2011999999999716,train
2260,mitra_t5,data\raw\mitra\Data_T5\T5_DAll.csv,hard_brake,3,265.365243,255.365243,265.365243,1.067733999999973,train
2261,mitra_t5,data\raw\mitra\Data_T5\T5_DAll.csv,hard_brake,4,275.441982,265.441982,275.441982,0.9008999999999788,train
2262,mitra_t5,data\raw\mitra\Data_T5\T5_DAll.csv,hard_brake,7,299.065594,289.065594,299.065594,0.8008010000000354,train
2263,mitra_t5,data\raw\mitra\Data_T5\T5_DAll.csv,hard_brake,3,266.733277,256.733277,266.733277,0.8675340000000347,train
2264,mitra_t5,data\raw\mitra\Data_T5\T5_DAll.csv,hard_brake,3,275.608815,265.608815,275.608815,0.8341669999999795,train
2265,mitra_t5,data\raw\mitra\Data_T5\T5_DAll.csv,hard_brake,3,268.434978,258.434978,268.434978,0.8341669999999795,train
2266,mitra_t5,data\raw\mitra\Data_T5\T5_DAll.csv,hard_brake,4,278.77865,268.77865,278.77865,0.5672339999999849,train
2267,mitra_t5,data\raw\mitra\Data_T5\T5_DAll.csv,hard_brake,4,281.214418,271.214418,281.214418,0.8007999999999811,train
2268,mitra_t5,data\raw\mitra\Data_T5\T5_DAll.csv,hard_brake,2,280.947485,270.947485,280.947485,1.0010000000000332,train
2269,mitra_t5,data\raw\mitra\Data_T5\T5_DAll.csv,hard_brake,6,281.214418,271.214418,281.214418,0.8007999999999811,train
2270,mitra_t5,data\raw\mitra\Data_T5\T5_DAll.csv,hard_brake,1,281.714918,271.714918,281.714918,1.1678339999999707,train
2271,mitra_t5,data\raw\mitra\Data_T5\T5_DAll.csv,hard_brake,3,273.273147,263.273147,273.273147,1.001001000000031,train
2272,mitra_t5,data\raw\mitra\Data_T5\T5_DAll.csv,hard_brake,4,283.049586,273.049586,283.049586,1.1344670000000292,train
2273,mitra_t5,data\raw\mitra\Data_T5\T5_DAll.csv,hard_brake,6,309.843033,299.843033,309.843033,0.8675340000000347,train
2274,mitra_t5,data\raw\mitra\Data_T5\T5_DAll.csv,hard_brake,2,286.786654,276.786654,286.786654,1.1678340000000276,train
2275,mitra_t5,data\raw\mitra\Data_T5\T5_DAll.csv,hard_brake,4,286.152687,276.152687,286.152687,0.8675339999999778,train
2276,mitra_t5,data\raw\mitra\Data_T5\T5_DAll.csv,hard_brake,2,283.616819,273.616819,283.616819,0.8341669999999795,train
2277,mitra_t5,data\raw\mitra\Data_T5\T5_DAll.csv,hard_brake,6,301.734929,291.734929,301.734929,0.9676339999999756,train
2278,mitra_t5,data\raw\mitra\Data_T5\T5_DAll.csv,hard_brake,4,288.721922,278.721922,288.721922,0.8007999999999811,train
2279,mitra_t5,data\raw\mitra\Data_T5\T5_DAll.csv,hard_brake,2,284.884753,274.884753,284.884753,1.06773400000003,train
2280,mitra_t5,data\raw\mitra\Data_T5\T5_DAll.csv,hard_brake,5,296.262793,286.262793,296.262793,0.767434000000037,train
2281,mitra_t5,data\raw\mitra\Data_T5\T5_DAll.csv,hard_brake,1,291.191057,281.191057,291.191057,1.101099999999974,train
2282,mitra_t5,data\raw\mitra\Data_T5\T5_DAll.csv,hard_brake,3,278.912117,268.912117,278.912117,1.0343669999999747,train
2283,mitra_t5,data\raw\mitra\Data_T5\T5_DAll.csv,hard_brake,4,292.05859,282.05859,292.05859,0.9676340000000324,train
2284,mitra_t5,data\raw\mitra\Data_T5\T5_DAll.csv,hard_brake,6,311.311168,301.311168,311.311168,0.9008999999999788,train
2285,mitra_t5,data\raw\mitra\Data_T5\T5_DAll.csv,hard_brake,3,282.282152,272.282152,282.282152,0.8341669999999795,train
2286,mitra_t5,data\raw\mitra\Data_T5\T5_DAll.csv,hard_brake,1,283.383252,273.383252,283.383252,0.9009009999999762,train
2287,mitra_t5,data\raw\mitra\Data_T5\T5_DAll.csv,hard_brake,3,279.913117,269.913117,279.913117,0.8675339999999778,train
2288,mitra_t5,data\raw\mitra\Data_T5\T5_DAll.csv,hard_brake,6,307.207065,297.207065,307.207065,0.8341669999999795,train
2289,mitra_t5,data\raw\mitra\Data_T5\T5_DAll.csv,hard_brake,2,288.087955,278.087955,288.087955,0.5338669999999865,train
2290,mitra_t5,data\raw\mitra\Data_T5\T5_DAll.csv,hard_brake,5,301.034229,291.034229,301.034229,0.8341670000000363,train
2291,mitra_t5,data\raw\mitra\Data_T5\T5_DAll.csv,hard_brake,2,289.989856,279.989856,289.989856,0.8008000000000379,train
2292,mitra_t5,data\raw\mitra\Data_T5\T5_DAll.csv,hard_brake,5,301.935129,291.935129,301.935129,0.7674339999999802,train
2293,mitra_t5,data\raw\mitra\Data_T5\T5_DAll.csv,hard_brake,3,284.21742,274.21742,284.21742,0.9008999999999788,train
2294,mitra_t5,data\raw\mitra\Data_T5\T5_DAll.csv,hard_brake,1,294.160692,284.160692,294.160692,0.9676330000000348,train
2295,mitra_t5,data\raw\mitra\Data_T5\T5_DAll.csv,hard_brake,6,315.949137,305.949137,315.949137,1.101099999999974,train
2296,mitra_t5,data\raw\mitra\Data_T5\T5_DAll.csv,hard_brake,3,288.288155,278.288155,288.288155,0.8341669999999795,train
2297,mitra_t5,data\raw\mitra\Data_T5\T5_DAll.csv,hard_brake,4,298.998861,288.998861,298.998861,0.8675340000000347,train
2298,mitra_t5,data\raw\mitra\Data_T5\T5_DAll.csv,hard_brake,3,290.890757,280.890757,290.890757,0.7340669999999818,train
2299,mitra_t5,data\raw\mitra\Data_T5\T5_DAll.csv,hard_brake,4,301.167695,291.167695,301.167695,0.5338670000000434,train
2300,mitra_t5,data\raw\mitra\Data_T5\T5_DAll.csv,hard_brake,2,298.164694,288.164694,298.164694,1.3680340000000228,train
2301,mitra_t5,data\raw\mitra\Data_T5\T5_DAll.csv,hard_brake,2,299.866395,289.866395,299.866395,0.7674329999999827,train
2302,mitra_t5,data\raw\mitra\Data_T5\T5_DAll.csv,hard_brake,5,317.684204,307.684204,317.684204,0.8675339999999778,train
2303,mitra_t5,data\raw\mitra\Data_T5\T5_DAll.csv,hard_brake,4,302.669196,292.669196,302.669196,0.5338669999999865,train
2304,mitra_t5,data\raw\mitra\Data_T5\T5_DAll.csv,hard_brake,7,318.818672,308.818672,318.818672,0.9009000000000356,train
2305,mitra_t5,data\raw\mitra\Data_T5\T5_DAll.csv,hard_brake,2,300.466995,290.466995,300.466995,0.8341669999999795,train
2306,mitra_t5,data\raw\mitra\Data_T5\T5_DAll.csv,hard_brake,4,304.003864,294.003864,304.003864,1.0343669999999747,train
2307,mitra_t5,data\raw\mitra\Data_T5\T5_DAll.csv,hard_brake,3,293.593458,283.593458,293.593458,1.0343669999999747,train
2308,mitra_t5,data\raw\mitra\Data_T5\T5_DAll.csv,hard_brake,6,305.004864,295.004864,305.004864,0.8675339999999778,train
2309,mitra_t5,data\raw\mitra\Data_T5\T5_DAll.csv,hard_brake,2,302.73593,292.73593,302.73593,0.9008999999999788,train
2310,mitra_t5,data\raw\mitra\Data_T5\T5_DAll.csv,hard_brake,3,294.894759,284.894759,294.894759,0.5672329999999874,train
2311,mitra_t5,data\raw\mitra\Data_T5\T5_DAll.csv,hard_brake,4,305.705565,295.705565,305.705565,0.5338660000000459,train
2312,mitra_t5,data\raw\mitra\Data_T5\T5_DAll.csv,hard_brake,3,295.295159,285.295159,295.295159,0.8341669999999795,train
2313,mitra_t5,data\raw\mitra\Data_T5\T5_DAll.csv,hard_brake,5,313.379902,303.379902,313.379902,0.8341669999999795,train
2314,mitra_t5,data\raw\mitra\Data_T5\T5_DAll.csv,hard_brake,6,267.634177,257.634177,267.634177,1.5348679999999604,train
2315,mitra_t5,data\raw\mitra\Data_T5\T5_DAll.csv,hard_brake,5,307.841032,297.841032,307.841032,0.5338670000000434,train
2316,mitra_t5,data\raw\mitra\Data_T5\T5_DAll.csv,hard_brake,6,321.821673,311.821673,321.821673,0.900901000000033,train
2317,mitra_t5,data\raw\mitra\Data_T5\T5_DAll.csv,hard_brake,3,299.299161,289.299161,299.299161,0.6673339999999826,train
2318,mitra_t5,data\raw\mitra\Data_T5\T5_DAll.csv,hard_brake,6,278.044583,268.044583,278.044583,1.3346670000000245,train
2319,mitra_t5,data\raw\mitra\Data_T5\T5_DAll.csv,hard_brake,6,285.852387,275.852387,285.852387,0.8675339999999778,train
2320,mitra_t5,data\raw\mitra\Data_T5\T5_DAll.csv,hard_brake,7,319.719572,309.719572,319.719572,0.6673339999999826,train
2321,mitra_t5,data\raw\mitra\Data_T5\T5_DAll.csv,hard_brake,1,304.971497,294.971497,304.971497,1.334668000000022,train
2322,mitra_t5,data\raw\mitra\Data_T5\T5_DAll.csv,hard_brake,5,315.548736,305.548736,315.548736,0.5005009999999857,train
2323,mitra_t5,data\raw\mitra\Data_T5\T5_DAll.csv,hard_brake,2,307.307165,297.307165,307.307165,0.8341669999999795,train
2324,mitra_t5,data\raw\mitra\Data_T5\T5_DAll.csv,hard_brake,5,322.722574,312.722574,322.722574,0.6673329999999851,train
2325,mitra_t5,data\raw\mitra\Data_T5\T5_DAll.csv,hard_brake,1,301.768296,291.768296,301.768296,0.5338669999999865,train
2326,mitra_t5,data\raw\mitra\Data_T5\T5_DAll.csv,hard_brake,3,300.900762,290.900762,300.900762,0.7340670000000387,train
2327,mitra_t5,data\raw\mitra\Data_T5\T5_DAll.csv,hard_brake,2,308.541733,298.541733,308.541733,0.6005999999999858,train
2328,mitra_t5,data\raw\mitra\Data_T5\T5_DAll.csv,hard_brake,3,301.968496,291.968496,301.968496,0.8341669999999795,train
2329,mitra_t5,data\raw\mitra\Data_T5\T5_DAll.csv,hard_brake,2,309.309166,299.309166,309.309166,0.8341679999999769,train
2330,mitra_t5,data\raw\mitra\Data_T5\T5_DAll.csv,hard_brake,1,318.985505,308.985505,318.985505,1.5015010000000188,train
2331,mitra_t5,data\raw\mitra\Data_T5\T5_DAll.csv,hard_brake,3,303.870397,293.870397,303.870397,0.9342669999999772,train
2332,mitra_t5,data\raw\mitra\Data_T5\T5_DAll.csv,hard_brake,3,308.675199,298.675199,308.675199,0.8008009999999786,train
2333,mitra_t5,data\raw\mitra\Data_T5\T5_DAll.csv,hard_brake,6,323.923774,313.923774,323.923774,0.9676340000000324,train
2334,mitra_t5,data\raw\mitra\Data_T5\T5_DAll.csv,hard_brake,4,319.118972,309.118972,319.118972,0.6006000000000427,train
2335,mitra_t5,data\raw\mitra\Data_T5\T5_DAll.csv,hard_brake,6,326.459642,316.459642,326.459642,0.767434000000037,train
2336,mitra_t5,data\raw\mitra\Data_T5\T5_DAll.csv,hard_brake,5,325.758942,315.758942,325.758942,0.8008000000000379,train
2337,mitra_t5,data\raw\mitra\Data_T5\T5_DAll.csv,hard_brake,2,313.046235,303.046235,313.046235,0.9342669999999772,train
2338,mitra_t5,data\raw\mitra\Data_T5\T5_DAll.csv,hard_brake,7,327.49401,317.49401,327.49401,0.9008999999999788,train
2339,mitra_t5,data\raw\mitra\Data_T5\T5_DAll.csv,hard_brake,4,326.726576,316.726576,326.726576,0.5004999999999882,train
2340,mitra_t5,data\raw\mitra\Data_T5\T5_DAll.csv,hard_brake,1,327.39391,317.39391,327.39391,1.434767000000022,train
2341,mitra_t5,data\raw\mitra\Data_T5\T5_DAll.csv,hard_brake,6,336.102614,326.102614,336.102614,1.1344669999999724,train
2342,mitra_t5,data\raw\mitra\Data_T5\T5_DAll.csv,hard_brake,2,320.787306,310.787306,320.787306,0.8675339999999778,train
2343,mitra_t5,data\raw\mitra\Data_T5\T5_DAll.csv,hard_brake,4,330.296811,320.296811,330.296811,0.767434000000037,train
2344,mitra_t5,data\raw\mitra\Data_T5\T5_DAll.csv,hard_brake,3,322.25544,312.25544,322.25544,0.5672339999999849,train
2345,mitra_t5,data\raw\mitra\Data_T5\T5_DAll.csv,hard_brake,2,303.703563,293.703563,303.703563,0.8675340000000347,train
2346,mitra_t5,data\raw\mitra\Data_T5\T5_DAll.csv,hard_brake,2,324.390908,314.390908,324.390908,0.7674339999999802,train
2347,mitra_t5,data\raw\mitra\Data_T5\T5_DAll.csv,hard_brake,3,316.01587,306.01587,316.01587,0.8007999999999811,train
2348,mitra_t5,data\raw\mitra\Data_T5\T5_DAll.csv,hard_brake,7,337.537382,327.537382,337.537382,0.5338670000000434,train
2349,mitra_t5,data\raw\mitra\Data_T5\T5_DAll.csv,hard_brake,4,332.265445,322.265445,332.265445,0.6339669999999842,train
2350,mitra_t5,data\raw\mitra\Data_T5\T5_DAll.csv,hard_brake,2,328.461643,318.461643,328.461643,0.7007010000000378,train
2351,mitra_t5,data\raw\mitra\Data_T5\T5_DAll.csv,hard_brake,7,338.805316,328.805316,338.805316,0.7340669999999818,train
2352,mitra_t5,data\raw\mitra\Data_T5\T5_DAll.csv,hard_brake,7,340.37355,330.37355,340.37355,0.7340669999999818,train
2353,mitra_t5,data\raw\mitra\Data_T5\T5_DAll.csv,hard_brake,2,332.866046,322.866046,332.866046,0.8008000000000379,train
2354,mitra_t5,data\raw\mitra\Data_T5\T5_DAll.csv,hard_brake,4,323.623474,313.623474,323.623474,1.568234000000018,train
2355,mitra_t5,data\raw\mitra\Data_T5\T5_DAll.csv,hard_brake,3,319.953139,309.953139,319.953139,0.8675339999999778,train
2356,mitra_t5,data\raw\mitra\Data_T5\T5_DAll.csv,hard_brake,7,342.075251,332.075251,342.075251,0.8341670000000363,train
2357,mitra_t5,data\raw\mitra\Data_T5\T5_DAll.csv,hard_brake,2,329.429277,319.429277,329.429277,1.4014009999999644,train
2358,mitra_t5,data\raw\mitra\Data_T5\T5_DAll.csv,hard_brake,1,293.827025,283.827025,293.827025,0.5672329999999874,train
2359,mitra_t5,data\raw\mitra\Data_T5\T5_DAll.csv,hard_brake,1,335.802314,325.802314,335.802314,1.3346669999999676,train
2360,mitra_t5,data\raw\mitra\Data_T5\T5_DAll.csv,hard_brake,7,333.433279,323.433279,333.433279,0.4671339999999873,train
2361,mitra_t5,data\raw\mitra\Data_T5\T5_DAll.csv,hard_brake,3,318.751938,308.751938,318.751938,0.7340669999999818,train
2362,mitra_t5,data\raw\mitra\Data_T5\T5_DAll.csv,hard_brake,3,300.099961,290.099961,300.099961,0.4671339999999873,train
2363,mitra_t5,data\raw\mitra\Data_T5\T5_DAll.csv,hard_brake,3,324.123974,314.123974,324.123974,0.8675340000000347,train
2364,mitra_t5,data\raw\mitra\Data_T5\T5_DAll.csv,hard_brake,2,330.830678,320.830678,330.830678,0.8341670000000363,train
2365,mitra_t5,data\raw\mitra\Data_T5\T5_DAll.csv,hard_brake,2,333.63348,323.63348,333.63348,0.8675329999999803,train
2366,mitra_t5,data\raw\mitra\Data_T5\T5_DAll.csv,hard_brake,3,324.824675,314.824675,324.824675,0.8341669999999795,train
2367,mitra_t5,data\raw\mitra\Data_T5\T5_DAll.csv,hard_brake,4,327.060243,317.060243,327.060243,1.701701000000014,train
2368,mitra_t5,data\raw\mitra\Data_T5\T5_DAll.csv,hard_brake,4,337.470648,327.470648,337.470648,0.767434000000037,train
2369,mitra_t5,data\raw\mitra\Data_T5\T5_DAll.csv,hard_brake,3,326.593109,316.593109,326.593109,0.9009009999999762,train
2370,mitra_t5,data\raw\mitra\Data_T5\T5_DAll.csv,hard_brake,3,325.525375,315.525375,325.525375,0.8008009999999786,train
2371,mitra_t5,data\raw\mitra\Data_T5\T5_DAll.csv,hard_brake,4,329.896411,319.896411,329.896411,1.5015010000000188,train
2372,mitra_t5,data\raw\mitra\Data_T5\T5_DAll.csv,hard_brake,5,343.543385,333.543385,343.543385,0.7006999999999834,train
2373,mitra_t5,data\raw\mitra\Data_T5\T5_DAll.csv,hard_brake,1,339.506016,329.506016,339.506016,1.1678340000000276,train
2374,mitra_t5,data\raw\mitra\Data_T5\T5_DAll.csv,hard_brake,2,337.036881,327.036881,337.036881,0.6339669999999842,train
2375,mitra_t5,data\raw\mitra\Data_T5\T5_DAll.csv,hard_brake,4,341.307817,331.307817,341.307817,0.9342669999999772,train
2376,mitra_t5,data\raw\mitra\Data_T5\T5_DAll.csv,hard_brake,2,338.238082,328.238082,338.238082,0.6005999999999858,train
2377,mitra_t5,data\raw\mitra\Data_T5\T5_DAll.csv,hard_brake,10,322.65584,312.65584,322.65584,0.5672339999999849,train
2378,mitra_t5,data\raw\mitra\Data_T5\T5_DAll.csv,hard_brake,1,343.910418,333.910418,343.910418,1.4347680000000196,train
2379,mitra_t5,data\raw\mitra\Data_T5\T5_DAll.csv,hard_brake,7,351.851689,341.851689,351.851689,0.7340669999999818,train
2380,mitra_t5,data\raw\mitra\Data_T5\T5_DAll.csv,hard_brake,3,331.097612,321.097612,331.097612,0.9008999999999788,train
2381,mitra_t5,data\raw\mitra\Data_T5\T5_DAll.csv,hard_brake,2,338.738582,328.738582,338.738582,0.9342669999999772,train
2382,mitra_t5,data\raw\mitra\Data_T5\T5_DAll.csv,hard_brake,5,349.482655,339.482655,349.482655,0.7674329999999827,train
2383,mitra_t5,data\raw\mitra\Data_T5\T5_DAll.csv,hard_brake,7,352.986157,342.986157,352.986157,0.7674329999999827,train
2384,mitra_t5,data\raw\mitra\Data_T5\T5_DAll.csv,hard_brake,7,348.982154,338.982154,348.982154,1.1011010000000283,train
2385,mitra_t5,data\raw\mitra\Data_T5\T5_DAll.csv,hard_brake,1,349.449288,339.449288,349.449288,0.7340669999999818,train
2386,mitra_t5,data\raw\mitra\Data_T5\T5_DAll.csv,hard_brake,5,351.251089,341.251089,351.251089,0.8341670000000363,train
2387,mitra_t5,data\raw\mitra\Data_T5\T5_DAll.csv,hard_brake,1,337.170348,327.170348,337.170348,0.8341670000000363,train
2388,mitra_t5,data\raw\mitra\Data_T5\T5_DAll.csv,hard_brake,6,355.154991,345.154991,355.154991,0.9342669999999772,train
2389,mitra_t5,data\raw\mitra\Data_T5\T5_DAll.csv,hard_brake,1,347.881054,337.881054,347.881054,1.3013009999999667,train
2390,mitra_t5,data\raw\mitra\Data_T5\T5_DAll.csv,hard_brake,4,345.478653,335.478653,345.478653,0.6005999999999858,train
2391,mitra_t5,data\raw\mitra\Data_T5\T5_DAll.csv,hard_brake,7,354.787958,344.787958,354.787958,0.8007999999999811,train
2392,mitra_t5,data\raw\mitra\Data_T5\T5_DAll.csv,hard_brake,3,333.63348,323.63348,333.63348,0.8675329999999803,train
2393,mitra_t5,data\raw\mitra\Data_T5\T5_DAll.csv,hard_brake,2,344.878052,334.878052,344.878052,0.6339669999999842,train
2394,mitra_t5,data\raw\mitra\Data_T5\T5_DAll.csv,hard_brake,3,333.900413,323.900413,333.900413,0.5338669999999865,train
2395,mitra_t5,data\raw\mitra\Data_T5\T5_DAll.csv,hard_brake,7,357.123626,347.123626,357.123626,0.6339669999999842,train
2396,mitra_t5,data\raw\mitra\Data_T5\T5_DAll.csv,hard_brake,4,346.880053,336.880053,346.880053,1.034368000000029,train
2397,mitra_t5,data\raw\mitra\Data_T5\T5_DAll.csv,hard_brake,3,339.205716,329.205716,339.205716,0.9676340000000324,train
2398,mitra_t5,data\raw\mitra\Data_T5\T5_DAll.csv,hard_brake,4,348.047887,338.047887,348.047887,0.8675339999999778,train
2399,mitra_t5,data\raw\mitra\Data_T5\T5_DAll.csv,hard_brake,7,361.594761,351.594761,361.594761,1.1678339999999707,train
2400,mitra_t5,data\raw\mitra\Data_T5\T5_DAll.csv,hard_brake,2,351.384556,341.384556,351.384556,0.633967000000041,train
2401,mitra_t5,data\raw\mitra\Data_T5\T5_DAll.csv,hard_brake,1,353.386557,343.386557,353.386557,0.9676340000000324,train
2402,mitra_t5,data\raw\mitra\Data_T5\T5_DAll.csv,hard_brake,7,363.162995,353.162995,363.162995,0.7674339999999802,train
2403,mitra_t5,data\raw\mitra\Data_T5\T5_DAll.csv,hard_brake,3,348.615121,338.615121,348.615121,0.9009000000000356,train
2404,mitra_t5,data\raw\mitra\Data_T5\T5_DAll.csv,hard_brake,3,343.710218,333.710218,343.710218,0.8008009999999786,train
2405,mitra_t5,data\raw\mitra\Data_T5\T5_DAll.csv,hard_brake,4,352.418923,342.418923,352.418923,0.8341669999999795,train
2406,mitra_t5,data\raw\mitra\Data_T5\T5_DAll.csv,hard_brake,1,358.157993,348.157993,358.157993,1.2012000000000285,train
2407,mitra_t5,data\raw\mitra\Data_T5\T5_DAll.csv,hard_brake,3,347.41392,337.41392,347.41392,0.7674339999999802,train
2408,mitra_t5,data\raw\mitra\Data_T5\T5_DAll.csv,hard_brake,3,344.711219,334.711219,344.711219,0.8007999999999811,train
2409,mitra_t5,data\raw\mitra\Data_T5\T5_DAll.csv,hard_brake,7,378.444937,368.444937,378.444937,0.6673340000000394,train
2410,mitra_t5,data\raw\mitra\Data_T5\T5_DAll.csv,hard_brake,5,361.194361,351.194361,361.194361,0.9009009999999762,train
2411,mitra_t5,data\raw\mitra\Data_T5\T5_DAll.csv,hard_brake,1,366.933431,356.933431,366.933431,0.767434000000037,train
2412,mitra_t5,data\raw\mitra\Data_T5\T5_DAll.csv,hard_brake,2,353.45329,343.45329,353.45329,0.900901000000033,train
2413,mitra_t5,data\raw\mitra\Data_T5\T5_DAll.csv,hard_brake,7,369.502665,359.502665,369.502665,0.9342680000000314,train
2414,mitra_t5,data\raw\mitra\Data_T5\T5_DAll.csv,hard_brake,5,363.129629,353.129629,363.129629,0.8007999999999811,train
2415,mitra_t5,data\raw\mitra\Data_T5\T5_DAll.csv,hard_brake,4,356.222725,346.222725,356.222725,0.8675339999999778,train
2416,mitra_t5,data\raw\mitra\Data_T5\T5_DAll.csv,hard_brake,5,366.900064,356.900064,366.900064,0.7007000000000403,train
2417,mitra_t5,data\raw\mitra\Data_T5\T5_DAll.csv,hard_brake,3,350.583755,340.583755,350.583755,0.9342669999999772,train
2418,mitra_t5,data\raw\mitra\Data_T5\T5_DAll.csv,hard_brake,2,358.625126,348.625126,358.625126,0.9009009999999762,train
2419,mitra_t5,data\raw\mitra\Data_T5\T5_DAll.csv,hard_brake,5,371.538033,361.538033,371.538033,0.7340670000000387,train
2420,mitra_t5,data\raw\mitra\Data_T5\T5_DAll.csv,hard_brake,6,380.713872,370.713872,380.713872,0.7340670000000387,train
2421,mitra_t5,data\raw\mitra\Data_T5\T5_DAll.csv,hard_brake,2,352.285456,342.285456,352.285456,0.9009009999999762,train
2422,mitra_t5,data\raw\mitra\Data_T5\T5_DAll.csv,hard_brake,2,364.330829,354.330829,364.330829,0.7007009999999809,train
2423,mitra_t5,data\raw\mitra\Data_T5\T5_DAll.csv,hard_brake,7,380.380205,370.380205,380.380205,0.9009000000000356,train
2424,mitra_t5,data\raw\mitra\Data_T5\T5_DAll.csv,hard_brake,5,368.334832,358.334832,368.334832,0.7674329999999827,train
2425,mitra_t5,data\raw\mitra\Data_T5\T5_DAll.csv,hard_brake,4,362.395562,352.395562,362.395562,0.8675330000000372,train
2426,mitra_t5,data\raw\mitra\Data_T5\T5_DAll.csv,hard_brake,1,364.864696,354.864696,364.864696,1.1678340000000276,train
2427,mitra_t5,data\raw\mitra\Data_T5\T5_DAll.csv,hard_brake,2,366.23273,356.23273,366.23273,1.1344679999999698,train
2428,mitra_t5,data\raw\mitra\Data_T5\T5_DAll.csv,hard_brake,4,364.397563,354.397563,364.397563,0.8675340000000347,train
2429,mitra_t5,data\raw\mitra\Data_T5\T5_DAll.csv,hard_brake,6,383.24974,373.24974,383.24974,0.8675330000000372,train
2430,mitra_t5,data\raw\mitra\Data_T5\T5_DAll.csv,hard_brake,4,368.001165,358.001165,368.001165,0.7674329999999827,train
2431,mitra_t5,data\raw\mitra\Data_T5\T5_DAll.csv,hard_brake,3,362.795962,352.795962,362.795962,0.7340670000000387,train
2432,mitra_t5,data\raw\mitra\Data_T5\T5_DAll.csv,hard_brake,7,381.781605,371.781605,381.781605,0.5005009999999857,train
2433,mitra_t5,data\raw\mitra\Data_T5\T5_DAll.csv,hard_brake,5,365.064896,355.064896,365.064896,0.7007010000000378,train
2434,mitra_t5,data\raw\mitra\Data_T5\T5_DAll.csv,hard_brake,1,377.143636,367.143636,377.143636,1.2345679999999677,train
2435,mitra_t5,data\raw\mitra\Data_T5\T5_DAll.csv,hard_brake,2,372.705867,362.705867,372.705867,0.8341669999999795,train
2436,mitra_t5,data\raw\mitra\Data_T5\T5_DAll.csv,hard_brake,2,373.306468,363.306468,373.306468,0.9008999999999788,train
2437,mitra_t5,data\raw\mitra\Data_T5\T5_DAll.csv,hard_brake,4,369.736232,359.736232,369.736232,0.8675340000000347,train
2438,mitra_t5,data\raw\mitra\Data_T5\T5_DAll.csv,hard_brake,5,376.843336,366.843336,376.843336,0.7674339999999802,train
2439,mitra_t5,data\raw\mitra\Data_T5\T5_DAll.csv,hard_brake,1,371.337833,361.337833,371.337833,1.3680340000000228,train
2440,mitra_t5,data\raw\mitra\Data_T5\T5_DAll.csv,hard_brake,2,378.945437,368.945437,378.945437,0.7674339999999802,train
2441,mitra_t5,data\raw\mitra\Data_T5\T5_DAll.csv,hard_brake,4,371.137633,361.137633,371.137633,0.8007999999999811,train
2442,mitra_t5,data\raw\mitra\Data_T5\T5_DAll.csv,hard_brake,7,390.924077,380.924077,390.924077,1.368033999999966,train
2443,mitra_t5,data\raw\mitra\Data_T5\T5_DAll.csv,hard_brake,4,374.140635,364.140635,374.140635,0.8008000000000379,train
2444,mitra_t5,data\raw\mitra\Data_T5\T5_DAll.csv,hard_brake,7,394.294112,384.294112,394.294112,0.8341670000000363,train
2445,mitra_t5,data\raw\mitra\Data_T5\T5_DAll.csv,hard_brake,2,374.908068,364.908068,374.908068,0.8008009999999786,train
2446,mitra_t5,data\raw\mitra\Data_T5\T5_DAll.csv,hard_brake,7,395.428579,385.428579,395.428579,0.8675339999999778,train
2447,mitra_t5,data\raw\mitra\Data_T5\T5_DAll.csv,hard_brake,2,380.213371,370.213371,380.213371,1.334668000000022,train
2448,mitra_t5,data\raw\mitra\Data_T5\T5_DAll.csv,hard_brake,3,374.073901,364.073901,374.073901,0.8008010000000354,train
2449,mitra_t5,data\raw\mitra\Data_T5\T5_DAll.csv,hard_brake,5,386.052541,376.052541,386.052541,0.5338669999999865,train
2450,mitra_t5,data\raw\mitra\Data_T5\T5_DAll.csv,hard_brake,1,386.986808,376.986808,386.986808,0.9009009999999762,train
2451,mitra_t5,data\raw\mitra\Data_T5\T5_DAll.csv,hard_brake,7,400.600416,390.600416,400.600416,0.6673329999999851,train
2452,mitra_t5,data\raw\mitra\Data_T5\T5_DAll.csv,hard_brake,3,371.237733,361.237733,371.237733,0.9676340000000324,train
2453,mitra_t5,data\raw\mitra\Data_T5\T5_DAll.csv,hard_brake,1,389.58941,379.58941,389.58941,0.4671329999999898,train
2454,mitra_t5,data\raw\mitra\Data_T5\T5_DAll.csv,hard_brake,7,399.065548,389.065548,399.065548,0.5672340000000418,train
2455,mitra_t5,data\raw\mitra\Data_T5\T5_DAll.csv,hard_brake,3,380.947438,370.947438,380.947438,0.767434000000037,train
2456,mitra_t5,data\raw\mitra\Data_T5\T5_DAll.csv,hard_brake,3,376.576403,366.576403,376.576403,0.967632999999978,train
2457,mitra_t5,data\raw\mitra\Data_T5\T5_DAll.csv,hard_brake,7,402.702517,392.702517,402.702517,0.7674329999999827,train
2458,mitra_t5,data\raw\mitra\Data_T5\T5_DAll.csv,hard_brake,2,387.153642,377.153642,387.153642,1.4014000000000235,train
2459,mitra_t5,data\raw\mitra\Data_T5\T5_DAll.csv,hard_brake,3,378.745237,368.745237,378.745237,0.8008010000000354,train
2460,mitra_t5,data\raw\mitra\Data_T5\T5_DAll.csv,hard_brake,5,392.158644,382.158644,392.158644,0.8008010000000354,train
2461,mitra_t5,data\raw\mitra\Data_T5\T5_DAll.csv,hard_brake,5,403.36985,393.36985,403.36985,0.767434000000037,train
2462,mitra_t5,data\raw\mitra\Data_T5\T5_DAll.csv,hard_brake,1,397.197014,387.197014,397.197014,1.534866999999963,train
2463,mitra_t5,data\raw\mitra\Data_T5\T5_DAll.csv,hard_brake,2,388.855343,378.855343,388.855343,1.2011999999999716,train
2464,mitra_t5,data\raw\mitra\Data_T5\T5_DAll.csv,hard_brake,7,404.103917,394.103917,404.103917,0.8675339999999778,train
2465,mitra_t5,data\raw\mitra\Data_T5\T5_DAll.csv,hard_brake,1,378.41157,368.41157,378.41157,0.633967000000041,train
2466,mitra_t5,data\raw\mitra\Data_T5\T5_DAll.csv,hard_brake,4,385.418574,375.418574,385.418574,0.7007000000000403,train
2467,mitra_t5,data\raw\mitra\Data_T5\T5_DAll.csv,hard_brake,1,355.755591,345.755591,355.755591,0.4671340000000441,train
2468,mitra_t5,data\raw\mitra\Data_T5\T5_DAll.csv,hard_brake,5,401.935083,391.935083,401.935083,0.7006999999999834,train
2469,mitra_t5,data\raw\mitra\Data_T5\T5_DAll.csv,hard_brake,7,405.305118,395.305118,405.305118,0.8341669999999795,train
2470,mitra_t5,data\raw\mitra\Data_T5\T5_DAll.csv,hard_brake,2,391.124277,381.124277,391.124277,1.2679339999999684,train
2471,mitra_t5,data\raw\mitra\Data_T5\T5_DAll.csv,hard_brake,7,406.806619,396.806619,406.806619,0.6673339999999826,train
2472,mitra_t5,data\raw\mitra\Data_T5\T5_DAll.csv,hard_brake,3,384.95144,374.95144,384.95144,0.9342680000000314,train
2473,mitra_t5,data\raw\mitra\Data_T5\T5_DAll.csv,hard_brake,2,400.300115,390.300115,400.300115,0.9342679999999746,train
2474,mitra_t5,data\raw\mitra\Data_T5\T5_DAll.csv,hard_brake,1,401.334483,391.334483,401.334483,0.9009000000000356,train
2475,mitra_t5,data\raw\mitra\Data_T5\T5_DAll.csv,hard_brake,4,393.793612,383.793612,393.793612,0.8341669999999795,train
2476,mitra_t5,data\raw\mitra\Data_T5\T5_DAll.csv,hard_brake,7,407.707519,397.707519,407.707519,0.7007009999999809,train
2477,mitra_t5,data\raw\mitra\Data_T5\T5_DAll.csv,hard_brake,5,400.500316,390.500316,400.500316,0.8007999999999811,train
2478,mitra_t5,data\raw\mitra\Data_T5\T5_DAll.csv,hard_brake,5,406.206019,396.206019,406.206019,0.9342669999999772,train
2479,mitra_t5,data\raw\mitra\Data_T5\T5_DAll.csv,hard_brake,2,402.86935,392.86935,402.86935,0.5338669999999865,train
2480,mitra_t5,data\raw\mitra\Data_T5\T5_DAll.csv,hard_brake,4,399.999815,389.999815,399.999815,0.8008009999999786,train
2481,mitra_t5,data\raw\mitra\Data_T5\T5_DAll.csv,hard_brake,1,406.839986,396.839986,406.839986,0.7340669999999818,train
2482,mitra_t5,data\raw\mitra\Data_T5\T5_DAll.csv,hard_brake,3,393.726879,383.726879,393.726879,0.8341669999999795,train
2483,mitra_t5,data\raw\mitra\Data_T5\T5_DAll.csv,hard_brake,7,412.478955,402.478955,412.478955,0.6673340000000394,train
2484,mitra_t5,data\raw\mitra\Data_T5\T5_DAll.csv,hard_brake,1,403.336484,393.336484,403.336484,0.9009000000000356,train
2485,mitra_t5,data\raw\mitra\Data_T5\T5_DAll.csv,hard_brake,2,406.506319,396.506319,406.506319,0.7340669999999818,train
2486,mitra_t5,data\raw\mitra\Data_T5\T5_DAll.csv,hard_brake,4,398.865348,388.865348,398.865348,0.767434000000037,train
2487,mitra_t5,data\raw\mitra\Data_T5\T5_DAll.csv,hard_brake,2,404.270751,394.270751,404.270751,0.8007999999999811,train
2488,mitra_t5,data\raw\mitra\Data_T5\T5_DAll.csv,hard_brake,7,415.915724,405.915724,415.915724,0.7340669999999818,train
2489,mitra_t5,data\raw\mitra\Data_T5\T5_DAll.csv,hard_brake,7,413.313122,403.313122,413.313122,0.8341679999999769,train
2490,mitra_t5,data\raw\mitra\Data_T5\T5_DAll.csv,hard_brake,5,404.737884,394.737884,404.737884,0.7340679999999793,train
2491,mitra_t5,data\raw\mitra\Data_T5\T5_DAll.csv,hard_brake,3,397.163647,387.163647,397.163647,0.7340669999999818,train
2492,mitra_t5,data\raw\mitra\Data_T5\T5_DAll.csv,hard_brake,1,412.345489,402.345489,412.345489,1.4014000000000235,train
2493,mitra_t5,data\raw\mitra\Data_T5\T5_DAll.csv,hard_brake,2,410.210021,400.210021,410.210021,0.7007000000000403,train
2494,mitra_t5,data\raw\mitra\Data_T5\T5_DAll.csv,hard_brake,3,397.897714,387.897714,397.897714,0.8341669999999795,train
2495,mitra_t5,data\raw\mitra\Data_T5\T5_DAll.csv,hard_brake,2,408.40822,398.40822,408.40822,1.0010000000000332,train
2496,mitra_t5,data\raw\mitra\Data_T5\T5_DAll.csv,hard_brake,3,398.898715,388.898715,398.898715,0.8341670000000363,train
2497,mitra_t5,data\raw\mitra\Data_T5\T5_DAll.csv,hard_brake,1,398.698515,388.698515,398.698515,1.0343670000000316,train
2498,mitra_t5,data\raw\mitra\Data_T5\T5_DAll.csv,hard_brake,3,400.233382,390.233382,400.233382,0.6673339999999826,train
2499,mitra_t5,data\raw\mitra\Data_T5\T5_DAll.csv,hard_brake,4,405.405218,395.405218,405.405218,0.900901000000033,train
2500,mitra_t5,data\raw\mitra\Data_T5\T5_DAll.csv,hard_brake,5,408.10792,398.10792,408.10792,1.0343670000000316,train
2501,mitra_t5,data\raw\mitra\Data_T5\T5_DAll.csv,hard_brake,6,412.712522,402.712522,412.712522,0.767434000000037,train
2502,mitra_t5,data\raw\mitra\Data_T5\T5_DAll.csv,hard_brake,3,400.934082,390.934082,400.934082,0.8008010000000354,train
2503,mitra_t5,data\raw\mitra\Data_T5\T5_DAll.csv,hard_brake,1,399.966449,389.966449,399.966449,0.5004999999999882,train
2504,mitra_t5,data\raw\mitra\Data_T5\T5_DAll.csv,hard_brake,5,411.511321,401.511321,411.511321,0.8008009999999786,train
2505,mitra_t5,data\raw\mitra\Data_T5\T5_DAll.csv,hard_brake,3,404.103917,394.103917,404.103917,0.8008009999999786,train
2506,mitra_t5,data\raw\mitra\Data_T5\T5_DAll.csv,hard_brake,7,420.68716,410.68716,420.68716,0.9676339999999756,train
2507,mitra_t5,data\raw\mitra\Data_T5\T5_DAll.csv,hard_brake,5,410.343487,400.343487,410.343487,0.9676340000000324,train
2508,mitra_t5,data\raw\mitra\Data_T5\T5_DAll.csv,hard_brake,1,416.249391,406.249391,416.249391,0.8341669999999795,train
2509,mitra_t5,data\raw\mitra\Data_T5\T5_DAll.csv,hard_brake,4,407.540686,397.540686,407.540686,0.7674339999999802,train
2510,mitra_t5,data\raw\mitra\Data_T5\T5_DAll.csv,hard_brake,7,419.819626,409.819626,419.819626,0.5004999999999882,train
2511,mitra_t5,data\raw\mitra\Data_T5\T5_DAll.csv,hard_brake,2,410.710521,400.710521,410.710521,1.368033999999966,train
2512,mitra_t5,data\raw\mitra\Data_T5\T5_DAll.csv,hard_brake,2,413.580056,403.580056,413.580056,1.1678339999999707,train
2513,mitra_t5,data\raw\mitra\Data_T5\T5_DAll.csv,hard_brake,5,414.714523,404.714523,414.714523,0.767434000000037,train
2514,mitra_t5,data\raw\mitra\Data_T5\T5_DAll.csv,hard_brake,7,421.921727,411.921727,421.921727,0.500500000000045,train
2515,mitra_t5,data\raw\mitra\Data_T5\T5_DAll.csv,hard_brake,4,411.110921,401.110921,411.110921,0.8675339999999778,train
2516,mitra_t5,data\raw\mitra\Data_T5\T5_DAll.csv,hard_brake,7,423.289761,413.289761,423.289761,0.8675339999999778,train
2517,mitra_t5,data\raw\mitra\Data_T5\T5_DAll.csv,hard_brake,1,407.273752,397.273752,407.273752,0.9676339999999756,train
2518,mitra_t5,data\raw\mitra\Data_T5\T5_DAll.csv,hard_brake,5,415.882357,405.882357,415.882357,0.9342669999999772,train
2519,mitra_t5,data\raw\mitra\Data_T5\T5_DAll.csv,hard_brake,3,409.142287,399.142287,409.142287,0.7674339999999802,train
2520,mitra_t5,data\raw\mitra\Data_T5\T5_DAll.csv,hard_brake,4,413.880356,403.880356,413.880356,0.7674339999999802,train
2521,mitra_t5,data\raw\mitra\Data_T5\T5_DAll.csv,hard_brake,2,409.242387,399.242387,409.242387,0.6673339999999826,train
2522,mitra_t5,data\raw\mitra\Data_T5\T5_DAll.csv,hard_brake,3,409.842987,399.842987,409.842987,0.900901000000033,train
2523,mitra_t5,data\raw\mitra\Data_T5\T5_DAll.csv,hard_brake,7,424.090562,414.090562,424.090562,1.0677330000000325,train
2524,mitra_t5,data\raw\mitra\Data_T5\T5_DAll.csv,hard_brake,4,414.64779,404.64779,414.64779,1.0010000000000332,train
2525,mitra_t5,data\raw\mitra\Data_T5\T5_DAll.csv,hard_brake,1,421.28776,411.28776,421.28776,0.9676340000000324,train
2526,mitra_t5,data\raw\mitra\Data_T5\T5_DAll.csv,hard_brake,5,419.619426,409.619426,419.619426,0.7007000000000403,train
2527,mitra_t5,data\raw\mitra\Data_T5\T5_DAll.csv,hard_brake,4,415.64879,405.64879,415.64879,0.8341669999999795,train
2528,mitra_t5,data\raw\mitra\Data_T5\T5_DAll.csv,hard_brake,7,425.658796,415.658796,425.658796,0.8341669999999795,train
2529,mitra_t5,data\raw\mitra\Data_T5\T5_DAll.csv,hard_brake,2,423.690161,413.690161,423.690161,0.5672339999999849,train
2530,mitra_t5,data\raw\mitra\Data_T5\T5_DAll.csv,hard_brake,3,414.24739,404.24739,414.24739,0.8341669999999795,train
2531,mitra_t5,data\raw\mitra\Data_T5\T5_DAll.csv,hard_brake,3,413.046189,403.046189,413.046189,0.8675339999999778,train
2532,mitra_t5,data\raw\mitra\Data_T5\T5_DAll.csv,hard_brake,4,417.050191,407.050191,417.050191,0.767434000000037,train
2533,mitra_t5,data\raw\mitra\Data_T5\T5_DAll.csv,hard_brake,3,415.215023,405.215023,415.215023,0.5005010000000425,train
2534,mitra_t5,data\raw\mitra\Data_T5\T5_DAll.csv,hard_brake,6,432.332133,422.332133,432.332133,0.6673329999999851,train
2535,mitra_t5,data\raw\mitra\Data_T5\T5_DAll.csv,hard_brake,5,422.722527,412.722527,422.722527,0.7674339999999802,train
2536,mitra_t5,data\raw\mitra\Data_T5\T5_DAll.csv,hard_brake,4,418.685159,408.685159,418.685159,0.8007999999999811,train
2537,mitra_t5,data\raw\mitra\Data_T5\T5_DAll.csv,hard_brake,1,413.980456,403.980456,413.980456,0.9342669999999772,train
2538,mitra_t5,data\raw\mitra\Data_T5\T5_DAll.csv,hard_brake,2,420.98746,410.98746,420.98746,0.6673339999999826,train
2539,mitra_t5,data\raw\mitra\Data_T5\T5_DAll.csv,hard_brake,3,417.283758,407.283758,417.283758,1.1344670000000292,train
2540,mitra_t5,data\raw\mitra\Data_T5\T5_DAll.csv,hard_brake,3,418.218025,408.218025,418.218025,1.0343669999999747,train
2541,mitra_t5,data\raw\mitra\Data_T5\T5_DAll.csv,hard_brake,1,417.050191,407.050191,417.050191,0.8675340000000347,train
2542,mitra_t5,data\raw\mitra\Data_T5\T5_DAll.csv,hard_brake,5,424.924729,414.924729,424.924729,0.9008999999999788,train
2543,mitra_t5,data\raw\mitra\Data_T5\T5_DAll.csv,hard_brake,4,421.78826,411.78826,421.78826,1.034368000000029,train
2544,mitra_t5,data\raw\mitra\Data_T5\T5_DAll.csv,hard_brake,2,424.857995,414.857995,424.857995,0.7340669999999818,train
2545,mitra_t5,data\raw\mitra\Data_T5\T5_DAll.csv,hard_brake,6,426.292763,416.292763,426.292763,0.5338670000000434,train
2546,mitra_t5,data\raw\mitra\Data_T5\T5_DAll.csv,hard_brake,3,421.754894,411.754894,421.754894,0.8341670000000363,train
2547,mitra_t5,data\raw\mitra\Data_T5\T5_DAll.csv,hard_brake,2,419.052192,409.052192,419.052192,0.8675340000000347,train
2548,mitra_t5,data\raw\mitra\Data_T5\T5_DAll.csv,hard_brake,4,422.989461,412.989461,422.989461,0.8341669999999795,train
2549,mitra_t5,data\raw\mitra\Data_T5\T5_DAll.csv,hard_brake,5,428.795264,418.795264,428.795264,0.8675340000000347,train
2550,mitra_t5,data\raw\mitra\Data_T5\T5_DAll.csv,hard_brake,3,419.619426,409.619426,419.619426,0.8008000000000379,train
2551,mitra_t5,data\raw\mitra\Data_T5\T5_DAll.csv,hard_brake,3,420.88736,410.88736,420.88736,0.7006999999999834,train
2552,mitra_t5,data\raw\mitra\Data_T5\T5_DAll.csv,hard_brake,1,425.758896,415.758896,425.758896,0.6673329999999851,train
2553,mitra_t5,data\raw\mitra\Data_T5\T5_DAll.csv,hard_brake,4,430.430232,420.430232,430.430232,0.7340670000000387,train
2554,mitra_t5,data\raw\mitra\Data_T5\T5_DAll.csv,hard_brake,4,427.72753,417.72753,427.72753,0.7674339999999802,train
2555,mitra_t5,data\raw\mitra\Data_T5\T5_DAll.csv,hard_brake,3,423.823628,413.823628,423.823628,0.934267000000034,train
2556,mitra_t5,data\raw\mitra\Data_T5\T5_DAll.csv,hard_brake,4,428.361497,418.361497,428.361497,1.1344670000000292,train
2557,mitra_t5,data\raw\mitra\Data_T5\T5_DAll.csv,hard_brake,3,424.390862,414.390862,424.390862,0.8675339999999778,train
2558,mitra_t5,data\raw\mitra\Data_T5\T5_DAll.csv,hard_brake,1,437.437235,427.437235,437.437235,1.5015010000000188,train
2559,mitra_t5,data\raw\mitra\Data_T5\T5_DAll.csv,hard_brake,1,431.831632,421.831632,431.831632,0.7674339999999802,train
2560,mitra_t5,data\raw\mitra\Data_T5\T5_DAll.csv,hard_brake,3,426.893363,416.893363,426.893363,0.5338669999999865,train
2561,mitra_t5,data\raw\mitra\Data_T5\T5_DAll.csv,hard_brake,7,435.869001,425.869001,435.869001,0.9676339999999756,train
2562,mitra_t5,data\raw\mitra\Data_T5\T5_DAll.csv,hard_brake,2,431.531332,421.531332,431.531332,0.9009009999999762,train
2563,mitra_t5,data\raw\mitra\Data_T5\T5_DAll.csv,hard_brake,1,439.239036,429.239036,439.239036,1.3680340000000228,train
2564,mitra_t5,data\raw\mitra\Data_T5\T5_DAll.csv,hard_brake,2,432.7659,422.7659,432.7659,0.8341670000000363,train
2565,mitra_t5,data\raw\mitra\Data_T5\T5_DAll.csv,hard_brake,1,423.223028,413.223028,423.223028,0.8675339999999778,train
2566,mitra_t5,data\raw\mitra\Data_T5\T5_DAll.csv,hard_brake,3,428.461597,418.461597,428.461597,0.8008010000000354,train
2567,mitra_t5,data\raw\mitra\Data_T5\T5_DAll.csv,hard_brake,2,422.555694,412.555694,422.555694,0.8341669999999795,train
2568,mitra_t5,data\raw\mitra\Data_T5\T5_DAll.csv,hard_brake,3,431.864999,421.864999,431.864999,0.9009009999999762,train
2569,mitra_t5,data\raw\mitra\Data_T5\T5_DAll.csv,hard_brake,3,433.199666,423.199666,433.199666,1.06773400000003,train
2570,mitra_t5,data\raw\mitra\Data_T5\T5_DAll.csv,hard_brake,1,444.210672,434.210672,444.210672,1.5682350000000156,train
2571,mitra_t5,data\raw\mitra\Data_T5\T5_DAll.csv,hard_brake,3,434.667801,424.667801,434.667801,0.7674329999999827,train
2572,mitra_t5,data\raw\mitra\Data_T5\T5_DAll.csv,hard_brake,2,442.642438,432.642438,442.642438,1.4681339999999636,train
2573,mitra_t5,data\raw\mitra\Data_T5\T5_DAll.csv,hard_brake,1,429.095564,419.095564,429.095564,0.8008009999999786,train
2574,mitra_t5,data\raw\mitra\Data_T5\T5_DAll.csv,hard_brake,2,439.50597,429.50597,439.50597,0.934267000000034,train
2575,mitra_t5,data\raw\mitra\Data_T5\T5_DAll.csv,hard_brake,5,439.30577,429.30577,439.30577,0.8675339999999778,train
2576,mitra_t5,data\raw\mitra\Data_T5\T5_DAll.csv,hard_brake,2,440.30677,430.30677,440.30677,1.134468000000027,train
2577,mitra_t5,data\raw\mitra\Data_T5\T5_DAll.csv,hard_brake,3,436.002468,426.002468,436.002468,0.9342669999999772,train
2578,mitra_t5,data\raw\mitra\Data_T5\T5_DAll.csv,hard_brake,6,452.652444,442.652444,452.652444,0.7006999999999834,train
2579,mitra_t5,data\raw\mitra\Data_T5\T5_DAll.csv,hard_brake,5,447.547341,437.547341,447.547341,1.3013009999999667,train
2580,mitra_t5,data\raw\mitra\Data_T5\T5_DAll.csv,hard_brake,2,445.979107,435.979107,445.979107,0.6673329999999851,train
2581,mitra_t5,data\raw\mitra\Data_T5\T5_DAll.csv,hard_brake,4,443.877006,433.877006,443.877006,0.8007999999999811,train
2582,mitra_t5,data\raw\mitra\Data_T5\T5_DAll.csv,hard_brake,1,448.414875,438.414875,448.414875,1.3680340000000228,train
2583,mitra_t5,data\raw\mitra\Data_T5\T5_DAll.csv,hard_brake,4,444.878006,434.878006,444.878006,0.4671339999999873,train
2584,mitra_t5,data\raw\mitra\Data_T5\T5_DAll.csv,hard_brake,7,474.607722,464.607722,474.607722,1.067733999999973,train
2585,mitra_t5,data\raw\mitra\Data_T5\T5_DAll.csv,hard_brake,7,454.420878,444.420878,454.420878,0.9342669999999772,train
2586,mitra_t5,data\raw\mitra\Data_T5\T5_DAll.csv,hard_brake,1,460.326781,450.326781,460.326781,1.3013010000000236,train
2587,mitra_t5,data\raw\mitra\Data_T5\T5_DAll.csv,hard_brake,7,459.525981,449.525981,459.525981,0.8341669999999795,train
2588,mitra_t5,data\raw\mitra\Data_T5\T5_DAll.csv,hard_brake,2,447.380507,437.380507,447.380507,0.9009009999999762,train
2589,mitra_t5,data\raw\mitra\Data_T5\T5_DAll.csv,hard_brake,6,462.729182,452.729182,462.729182,0.8008010000000354,train
2590,mitra_t5,data\raw\mitra\Data_T5\T5_DAll.csv,hard_brake,2,456.089212,446.089212,456.089212,0.7007000000000403,train
2591,mitra_t5,data\raw\mitra\Data_T5\T5_DAll.csv,hard_brake,3,444.110572,434.110572,444.110572,0.8341670000000363,train
2592,mitra_t5,data\raw\mitra\Data_T5\T5_DAll.csv,hard_brake,4,447.680808,437.680808,447.680808,0.8341669999999795,train
2593,mitra_t5,data\raw\mitra\Data_T5\T5_DAll.csv,hard_brake,5,459.292414,449.292414,459.292414,1.4014009999999644,train
2594,mitra_t5,data\raw\mitra\Data_T5\T5_DAll.csv,hard_brake,3,445.011473,435.011473,445.011473,0.6005999999999858,train
2595,mitra_t5,data\raw\mitra\Data_T5\T5_DAll.csv,hard_brake,2,434.133934,424.133934,434.133934,0.6005999999999858,train
2596,mitra_t5,data\raw\mitra\Data_T5\T5_DAll.csv,hard_brake,2,452.619077,442.619077,452.619077,0.8341669999999795,train
2597,mitra_t5,data\raw\mitra\Data_T5\T5_DAll.csv,hard_brake,3,445.979107,435.979107,445.979107,0.4671329999999898,train
2598,mitra_t5,data\raw\mitra\Data_T5\T5_DAll.csv,hard_brake,4,448.081208,438.081208,448.081208,1.101099999999974,train
2599,mitra_t5,data\raw\mitra\Data_T5\T5_DAll.csv,hard_brake,3,448.348141,438.348141,448.348141,0.7674339999999802,train
2600,mitra_t5,data\raw\mitra\Data_T5\T5_DAll.csv,hard_brake,3,452.78591,442.78591,452.78591,1.0010009999999738,train
2601,mitra_t5,data\raw\mitra\Data_T5\T5_DAll.csv,hard_brake,4,453.253044,443.253044,453.253044,0.767434000000037,train
2602,mitra_t5,data\raw\mitra\Data_T5\T5_DAll.csv,hard_brake,4,456.456246,446.456246,456.456246,0.9008999999999788,train
2603,mitra_t5,data\raw\mitra\Data_T5\T5_DAll.csv,hard_brake,5,476.309423,466.309423,476.309423,1.568234000000018,train
2604,mitra_t5,data\raw\mitra\Data_T5\T5_DAll.csv,hard_brake,3,449.449242,439.449242,449.449242,0.8341669999999795,train
2605,mitra_t5,data\raw\mitra\Data_T5\T5_DAll.csv,hard_brake,5,454.687811,444.687811,454.687811,1.0010009999999738,train
2606,mitra_t5,data\raw\mitra\Data_T5\T5_DAll.csv,hard_brake,5,464.86465,454.86465,464.86465,1.6683340000000155,train
2607,mitra_t5,data\raw\mitra\Data_T5\T5_DAll.csv,hard_brake,3,450.183309,440.183309,450.183309,0.7674339999999802,train
2608,mitra_t5,data\raw\mitra\Data_T5\T5_DAll.csv,hard_brake,2,460.760548,450.760548,460.760548,0.8675340000000347,train
2609,mitra_t5,data\raw\mitra\Data_T5\T5_DAll.csv,hard_brake,3,451.451243,441.451243,451.451243,0.8341670000000363,train
2610,mitra_t5,data\raw\mitra\Data_T5\T5_DAll.csv,hard_brake,5,466.499618,456.499618,466.499618,0.8675329999999803,train
2611,mitra_t5,data\raw\mitra\Data_T5\T5_DAll.csv,hard_brake,1,458.992114,448.992114,458.992114,0.6339669999999842,train
2612,mitra_t5,data\raw\mitra\Data_T5\T5_DAll.csv,hard_brake,7,479.045491,469.045491,479.045491,0.5004999999999882,train
2613,mitra_t5,data\raw\mitra\Data_T5\T5_DAll.csv,hard_brake,4,460.226681,450.226681,460.226681,0.8008000000000379,train
2614,mitra_t5,data\raw\mitra\Data_T5\T5_DAll.csv,hard_brake,4,461.527982,451.527982,461.527982,0.5004999999999882,train
2615,mitra_t5,data\raw\mitra\Data_T5\T5_DAll.csv,hard_brake,3,457.090213,447.090213,457.090213,0.8675329999999803,train
2616,mitra_t5,data\raw\mitra\Data_T5\T5_DAll.csv,hard_brake,4,462.161949,452.161949,462.161949,0.7006999999999834,train
2617,mitra_t5,data\raw\mitra\Data_T5\T5_DAll.csv,hard_brake,6,482.181959,472.181959,482.181959,0.7007009999999809,train
2618,mitra_t5,data\raw\mitra\Data_T5\T5_DAll.csv,hard_brake,4,463.363149,453.363149,463.363149,0.9676339999999756,train
2619,mitra_t5,data\raw\mitra\Data_T5\T5_DAll.csv,hard_brake,1,470.637087,460.637087,470.637087,1.1678339999999707,train
2620,mitra_t5,data\raw\mitra\Data_T5\T5_DAll.csv,hard_brake,5,473.006121,463.006121,473.006121,0.8675339999999778,train
2621,mitra_t5,data\raw\mitra\Data_T5\T5_DAll.csv,hard_brake,2,465.16495,455.16495,465.16495,0.633967000000041,train
2622,mitra_t5,data\raw\mitra\Data_T5\T5_DAll.csv,hard_brake,4,463.96375,453.96375,463.96375,1.23456699999997,train
2623,mitra_t5,data\raw\mitra\Data_T5\T5_DAll.csv,hard_brake,2,471.137587,461.137587,471.137587,0.8341669999999795,train
2624,mitra_t5,data\raw\mitra\Data_T5\T5_DAll.csv,hard_brake,1,466.599718,456.599718,466.599718,1.0343670000000316,train
2625,mitra_t5,data\raw\mitra\Data_T5\T5_DAll.csv,hard_brake,4,466.266051,456.266051,466.266051,0.9342669999999772,train
2626,mitra_t5,data\raw\mitra\Data_T5\T5_DAll.csv,hard_brake,7,487.453896,477.453896,487.453896,0.934267000000034,train
2627,mitra_t5,data\raw\mitra\Data_T5\T5_DAll.csv,hard_brake,3,460.793915,450.793915,460.793915,0.6673329999999851,train
2628,mitra_t5,data\raw\mitra\Data_T5\T5_DAll.csv,hard_brake,4,468.134585,458.134585,468.134585,0.9009009999999762,train
2629,mitra_t5,data\raw\mitra\Data_T5\T5_DAll.csv,hard_brake,3,469.602719,459.602719,469.602719,0.7007010000000378,train
2630,mitra_t5,data\raw\mitra\Data_T5\T5_DAll.csv,hard_brake,2,468.101219,458.101219,468.101219,0.5338669999999865,train
2631,mitra_t5,data\raw\mitra\Data_T5\T5_DAll.csv,hard_brake,1,464.36415,454.36415,464.36415,0.9342669999999772,train
2632,mitra_t5,data\raw\mitra\Data_T5\T5_DAll.csv,hard_brake,7,488.988763,478.988763,488.988763,0.9009009999999762,train
2633,mitra_t5,data\raw\mitra\Data_T5\T5_DAll.csv,hard_brake,3,462.295415,452.295415,462.295415,0.8341680000000338,train
2634,mitra_t5,data\raw\mitra\Data_T5\T5_DAll.csv,hard_brake,2,468.635086,458.635086,468.635086,0.8341669999999795,train
2635,mitra_t5,data\raw\mitra\Data_T5\T5_DAll.csv,hard_brake,1,472.705821,462.705821,472.705821,0.6005999999999858,train
2636,mitra_t5,data\raw\mitra\Data_T5\T5_DAll.csv,hard_brake,2,472.205321,462.205321,472.205321,0.7674339999999802,train
2637,mitra_t5,data\raw\mitra\Data_T5\T5_DAll.csv,hard_brake,3,464.597717,454.597717,464.597717,0.8675330000000372,train
2638,mitra_t5,data\raw\mitra\Data_T5\T5_DAll.csv,hard_brake,4,469.702819,459.702819,469.702819,1.5015010000000188,train
2639,mitra_t5,data\raw\mitra\Data_T5\T5_DAll.csv,hard_brake,5,482.515626,472.515626,482.515626,1.5348680000000172,train
2640,mitra_t5,data\raw\mitra\Data_T5\T5_DAll.csv,hard_brake,3,458.92538,448.92538,458.92538,0.8675339999999778,train
2641,mitra_t5,data\raw\mitra\Data_T5\T5_DAll.csv,hard_brake,5,479.512625,469.512625,479.512625,0.8675329999999803,train
2642,mitra_t5,data\raw\mitra\Data_T5\T5_DAll.csv,hard_brake,1,480.146592,470.146592,480.146592,0.8341669999999795,train
2643,mitra_t5,data\raw\mitra\Data_T5\T5_DAll.csv,hard_brake,7,490.657097,480.657097,490.657097,0.6339669999999842,train
2644,mitra_t5,data\raw\mitra\Data_T5\T5_DAll.csv,hard_brake,2,474.173955,464.173955,474.173955,0.4671340000000441,train
2645,mitra_t5,data\raw\mitra\Data_T5\T5_DAll.csv,hard_brake,1,484.217327,474.217327,484.217327,0.6006009999999833,train
2646,mitra_t5,data\raw\mitra\Data_T5\T5_DAll.csv,hard_brake,3,465.431884,455.431884,465.431884,0.8675339999999778,train
2647,mitra_t5,data\raw\mitra\Data_T5\T5_DAll.csv,hard_brake,6,491.424531,481.424531,491.424531,1.0010009999999738,train
2648,mitra_t5,data\raw\mitra\Data_T5\T5_DAll.csv,hard_brake,4,473.306421,463.306421,473.306421,1.2345680000000243,train
2649,mitra_t5,data\raw\mitra\Data_T5\T5_DAll.csv,hard_brake,2,477.710824,467.710824,477.710824,1.101099999999974,train
2650,mitra_t5,data\raw\mitra\Data_T5\T5_DAll.csv,hard_brake,5,486.185962,476.185962,486.185962,1.368033999999966,train
2651,mitra_t5,data\raw\mitra\Data_T5\T5_DAll.csv,hard_brake,4,475.541989,465.541989,475.541989,0.8341669999999795,train
2652,mitra_t5,data\raw\mitra\Data_T5\T5_DAll.csv,hard_brake,2,478.144591,468.144591,478.144591,1.6683340000000155,train
2653,mitra_t5,data\raw\mitra\Data_T5\T5_DAll.csv,hard_brake,1,489.92303,479.92303,489.92303,0.7340670000000387,train
2654,mitra_t5,data\raw\mitra\Data_T5\T5_DAll.csv,hard_brake,5,487.787562,477.787562,487.787562,1.6016010000000165,train
2655,mitra_t5,data\raw\mitra\Data_T5\T5_DAll.csv,hard_brake,6,495.328433,485.328433,495.328433,1.2345679999999677,train
2656,mitra_t5,data\raw\mitra\Data_T5\T5_DAll.csv,hard_brake,2,480.780559,470.780559,480.780559,0.8675340000000347,train
2657,mitra_t5,data\raw\mitra\Data_T5\T5_DAll.csv,hard_brake,2,490.623731,480.623731,490.623731,0.5338669999999865,train
2658,mitra_t5,data\raw\mitra\Data_T5\T5_DAll.csv,hard_brake,3,482.28206,472.28206,482.28206,0.8675329999999803,train
2659,mitra_t5,data\raw\mitra\Data_T5\T5_DAll.csv,hard_brake,4,480.613725,470.613725,480.613725,1.1011010000000283,train
2660,mitra_t5,data\raw\mitra\Data_T5\T5_DAll.csv,hard_brake,2,486.486262,476.486262,486.486262,0.8341669999999795,train
2661,mitra_t5,data\raw\mitra\Data_T5\T5_DAll.csv,hard_brake,2,481.981759,471.981759,481.981759,0.8341669999999795,train
2662,mitra_t5,data\raw\mitra\Data_T5\T5_DAll.csv,hard_brake,1,477.24369,467.24369,477.24369,0.7340669999999818,train
2663,mitra_t5,data\raw\mitra\Data_T5\T5_DAll.csv,hard_brake,6,501.00077,491.00077,501.00077,0.6339669999999842,train
2664,mitra_t5,data\raw\mitra\Data_T5\T5_DAll.csv,hard_brake,4,484.651094,474.651094,484.651094,1.067733999999973,train
2665,mitra_t5,data\raw\mitra\Data_T5\T5_DAll.csv,hard_brake,7,495.9624,485.9624,495.9624,0.7340669999999818,train
2666,mitra_t5,data\raw\mitra\Data_T5\T5_DAll.csv,hard_brake,5,498.398168,488.398168,498.398168,0.6673339999999826,train
2667,mitra_t5,data\raw\mitra\Data_T5\T5_DAll.csv,hard_brake,2,484.984761,474.984761,484.984761,0.8341670000000363,train
2668,mitra_t5,data\raw\mitra\Data_T5\T5_DAll.csv,hard_brake,2,489.289063,479.289063,489.289063,0.8675339999999778,train
2669,mitra_t5,data\raw\mitra\Data_T5\T5_DAll.csv,hard_brake,7,506.406173,496.406173,506.406173,0.8341669999999795,train
2670,mitra_t5,data\raw\mitra\Data_T5\T5_DAll.csv,hard_brake,7,500.967403,490.967403,500.967403,0.934267000000034,train
2671,mitra_t5,data\raw\mitra\Data_T5\T5_DAll.csv,hard_brake,1,496.0625,486.0625,496.0625,1.1011010000000283,train
2672,mitra_t5,data\raw\mitra\Data_T5\T5_DAll.csv,hard_brake,3,483.116227,473.116227,483.116227,0.7007000000000403,train
2673,mitra_t5,data\raw\mitra\Data_T5\T5_DAll.csv,hard_brake,4,485.518628,475.518628,485.518628,1.801801000000012,train
2674,mitra_t5,data\raw\mitra\Data_T5\T5_DAll.csv,hard_brake,4,487.820929,477.820929,487.820929,1.2345670000000268,train
2675,mitra_t5,data\raw\mitra\Data_T5\T5_DAll.csv,hard_brake,1,484.784561,474.784561,484.784561,0.8675339999999778,train
2676,mitra_t5,data\raw\mitra\Data_T5\T5_DAll.csv,hard_brake,3,483.917027,473.917027,483.917027,0.7340669999999818,train
2677,mitra_t5,data\raw\mitra\Data_T5\T5_DAll.csv,hard_brake,2,491.858298,481.858298,491.858298,1.1344670000000292,train
2678,mitra_t5,data\raw\mitra\Data_T5\T5_DAll.csv,hard_brake,5,505.438539,495.438539,505.438539,0.8007999999999811,train
2679,mitra_t5,data\raw\mitra\Data_T5\T5_DAll.csv,hard_brake,7,503.736838,493.736838,503.736838,1.6683340000000155,train
2680,mitra_t5,data\raw\mitra\Data_T5\T5_DAll.csv,hard_brake,2,493.459899,483.459899,493.459899,1.201200999999969,train
2681,mitra_t5,data\raw\mitra\Data_T5\T5_DAll.csv,hard_brake,1,487.253696,477.253696,487.253696,0.5672329999999874,train
2682,mitra_t5,data\raw\mitra\Data_T5\T5_DAll.csv,hard_brake,4,487.887663,477.887663,487.887663,1.5348670000000195,train
2683,mitra_t5,data\raw\mitra\Data_T5\T5_DAll.csv,hard_brake,4,491.124231,481.124231,491.124231,0.7674339999999802,train
2684,mitra_t5,data\raw\mitra\Data_T5\T5_DAll.csv,hard_brake,1,501.935037,491.935037,501.935037,1.5682339999999613,train
2685,mitra_t5,data\raw\mitra\Data_T5\T5_DAll.csv,hard_brake,2,496.963401,486.963401,496.963401,0.8675340000000347,train
2686,mitra_t5,data\raw\mitra\Data_T5\T5_DAll.csv,hard_brake,7,508.74184,498.74184,508.74184,0.8341679999999769,train
2687,mitra_t5,data\raw\mitra\Data_T5\T5_DAll.csv,hard_brake,2,498.498268,488.498268,498.498268,0.8341669999999795,train
2688,mitra_t5,data\raw\mitra\Data_T5\T5_DAll.csv,hard_brake,6,512.912676,502.912676,512.912676,1.501500999999962,train
2689,mitra_t5,data\raw\mitra\Data_T5\T5_DAll.csv,hard_brake,3,487.754196,477.754196,487.754196,0.9009000000000356,train
2690,mitra_t5,data\raw\mitra\Data_T5\T5_DAll.csv,hard_brake,6,519.085513,509.085513,519.085513,0.8341669999999795,train
2691,mitra_t5,data\raw\mitra\Data_T5\T5_DAll.csv,hard_brake,4,501.434536,491.434536,501.434536,0.9676340000000324,train
2692,mitra_t5,data\raw\mitra\Data_T5\T5_DAll.csv,hard_brake,1,491.691465,481.691465,491.691465,0.967632999999978,train
2693,mitra_t5,data\raw\mitra\Data_T5\T5_DAll.csv,hard_brake,5,502.835937,492.835937,502.835937,1.4014010000000212,train
2694,mitra_t5,data\raw\mitra\Data_T5\T5_DAll.csv,hard_brake,4,502.468904,492.468904,502.468904,0.6673329999999851,train
2695,mitra_t5,data\raw\mitra\Data_T5\T5_DAll.csv,hard_brake,7,513.813576,503.813576,513.813576,1.1011009999999717,train
2696,mitra_t5,data\raw\mitra\Data_T5\T5_DAll.csv,hard_brake,3,497.030134,487.030134,497.030134,0.8008010000000354,train
2697,mitra_t5,data\raw\mitra\Data_T5\T5_DAll.csv,hard_brake,7,514.98141,504.98141,514.98141,0.6006009999999833,train
2698,mitra_t5,data\raw\mitra\Data_T5\T5_DAll.csv,hard_brake,3,498.865302,488.865302,498.865302,0.8008000000000379,train
2699,mitra_t5,data\raw\mitra\Data_T5\T5_DAll.csv,hard_brake,4,505.605372,495.605372,505.605372,0.8008010000000354,train
2700,mitra_t5,data\raw\mitra\Data_T5\T5_DAll.csv,hard_brake,2,500.066502,490.066502,500.066502,0.9342679999999746,train
2701,mitra_t5,data\raw\mitra\Data_T5\T5_DAll.csv,hard_brake,3,500.133236,490.133236,500.133236,0.5338669999999865,train
2702,mitra_t5,data\raw\mitra\Data_T5\T5_DAll.csv,hard_brake,5,509.008774,499.008774,509.008774,0.7340669999999818,train
2703,mitra_t5,data\raw\mitra\Data_T5\T5_DAll.csv,hard_brake,3,500.466903,490.466903,500.466903,1.0343669999999747,train
2704,mitra_t5,data\raw\mitra\Data_T5\T5_DAll.csv,hard_brake,4,506.906673,496.906673,506.906673,1.0009999999999764,train
2705,mitra_t5,data\raw\mitra\Data_T5\T5_DAll.csv,hard_brake,3,501.334436,491.334436,501.334436,0.8341680000000338,train
2706,mitra_t5,data\raw\mitra\Data_T5\T5_DAll.csv,hard_brake,2,503.803571,493.803571,503.803571,0.8675340000000347,train
2707,mitra_t5,data\raw\mitra\Data_T5\T5_DAll.csv,hard_brake,3,502.435537,492.435537,502.435537,0.9009009999999762,train
2708,mitra_t5,data\raw\mitra\Data_T5\T5_DAll.csv,hard_brake,2,509.108874,499.108874,509.108874,0.9008999999999788,train
2709,mitra_t5,data\raw\mitra\Data_T5\T5_DAll.csv,hard_brake,4,509.576008,499.576008,509.576008,0.5672329999999874,train
2710,mitra_t5,data\raw\mitra\Data_T5\T5_DAll.csv,hard_brake,2,500.733836,490.733836,500.733836,0.7674339999999802,train
2711,mitra_t5,data\raw\mitra\Data_T5\T5_DAll.csv,hard_brake,7,519.91968,509.91968,519.91968,0.8341669999999795,train
2712,mitra_t5,data\raw\mitra\Data_T5\T5_DAll.csv,hard_brake,3,505.538639,495.538639,505.538639,0.9676340000000324,train
2713,mitra_t5,data\raw\mitra\Data_T5\T5_DAll.csv,hard_brake,6,521.087514,511.08751400000006,521.087514,0.6673329999999851,train
2714,mitra_t5,data\raw\mitra\Data_T5\T5_DAll.csv,hard_brake,4,512.879309,502.879309,512.879309,1.201200999999969,train
2715,mitra_t5,data\raw\mitra\Data_T5\T5_DAll.csv,hard_brake,1,515.582011,505.582011,515.582011,1.267934000000082,train
2716,mitra_t5,data\raw\mitra\Data_T5\T5_DAll.csv,hard_brake,7,515.448544,505.448544,515.448544,0.9009009999999762,train
2717,mitra_t5,data\raw\mitra\Data_T5\T5_DAll.csv,hard_brake,7,522.088514,512.088514,522.088514,0.8341669999999795,train
2718,mitra_t5,data\raw\mitra\Data_T5\T5_DAll.csv,hard_brake,4,513.813576,503.813576,513.813576,1.2679349999999658,train
2719,mitra_t5,data\raw\mitra\Data_T5\T5_DAll.csv,hard_brake,7,522.055148,512.055148,522.055148,0.8675329999999803,train
2720,mitra_t5,data\raw\mitra\Data_T5\T5_DAll.csv,hard_brake,6,529.195618,519.195618,529.195618,1.401401000000078,train
2721,mitra_t5,data\raw\mitra\Data_T5\T5_DAll.csv,hard_brake,2,513.78021,503.78021,513.78021,0.7340669999999818,train
2722,mitra_t5,data\raw\mitra\Data_T5\T5_DAll.csv,hard_brake,3,508.875307,498.875307,508.875307,0.9676339999999756,train
2723,mitra_t5,data\raw\mitra\Data_T5\T5_DAll.csv,hard_brake,2,512.845943,502.845943,512.845943,0.8341669999999795,train
2724,mitra_t5,data\raw\mitra\Data_T5\T5_DAll.csv,hard_brake,3,511.945042,501.945042,511.945042,0.900901000000033,train
2725,mitra_t5,data\raw\mitra\Data_T5\T5_DAll.csv,hard_brake,5,518.017779,508.017779,518.017779,0.5672329999999874,train
2726,mitra_t5,data\raw\mitra\Data_T5\T5_DAll.csv,hard_brake,7,532.19862,522.19862,532.19862,0.9008999999999788,train
2727,mitra_t5,data\raw\mitra\Data_T5\T5_DAll.csv,hard_brake,1,513.947043,503.947043,513.947043,0.7340669999999818,train
2728,mitra_t5,data\raw\mitra\Data_T5\T5_DAll.csv,hard_brake,4,519.252346,509.252346,519.252346,1.0010009999999738,train
2729,mitra_t5,data\raw\mitra\Data_T5\T5_DAll.csv,hard_brake,5,520.92068,510.92068,520.92068,1.1678340000000844,train
2730,mitra_t5,data\raw\mitra\Data_T5\T5_DAll.csv,hard_brake,7,524.057149,514.057149,524.057149,1.0343669999999747,train
2731,mitra_t5,data\raw\mitra\Data_T5\T5_DAll.csv,hard_brake,5,530.964052,520.964052,530.964052,0.8008009999999786,train
2732,mitra_t5,data\raw\mitra\Data_T5\T5_DAll.csv,hard_brake,3,516.816578,506.8165780000001,516.816578,0.7006999999999834,train
2733,mitra_t5,data\raw\mitra\Data_T5\T5_DAll.csv,hard_brake,4,518.418179,508.418179,518.418179,0.8007999999999811,train
2734,mitra_t5,data\raw\mitra\Data_T5\T5_DAll.csv,hard_brake,4,520.887314,510.887314,520.887314,0.7007000000000971,train
2735,mitra_t5,data\raw\mitra\Data_T5\T5_DAll.csv,hard_brake,5,524.490916,514.490916,524.490916,1.101099999999974,train
2736,mitra_t5,data\raw\mitra\Data_T5\T5_DAll.csv,hard_brake,6,544.744493,534.744493,544.744493,1.7017009999999573,train
2737,mitra_t5,data\raw\mitra\Data_T5\T5_DAll.csv,hard_brake,3,515.815578,505.815578,515.815578,0.5338669999999865,train
2738,mitra_t5,data\raw\mitra\Data_T5\T5_DAll.csv,hard_brake,2,522.422181,512.422181,522.422181,1.1011009999999717,train
2739,mitra_t5,data\raw\mitra\Data_T5\T5_DAll.csv,hard_brake,3,517.684112,507.684112,517.684112,0.8341669999999795,train
2740,mitra_t5,data\raw\mitra\Data_T5\T5_DAll.csv,hard_brake,6,537.070156,527.070156,537.070156,0.5338669999999865,train
2741,mitra_t5,data\raw\mitra\Data_T5\T5_DAll.csv,hard_brake,3,520.42018,510.42018,520.42018,0.7674340000000939,train
2742,mitra_t5,data\raw\mitra\Data_T5\T5_DAll.csv,hard_brake,7,537.437189,527.437189,537.437189,0.8341669999999795,train
2743,mitra_t5,data\raw\mitra\Data_T5\T5_DAll.csv,hard_brake,1,528.194618,518.194618,528.194618,1.0677329999999756,train
2744,mitra_t5,data\raw\mitra\Data_T5\T5_DAll.csv,hard_brake,3,519.586013,509.586013,519.586013,0.7674339999999802,train
2745,mitra_t5,data\raw\mitra\Data_T5\T5_DAll.csv,hard_brake,5,523.122881,513.122881,523.122881,0.6339679999999817,train
2746,mitra_t5,data\raw\mitra\Data_T5\T5_DAll.csv,hard_brake,5,529.462552,519.462552,529.462552,0.9676330000000916,train
2747,mitra_t5,data\raw\mitra\Data_T5\T5_DAll.csv,hard_brake,1,517.450545,507.450545,517.450545,0.9009009999999762,train
2748,mitra_t5,data\raw\mitra\Data_T5\T5_DAll.csv,hard_brake,2,529.929685,519.929685,529.929685,0.7674340000000939,train
2749,mitra_t5,data\raw\mitra\Data_T5\T5_DAll.csv,hard_brake,3,523.222982,513.222982,523.222982,0.8675329999999803,train
2750,mitra_t5,data\raw\mitra\Data_T5\T5_DAll.csv,hard_brake,2,532.765853,522.765853,532.765853,0.7674339999999802,train
2751,mitra_t5,data\raw\mitra\Data_T5\T5_DAll.csv,hard_brake,3,524.023782,514.023782,524.023782,0.9342669999999772,train
2752,mitra_t5,data\raw\mitra\Data_T5\T5_DAll.csv,hard_brake,1,533.49992,523.49992,533.49992,0.7007009999999809,train
2753,mitra_t5,data\raw\mitra\Data_T5\T5_DAll.csv,hard_brake,1,535.034788,525.034788,535.034788,1.0009999999999764,train
2754,mitra_t5,data\raw\mitra\Data_T5\T5_DAll.csv,hard_brake,3,533.366454,523.366454,533.366454,0.8341669999999795,train
2755,mitra_t5,data\raw\mitra\Data_T5\T5_DAll.csv,hard_brake,4,525.992416,515.992416,525.992416,0.9342679999999746,train
2756,mitra_t5,data\raw\mitra\Data_T5\T5_DAll.csv,hard_brake,3,527.794217,517.794217,527.794217,1.067733999999973,train
2757,mitra_t5,data\raw\mitra\Data_T5\T5_DAll.csv,hard_brake,3,532.432187,522.432187,532.432187,0.7674329999999827,train
2758,mitra_t5,data\raw\mitra\Data_T5\T5_DAll.csv,hard_brake,3,530.530285,520.530285,530.530285,0.8341679999999769,train
2759,mitra_t5,data\raw\mitra\Data_T5\T5_DAll.csv,hard_brake,7,552.11853,542.11853,552.11853,1.3346680000000788,train
2760,mitra_t5,data\raw\mitra\Data_T5\T5_DAll.csv,hard_brake,3,529.629385,519.629385,529.629385,0.7340670000000955,train
2761,mitra_t5,data\raw\mitra\Data_T5\T5_DAll.csv,hard_brake,7,557.090166,547.090166,557.090166,0.8675340000000915,train
2762,mitra_t5,data\raw\mitra\Data_T5\T5_DAll.csv,hard_brake,6,533.633387,523.633387,533.633387,0.8008009999999786,train
2763,mitra_t5,data\raw\mitra\Data_T5\T5_DAll.csv,hard_brake,5,542.475559,532.475559,542.475559,0.8007999999999811,train
2764,mitra_t5,data\raw\mitra\Data_T5\T5_DAll.csv,hard_brake,6,559.592668,549.592668,559.592668,0.8675339999999778,train
2765,mitra_t5,data\raw\mitra\Data_T5\T5_DAll.csv,hard_brake,3,534.300721,524.300721,534.300721,0.9009000000000924,train
2766,mitra_t5,data\raw\mitra\Data_T5\T5_DAll.csv,hard_brake,5,547.313728,537.313728,547.313728,0.8007999999999811,train
2767,mitra_t5,data\raw\mitra\Data_T5\T5_DAll.csv,hard_brake,1,545.345093,535.345093,545.345093,1.0343679999999722,train
2768,mitra_t5,data\raw\mitra\Data_T5\T5_DAll.csv,hard_brake,7,559.559301,549.559301,559.559301,0.7340669999999818,train
2769,mitra_t5,data\raw\mitra\Data_T5\T5_DAll.csv,hard_brake,4,535.768855,525.768855,535.768855,0.8341669999999795,train
2770,mitra_t5,data\raw\mitra\Data_T5\T5_DAll.csv,hard_brake,5,549.248996,539.248996,549.248996,0.8675329999999803,train
2771,mitra_t5,data\raw\mitra\Data_T5\T5_DAll.csv,hard_brake,4,536.769856,526.769856,536.769856,0.8341669999999795,train
2772,mitra_t5,data\raw\mitra\Data_T5\T5_DAll.csv,hard_brake,1,547.213628,537.213628,547.213628,1.1678340000000844,train
2773,mitra_t5,data\raw\mitra\Data_T5\T5_DAll.csv,hard_brake,3,535.668755,525.668755,535.668755,0.8675339999999778,train
2774,mitra_t5,data\raw\mitra\Data_T5\T5_DAll.csv,hard_brake,5,552.01843,542.01843,552.01843,0.7674339999999802,train
2775,mitra_t5,data\raw\mitra\Data_T5\T5_DAll.csv,hard_brake,4,540.139891,530.139891,540.139891,0.8007999999999811,train
2776,mitra_t5,data\raw\mitra\Data_T5\T5_DAll.csv,hard_brake,5,553.419831,543.419831,553.419831,0.7007009999999809,train
2777,mitra_t5,data\raw\mitra\Data_T5\T5_DAll.csv,hard_brake,6,542.408825,532.408825,542.408825,0.8675339999999778,train
2778,mitra_t5,data\raw\mitra\Data_T5\T5_DAll.csv,hard_brake,4,541.741492,531.741492,541.741492,1.0343669999999747,train
2779,mitra_t5,data\raw\mitra\Data_T5\T5_DAll.csv,hard_brake,7,571.004074,561.004074,571.004074,1.3013010000000804,train
2780,mitra_t5,data\raw\mitra\Data_T5\T5_DAll.csv,hard_brake,1,543.476559,533.476559,543.476559,0.7340670000000955,train
2781,mitra_t5,data\raw\mitra\Data_T5\T5_DAll.csv,hard_brake,6,546.379461,536.379461,546.379461,0.7340669999999818,train
2782,mitra_t5,data\raw\mitra\Data_T5\T5_DAll.csv,hard_brake,7,563.162903,553.162903,563.162903,1.1344669999999724,train
2783,mitra_t5,data\raw\mitra\Data_T5\T5_DAll.csv,hard_brake,4,547.013428,537.013428,547.013428,0.9342669999999772,train
2784,mitra_t5,data\raw\mitra\Data_T5\T5_DAll.csv,hard_brake,3,541.407825,531.407825,541.407825,0.8007999999999811,train
2785,mitra_t5,data\raw\mitra\Data_T5\T5_DAll.csv,hard_brake,7,573.306375,563.306375,573.306375,0.6673339999999826,train
2786,mitra_t5,data\raw\mitra\Data_T5\T5_DAll.csv,hard_brake,3,544.47756,534.47756,544.47756,0.7340669999999818,train
2787,mitra_t5,data\raw\mitra\Data_T5\T5_DAll.csv,hard_brake,2,550.083163,540.083163,550.083163,0.6339669999999842,train
2788,mitra_t5,data\raw\mitra\Data_T5\T5_DAll.csv,hard_brake,4,553.853598,543.853598,553.853598,0.9342669999999772,train
2789,mitra_t5,data\raw\mitra\Data_T5\T5_DAll.csv,hard_brake,1,550.316729,540.316729,550.316729,1.067733999999973,train
2790,mitra_t5,data\raw\mitra\Data_T5\T5_DAll.csv,hard_brake,3,548.681762,538.681762,548.681762,0.8675339999999778,train
2791,mitra_t5,data\raw\mitra\Data_T5\T5_DAll.csv,hard_brake,7,574.707776,564.707776,574.707776,0.9342669999999772,train
2792,mitra_t5,data\raw\mitra\Data_T5\T5_DAll.csv,hard_brake,3,546.679761,536.679761,546.679761,0.8675339999999778,train
2793,mitra_t5,data\raw\mitra\Data_T5\T5_DAll.csv,hard_brake,3,549.315729,539.315729,549.315729,0.5672339999999849,train
2794,mitra_t5,data\raw\mitra\Data_T5\T5_DAll.csv,hard_brake,3,557.890967,547.890967,557.890967,1.0009999999999764,train
2795,mitra_t5,data\raw\mitra\Data_T5\T5_DAll.csv,hard_brake,2,524.424182,514.424182,524.424182,0.4671339999999873,train
2796,mitra_t5,data\raw\mitra\Data_T5\T5_DAll.csv,hard_brake,4,555.722132,545.722132,555.722132,0.9009009999999762,train
2797,mitra_t5,data\raw\mitra\Data_T5\T5_DAll.csv,hard_brake,1,564.530937,554.530937,564.530937,1.23456699999997,train
2798,mitra_t5,data\raw\mitra\Data_T5\T5_DAll.csv,hard_brake,2,552.11853,542.11853,552.11853,0.7674339999999802,train
2799,mitra_t5,data\raw\mitra\Data_T5\T5_DAll.csv,hard_brake,7,579.445845,569.445845,579.445845,0.7007009999999809,train
2800,mitra_t5,data\raw\mitra\Data_T5\T5_DAll.csv,hard_brake,4,558.124534,548.124534,558.124534,0.6673329999999851,train
2801,mitra_t5,data\raw\mitra\Data_T5\T5_DAll.csv,hard_brake,2,564.430837,554.430837,564.430837,1.1344669999999724,train
2802,mitra_t5,data\raw\mitra\Data_T5\T5_DAll.csv,hard_brake,7,578.378111,568.378111,578.378111,0.7674339999999802,train
2803,mitra_t5,data\raw\mitra\Data_T5\T5_DAll.csv,hard_brake,3,556.255999,546.255999,556.255999,0.9676339999999756,train
2804,mitra_t5,data\raw\mitra\Data_T5\T5_DAll.csv,hard_brake,1,567.767506,557.767506,567.767506,0.8007999999999811,train
2805,mitra_t5,data\raw\mitra\Data_T5\T5_DAll.csv,hard_brake,2,556.623033,546.623033,556.623033,0.6005999999999858,train
2806,mitra_t5,data\raw\mitra\Data_T5\T5_DAll.csv,hard_brake,4,559.626034,549.626034,559.626034,1.0010009999999738,train
2807,mitra_t5,data\raw\mitra\Data_T5\T5_DAll.csv,hard_brake,1,565.865604,555.865604,565.865604,0.7674340000000939,train
2808,mitra_t5,data\raw\mitra\Data_T5\T5_DAll.csv,hard_brake,2,563.062803,553.062803,563.062803,1.0010009999999738,train
2809,mitra_t5,data\raw\mitra\Data_T5\T5_DAll.csv,hard_brake,5,565.064804,555.064804,565.064804,0.7340669999999818,train
2810,mitra_t5,data\raw\mitra\Data_T5\T5_DAll.csv,hard_brake,1,566.933338,556.933338,566.933338,0.9676339999999756,train
2811,mitra_t5,data\raw\mitra\Data_T5\T5_DAll.csv,hard_brake,4,560.893968,550.893968,560.893968,0.7340679999999793,train
2812,mitra_t5,data\raw\mitra\Data_T5\T5_DAll.csv,hard_brake,2,562.395469,552.395469,562.395469,1.0010009999999738,train
2813,mitra_t5,data\raw\mitra\Data_T5\T5_DAll.csv,hard_brake,5,569.63604,559.63604,569.63604,0.8341669999999795,train
2814,mitra_t5,data\raw\mitra\Data_T5\T5_DAll.csv,hard_brake,7,565.465204,555.465204,565.465204,0.8341669999999795,train
2815,mitra_t5,data\raw\mitra\Data_T5\T5_DAll.csv,hard_brake,3,560.627035,550.627035,560.627035,0.9342669999999772,train
2816,mitra_t5,data\raw\mitra\Data_T5\T5_DAll.csv,hard_brake,1,568.668406,558.668406,568.668406,0.7340669999999818,train
2817,mitra_t5,data\raw\mitra\Data_T5\T5_DAll.csv,hard_brake,3,563.59667,553.59667,563.59667,0.8007999999999811,train
2818,mitra_t5,data\raw\mitra\Data_T5\T5_DAll.csv,hard_brake,5,572.905975,562.905975,572.905975,1.4014009999999644,train
2819,mitra_t5,data\raw\mitra\Data_T5\T5_DAll.csv,hard_brake,4,564.530937,554.530937,564.530937,0.7674339999999802,train
2820,mitra_t5,data\raw\mitra\Data_T5\T5_DAll.csv,hard_brake,3,565.231637,555.231637,565.231637,0.6673339999999826,train
2821,mitra_t5,data\raw\mitra\Data_T5\T5_DAll.csv,hard_brake,6,580.813879,570.813879,580.813879,0.8341669999999795,train
2822,mitra_t5,data\raw\mitra\Data_T5\T5_DAll.csv,hard_brake,5,575.008076,565.008076,575.008076,1.3013010000000804,train
2823,mitra_t5,data\raw\mitra\Data_T5\T5_DAll.csv,hard_brake,1,570.937341,560.937341,570.937341,0.8008000000000948,train
2824,mitra_t5,data\raw\mitra\Data_T5\T5_DAll.csv,hard_brake,5,577.210277,567.210277,577.210277,1.2679339999999684,train
2825,mitra_t5,data\raw\mitra\Data_T5\T5_DAll.csv,hard_brake,7,583.816881,573.816881,583.816881,0.8341669999999795,train
2826,mitra_t5,data\raw\mitra\Data_T5\T5_DAll.csv,hard_brake,2,568.835239,558.835239,568.835239,1.4014009999999644,train
2827,mitra_t5,data\raw\mitra\Data_T5\T5_DAll.csv,hard_brake,3,566.532938,556.532938,566.532938,0.8675340000000915,train
2828,mitra_t5,data\raw\mitra\Data_T5\T5_DAll.csv,hard_brake,2,570.603674,560.603674,570.603674,0.6339670000000979,train
2829,mitra_t5,data\raw\mitra\Data_T5\T5_DAll.csv,hard_brake,3,560.026435,550.026435,560.026435,0.4671329999999898,train
2830,mitra_t5,data\raw\mitra\Data_T5\T5_DAll.csv,hard_brake,5,571.704774,561.704774,571.704774,0.7674339999999802,train
2831,mitra_t5,data\raw\mitra\Data_T5\T5_DAll.csv,hard_brake,2,574.340742,564.340742,574.340742,0.7340669999999818,train
2832,mitra_t5,data\raw\mitra\Data_T5\T5_DAll.csv,hard_brake,3,569.769507,559.769507,569.769507,0.8007999999999811,train
2833,mitra_t5,data\raw\mitra\Data_T5\T5_DAll.csv,hard_brake,7,585.485215,575.485215,585.485215,0.7006999999999834,train
2834,mitra_t5,data\raw\mitra\Data_T5\T5_DAll.csv,hard_brake,2,577.410477,567.410477,577.410477,0.8341669999999795,train
2835,mitra_t5,data\raw\mitra\Data_T5\T5_DAll.csv,hard_brake,4,573.973709,563.973709,573.973709,0.8341669999999795,train
2836,mitra_t5,data\raw\mitra\Data_T5\T5_DAll.csv,hard_brake,3,571.838241,561.838241,571.838241,0.7340669999999818,train
2837,mitra_t5,data\raw\mitra\Data_T5\T5_DAll.csv,hard_brake,7,586.986716,576.986716,586.986716,0.8341669999999795,train
2838,mitra_t5,data\raw\mitra\Data_T5\T5_DAll.csv,hard_brake,1,574.140542,564.140542,574.140542,0.7340669999999818,train
2839,mitra_t5,data\raw\mitra\Data_T5\T5_DAll.csv,hard_brake,3,572.739142,562.739142,572.739142,1.0009999999999764,train
2840,mitra_t5,data\raw\mitra\Data_T5\T5_DAll.csv,hard_brake,3,573.573309,563.573309,573.573309,1.0009999999999764,train
2841,mitra_t5,data\raw\mitra\Data_T5\T5_DAll.csv,hard_brake,4,576.87661,566.87661,576.87661,1.2679339999999684,train
2842,mitra_t5,data\raw\mitra\Data_T5\T5_DAll.csv,hard_brake,1,574.907976,564.907976,574.907976,0.8341670000000931,train
2843,mitra_t5,data\raw\mitra\Data_T5\T5_DAll.csv,hard_brake,3,574.173909,564.173909,574.173909,0.9008999999999788,train
2844,mitra_t5,data\raw\mitra\Data_T5\T5_DAll.csv,hard_brake,1,580.847246,570.847246,580.847246,0.7340669999999818,train
2845,mitra_t5,data\raw\mitra\Data_T5\T5_DAll.csv,hard_brake,5,582.181913,572.181913,582.181913,0.8008009999999786,train
2846,mitra_t5,data\raw\mitra\Data_T5\T5_DAll.csv,hard_brake,7,588.521583,578.521583,588.521583,0.9676340000000891,train
2847,mitra_t5,data\raw\mitra\Data_T5\T5_DAll.csv,hard_brake,4,578.077811,568.077811,578.077811,1.067733999999973,train
2848,mitra_t5,data\raw\mitra\Data_T5\T5_DAll.csv,hard_brake,7,590.690418,580.690418,590.690418,0.8007999999999811,train
2849,mitra_t5,data\raw\mitra\Data_T5\T5_DAll.csv,hard_brake,6,594.661053,584.661053,594.661053,1.6683349999999564,train
2850,mitra_t5,data\raw\mitra\Data_T5\T5_DAll.csv,hard_brake,1,578.711778,568.711778,578.711778,1.201200999999969,train
2851,mitra_t5,data\raw\mitra\Data_T5\T5_DAll.csv,hard_brake,7,601.33439,591.33439,601.33439,1.0010009999999738,train
2852,mitra_t5,data\raw\mitra\Data_T5\T5_DAll.csv,hard_brake,3,581.080813,571.080813,581.080813,0.8341669999999795,train
2853,mitra_t5,data\raw\mitra\Data_T5\T5_DAll.csv,hard_brake,2,575.208276,565.208276,575.208276,0.7007010000000946,train
2854,mitra_t5,data\raw\mitra\Data_T5\T5_DAll.csv,hard_brake,2,579.946345,569.946345,579.946345,0.9676340000000891,train
2855,mitra_t5,data\raw\mitra\Data_T5\T5_DAll.csv,hard_brake,7,602.635691,592.635691,602.635691,0.8675340000000915,train
2856,mitra_t5,data\raw\mitra\Data_T5\T5_DAll.csv,hard_brake,3,555.455199,545.455199,555.455199,0.6005999999999858,train
2857,mitra_t5,data\raw\mitra\Data_T5\T5_DAll.csv,hard_brake,3,576.442844,566.442844,576.442844,1.1344669999999724,train
2858,mitra_t5,data\raw\mitra\Data_T5\T5_DAll.csv,hard_brake,5,584.651048,574.651048,584.651048,0.8341670000000931,train
2859,mitra_t5,data\raw\mitra\Data_T5\T5_DAll.csv,hard_brake,3,578.911978,568.911978,578.911978,1.0010009999999738,train
2860,mitra_t5,data\raw\mitra\Data_T5\T5_DAll.csv,hard_brake,1,583.11618,573.11618,583.11618,0.8675339999999778,train
2861,mitra_t5,data\raw\mitra\Data_T5\T5_DAll.csv,hard_brake,2,584.450848,574.450848,584.450848,0.6339670000000979,train
2862,mitra_t5,data\raw\mitra\Data_T5\T5_DAll.csv,hard_brake,5,588.45485,578.45485,588.45485,0.7006999999999834,train
2863,mitra_t5,data\raw\mitra\Data_T5\T5_DAll.csv,hard_brake,4,585.518582,575.518582,585.518582,0.9676339999999756,train
2864,mitra_t5,data\raw\mitra\Data_T5\T5_DAll.csv,hard_brake,1,589.122184,579.122184,589.122184,1.134467000000086,train
2865,mitra_t5,data\raw\mitra\Data_T5\T5_DAll.csv,hard_brake,5,598.131189,588.131189,598.131189,1.5348670000000766,train
2866,mitra_t5,data\raw\mitra\Data_T5\T5_DAll.csv,hard_brake,7,592.358752,582.358752,592.358752,0.8008009999999786,train
2867,mitra_t5,data\raw\mitra\Data_T5\T5_DAll.csv,hard_brake,7,607.67406,597.67406,607.67406,0.8341669999999795,train
2868,mitra_t5,data\raw\mitra\Data_T5\T5_DAll.csv,hard_brake,3,582.882614,572.882614,582.882614,0.7006999999999834,train
2869,mitra_t5,data\raw\mitra\Data_T5\T5_DAll.csv,hard_brake,5,583.816881,573.816881,583.816881,0.8341669999999795,train
2870,mitra_t5,data\raw\mitra\Data_T5\T5_DAll.csv,hard_brake,3,583.616681,573.616681,583.616681,0.8007999999999811,train
2871,mitra_t5,data\raw\mitra\Data_T5\T5_DAll.csv,hard_brake,7,608.908628,598.908628,608.908628,0.7674329999999827,train
2872,mitra_t5,data\raw\mitra\Data_T5\T5_DAll.csv,hard_brake,5,594.527587,584.527587,594.527587,0.8007999999999811,train
2873,mitra_t5,data\raw\mitra\Data_T5\T5_DAll.csv,hard_brake,3,585.018081,575.018081,585.018081,0.7340679999999793,train
2874,mitra_t5,data\raw\mitra\Data_T5\T5_DAll.csv,hard_brake,5,600.600323,590.600323,600.600323,0.9009009999999762,train
2875,mitra_t5,data\raw\mitra\Data_T5\T5_DAll.csv,hard_brake,2,590.356751,580.356751,590.356751,0.9008999999999788,train
2876,mitra_t5,data\raw\mitra\Data_T5\T5_DAll.csv,hard_brake,3,586.452849,576.452849,586.452849,0.6339669999999842,train
2877,mitra_t5,data\raw\mitra\Data_T5\T5_DAll.csv,hard_brake,5,595.995721,585.995721,595.995721,1.0009999999999764,train
2878,mitra_t5,data\raw\mitra\Data_T5\T5_DAll.csv,hard_brake,3,587.887616,577.887616,587.887616,0.8675339999999778,train
2879,mitra_t5,data\raw\mitra\Data_T5\T5_DAll.csv,hard_brake,7,614.213931,604.213931,614.213931,0.4671329999999898,train
2880,mitra_t5,data\raw\mitra\Data_T5\T5_DAll.csv,hard_brake,7,611.210929,601.210929,611.210929,0.8007999999999811,train
2881,mitra_t5,data\raw\mitra\Data_T5\T5_DAll.csv,hard_brake,2,594.761153,584.761153,594.761153,1.334667999999965,train
2882,mitra_t5,data\raw\mitra\Data_T5\T5_DAll.csv,hard_brake,1,587.453849,577.453849,587.453849,0.8008009999999786,train
2883,mitra_t5,data\raw\mitra\Data_T5\T5_DAll.csv,hard_brake,3,590.590318,580.590318,590.590318,1.0009999999999764,train
2884,mitra_t5,data\raw\mitra\Data_T5\T5_DAll.csv,hard_brake,2,597.697422,587.697422,597.697422,0.7340670000000955,train
2885,mitra_t5,data\raw\mitra\Data_T5\T5_DAll.csv,hard_brake,3,592.225285,582.225285,592.225285,1.0343679999999722,train
2886,mitra_t5,data\raw\mitra\Data_T5\T5_DAll.csv,hard_brake,7,615.915631,605.915631,615.915631,0.7674340000000939,train
2887,mitra_t5,data\raw\mitra\Data_T5\T5_DAll.csv,hard_brake,3,594.327386,584.327386,594.327386,0.6006009999999833,train
2888,mitra_t5,data\raw\mitra\Data_T5\T5_DAll.csv,hard_brake,3,596.029087,586.029087,596.029087,0.9009009999999762,train
2889,mitra_t5,data\raw\mitra\Data_T5\T5_DAll.csv,hard_brake,4,599.198922,589.198922,599.198922,0.8008009999999786,train
2890,mitra_t5,data\raw\mitra\Data_T5\T5_DAll.csv,hard_brake,3,597.096821,587.096821,597.096821,0.6006009999999833,train
2891,mitra_t5,data\raw\mitra\Data_T5\T5_DAll.csv,hard_brake,3,598.131189,588.131189,598.131189,0.9676330000000916,train
2892,mitra_t5,data\raw\mitra\Data_T5\T5_DAll.csv,hard_brake,2,602.802524,592.802524,602.802524,0.8008010000000922,train
2893,mitra_t5,data\raw\mitra\Data_T5\T5_DAll.csv,hard_brake,3,599.966356,589.966356,599.966356,0.8008009999999786,train
2894,mitra_t5,data\raw\mitra\Data_T5\T5_DAll.csv,hard_brake,4,602.935991,592.935991,602.935991,0.90090100000009,train
2895,mitra_t5,data\raw\mitra\Data_T5\T5_DAll.csv,hard_brake,7,618.384766,608.384766,618.384766,0.8008009999999786,train
2896,mitra_t5,data\raw\mitra\Data_T5\T5_DAll.csv,hard_brake,7,621.854901,611.854901,621.854901,0.6673339999999826,train
2897,mitra_t5,data\raw\mitra\Data_T5\T5_DAll.csv,hard_brake,4,604.637692,594.637692,604.637692,1.0343669999999747,train
2898,mitra_t5,data\raw\mitra\Data_T5\T5_DAll.csv,hard_brake,5,609.609328,599.609328,609.609328,0.9009009999999762,train
2899,mitra_t5,data\raw\mitra\Data_T5\T5_DAll.csv,hard_brake,2,605.338392,595.338392,605.338392,1.1011009999999717,train
2900,mitra_t5,data\raw\mitra\Data_T5\T5_DAll.csv,hard_brake,4,607.07346,597.07346,607.07346,0.9342670000000908,train
2901,mitra_t5,data\raw\mitra\Data_T5\T5_DAll.csv,hard_brake,6,624.424136,614.424136,624.424136,1.2679339999999684,train
2902,mitra_t5,data\raw\mitra\Data_T5\T5_DAll.csv,hard_brake,2,606.806527,596.806527,606.806527,0.8008000000000948,train
2903,mitra_t5,data\raw\mitra\Data_T5\T5_DAll.csv,hard_brake,2,604.604325,594.604325,604.604325,0.8341669999999795,train
2904,mitra_t5,data\raw\mitra\Data_T5\T5_DAll.csv,hard_brake,7,623.122835,613.122835,623.122835,0.9009009999999762,train
2905,mitra_t5,data\raw\mitra\Data_T5\T5_DAll.csv,hard_brake,7,626.659704,616.659704,626.659704,0.7006999999999834,train
2906,mitra_t5,data\raw\mitra\Data_T5\T5_DAll.csv,hard_brake,3,605.772159,595.772159,605.772159,0.8341669999999795,train
2907,mitra_t5,data\raw\mitra\Data_T5\T5_DAll.csv,hard_brake,7,623.656702,613.656702,623.656702,0.5338669999999865,train
2908,mitra_t5,data\raw\mitra\Data_T5\T5_DAll.csv,hard_brake,5,618.484866,608.484866,618.484866,0.6673339999999826,train
2909,mitra_t5,data\raw\mitra\Data_T5\T5_DAll.csv,hard_brake,1,610.109828,600.109828,610.109828,1.0010009999999738,train
2910,mitra_t5,data\raw\mitra\Data_T5\T5_DAll.csv,hard_brake,5,613.946997,603.946997,613.946997,0.9009009999999762,train
2911,mitra_t5,data\raw\mitra\Data_T5\T5_DAll.csv,hard_brake,7,627.961005,617.961005,627.961005,0.7340669999999818,train
2912,mitra_t5,data\raw\mitra\Data_T5\T5_DAll.csv,hard_brake,4,610.109828,600.109828,610.109828,1.0010009999999738,train
2913,mitra_t5,data\raw\mitra\Data_T5\T5_DAll.csv,hard_brake,6,611.678062,601.678062,611.678062,1.1678340000000844,train
2914,mitra_t5,data\raw\mitra\Data_T5\T5_DAll.csv,hard_brake,2,615.415131,605.415131,615.415131,0.8675339999999778,train
2915,mitra_t5,data\raw\mitra\Data_T5\T5_DAll.csv,hard_brake,2,611.444496,601.444496,611.444496,0.8341670000000931,train
2916,mitra_t5,data\raw\mitra\Data_T5\T5_DAll.csv,hard_brake,4,615.181564,605.181564,615.181564,0.8341669999999795,train
2917,mitra_t5,data\raw\mitra\Data_T5\T5_DAll.csv,hard_brake,3,610.643695,600.643695,610.643695,0.8008009999999786,train
2918,mitra_t5,data\raw\mitra\Data_T5\T5_DAll.csv,hard_brake,3,613.91363,603.91363,613.91363,0.8675339999999778,train
2919,mitra_t5,data\raw\mitra\Data_T5\T5_DAll.csv,hard_brake,6,635.568609,625.568609,635.568609,0.6339669999999842,train
2920,mitra_t5,data\raw\mitra\Data_T5\T5_DAll.csv,hard_brake,4,616.582965,606.582965,616.582965,0.9342670000000908,train
2921,mitra_t5,data\raw\mitra\Data_T5\T5_DAll.csv,hard_brake,3,583.883614,573.883614,583.883614,0.5004999999999882,train
2922,mitra_t5,data\raw\mitra\Data_T5\T5_DAll.csv,hard_brake,3,611.944996,601.944996,611.944996,0.8341670000000931,train
2923,mitra_t5,data\raw\mitra\Data_T5\T5_DAll.csv,hard_brake,2,613.579964,603.579964,613.579964,0.7006999999999834,train
2924,mitra_t5,data\raw\mitra\Data_T5\T5_DAll.csv,hard_brake,3,615.581965,605.581965,615.581965,0.4671329999999898,train
2925,mitra_t5,data\raw\mitra\Data_T5\T5_DAll.csv,hard_brake,7,633.866908,623.866908,633.866908,0.8341669999999795,train
2926,mitra_t5,data\raw\mitra\Data_T5\T5_DAll.csv,hard_brake,7,637.437143,627.437143,637.437143,0.7340669999999818,train
2927,mitra_t5,data\raw\mitra\Data_T5\T5_DAll.csv,hard_brake,4,620.286667,610.286667,620.286667,0.7340669999999818,train
2928,mitra_t5,data\raw\mitra\Data_T5\T5_DAll.csv,hard_brake,5,626.759804,616.759804,626.759804,0.6005999999999858,train
2929,mitra_t5,data\raw\mitra\Data_T5\T5_DAll.csv,hard_brake,7,646.546248,636.546248,646.546248,0.6673339999999826,train
2930,mitra_t5,data\raw\mitra\Data_T5\T5_DAll.csv,hard_brake,7,639.372411,629.372411,639.372411,0.8341669999999795,train
2931,mitra_t5,data\raw\mitra\Data_T5\T5_DAll.csv,hard_brake,2,617.784166,607.784166,617.784166,0.8341669999999795,train
2932,mitra_t5,data\raw\mitra\Data_T5\T5_DAll.csv,hard_brake,1,629.028738,619.028738,629.028738,0.7674339999999802,train
2933,mitra_t5,data\raw\mitra\Data_T5\T5_DAll.csv,hard_brake,3,614.781164,604.781164,614.781164,0.8341669999999795,train
2934,mitra_t5,data\raw\mitra\Data_T5\T5_DAll.csv,hard_brake,7,648.081115,638.081115,648.081115,0.8008010000000922,train
2935,mitra_t5,data\raw\mitra\Data_T5\T5_DAll.csv,hard_brake,5,633.132841,623.132841,633.132841,0.5672329999999874,train
2936,mitra_t5,data\raw\mitra\Data_T5\T5_DAll.csv,hard_brake,3,603.102825,593.102825,603.102825,0.6339669999999842,train
2937,mitra_t5,data\raw\mitra\Data_T5\T5_DAll.csv,hard_brake,3,617.283665,607.283665,617.283665,1.0010009999999738,train
2938,mitra_t5,data\raw\mitra\Data_T5\T5_DAll.csv,hard_brake,4,626.359404,616.359404,626.359404,0.8341669999999795,train
2939,mitra_t5,data\raw\mitra\Data_T5\T5_DAll.csv,hard_brake,4,627.260304,617.260304,627.260304,0.7674339999999802,train
2940,mitra_t5,data\raw\mitra\Data_T5\T5_DAll.csv,hard_brake,2,622.188568,612.188568,622.188568,0.7674339999999802,train
2941,mitra_t5,data\raw\mitra\Data_T5\T5_DAll.csv,hard_brake,2,619.185567,609.185567,619.185567,1.4347669999999653,train
2942,mitra_t5,data\raw\mitra\Data_T5\T5_DAll.csv,hard_brake,6,655.98902,645.98902,655.98902,0.9008999999999788,train
2943,mitra_t5,data\raw\mitra\Data_T5\T5_DAll.csv,hard_brake,5,635.401775,625.401775,635.401775,0.6339669999999842,train
2944,mitra_t5,data\raw\mitra\Data_T5\T5_DAll.csv,hard_brake,1,631.097473,621.097473,631.097473,0.8675339999999778,train
2945,mitra_t5,data\raw\mitra\Data_T5\T5_DAll.csv,hard_brake,1,626.592971,616.592971,626.592971,1.2011999999999716,train
2946,mitra_t5,data\raw\mitra\Data_T5\T5_DAll.csv,hard_brake,4,633.399774,623.399774,633.399774,0.6339669999999842,train
2947,mitra_t5,data\raw\mitra\Data_T5\T5_DAll.csv,hard_brake,6,639.706078,629.706078,639.706078,0.6673329999999851,train
2948,mitra_t5,data\raw\mitra\Data_T5\T5_DAll.csv,hard_brake,3,623.489869,613.489869,623.489869,0.6339669999999842,train
2949,mitra_t5,data\raw\mitra\Data_T5\T5_DAll.csv,hard_brake,4,634.968008,624.968008,634.968008,0.9009009999999762,train
2950,mitra_t5,data\raw\mitra\Data_T5\T5_DAll.csv,hard_brake,1,621.988368,611.988368,621.988368,0.6339669999999842,train
2951,mitra_t5,data\raw\mitra\Data_T5\T5_DAll.csv,hard_brake,4,637.67071,627.67071,637.67071,0.8675339999999778,train
2952,mitra_t5,data\raw\mitra\Data_T5\T5_DAll.csv,hard_brake,1,635.668709,625.668709,635.668709,1.3012999999999693,train
2953,mitra_t5,data\raw\mitra\Data_T5\T5_DAll.csv,hard_brake,3,624.89127,614.89127,624.89127,0.9009000000000924,train
2954,mitra_t5,data\raw\mitra\Data_T5\T5_DAll.csv,hard_brake,3,614.647697,604.647697,614.647697,0.6339669999999842,train
2955,mitra_t5,data\raw\mitra\Data_T5\T5_DAll.csv,hard_brake,3,625.325036,615.325036,625.325036,0.8008010000000922,train
2956,mitra_t5,data\raw\mitra\Data_T5\T5_DAll.csv,hard_brake,2,597.297021,587.297021,597.297021,1.1011009999999717,train
2957,mitra_t5,data\raw\mitra\Data_T5\T5_DAll.csv,hard_brake,2,628.127838,618.127838,628.127838,0.6673339999999826,train
2958,mitra_t5,data\raw\mitra\Data_T5\T5_DAll.csv,hard_brake,2,626.09247,616.09247,626.09247,0.7007009999999809,train
2959,mitra_t5,data\raw\mitra\Data_T5\T5_DAll.csv,hard_brake,2,629.028738,619.028738,629.028738,0.7674339999999802,train
2960,mitra_t5,data\raw\mitra\Data_T5\T5_DAll.csv,hard_brake,3,627.627338,617.627338,627.627338,0.6673329999999851,train
2961,mitra_t5,data\raw\mitra\Data_T5\T5_DAll.csv,hard_brake,2,631.464506,621.464506,631.464506,1.334667999999965,train
2962,mitra_t5,data\raw\mitra\Data_T5\T5_DAll.csv,hard_brake,7,651.284317,641.284317,651.284317,0.7674339999999802,train
2963,mitra_t5,data\raw\mitra\Data_T5\T5_DAll.csv,hard_brake,6,638.27131,628.27131,638.27131,0.7674339999999802,train
2964,mitra_t5,data\raw\mitra\Data_T5\T5_DAll.csv,hard_brake,2,621.721435,611.721435,621.721435,0.5672329999999874,train
2965,mitra_t5,data\raw\mitra\Data_T5\T5_DAll.csv,hard_brake,7,668.26796,658.26796,668.26796,0.4671329999999898,train
2966,mitra_t5,data\raw\mitra\Data_T5\T5_DAll.csv,hard_brake,4,639.706078,629.706078,639.706078,0.8341669999999795,train
2967,mitra_t5,data\raw\mitra\Data_T5\T5_DAll.csv,hard_brake,3,629.762806,619.762806,629.762806,0.867533000000094,train
2968,mitra_t5,data\raw\mitra\Data_T5\T5_DAll.csv,hard_brake,7,669.102127,659.102127,669.102127,0.6339669999999842,train
2969,mitra_t5,data\raw\mitra\Data_T5\T5_DAll.csv,hard_brake,3,630.763806,620.763806,630.763806,0.8675339999999778,train
2970,mitra_t5,data\raw\mitra\Data_T5\T5_DAll.csv,hard_brake,5,646.079114,636.079114,646.079114,0.7007009999999809,train
2971,mitra_t5,data\raw\mitra\Data_T5\T5_DAll.csv,hard_brake,7,662.261956,652.261956,662.261956,0.8008009999999786,train
2972,mitra_t5,data\raw\mitra\Data_T5\T5_DAll.csv,hard_brake,2,636.669709,626.669709,636.669709,0.8008009999999786,train
2973,mitra_t5,data\raw\mitra\Data_T5\T5_DAll.csv,hard_brake,3,632.498874,622.498874,632.498874,0.9676339999999756,train
2974,mitra_t5,data\raw\mitra\Data_T5\T5_DAll.csv,hard_brake,4,643.676713,633.676713,643.676713,1.0343670000000884,train
2975,mitra_t5,data\raw\mitra\Data_T5\T5_DAll.csv,hard_brake,3,633.032741,623.032741,633.032741,0.9342669999999772,train
2976,mitra_t5,data\raw\mitra\Data_T5\T5_DAll.csv,hard_brake,2,638.304677,628.304677,638.304677,0.8341669999999795,train
2977,mitra_t5,data\raw\mitra\Data_T5\T5_DAll.csv,hard_brake,7,660.793822,650.793822,660.793822,0.7674339999999802,train
2978,mitra_t5,data\raw\mitra\Data_T5\T5_DAll.csv,hard_brake,1,643.977013,633.977013,643.977013,0.6673339999999826,train
2979,mitra_t5,data\raw\mitra\Data_T5\T5_DAll.csv,hard_brake,7,640.139844,630.139844,640.139844,0.7340679999999793,train
2980,mitra_t5,data\raw\mitra\Data_T5\T5_DAll.csv,hard_brake,1,638.57161,628.57161,638.57161,0.7340669999999818,train
2981,mitra_t5,data\raw\mitra\Data_T5\T5_DAll.csv,hard_brake,2,638.87191,628.87191,638.87191,0.7674340000000939,train
2982,mitra_t5,data\raw\mitra\Data_T5\T5_DAll.csv,hard_brake,3,634.634342,624.634342,634.634342,0.8341670000000931,train
2983,mitra_t5,data\raw\mitra\Data_T5\T5_DAll.csv,hard_brake,2,641.007378,631.007378,641.007378,0.8008009999999786,train
2984,mitra_t5,data\raw\mitra\Data_T5\T5_DAll.csv,hard_brake,3,636.002376,626.002376,636.002376,0.8007999999999811,train
2985,mitra_t5,data\raw\mitra\Data_T5\T5_DAll.csv,hard_brake,1,645.311681,635.311681,645.311681,0.8341669999999795,train
2986,mitra_t5,data\raw\mitra\Data_T5\T5_DAll.csv,hard_brake,3,637.47051,627.47051,637.47051,0.6673329999999851,train
2987,mitra_t5,data\raw\mitra\Data_T5\T5_DAll.csv,hard_brake,4,649.615983,639.615983,649.615983,0.6005999999999858,train
2988,mitra_t5,data\raw\mitra\Data_T5\T5_DAll.csv,hard_brake,7,669.936294,659.936294,669.936294,0.8007999999999811,train
2989,mitra_t5,data\raw\mitra\Data_T5\T5_DAll.csv,hard_brake,2,644.177213,634.177213,644.177213,0.8008009999999786,train
2990,mitra_t5,data\raw\mitra\Data_T5\T5_DAll.csv,hard_brake,3,637.737443,627.737443,637.737443,0.9009009999999762,train
2991,mitra_t5,data\raw\mitra\Data_T5\T5_DAll.csv,hard_brake,2,642.942646,632.942646,642.942646,0.8675339999999778,train
2992,mitra_t5,data\raw\mitra\Data_T5\T5_DAll.csv,hard_brake,3,639.238944,629.238944,639.238944,0.7340670000000955,train
2993,mitra_t5,data\raw\mitra\Data_T5\T5_DAll.csv,hard_brake,2,645.845548,635.845548,645.845548,0.7674329999999827,train
2994,mitra_t5,data\raw\mitra\Data_T5\T5_DAll.csv,hard_brake,3,640.206578,630.206578,640.206578,0.7674339999999802,train
2995,mitra_t5,data\raw\mitra\Data_T5\T5_DAll.csv,hard_brake,7,671.671361,661.671361,671.671361,0.9009009999999762,train
2996,mitra_t5,data\raw\mitra\Data_T5\T5_DAll.csv,hard_brake,6,672.005028,662.005028,672.005028,1.067733999999973,train
2997,mitra_t5,data\raw\mitra\Data_T5\T5_DAll.csv,hard_brake,1,648.781816,638.781816,648.781816,0.8675339999999778,train
2998,mitra_t5,data\raw\mitra\Data_T5\T5_DAll.csv,hard_brake,3,640.807178,630.807178,640.807178,0.8341669999999795,train
2999,mitra_t5,data\raw\mitra\Data_T5\T5_DAll.csv,hard_brake,2,648.481516,638.481516,648.481516,0.8341669999999795,train
3000,mitra_t5,data\raw\mitra\Data_T5\T5_DAll.csv,hard_brake,3,641.641345,631.641345,641.641345,0.6673339999999826,train
3001,mitra_t5,data\raw\mitra\Data_T5\T5_DAll.csv,hard_brake,3,642.675712,632.675712,642.675712,0.8008009999999786,train
3002,mitra_t5,data\raw\mitra\Data_T5\T5_DAll.csv,hard_brake,2,649.682716,639.682716,649.682716,0.5338669999999865,train
3003,mitra_t5,data\raw\mitra\Data_T5\T5_DAll.csv,hard_brake,1,644.644347,634.644347,644.644347,0.6673339999999826,train
3004,mitra_t5,data\raw\mitra\Data_T5\T5_DAll.csv,hard_brake,2,650.984017,640.984017,650.984017,0.8341669999999795,train
3005,mitra_t5,data\raw\mitra\Data_T5\T5_DAll.csv,hard_brake,7,665.465158,655.465158,665.465158,0.7674339999999802,train
3006,mitra_t5,data\raw\mitra\Data_T5\T5_DAll.csv,hard_brake,1,650.14985,640.14985,650.14985,0.8341669999999795,train
3007,mitra_t5,data\raw\mitra\Data_T5\T5_DAll.csv,hard_brake,3,645.178214,635.178214,645.178214,0.8007999999999811,train
3008,mitra_t5,data\raw\mitra\Data_T5\T5_DAll.csv,hard_brake,7,667.500526,657.500526,667.500526,0.7340669999999818,train
3009,mitra_t5,data\raw\mitra\Data_T5\T5_DAll.csv,hard_brake,4,664.831191,654.831191,664.831191,0.7340669999999818,train
3010,mitra_t5,data\raw\mitra\Data_T5\T5_DAll.csv,hard_brake,2,651.851551,641.851551,651.851551,0.9676339999999756,train
3011,mitra_t5,data\raw\mitra\Data_T5\T5_DAll.csv,hard_brake,1,654.754452,644.754452,654.754452,0.9009009999999762,train
3012,mitra_t5,data\raw\mitra\Data_T5\T5_DAll.csv,hard_brake,3,645.878914,635.878914,645.878914,0.7674339999999802,train
3013,mitra_t5,data\raw\mitra\Data_T5\T5_DAll.csv,hard_brake,6,679.145499,669.145499,679.145499,0.9342669999999772,train
3014,mitra_t5,data\raw\mitra\Data_T5\T5_DAll.csv,hard_brake,1,647.146848,637.146848,647.146848,0.5005009999999857,train
3015,mitra_t5,data\raw\mitra\Data_T5\T5_DAll.csv,hard_brake,3,647.180215,637.180215,647.180215,0.4671339999999873,train
3016,mitra_t5,data\raw\mitra\Data_T5\T5_DAll.csv,hard_brake,3,650.45015,640.45015,650.45015,0.8675339999999778,train
3017,mitra_t5,data\raw\mitra\Data_T5\T5_DAll.csv,hard_brake,7,676.709731,666.709731,676.709731,0.7006999999999834,train
3018,mitra_t5,data\raw\mitra\Data_T5\T5_DAll.csv,hard_brake,7,679.712732,669.712732,679.712732,0.5338669999999865,train
3019,mitra_t5,data\raw\mitra\Data_T5\T5_DAll.csv,hard_brake,1,663.62999,653.62999,663.62999,1.201200999999969,train
3020,mitra_t5,data\raw\mitra\Data_T5\T5_DAll.csv,hard_brake,3,652.752451,642.752451,652.752451,0.7340670000000955,train
3021,mitra_t5,data\raw\mitra\Data_T5\T5_DAll.csv,hard_brake,3,655.755453,645.755453,655.755453,0.5672339999999849,train
3022,mitra_t5,data\raw\mitra\Data_T5\T5_DAll.csv,hard_brake,7,680.146499,670.146499,680.146499,0.7674340000000939,train
3023,mitra_t5,data\raw\mitra\Data_T5\T5_DAll.csv,hard_brake,2,662.762457,652.762457,662.762457,1.23456699999997,train
3024,mitra_t5,data\raw\mitra\Data_T5\T5_DAll.csv,hard_brake,2,656.055753,646.055753,656.055753,0.9342669999999772,train
3025,mitra_t5,data\raw\mitra\Data_T5\T5_DAll.csv,hard_brake,6,668.434793,658.434793,668.434793,0.4671339999999873,train
3026,mitra_t5,data\raw\mitra\Data_T5\T5_DAll.csv,hard_brake,2,660.159855,650.159855,660.159855,0.6673339999999826,train
3027,mitra_t5,data\raw\mitra\Data_T5\T5_DAll.csv,hard_brake,3,656.756453,646.756453,656.756453,1.0677340000000868,train
3028,mitra_t5,data\raw\mitra\Data_T5\T5_DAll.csv,hard_brake,7,682.548901,672.548901,682.548901,0.8675329999999803,train
3029,mitra_t5,data\raw\mitra\Data_T5\T5_DAll.csv,hard_brake,7,689.222238,679.222238,689.222238,0.7007000000000971,train
3030,mitra_t5,data\raw\mitra\Data_T5\T5_DAll.csv,hard_brake,7,694.794474,684.794474,694.794474,1.501500999999962,train
3031,mitra_t5,data\raw\mitra\Data_T5\T5_DAll.csv,hard_brake,7,701.868211,691.868211,701.868211,0.7340669999999818,train
3032,mitra_t5,data\raw\mitra\Data_T5\T5_DAll.csv,hard_brake,7,702.702378,692.702378,702.702378,0.90090100000009,train
3033,mitra_t5,data\raw\mitra\Data_T5\T5_DAll.csv,hard_brake,7,704.270612,694.270612,704.270612,0.8341669999999795,train
3034,mitra_t5,data\raw\mitra\Data_T5\T5_DAll.csv,hard_brake,1,668.26796,658.26796,668.26796,0.9008999999999788,train
3035,mitra_t5,data\raw\mitra\Data_T5\T5_DAll.csv,hard_brake,7,690.423438,680.423438,690.423438,0.4671339999999873,train
3036,mitra_t5,data\raw\mitra\Data_T5\T5_DAll.csv,hard_brake,3,665.031391,655.031391,665.031391,0.8008009999999786,train
3037,mitra_t5,data\raw\mitra\Data_T5\T5_DAll.csv,hard_brake,2,665.465158,655.465158,665.465158,1.1678339999999707,train
3038,mitra_t5,data\raw\mitra\Data_T5\T5_DAll.csv,hard_brake,3,665.999025,655.999025,665.999025,0.8341670000000931,train
3039,mitra_t5,data\raw\mitra\Data_T5\T5_DAll.csv,hard_brake,2,642.342046,632.342046,642.342046,0.8675329999999803,train
3040,mitra_t5,data\raw\mitra\Data_T5\T5_DAll.csv,hard_brake,0,642.642346,632.642346,642.642346,1.3680340000000797,train
3041,mitra_t5,data\raw\mitra\Data_T5\T5_DAll.csv,hard_brake,0,645.645347,635.645347,645.645347,1.1011009999999717,train
3042,mitra_t5,data\raw\mitra\Data_T5\T5_DAll.csv,hard_brake,0,649.64935,639.64935,649.64935,0.6339669999999842,train
3043,mitra_t5,data\raw\mitra\Data_T5\T5_DAll.csv,hard_brake,6,683.249601,673.249601,683.249601,0.5004999999999882,train
3044,mitra_t5,data\raw\mitra\Data_T5\T5_DAll.csv,hard_brake,1,679.312332,669.312332,679.312332,1.2012010000000828,train
3045,mitra_t5,data\raw\mitra\Data_T5\T5_DAll.csv,hard_brake,2,677.276964,667.276964,677.276964,1.4014009999999644,train
3046,mitra_t5,data\raw\mitra\Data_T5\T5_DAll.csv,hard_brake,2,683.349701,673.349701,683.349701,1.1678339999999707,train
3047,mitra_t5,data\raw\mitra\Data_T5\T5_DAll.csv,hard_brake,6,659.092121,649.092121,659.092121,0.9009009999999762,train
3048,mitra_t5,data\raw\mitra\Data_T5\T5_DAll.csv,hard_brake,3,672.372062,662.372062,672.372062,0.8007999999999811,train
3049,mitra_t5,data\raw\mitra\Data_T5\T5_DAll.csv,hard_brake,1,680.880566,670.880566,680.880566,0.8008009999999786,train
3050,mitra_t5,data\raw\mitra\Data_T5\T5_DAll.csv,hard_brake,3,674.140496,664.140496,674.140496,0.8675339999999778,train
3051,mitra_t5,data\raw\mitra\Data_T5\T5_DAll.csv,hard_brake,7,715.648652,705.648652,715.648652,0.9676339999999756,train
3052,mitra_t5,data\raw\mitra\Data_T5\T5_DAll.csv,hard_brake,2,686.185869,676.185869,686.185869,1.334667999999965,train
3053,mitra_t5,data\raw\mitra\Data_T5\T5_DAll.csv,hard_brake,1,699.36571,689.36571,699.36571,0.8341669999999795,train
3054,mitra_t5,data\raw\mitra\Data_T5\T5_DAll.csv,hard_brake,2,688.988671,678.988671,688.988671,0.6339670000000979,train
3055,mitra_t5,data\raw\mitra\Data_T5\T5_DAll.csv,hard_brake,2,690.089771,680.089771,690.089771,1.4347679999999627,train
3056,mitra_t5,data\raw\mitra\Data_T5\T5_DAll.csv,hard_brake,3,691.190872,681.190872,691.190872,0.5004999999999882,train
3057,mitra_t5,data\raw\mitra\Data_T5\T5_DAll.csv,hard_brake,3,680.813833,670.813833,680.813833,0.7006999999999834,train
3058,mitra_t5,data\raw\mitra\Data_T5\T5_DAll.csv,hard_brake,3,657.991021,647.991021,657.991021,0.8341669999999795,train
3059,mitra_t5,data\raw\mitra\Data_T5\T5_DAll.csv,hard_brake,7,717.083419,707.083419,717.083419,0.8675339999999778,train
3060,mitra_t5,data\raw\mitra\Data_T5\T5_DAll.csv,hard_brake,7,717.850853,707.850853,717.850853,0.7674339999999802,train
3061,mitra_t5,data\raw\mitra\Data_T5\T5_DAll.csv,hard_brake,1,685.985669,675.985669,685.985669,0.8675339999999778,train
3062,mitra_t5,data\raw\mitra\Data_T5\T5_DAll.csv,hard_brake,7,720.253254,710.253254,720.253254,0.7007009999999809,train
3063,mitra_t5,data\raw\mitra\Data_T5\T5_DAll.csv,hard_brake,7,722.455455,712.455455,722.455455,1.0010009999999738,train
3064,mitra_t5,data\raw\mitra\Data_T5\T5_DAll.csv,hard_brake,10,700.133143,690.133143,700.133143,0.5005009999999857,train
3065,mitra_t5,data\raw\mitra\Data_T5\T5_DAll.csv,hard_brake,7,730.16316,720.16316,730.16316,0.6339670000000979,train
3066,mitra_t5,data\raw\mitra\Data_T5\T5_DAll.csv,hard_brake,1,690.990672,680.990672,690.990672,0.7674339999999802,train
3067,mitra_t5,data\raw\mitra\Data_T5\T5_DAll.csv,hard_brake,6,675.041397,665.041397,675.041397,0.5672329999999874,train
3068,mitra_t5,data\raw\mitra\Data_T5\T5_DAll.csv,hard_brake,7,723.92359,713.92359,723.92359,1.368033999999966,train
3069,mitra_t5,data\raw\mitra\Data_T5\T5_DAll.csv,hard_brake,3,697.497175,687.497175,697.497175,0.8675339999999778,train
3070,mitra_t5,data\raw\mitra\Data_T5\T5_DAll.csv,hard_brake,3,694.594274,684.594274,694.594274,0.9342669999999772,train
3071,mitra_t5,data\raw\mitra\Data_T5\T5_DAll.csv,hard_brake,5,878.277873,868.277873,878.277873,0.5004999999999882,train
3072,mitra_t5,data\raw\mitra\Data_T5\T5_DAll.csv,hard_brake,2,698.865209,688.865209,698.865209,0.6673339999999826,train
3073,mitra_t5,data\raw\mitra\Data_T5\T5_DAll.csv,hard_brake,1,705.104779,695.104779,705.104779,0.6006009999999833,train
3074,mitra_t5,data\raw\mitra\Data_T5\T5_DAll.csv,hard_brake,3,695.695374,685.695374,695.695374,1.1678339999999707,train
3075,mitra_t5,data\raw\mitra\Data_T5\T5_DAll.csv,hard_brake,3,699.832843,689.832843,699.832843,0.7007009999999809,train
3076,mitra_t5,data\raw\mitra\Data_T5\T5_DAll.csv,hard_brake,7,736.235896,726.235896,736.235896,0.9009009999999762,train
3077,mitra_t5,data\raw\mitra\Data_T5\T5_DAll.csv,hard_brake,7,732.865861,722.865861,732.865861,0.7674339999999802,train
3078,mitra_t5,data\raw\mitra\Data_T5\T5_DAll.csv,hard_brake,3,697.030042,687.030042,697.030042,0.8341669999999795,train
3079,mitra_t5,data\raw\mitra\Data_T5\T5_DAll.csv,hard_brake,7,726.092424,716.092424,726.092424,0.6339669999999842,train
3080,mitra_t5,data\raw\mitra\Data_T5\T5_DAll.csv,hard_brake,3,704.170512,694.170512,704.170512,0.5338669999999865,train
3081,mitra_t5,data\raw\mitra\Data_T5\T5_DAll.csv,hard_brake,5,680.913933,670.913933,680.913933,0.9676339999999756,train
3082,mitra_t5,data\raw\mitra\Data_T5\T5_DAll.csv,hard_brake,5,682.281967,672.281967,682.281967,0.7674339999999802,train
3083,mitra_t5,data\raw\mitra\Data_T5\T5_DAll.csv,hard_brake,2,702.335345,692.335345,702.335345,0.867533000000094,train
3084,mitra_t5,data\raw\mitra\Data_T5\T5_DAll.csv,hard_brake,5,683.416434,673.416434,683.416434,1.067733999999973,train
3085,mitra_t5,data\raw\mitra\Data_T5\T5_DAll.csv,hard_brake,3,698.398076,688.398076,698.398076,0.9676340000000891,train
3086,mitra_t5,data\raw\mitra\Data_T5\T5_DAll.csv,hard_brake,2,702.935945,692.935945,702.935945,0.9342670000000908,train
3087,mitra_t5,data\raw\mitra\Data_T5\T5_DAll.csv,hard_brake,3,707.907581,697.907581,707.907581,1.1344669999999724,train
3088,mitra_t5,data\raw\mitra\Data_T5\T5_DAll.csv,hard_brake,3,709.409082,699.409082,709.409082,0.9676339999999756,train
3089,mitra_t5,data\raw\mitra\Data_T5\T5_DAll.csv,hard_brake,21,690.790472,680.790472,690.790472,0.4671329999999898,train
3090,mitra_t5,data\raw\mitra\Data_T5\T5_DAll.csv,hard_brake,7,755.688673,745.688673,755.688673,0.6339669999999842,train
3091,mitra_t5,data\raw\mitra\Data_T5\T5_DAll.csv,hard_brake,3,710.410082,700.410082,710.410082,0.9676339999999756,train
3092,mitra_t5,data\raw\mitra\Data_T5\T5_DAll.csv,hard_brake,2,715.114785,705.114785,715.114785,0.9342669999999772,train
3093,mitra_t5,data\raw\mitra\Data_T5\T5_DAll.csv,hard_brake,3,711.64465,701.64465,711.64465,0.9009000000000924,train
3094,mitra_t5,data\raw\mitra\Data_T5\T5_DAll.csv,hard_brake,2,718.418087,708.418087,718.418087,0.6339669999999842,train
3095,mitra_t5,data\raw\mitra\Data_T5\T5_DAll.csv,hard_brake,3,713.04605,703.04605,713.04605,0.8341669999999795,train
3096,mitra_t5,data\raw\mitra\Data_T5\T5_DAll.csv,hard_brake,2,721.721388,711.721388,721.721388,0.8341669999999795,train
3097,mitra_t5,data\raw\mitra\Data_T5\T5_DAll.csv,hard_brake,3,713.646651,703.646651,713.646651,0.9008999999999788,train
3098,mitra_t5,data\raw\mitra\Data_T5\T5_DAll.csv,hard_brake,7,775.14145,765.14145,775.14145,0.7007009999999809,train
3099,mitra_t5,data\raw\mitra\Data_T5\T5_DAll.csv,hard_brake,3,714.714385,704.714385,714.714385,0.8341669999999795,train
3100,mitra_t5,data\raw\mitra\Data_T5\T5_DAll.csv,hard_brake,2,723.056056,713.056056,723.056056,0.8341669999999795,train
3101,mitra_t5,data\raw\mitra\Data_T5\T5_DAll.csv,hard_brake,2,709.676015,699.676015,709.676015,1.0010009999999738,train
3102,mitra_t5,data\raw\mitra\Data_T5\T5_DAll.csv,hard_brake,2,724.12379,714.12379,724.12379,0.7674329999999827,train
3103,mitra_t5,data\raw\mitra\Data_T5\T5_DAll.csv,hard_brake,3,716.516186,706.516186,716.516186,0.867533000000094,train
3104,mitra_t5,data\raw\mitra\Data_T5\T5_DAll.csv,hard_brake,7,764.097078,754.097078,764.097078,0.7340669999999818,train
3105,mitra_t5,data\raw\mitra\Data_T5\T5_DAll.csv,hard_brake,3,717.717386,707.717386,717.717386,0.8341669999999795,train
3106,mitra_t5,data\raw\mitra\Data_T5\T5_DAll.csv,hard_brake,7,759.258909,749.258909,759.258909,0.7340669999999818,train
3107,mitra_t5,data\raw\mitra\Data_T5\T5_DAll.csv,hard_brake,2,727.660658,717.660658,727.660658,0.7007009999999809,train
3108,mitra_t5,data\raw\mitra\Data_T5\T5_DAll.csv,hard_brake,7,772.538849,762.538849,772.538849,0.8007999999999811,train
3109,mitra_t5,data\raw\mitra\Data_T5\T5_DAll.csv,hard_brake,4,907.039955,897.039955,907.039955,0.6005999999999858,train
3110,mitra_t5,data\raw\mitra\Data_T5\T5_DAll.csv,hard_brake,3,728.027692,718.027692,728.027692,0.8675339999999778,train
3111,mitra_t5,data\raw\mitra\Data_T5\T5_DAll.csv,hard_brake,3,724.52419,714.52419,724.52419,0.7006999999999834,train
3112,mitra_t5,data\raw\mitra\Data_T5\T5_DAll.csv,hard_brake,3,729.696026,719.696026,729.696026,1.2012010000000828,train
3113,mitra_t5,data\raw\mitra\Data_T5\T5_DAll.csv,hard_brake,3,734.934595,724.934595,734.934595,0.8008010000000922,train
3114,mitra_t5,data\raw\mitra\Data_T5\T5_DAll.csv,hard_brake,4,915.448359,905.448359,915.448359,0.5338669999999865,train
3115,mitra_t5,data\raw\mitra\Data_T5\T5_DAll.csv,hard_brake,7,798.69833,788.69833,798.69833,0.8341669999999795,train
3116,mitra_t5,data\raw\mitra\Data_T5\T5_DAll.csv,hard_brake,3,733.499828,723.499828,733.499828,0.9009009999999762,train
3117,mitra_t5,data\raw\mitra\Data_T5\T5_DAll.csv,hard_brake,7,761.327643,751.327643,761.327643,0.8341669999999795,train
3118,mitra_t5,data\raw\mitra\Data_T5\T5_DAll.csv,hard_brake,3,735.868863,725.868863,735.868863,0.8675329999999803,train
3119,mitra_t5,data\raw\mitra\Data_T5\T5_DAll.csv,hard_brake,3,736.936597,726.936597,736.936597,0.8007999999999811,train
3120,mitra_t5,data\raw\mitra\Data_T5\T5_DAll.csv,hard_brake,5,744.477467,734.477467,744.477467,0.5005009999999857,train
3121,mitra_t5,data\raw\mitra\Data_T5\T5_DAll.csv,hard_brake,2,739.272264,729.272264,739.272264,0.6339670000000979,train
3122,mitra_t5,data\raw\mitra\Data_T5\T5_DAll.csv,hard_brake,1,712.34535,702.34535,712.34535,0.6005999999999858,train
3123,mitra_t5,data\raw\mitra\Data_T5\T5_DAll.csv,hard_brake,4,927.994233,917.994233,927.994233,0.5004999999999882,train
3124,mitra_t5,data\raw\mitra\Data_T5\T5_DAll.csv,hard_brake,5,752.051705,742.051705,752.051705,0.9008999999999788,train
3125,mitra_t5,data\raw\mitra\Data_T5\T5_DAll.csv,hard_brake,7,805.304933,795.304933,805.304933,0.7340669999999818,train
3126,mitra_t5,data\raw\mitra\Data_T5\T5_DAll.csv,hard_brake,7,800.533497,790.533497,800.533497,0.8341679999999769,train
3127,mitra_t5,data\raw\mitra\Data_T5\T5_DAll.csv,hard_brake,7,807.607235,797.607235,807.607235,0.7674330000000964,train
3128,mitra_t5,data\raw\mitra\Data_T5\T5_DAll.csv,hard_brake,3,738.204531,728.204531,738.204531,0.5338669999999865,train
3129,mitra_t5,data\raw\mitra\Data_T5\T5_DAll.csv,hard_brake,7,939.672572,929.672572,939.672572,0.5005010000000993,train
3130,mitra_t5,data\raw\mitra\Data_T5\T5_DAll.csv,hard_brake,3,715.848852,705.848852,715.848852,0.9342670000000908,train
3131,mitra_t5,data\raw\mitra\Data_T5\T5_DAll.csv,hard_brake,3,719.752754,709.752754,719.752754,0.7340669999999818,train
3132,mitra_t5,data\raw\mitra\Data_T5\T5_DAll.csv,hard_brake,7,980.947161,970.947161,980.947161,0.6006009999999833,train
3133,mitra_t5,data\raw\mitra\Data_T5\T5_DAll.csv,hard_brake,2,751.117438,741.117438,751.117438,0.4671329999999898,train
3134,mitra_t5,data\raw\mitra\Data_T5\T5_DAll.csv,hard_brake,7,814.480772,804.480772,814.480772,0.7340669999999818,train
3135,mitra_t5,data\raw\mitra\Data_T5\T5_DAll.csv,hard_brake,2,751.217538,741.217538,751.217538,0.8675329999999803,train
3136,mitra_t5,data\raw\mitra\Data_T5\T5_DAll.csv,hard_brake,3,743.076067,733.076067,743.076067,0.7674329999999827,train
3137,mitra_t5,data\raw\mitra\Data_T5\T5_DAll.csv,hard_brake,7,800.133097,790.133097,800.133097,1.067733999999973,train
3138,mitra_t5,data\raw\mitra\Data_T5\T5_DAll.csv,hard_brake,7,814.747705,804.747705,814.747705,0.8008009999999786,train
3139,mitra_t5,data\raw\mitra\Data_T5\T5_DAll.csv,hard_brake,7,795.261561,785.261561,795.261561,0.7674339999999802,train
3140,mitra_t5,data\raw\mitra\Data_T5\T5_DAll.csv,hard_brake,7,802.635599,792.635599,802.635599,0.7340670000000955,train
3141,mitra_t5,data\raw\mitra\Data_T5\T5_DAll.csv,hard_brake,3,754.487473,744.487473,754.487473,0.7674329999999827,train
3142,mitra_t5,data\raw\mitra\Data_T5\T5_DAll.csv,hard_brake,2,766.632946,756.632946,766.632946,0.8008000000000948,train
3143,mitra_t5,data\raw\mitra\Data_T5\T5_DAll.csv,hard_brake,7,819.385674,809.385674,819.385674,0.5005009999999857,train
3144,mitra_t5,data\raw\mitra\Data_T5\T5_DAll.csv,hard_brake,2,758.591575,748.591575,758.591575,0.8341669999999795,train
3145,mitra_t5,data\raw\mitra\Data_T5\T5_DAll.csv,hard_brake,7,832.832448,822.832448,832.832448,0.9009009999999762,train
3146,mitra_t5,data\raw\mitra\Data_T5\T5_DAll.csv,hard_brake,3,770.136448,760.136448,770.136448,0.8007999999999811,train
3147,mitra_t5,data\raw\mitra\Data_T5\T5_DAll.csv,hard_brake,5,759.492475,749.492475,759.492475,1.4681339999999636,train
3148,mitra_t5,data\raw\mitra\Data_T5\T5_DAll.csv,hard_brake,3,771.904882,761.904882,771.904882,0.8675339999999778,train
3149,mitra_t5,data\raw\mitra\Data_T5\T5_DAll.csv,hard_brake,3,775.975618,765.975618,775.975618,0.6339669999999842,train
3150,mitra_t5,data\raw\mitra\Data_T5\T5_DAll.csv,hard_brake,7,830.830447,820.830447,830.830447,0.9009009999999762,train
3151,mitra_t5,data\raw\mitra\Data_T5\T5_DAll.csv,hard_brake,4,756.089074,746.089074,756.089074,0.6673329999999851,train
3152,mitra_t5,data\raw\mitra\Data_T5\T5_DAll.csv,hard_brake,7,838.104384,828.104384,838.104384,0.7674339999999802,train
3153,mitra_t5,data\raw\mitra\Data_T5\T5_DAll.csv,hard_brake,2,775.14145,765.14145,775.14145,0.8008010000000922,train
3154,mitra_t5,data\raw\mitra\Data_T5\T5_DAll.csv,hard_brake,3,766.399379,756.399379,766.399379,0.8675340000000915,train
3155,mitra_t5,data\raw\mitra\Data_T5\T5_DAll.csv,hard_brake,3,770.870515,760.870515,770.870515,0.9009000000000924,train
3156,mitra_t5,data\raw\mitra\Data_T5\T5_DAll.csv,hard_brake,7,843.609887,833.609887,843.609887,0.8008010000000922,train
3157,mitra_t5,data\raw\mitra\Data_T5\T5_DAll.csv,hard_brake,3,772.839149,762.839149,772.839149,0.7674339999999802,train
3158,mitra_t5,data\raw\mitra\Data_T5\T5_DAll.csv,hard_brake,5,770.403381,760.403381,770.403381,0.4671339999999873,train
3159,mitra_t5,data\raw\mitra\Data_T5\T5_DAll.csv,hard_brake,7,829.328946,819.328946,829.328946,0.9009009999999762,train
3160,mitra_t5,data\raw\mitra\Data_T5\T5_DAll.csv,hard_brake,3,778.010985,768.010985,778.010985,0.7674339999999802,train
3161,mitra_t5,data\raw\mitra\Data_T5\T5_DAll.csv,hard_brake,7,834.434049,824.434049,834.434049,0.6339669999999842,train
3162,mitra_t5,data\raw\mitra\Data_T5\T5_DAll.csv,hard_brake,3,780.07972,770.07972,780.07972,0.8675340000000915,train
3163,mitra_t5,data\raw\mitra\Data_T5\T5_DAll.csv,hard_brake,3,778.945252,768.945252,778.945252,0.8341679999999769,train
3164,mitra_t5,data\raw\mitra\Data_T5\T5_DAll.csv,hard_brake,4,766.432746,756.432746,766.432746,0.8008000000000948,train
3165,mitra_t5,data\raw\mitra\Data_T5\T5_DAll.csv,hard_brake,6,759.025342,749.025342,759.025342,0.5338669999999865,train
3166,mitra_t5,data\raw\mitra\Data_T5\T5_DAll.csv,hard_brake,6,761.094076,751.094076,761.094076,1.7684350000000677,train
3167,mitra_t5,data\raw\mitra\Data_T5\T5_DAll.csv,hard_brake,7,844.577521,834.577521,844.577521,0.8341669999999795,train
3168,mitra_t5,data\raw\mitra\Data_T5\T5_DAll.csv,hard_brake,1,754.487473,744.487473,754.487473,0.4671329999999898,train
3169,mitra_t5,data\raw\mitra\Data_T5\T5_DAll.csv,hard_brake,3,781.047354,771.047354,781.047354,0.7340669999999818,train
3170,mitra_t5,data\raw\mitra\Data_T5\T5_DAll.csv,hard_brake,6,765.064712,755.064712,765.064712,0.9342669999999772,train
3171,mitra_t5,data\raw\mitra\Data_T5\T5_DAll.csv,hard_brake,7,844.377321,834.377321,844.377321,1.0343669999999747,train
3172,mitra_t5,data\raw\mitra\Data_T5\T5_DAll.csv,hard_brake,7,858.024295,848.024295,858.024295,0.9009009999999762,train
3173,mitra_t5,data\raw\mitra\Data_T5\T5_DAll.csv,hard_brake,7,845.178121,835.178121,845.178121,1.067733999999973,train
3174,mitra_t5,data\raw\mitra\Data_T5\T5_DAll.csv,hard_brake,2,786.41939,776.41939,786.41939,0.7006999999999834,train
3175,mitra_t5,data\raw\mitra\Data_T5\T5_DAll.csv,hard_brake,7,859.792729,849.792729,859.792729,0.5672339999999849,train
3176,mitra_t5,data\raw\mitra\Data_T5\T5_DAll.csv,hard_brake,7,835.53515,825.53515,835.53515,1.0343669999999747,train
3177,mitra_t5,data\raw\mitra\Data_T5\T5_DAll.csv,hard_brake,7,862.829098,852.829098,862.829098,0.7340669999999818,train
3178,mitra_t5,data\raw\mitra\Data_T5\T5_DAll.csv,hard_brake,2,790.556859,780.556859,790.556859,0.7340669999999818,train
3179,mitra_t5,data\raw\mitra\Data_T5\T5_DAll.csv,hard_brake,7,864.664265,854.664265,864.664265,0.9342669999999772,train
3180,mitra_t5,data\raw\mitra\Data_T5\T5_DAll.csv,hard_brake,2,802.902532,792.902532,802.902532,1.0677340000000868,train
3181,mitra_t5,data\raw\mitra\Data_T5\T5_DAll.csv,hard_brake,3,788.521491,778.521491,788.521491,0.9342669999999772,train
3182,mitra_t5,data\raw\mitra\Data_T5\T5_DAll.csv,hard_brake,3,786.386023,776.386023,786.386023,0.9009009999999762,train
3183,mitra_t5,data\raw\mitra\Data_T5\T5_DAll.csv,hard_brake,3,790.823792,780.823792,790.823792,0.6339669999999842,train
3184,mitra_t5,data\raw\mitra\Data_T5\T5_DAll.csv,hard_brake,7,865.898833,855.898833,865.898833,1.0343670000000884,train
3185,mitra_t5,data\raw\mitra\Data_T5\T5_DAll.csv,hard_brake,3,789.389025,779.389025,789.389025,0.9009000000000924,train
3186,mitra_t5,data\raw\mitra\Data_T5\T5_DAll.csv,hard_brake,2,797.597229,787.597229,797.597229,0.8675339999999778,train
3187,mitra_t5,data\raw\mitra\Data_T5\T5_DAll.csv,hard_brake,2,800.666964,790.666964,800.666964,0.8008009999999786,train
3188,mitra_t5,data\raw\mitra\Data_T5\T5_DAll.csv,hard_brake,7,867.0333,857.0333,867.0333,0.7340669999999818,train
3189,mitra_t5,data\raw\mitra\Data_T5\T5_DAll.csv,hard_brake,3,797.196829,787.196829,797.196829,0.9342669999999772,train
3190,mitra_t5,data\raw\mitra\Data_T5\T5_DAll.csv,hard_brake,3,791.624593,781.624593,791.624593,0.8341669999999795,train
3191,mitra_t5,data\raw\mitra\Data_T5\T5_DAll.csv,hard_brake,7,856.756361,846.756361,856.756361,0.6673339999999826,train
3192,mitra_t5,data\raw\mitra\Data_T5\T5_DAll.csv,hard_brake,10,797.130096,787.130096,797.130096,0.9342669999999772,train
3193,mitra_t5,data\raw\mitra\Data_T5\T5_DAll.csv,hard_brake,3,802.502132,792.502132,802.502132,0.9676340000000891,train
3194,mitra_t5,data\raw\mitra\Data_T5\T5_DAll.csv,hard_brake,2,807.707335,797.707335,807.707335,1.434767000000079,train
3195,mitra_t5,data\raw\mitra\Data_T5\T5_DAll.csv,hard_brake,2,809.609236,799.609236,809.609236,0.8675329999999803,train
3196,mitra_t5,data\raw\mitra\Data_T5\T5_DAll.csv,hard_brake,4,975.341558,965.341558,975.341558,0.7007009999999809,train
3197,mitra_t5,data\raw\mitra\Data_T5\T5_DAll.csv,hard_brake,7,873.940204,863.940204,873.940204,0.5004999999999882,train
3198,mitra_t5,data\raw\mitra\Data_T5\T5_DAll.csv,hard_brake,7,880.41334,870.41334,880.41334,0.8675340000000915,train
3199,mitra_t5,data\raw\mitra\Data_T5\T5_DAll.csv,hard_brake,2,811.47777,801.47777,811.47777,0.8341669999999795,train
3200,mitra_t5,data\raw\mitra\Data_T5\T5_DAll.csv,hard_brake,7,891.724647,881.724647,891.724647,1.1344669999999724,train
3201,mitra_t5,data\raw\mitra\Data_T5\T5_DAll.csv,hard_brake,2,813.112738,803.112738,813.112738,0.8675329999999803,train
3202,mitra_t5,data\raw\mitra\Data_T5\T5_DAll.csv,hard_brake,3,809.642602,799.642602,809.642602,1.0010009999999738,train
3203,mitra_t5,data\raw\mitra\Data_T5\T5_DAll.csv,hard_brake,3,808.741702,798.741702,808.741702,0.9008999999999788,train
3204,mitra_t5,data\raw\mitra\Data_T5\T5_DAll.csv,hard_brake,1,820.353308,810.353308,820.353308,0.8008009999999786,train
3205,mitra_t5,data\raw\mitra\Data_T5\T5_DAll.csv,hard_brake,2,817.21684,807.21684,817.21684,0.9342669999999772,train
3206,mitra_t5,data\raw\mitra\Data_T5\T5_DAll.csv,hard_brake,7,897.93085,887.93085,897.93085,1.3680340000000797,train
3207,mitra_t5,data\raw\mitra\Data_T5\T5_DAll.csv,hard_brake,2,821.254209,811.254209,821.254209,0.7340670000000955,train
3208,mitra_t5,data\raw\mitra\Data_T5\T5_DAll.csv,hard_brake,7,900.366618,890.366618,900.366618,0.5672329999999874,train
3209,mitra_t5,data\raw\mitra\Data_T5\T5_DAll.csv,hard_brake,7,901.834752,891.834752,901.834752,0.8007999999999811,train
3210,mitra_t5,data\raw\mitra\Data_T5\T5_DAll.csv,hard_brake,3,817.183473,807.183473,817.183473,0.8007999999999811,train
3211,mitra_t5,data\raw\mitra\Data_T5\T5_DAll.csv,hard_brake,1,824.590877,814.590877,824.590877,1.23456699999997,train
3212,mitra_t5,data\raw\mitra\Data_T5\T5_DAll.csv,hard_brake,2,823.75671,813.75671,823.75671,1.4014009999999644,train
3213,mitra_t5,data\raw\mitra\Data_T5\T5_DAll.csv,hard_brake,2,825.358311,815.358311,825.358311,0.6339670000000979,train
3214,mitra_t5,data\raw\mitra\Data_T5\T5_DAll.csv,hard_brake,3,818.11774,808.11774,818.11774,0.8675339999999778,train
3215,mitra_t5,data\raw\mitra\Data_T5\T5_DAll.csv,hard_brake,2,827.660612,817.660612,827.660612,0.6339669999999842,train
3216,mitra_t5,data\raw\mitra\Data_T5\T5_DAll.csv,hard_brake,3,805.2382,795.2382,805.2382,0.5672339999999849,train
3217,mitra_t5,data\raw\mitra\Data_T5\T5_DAll.csv,hard_brake,3,819.986275,809.986275,819.986275,0.8341669999999795,train
3218,mitra_t5,data\raw\mitra\Data_T5\T5_DAll.csv,hard_brake,3,821.087375,811.087375,821.087375,0.90090100000009,train
3219,mitra_t5,data\raw\mitra\Data_T5\T5_DAll.csv,hard_brake,1,836.002283,826.002283,836.002283,0.8341669999999795,train
3220,mitra_t5,data\raw\mitra\Data_T5\T5_DAll.csv,hard_brake,7,910.51009,900.51009,910.51009,0.8007999999999811,train
3221,mitra_t5,data\raw\mitra\Data_T5\T5_DAll.csv,hard_brake,2,833.699982,823.699982,833.699982,0.8007999999999811,train
3222,mitra_t5,data\raw\mitra\Data_T5\T5_DAll.csv,hard_brake,3,830.997281,820.997281,830.997281,0.8341669999999795,train
3223,mitra_t5,data\raw\mitra\Data_T5\T5_DAll.csv,hard_brake,3,825.925544,815.925544,825.925544,0.90090100000009,train
3224,mitra_t5,data\raw\mitra\Data_T5\T5_DAll.csv,hard_brake,6,807.573868,797.573868,807.573868,0.7007000000000971,train
3225,mitra_t5,data\raw\mitra\Data_T5\T5_DAll.csv,hard_brake,7,916.516093,906.516093,916.516093,0.600601000000097,train
3226,mitra_t5,data\raw\mitra\Data_T5\T5_DAll.csv,hard_brake,3,824.991277,814.991277,824.991277,0.8341669999999795,train
3227,mitra_t5,data\raw\mitra\Data_T5\T5_DAll.csv,hard_brake,4,805.8388,795.8388,805.8388,0.5338669999999865,train
3228,mitra_t5,data\raw\mitra\Data_T5\T5_DAll.csv,hard_brake,7,867.9342,857.9342,867.9342,0.8341669999999795,train
3229,mitra_t5,data\raw\mitra\Data_T5\T5_DAll.csv,hard_brake,6,809.175469,799.175469,809.175469,0.9342669999999772,train
3230,mitra_t5,data\raw\mitra\Data_T5\T5_DAll.csv,hard_brake,7,922.18843,912.18843,922.18843,0.8007999999999811,train
3231,mitra_t5,data\raw\mitra\Data_T5\T5_DAll.csv,hard_brake,7,924.323897,914.323897,924.323897,1.0010009999999738,train
3232,mitra_t5,data\raw\mitra\Data_T5\T5_DAll.csv,hard_brake,2,831.097381,821.097381,831.097381,0.5672329999999874,train
3233,mitra_t5,data\raw\mitra\Data_T5\T5_DAll.csv,hard_brake,2,836.069017,826.069017,836.069017,0.9342669999999772,train
3234,mitra_t5,data\raw\mitra\Data_T5\T5_DAll.csv,hard_brake,1,840.373319,830.373319,840.373319,0.8007999999999811,train
3235,mitra_t5,data\raw\mitra\Data_T5\T5_DAll.csv,hard_brake,2,836.93655,826.93655,836.93655,0.9009009999999762,train
3236,mitra_t5,data\raw\mitra\Data_T5\T5_DAll.csv,hard_brake,6,819.185474,809.185474,819.185474,0.6673339999999826,train
3237,mitra_t5,data\raw\mitra\Data_T5\T5_DAll.csv,hard_brake,2,839.672619,829.672619,839.672619,0.6673329999999851,train
3238,mitra_t5,data\raw\mitra\Data_T5\T5_DAll.csv,hard_brake,6,871.137402,861.137402,871.137402,0.8008010000000922,train
3239,mitra_t5,data\raw\mitra\Data_T5\T5_DAll.csv,hard_brake,3,834.867816,824.867816,834.867816,0.8008000000000948,train
3240,mitra_t5,data\raw\mitra\Data_T5\T5_DAll.csv,hard_brake,7,960.193083,950.193083,960.193083,0.6673339999999826,train
3241,mitra_t5,data\raw\mitra\Data_T5\T5_DAll.csv,hard_brake,3,836.202483,826.202483,836.202483,0.4671339999999873,train
3242,mitra_t5,data\raw\mitra\Data_T5\T5_DAll.csv,hard_brake,2,845.545155,835.545155,845.545155,1.3013009999999667,train
3243,mitra_t5,data\raw\mitra\Data_T5\T5_DAll.csv,hard_brake,2,847.847456,837.847456,847.847456,0.8341669999999795,train
3244,mitra_t5,data\raw\mitra\Data_T5\T5_DAll.csv,hard_brake,7,920.186428,910.186428,920.186428,0.6339679999999817,train
3245,mitra_t5,data\raw\mitra\Data_T5\T5_DAll.csv,hard_brake,2,848.681623,838.681623,848.681623,1.1678340000000844,train
3246,mitra_t5,data\raw\mitra\Data_T5\T5_DAll.csv,hard_brake,6,904.437353,894.437353,904.437353,0.8675339999999778,train
3247,mitra_t5,data\raw\mitra\Data_T5\T5_DAll.csv,hard_brake,7,989.889433,979.889433,989.889433,0.6673329999999851,train
3248,mitra_t5,data\raw\mitra\Data_T5\T5_DAll.csv,hard_brake,3,848.181123,838.181123,848.181123,0.8341670000000931,train
3249,mitra_t5,data\raw\mitra\Data_T5\T5_DAll.csv,hard_brake,7,949.582478,939.582478,949.582478,0.7674329999999827,train
3250,mitra_t5,data\raw\mitra\Data_T5\T5_DAll.csv,hard_brake,2,856.856461,846.856461,856.856461,1.0010010000000875,train
3251,mitra_t5,data\raw\mitra\Data_T5\T5_DAll.csv,hard_brake,3,850.550158,840.550158,850.550158,0.8007999999999811,train
3252,mitra_t5,data\raw\mitra\Data_T5\T5_DAll.csv,hard_brake,7,986.853064,976.853064,986.853064,0.7007009999999809,train
3253,mitra_t5,data\raw\mitra\Data_T5\T5_DAll.csv,hard_brake,7,906.906488,896.906488,906.906488,1.2345670000000837,train
3254,mitra_t5,data\raw\mitra\Data_T5\T5_DAll.csv,hard_brake,3,851.084025,841.084025,851.084025,0.6005999999999858,train
3255,mitra_t5,data\raw\mitra\Data_T5\T5_DAll.csv,hard_brake,7,909.008589,899.008589,909.008589,0.8008009999999786,train
3256,mitra_t5,data\raw\mitra\Data_T5\T5_DAll.csv,hard_brake,7,946.979876,936.979876,946.979876,0.8675339999999778,train
3257,mitra_t5,data\raw\mitra\Data_T5\T5_DAll.csv,hard_brake,1,831.197481,821.197481,831.197481,0.5672329999999874,train
3258,mitra_t5,data\raw\mitra\Data_T5\T5_DAll.csv,hard_brake,2,865.398332,855.398332,865.398332,0.9676339999999756,train
3259,mitra_t5,data\raw\mitra\Data_T5\T5_DAll.csv,hard_brake,7,964.030252,954.030252,964.030252,0.8341669999999795,train
3260,mitra_t5,data\raw\mitra\Data_T5\T5_DAll.csv,hard_brake,2,866.6329,856.6329,866.6329,0.7340670000000955,train
3261,mitra_t5,data\raw\mitra\Data_T5\T5_DAll.csv,hard_brake,7,903.202786,893.202786,903.202786,0.6006000000000995,train
3262,mitra_t5,data\raw\mitra\Data_T5\T5_DAll.csv,hard_brake,7,914.847759,904.847759,914.847759,0.8007999999999811,train
3263,mitra_t5,data\raw\mitra\Data_T5\T5_DAll.csv,hard_brake,7,968.234454,958.234454,968.234454,1.801800999999955,train
3264,mitra_t5,data\raw\mitra\Data_T5\T5_DAll.csv,hard_brake,3,864.197132,854.197132,864.197132,0.8341669999999795,train
3265,mitra_t5,data\raw\mitra\Data_T5\T5_DAll.csv,hard_brake,7,958.324549,948.324549,958.324549,0.7006999999999834,train
3266,mitra_t5,data\raw\mitra\Data_T5\T5_DAll.csv,hard_brake,3,866.199133,856.199133,866.199133,0.8341670000000931,train
3267,mitra_t5,data\raw\mitra\Data_T5\T5_DAll.csv,hard_brake,3,864.797732,854.797732,864.797732,0.7340669999999818,train
3268,mitra_t5,data\raw\mitra\Data_T5\T5_DAll.csv,hard_brake,3,866.499433,856.499433,866.499433,0.6673340000000962,train
3269,mitra_t5,data\raw\mitra\Data_T5\T5_DAll.csv,hard_brake,6,919.018595,909.018595,919.018595,0.8007999999999811,train
3270,mitra_t5,data\raw\mitra\Data_T5\T5_DAll.csv,hard_brake,6,844.177121,834.177121,844.177121,1.501500999999962,train
3271,mitra_t5,data\raw\mitra\Data_T5\T5_DAll.csv,hard_brake,7,954.887781,944.887781,954.887781,0.8007999999999811,train
3272,mitra_t5,data\raw\mitra\Data_T5\T5_DAll.csv,hard_brake,3,868.334601,858.334601,868.334601,0.7006999999999834,train
3273,mitra_t5,data\raw\mitra\Data_T5\T5_DAll.csv,hard_brake,2,872.004936,862.004936,872.004936,0.8675339999999778,train
3274,mitra_t5,data\raw\mitra\Data_T5\T5_DAll.csv,hard_brake,7,977.610493,967.610493,977.610493,0.7674329999999827,train
3275,mitra_t5,data\raw\mitra\Data_T5\T5_DAll.csv,hard_brake,2,874.974571,864.974571,874.974571,0.9008999999999788,train
3276,mitra_t5,data\raw\mitra\Data_T5\T5_DAll.csv,hard_brake,3,869.035301,859.035301,869.035301,0.8341669999999795,train
3277,mitra_t5,data\raw\mitra\Data_T5\T5_DAll.csv,hard_brake,1,874.974571,864.974571,874.974571,0.5672329999999874,train
3278,mitra_t5,data\raw\mitra\Data_T5\T5_DAll.csv,hard_brake,3,874.006937,864.006937,874.006937,0.8675339999999778,train
3279,mitra_t5,data\raw\mitra\Data_T5\T5_DAll.csv,hard_brake,3,870.470068,860.470068,870.470068,0.5672339999999849,train
3280,mitra_t5,data\raw\mitra\Data_T5\T5_DAll.csv,hard_brake,2,873.406337,863.406337,873.406337,0.8007999999999811,train
3281,mitra_t5,data\raw\mitra\Data_T5\T5_DAll.csv,hard_brake,3,871.404336,861.404336,871.404336,0.6339670000000979,train
3282,mitra_t5,data\raw\mitra\Data_T5\T5_DAll.csv,hard_brake,7,988.221098,978.221098,988.221098,1.1011009999999717,train
3283,mitra_t5,data\raw\mitra\Data_T5\T5_DAll.csv,hard_brake,3,875.141404,865.141404,875.141404,0.90090100000009,train
3284,mitra_t5,data\raw\mitra\Data_T5\T5_DAll.csv,hard_brake,2,878.91184,868.91184,878.91184,0.8007999999999811,train
3285,mitra_t5,data\raw\mitra\Data_T5\T5_DAll.csv,hard_brake,3,876.676272,866.676272,876.676272,0.8675339999999778,train
3286,mitra_t5,data\raw\mitra\Data_T5\T5_DAll.csv,hard_brake,2,888.955212,878.955212,888.955212,0.7674330000000964,train
3287,mitra_t5,data\raw\mitra\Data_T5\T5_DAll.csv,hard_brake,6,935.435003,925.435003,935.435003,1.7017009999999573,train
3288,mitra_t5,data\raw\mitra\Data_T5\T5_DAll.csv,hard_brake,3,878.611539,868.611539,878.611539,0.7674339999999802,train
3289,mitra_t5,data\raw\mitra\Data_T5\T5_DAll.csv,hard_brake,2,879.545807,869.545807,879.545807,0.5004999999999882,train
3290,mitra_t5,data\raw\mitra\Data_T5\T5_DAll.csv,hard_brake,5,862.929198,852.929198,862.929198,0.5004999999999882,train
3291,mitra_t5,data\raw\mitra\Data_T5\T5_DAll.csv,hard_brake,1,880.11304,870.11304,880.11304,0.9342670000000908,train
3292,mitra_t5,data\raw\mitra\Data_T5\T5_DAll.csv,hard_brake,3,882.749008,872.749008,882.749008,0.8008009999999786,train
3293,mitra_t5,data\raw\mitra\Data_T5\T5_DAll.csv,hard_brake,3,880.079674,870.079674,880.079674,0.8008000000000948,train
3294,mitra_t5,data\raw\mitra\Data_T5\T5_DAll.csv,hard_brake,7,973.606491,963.606491,973.606491,0.7674329999999827,train
3295,mitra_t5,data\raw\mitra\Data_T5\T5_DAll.csv,hard_brake,6,857.723995,847.723995,857.723995,1.6349670000000742,train
3296,mitra_t5,data\raw\mitra\Data_T5\T5_DAll.csv,hard_brake,3,884.250509,874.250509,884.250509,0.8008009999999786,train
3297,mitra_t5,data\raw\mitra\Data_T5\T5_DAll.csv,hard_brake,2,892.19178,882.19178,892.19178,0.8675339999999778,train
3298,mitra_t5,data\raw\mitra\Data_T5\T5_DAll.csv,hard_brake,3,887.086677,877.086677,887.086677,0.8008009999999786,train
3299,mitra_t5,data\raw\mitra\Data_T5\T5_DAll.csv,hard_brake,3,887.987578,877.987578,887.987578,1.067733999999973,train
3300,mitra_t5,data\raw\mitra\Data_T5\T5_DAll.csv,hard_brake,6,863.663265,853.663265,863.663265,0.8007999999999811,train
3301,mitra_t5,data\raw\mitra\Data_T5\T5_DAll.csv,hard_brake,6,990.356566,980.356566,990.356566,0.4671339999999873,train
3302,mitra_t5,data\raw\mitra\Data_T5\T5_DAll.csv,hard_brake,2,895.194782,885.194782,895.194782,0.7006999999999834,train
3303,mitra_t5,data\raw\mitra\Data_T5\T5_DAll.csv,hard_brake,7,981.981528,971.981528,981.981528,0.9009009999999762,train
3304,mitra_t5,data\raw\mitra\Data_T5\T5_DAll.csv,hard_brake,3,892.225147,882.225147,892.225147,0.8341669999999795,train
3305,mitra_t5,data\raw\mitra\Data_T5\T5_DAll.csv,hard_brake,2,900.700285,890.700285,900.700285,0.8675329999999803,train
3306,mitra_t5,data\raw\mitra\Data_T5\T5_DAll.csv,hard_brake,7,945.111342,935.111342,945.111342,0.7340669999999818,train
3307,mitra_t5,data\raw\mitra\Data_T5\T5_DAll.csv,hard_brake,5,867.867467,857.867467,867.867467,0.8007999999999811,train
3308,mitra_t5,data\raw\mitra\Data_T5\T5_DAll.csv,hard_brake,3,897.53045,887.53045,897.53045,0.7006999999999834,train
3309,mitra_t5,data\raw\mitra\Data_T5\T5_DAll.csv,hard_brake,2,902.502086,892.502086,902.502086,0.9009000000000924,train
3310,mitra_t5,data\raw\mitra\Data_T5\T5_DAll.csv,hard_brake,7,935.501737,925.501737,935.501737,0.6673329999999851,train
3311,mitra_t5,data\raw\mitra\Data_T5\T5_DAll.csv,hard_brake,1,907.774022,897.774022,907.774022,1.3013010000000804,train
3312,mitra_t5,data\raw\mitra\Data_T5\T5_DAll.csv,hard_brake,2,904.303887,894.303887,904.303887,0.7674329999999827,train
3313,mitra_t5,data\raw\mitra\Data_T5\T5_DAll.csv,hard_brake,3,901.100685,891.100685,901.100685,0.8007999999999811,train
3314,mitra_t5,data\raw\mitra\Data_T5\T5_DAll.csv,hard_brake,2,906.706288,896.706288,906.706288,1.2012010000000828,train
3315,mitra_t5,data\raw\mitra\Data_T5\T5_DAll.csv,hard_brake,3,902.235152,892.235152,902.235152,0.8341669999999795,train
3316,mitra_t5,data\raw\mitra\Data_T5\T5_DAll.csv,hard_brake,1,917.583827,907.583827,917.583827,1.0010009999999738,train
3317,mitra_t5,data\raw\mitra\Data_T5\T5_DAll.csv,hard_brake,3,903.536453,893.536453,903.536453,0.8675339999999778,train
3318,mitra_t5,data\raw\mitra\Data_T5\T5_DAll.csv,hard_brake,7,953.152713,943.152713,953.152713,0.8675340000000915,train
3319,mitra_t5,data\raw\mitra\Data_T5\T5_DAll.csv,hard_brake,2,910.91049,900.91049,910.91049,1.501500999999962,train
3320,mitra_t5,data\raw\mitra\Data_T5\T5_DAll.csv,hard_brake,2,916.382626,906.382626,916.382626,1.534868000000074,train
3321,mitra_t5,data\raw\mitra\Data_T5\T5_DAll.csv,hard_brake,3,912.545458,902.545458,912.545458,0.5338669999999865,train
3322,mitra_t5,data\raw\mitra\Data_T5\T5_DAll.csv,hard_brake,2,912.678924,902.678924,912.678924,0.9009009999999762,train
3323,mitra_t5,data\raw\mitra\Data_T5\T5_DAll.csv,hard_brake,5,892.09168,882.09168,892.09168,0.5338669999999865,train
3324,mitra_t5,data\raw\mitra\Data_T5\T5_DAll.csv,hard_brake,3,897.029949,887.029949,897.029949,0.6339669999999842,train
3325,mitra_t5,data\raw\mitra\Data_T5\T5_DAll.csv,hard_brake,2,919.519095,909.519095,919.519095,0.9008999999999788,train
3326,mitra_t5,data\raw\mitra\Data_T5\T5_DAll.csv,hard_brake,2,923.222797,913.222797,923.222797,0.5338669999999865,train
3327,mitra_t5,data\raw\mitra\Data_T5\T5_DAll.csv,hard_brake,3,911.677924,901.677924,911.677924,0.7340669999999818,train
3328,mitra_t5,data\raw\mitra\Data_T5\T5_DAll.csv,hard_brake,3,920.787029,910.787029,920.787029,0.8008000000000948,train
3329,mitra_t5,data\raw\mitra\Data_T5\T5_DAll.csv,hard_brake,3,921.053962,911.053962,921.053962,0.8341670000000931,train
3330,mitra_t5,data\raw\mitra\Data_T5\T5_DAll.csv,hard_brake,3,913.780025,903.780025,913.780025,0.9676339999999756,train
3331,mitra_t5,data\raw\mitra\Data_T5\T5_DAll.csv,hard_brake,2,924.390631,914.390631,924.390631,0.8675339999999778,train
3332,mitra_t5,data\raw\mitra\Data_T5\T5_DAll.csv,hard_brake,3,918.217794,908.217794,918.217794,0.8675339999999778,train
3333,mitra_t5,data\raw\mitra\Data_T5\T5_DAll.csv,hard_brake,2,927.860766,917.860766,927.860766,0.9008999999999788,train
3334,mitra_t5,data\raw\mitra\Data_T5\T5_DAll.csv,hard_brake,3,919.352261,909.352261,919.352261,0.9009009999999762,train
3335,mitra_t5,data\raw\mitra\Data_T5\T5_DAll.csv,hard_brake,2,926.459365,916.459365,926.459365,0.8008009999999786,train
3336,mitra_t5,data\raw\mitra\Data_T5\T5_DAll.csv,hard_brake,3,919.852762,909.852762,919.852762,0.9008999999999788,train
3337,mitra_t5,data\raw\mitra\Data_T5\T5_DAll.csv,hard_brake,3,924.590831,914.590831,924.590831,0.8341669999999795,train
3338,mitra_t5,data\raw\mitra\Data_T5\T5_DAll.csv,hard_brake,2,929.2288,919.2288,929.2288,0.7006999999999834,train
3339,mitra_t5,data\raw\mitra\Data_T5\T5_DAll.csv,hard_brake,3,921.721296,911.721296,921.721296,1.201200999999969,train
3340,mitra_t5,data\raw\mitra\Data_T5\T5_DAll.csv,hard_brake,3,922.88913,912.88913,922.88913,0.7006999999999834,train
3341,mitra_t5,data\raw\mitra\Data_T5\T5_DAll.csv,hard_brake,3,927.894133,917.894133,927.894133,0.7006999999999834,train
3342,mitra_t5,data\raw\mitra\Data_T5\T5_DAll.csv,hard_brake,3,925.958865,915.958865,925.958865,0.6339670000000979,train
3343,mitra_t5,data\raw\mitra\Data_T5\T5_DAll.csv,hard_brake,2,933.800036,923.800036,933.800036,0.9676339999999756,train
3344,mitra_t5,data\raw\mitra\Data_T5\T5_DAll.csv,hard_brake,7,962.228451,952.228451,962.228451,0.6339670000000979,train
3345,mitra_t5,data\raw\mitra\Data_T5\T5_DAll.csv,hard_brake,2,935.635203,925.635203,935.635203,0.9676339999999756,train
3346,mitra_t5,data\raw\mitra\Data_T5\T5_DAll.csv,hard_brake,3,928.694933,918.694933,928.694933,0.5338669999999865,train
3347,mitra_t5,data\raw\mitra\Data_T5\T5_DAll.csv,hard_brake,2,930.663567,920.663567,930.663567,0.600601000000097,train
3348,mitra_t5,data\raw\mitra\Data_T5\T5_DAll.csv,hard_brake,2,937.403638,927.403638,937.403638,0.7006999999999834,train
3349,mitra_t5,data\raw\mitra\Data_T5\T5_DAll.csv,hard_brake,7,967.333554,957.333554,967.333554,0.8675339999999778,train
3350,mitra_t5,data\raw\mitra\Data_T5\T5_DAll.csv,hard_brake,3,936.769671,926.769671,936.769671,0.4671329999999898,train
3351,mitra_t5,data\raw\mitra\Data_T5\T5_DAll.csv,hard_brake,1,897.363616,887.363616,897.363616,0.8008009999999786,train
3352,mitra_t5,data\raw\mitra\Data_T5\T5_DAll.csv,hard_brake,2,938.771672,928.771672,938.771672,0.8341669999999795,train
3353,mitra_t5,data\raw\mitra\Data_T5\T5_DAll.csv,hard_brake,3,933.533102,923.533102,933.533102,0.5672339999999849,train
3354,mitra_t5,data\raw\mitra\Data_T5\T5_DAll.csv,hard_brake,3,936.26917,926.26917,936.26917,0.6673339999999826,train
3355,mitra_t5,data\raw\mitra\Data_T5\T5_DAll.csv,hard_brake,3,934.300536,924.300536,934.300536,0.8008009999999786,train
3356,mitra_t5,data\raw\mitra\Data_T5\T5_DAll.csv,hard_brake,2,941.20744,931.20744,941.20744,0.9008999999999788,train
3357,mitra_t5,data\raw\mitra\Data_T5\T5_DAll.csv,hard_brake,2,932.698935,922.698935,932.698935,0.9009009999999762,train
3358,mitra_t5,data\raw\mitra\Data_T5\T5_DAll.csv,hard_brake,2,946.412643,936.412643,946.412643,0.8675329999999803,train
3359,mitra_t5,data\raw\mitra\Data_T5\T5_DAll.csv,hard_brake,2,944.043608,934.043608,944.043608,0.7340670000000955,train
3360,mitra_t5,data\raw\mitra\Data_T5\T5_DAll.csv,hard_brake,3,938.304538,928.304538,938.304538,0.8008009999999786,train
3361,mitra_t5,data\raw\mitra\Data_T5\T5_DAll.csv,hard_brake,1,939.305539,929.305539,939.305539,0.6339670000000979,train
3362,mitra_t5,data\raw\mitra\Data_T5\T5_DAll.csv,hard_brake,2,944.510742,934.510742,944.510742,0.7674329999999827,train
3363,mitra_t5,data\raw\mitra\Data_T5\T5_DAll.csv,hard_brake,3,939.038605,929.038605,939.038605,1.0677340000000868,train
3364,mitra_t5,data\raw\mitra\Data_T5\T5_DAll.csv,hard_brake,2,951.250812,941.250812,951.250812,0.7006999999999834,train
3365,mitra_t5,data\raw\mitra\Data_T5\T5_DAll.csv,hard_brake,7,974.974525,964.974525,974.974525,0.9008999999999788,train
3366,mitra_t5,data\raw\mitra\Data_T5\T5_DAll.csv,hard_brake,3,941.240806,931.240806,941.240806,0.8675339999999778,train
3367,mitra_t5,data\raw\mitra\Data_T5\T5_DAll.csv,hard_brake,3,942.975874,932.975874,942.975874,0.8008009999999786,train
3368,mitra_t5,data\raw\mitra\Data_T5\T5_DAll.csv,hard_brake,7,978.878427,968.878427,978.878427,0.6673329999999851,train
3369,mitra_t5,data\raw\mitra\Data_T5\T5_DAll.csv,hard_brake,2,955.855414,945.855414,955.855414,0.9342679999999746,train
3370,mitra_t5,data\raw\mitra\Data_T5\T5_DAll.csv,hard_brake,3,944.010241,934.010241,944.010241,0.600601000000097,train
3371,mitra_t5,data\raw\mitra\Data_T5\T5_DAll.csv,hard_brake,3,946.179076,936.179076,946.179076,0.6005999999999858,train
3372,mitra_t5,data\raw\mitra\Data_T5\T5_DAll.csv,hard_brake,2,953.953513,943.953513,953.953513,0.8341669999999795,train
3373,mitra_t5,data\raw\mitra\Data_T5\T5_DAll.csv,hard_brake,2,954.38728,944.38728,954.38728,0.9009009999999762,train
3374,mitra_t5,data\raw\mitra\Data_T5\T5_DAll.csv,hard_brake,3,949.348911,939.348911,949.348911,0.9342669999999772,train
3375,mitra_t5,data\raw\mitra\Data_T5\T5_DAll.csv,hard_brake,7,983.249462,973.249462,983.249462,0.4671339999999873,train
3376,mitra_t5,data\raw\mitra\Data_T5\T5_DAll.csv,hard_brake,3,950.783678,940.783678,950.783678,0.6673339999999826,train
3377,mitra_t5,data\raw\mitra\Data_T5\T5_DAll.csv,hard_brake,2,955.121347,945.121347,955.121347,0.8341669999999795,train
3378,mitra_t5,data\raw\mitra\Data_T5\T5_DAll.csv,hard_brake,7,984.851063,974.851063,984.851063,0.7007010000000946,train
3379,mitra_t5,data\raw\mitra\Data_T5\T5_DAll.csv,hard_brake,5,946.212442,936.212442,946.212442,0.4671339999999873,train
3380,mitra_t5,data\raw\mitra\Data_T5\T5_DAll.csv,hard_brake,5,989.956166,979.956166,989.956166,0.6005999999999858,train
3381,mitra_t5,data\raw\mitra\Data_T5\T5_DAll.csv,hard_brake,3,953.08598,943.08598,953.08598,1.0343670000000884,train
3382,mitra_t5,data\raw\mitra\Data_T5\T5_DAll.csv,hard_brake,2,962.628851,952.628851,962.628851,0.8341669999999795,train
3383,mitra_t5,data\raw\mitra\Data_T5\T5_DAll.csv,hard_brake,1,960.82705,950.82705,960.82705,0.9676339999999756,train
3384,mitra_t5,data\raw\mitra\Data_T5\T5_DAll.csv,hard_brake,2,969.569122,959.569122,969.569122,0.9008999999999788,train
3385,mitra_t5,data\raw\mitra\Data_T5\T5_DAll.csv,hard_brake,3,962.428651,952.428651,962.428651,0.7007010000000946,train
3386,mitra_t5,data\raw\mitra\Data_T5\T5_DAll.csv,hard_brake,3,961.260817,951.260817,961.260817,0.7007009999999809,train
3387,mitra_t5,data\raw\mitra\Data_T5\T5_DAll.csv,hard_brake,3,960.52675,950.52675,960.52675,0.7674339999999802,train
3388,mitra_t5,data\raw\mitra\Data_T5\T5_DAll.csv,hard_brake,2,966.532753,956.532753,966.532753,1.1011010000000852,train
3389,mitra_t5,data\raw\mitra\Data_T5\T5_DAll.csv,hard_brake,3,964.363919,954.363919,964.363919,0.7674339999999802,train
3390,mitra_t5,data\raw\mitra\Data_T5\T5_DAll.csv,hard_brake,1,962.595485,952.595485,962.595485,0.8675329999999803,train
3391,mitra_t5,data\raw\mitra\Data_T5\T5_DAll.csv,hard_brake,2,970.770322,960.770322,970.770322,0.7007009999999809,train
3392,mitra_t5,data\raw\mitra\Data_T5\T5_DAll.csv,hard_brake,3,965.164719,955.164719,965.164719,0.8008009999999786,train
3393,mitra_t5,data\raw\mitra\Data_T5\T5_DAll.csv,hard_brake,2,972.538757,962.538757,972.538757,0.9342669999999772,train
3394,mitra_t5,data\raw\mitra\Data_T5\T5_DAll.csv,hard_brake,3,969.669222,959.669222,969.669222,0.8007999999999811,train
3395,mitra_t5,data\raw\mitra\Data_T5\T5_DAll.csv,hard_brake,2,973.706591,963.706591,973.706591,0.6005999999999858,train
3396,mitra_t5,data\raw\mitra\Data_T5\T5_DAll.csv,hard_brake,2,974.173724,964.173724,974.173724,1.0343669999999747,train
3397,mitra_t5,data\raw\mitra\Data_T5\T5_DAll.csv,hard_brake,1,970.903789,960.903789,970.903789,0.7340670000000955,train
3398,mitra_t5,data\raw\mitra\Data_T5\T5_DAll.csv,hard_brake,1,980.513394,970.513394,980.513394,0.8008010000000922,train
3399,mitra_t5,data\raw\mitra\Data_T5\T5_DAll.csv,hard_brake,1,978.277826,968.277826,978.277826,1.368033999999966,train
3400,mitra_t5,data\raw\mitra\Data_T5\T5_DAll.csv,hard_brake,2,976.476025,966.476025,976.476025,0.8341679999999769,train
3401,mitra_t5,data\raw\mitra\Data_T5\T5_DAll.csv,hard_brake,4,987.620498,977.620498,987.620498,0.6339669999999842,train
3402,mitra_t5,data\raw\mitra\Data_T5\T5_DAll.csv,hard_brake,3,973.606491,963.606491,973.606491,0.8675329999999803,train
3403,mitra_t5,data\raw\mitra\Data_T5\T5_DAll.csv,hard_brake,3,975.675225,965.675225,975.675225,0.8008000000000948,train
3404,mitra_t5,data\raw\mitra\Data_T5\T5_DAll.csv,hard_brake,3,974.941158,964.941158,974.941158,0.8675339999999778,train
3405,mitra_t5,data\raw\mitra\Data_T5\T5_DAll.csv,hard_brake,3,976.642859,966.642859,976.642859,0.8341669999999795,train
3406,mitra_t5,data\raw\mitra\Data_T5\T5_DAll.csv,hard_brake,2,982.181729,972.181729,982.181729,0.8007999999999811,train
3407,mitra_t5,data\raw\mitra\Data_T5\T5_DAll.csv,hard_brake,3,986.486031,976.486031,986.486031,0.8341669999999795,train
3408,mitra_t5,data\raw\mitra\Data_T5\T5_DAll.csv,hard_brake,3,981.447661,971.447661,981.447661,0.8675339999999778,train
3409,mitra_t5,data\raw\mitra\Data_T5\T5_DAll.csv,hard_brake,3,984.08363,974.08363,984.08363,0.9008999999999788,train
3410,mitra_t5,data\raw\mitra\Data_T5\T5_DAll.csv,hard_brake,2,987.920798,977.920798,987.920798,0.7340669999999818,train
3411,mitra_t5,data\raw\mitra\Data_T5\T5_DAll.csv,hard_brake,3,987.086631,977.086631,987.086631,0.9009009999999762,train
3412,mitra_t5,data\raw\mitra\Data_T5\T5_DAll.csv,hard_brake,2,990.590133,980.590133,990.590133,0.5004999999999882,train
3413,mitra_t5,data\raw\mitra\Data_T5\T5_DAll.csv,hard_brake,3,987.954165,977.954165,987.954165,0.8675339999999778,train
3414,mitra_t5,data\raw\mitra\Data_T5\T5_DAll.csv,hard_brake,3,988.821699,978.821699,988.821699,0.6673329999999851,train
3415,mitra_t5,data\raw\mitra\Data_T5\T5_DAll.csv,hard_brake,1,986.886431,976.886431,986.886431,0.7674339999999802,train
3416,mitra_t5,data\raw\mitra\Data_T5\T5_DAll.csv,hard_brake,3,990.089633,980.089633,990.089633,0.5672329999999874,train
3417,mitra_t5,data\raw\mitra\Data_T5\T5_DAll.csv,hard_brake,1,989.422299,979.422299,989.422299,0.7340670000000955,train
3418,mitra_t5,data\raw\mitra\Data_T5\T5_DAll.csv,hard_brake,2,990.6235,980.6235,990.6235,0.4671329999999898,train
3419,mitra_t5,data\raw\mitra\Data_T5\T5_DAll.csv,hard_brake,2,990.6235,980.6235,990.6235,0.4671329999999898,train
3420,mitra_t5,data\raw\mitra\Data_T5\T5_DAll.csv,hard_brake,1,965.231453,955.231453,965.231453,0.4671329999999898,train
3421,mitra_t5,data\raw\mitra\Data_T5\T5_DAll.csv,hard_brake,1,989.822699,979.822699,989.822699,1.0010010000000875,train
3422,mitra_t5,data\raw\mitra\Data_T5\T5_DAll.csv,hard_brake,1,989.922799,979.922799,989.922799,0.9009009999999762,train
3423,mitra_t5,data\raw\mitra\Data_T5\T5_DAll.csv,hard_brake,3,990.189733,980.189733,990.189733,0.6339669999999842,train
3424,mitra_t5,data\raw\mitra\Data_T5\T5_DAll.csv,hard_brake,3,989.922799,979.922799,989.922799,0.9009009999999762,train
3425,mitra_t6,data\raw\mitra\Data_T6\T6_DAll.csv,queue,10,15.782434,5.782434,15.782434,12.912901,train
3426,mitra_t6,data\raw\mitra\Data_T6\T6_DAll.csv,queue,10,71.037638,61.037638,71.037638,11.911901,train
3427,mitra_t6,data\raw\mitra\Data_T6\T6_DAll.csv,queue,10,443.409662,433.409662,443.409662,9.676333999999995,train
3428,mitra_t6,data\raw\mitra\Data_T6\T6_DAll.csv,queue,10,656.822876,646.822876,656.822876,6.306301000000076,train
3429,mitra_t6,data\raw\mitra\Data_T6\T6_DAll.csv,queue,10,673.639677,663.639677,673.639677,18.918902000000003,train
3430,mitra_t6,data\raw\mitra\Data_T6\T6_DAll.csv,queue,10,823.556121,813.556121,823.556121,9.542867,train
3431,mitra_t6,data\raw\mitra\Data_T6\T6_DAll.csv,queue,10,933.032161,923.032161,933.032161,34.20083599999998,train
3432,mitra_t6,data\raw\mitra\Data_T6\T6_DAll.csv,queue,6,10.810801,0.8108009999999997,10.810801,21.221201,train
3433,mitra_t6,data\raw\mitra\Data_T6\T6_DAll.csv,queue,6,39.973269,29.973269,39.973269,9.809801,train
3434,mitra_t6,data\raw\mitra\Data_T6\T6_DAll.csv,queue,6,89.289206,79.289206,89.289206,18.11810100000001,train
3435,mitra_t6,data\raw\mitra\Data_T6\T6_DAll.csv,queue,6,210.376847,200.376847,210.376847,36.26956899999999,train
3436,mitra_t6,data\raw\mitra\Data_T6\T6_DAll.csv,queue,6,262.22865,252.22865,262.22865,6.606601000000012,train
3437,mitra_t6,data\raw\mitra\Data_T6\T6_DAll.csv,queue,7,10.844167,0.8441670000000006,10.844167,36.469769,train
3438,mitra_t6,data\raw\mitra\Data_T6\T6_DAll.csv,queue,7,317.283654,307.283654,317.283654,10.510500999999977,train
3439,mitra_t6,data\raw\mitra\Data_T6\T6_DAll.csv,queue,7,474.340564,464.340564,474.340564,7.540868000000046,train
3440,mitra_t6,data\raw\mitra\Data_T6\T6_DAll.csv,queue,7,741.374015,731.374015,741.374015,6.840167000000065,train
3441,mitra_t6,data\raw\mitra\Data_T6\T6_DAll.csv,queue,7,913.279093,903.279093,913.279093,17.684335000000033,train
3442,mitra_t6,data\raw\mitra\Data_T6\T6_DAll.csv,queue,7,1007.373099,997.373099,1007.373099,11.644967999999947,train
3443,mitra_t6,data\raw\mitra\Data_T6\T6_DAll.csv,queue,5,84.684606,74.684606,84.684606,20.253568,train
3444,mitra_t6,data\raw\mitra\Data_T6\T6_DAll.csv,queue,5,176.075912,166.075912,176.075912,12.712700000000012,train
3445,mitra_t6,data\raw\mitra\Data_T6\T6_DAll.csv,queue,5,199.299113,189.299113,199.299113,13.313300999999996,train
3446,mitra_t6,data\raw\mitra\Data_T6\T6_DAll.csv,queue,4,58.124737,48.124737,58.124737,34.70133599999999,train
3447,mitra_t6,data\raw\mitra\Data_T6\T6_DAll.csv,queue,20,824.323554,814.323554,824.323554,193.66014600000003,train
3448,mitra_t6,data\raw\mitra\Data_T6\T6_DAll.csv,hard_brake,4,91.825073,81.825073,91.825073,0.6006,train
3449,mitra_t6,data\raw\mitra\Data_T6\T6_DAll.csv,hard_brake,7,78.078005,68.078005,78.078005,1.0009999999999906,train
3450,mitra_t6,data\raw\mitra\Data_T6\T6_DAll.csv,hard_brake,5,92.792706,82.792706,92.792706,0.9676330000000064,train
3451,mitra_t6,data\raw\mitra\Data_T6\T6_DAll.csv,hard_brake,1,21.755068,11.755068,21.755068,1.1344669999999972,train
3452,mitra_t6,data\raw\mitra\Data_T6\T6_DAll.csv,hard_brake,2,18.051368,8.051368,18.051368,0.6673329999999993,train
3453,mitra_t6,data\raw\mitra\Data_T6\T6_DAll.csv,hard_brake,7,65.465404,55.46540400000001,65.465404,0.7674339999999944,train
3454,mitra_t6,data\raw\mitra\Data_T6\T6_DAll.csv,hard_brake,4,97.16374,87.16374,97.16374,1.1011000000000024,train
3455,mitra_t6,data\raw\mitra\Data_T6\T6_DAll.csv,hard_brake,4,100.700607,90.700607,100.700607,0.9676329999999922,train
3456,mitra_t6,data\raw\mitra\Data_T6\T6_DAll.csv,hard_brake,4,99.499407,89.499407,99.499407,0.7674329999999969,train
3457,mitra_t6,data\raw\mitra\Data_T6\T6_DAll.csv,hard_brake,4,92.759339,82.759339,92.759339,1.0010000000000048,train
3458,mitra_t6,data\raw\mitra\Data_T6\T6_DAll.csv,hard_brake,4,102.402307,92.402307,102.402307,0.8675330000000088,train
3459,mitra_t6,data\raw\mitra\Data_T6\T6_DAll.csv,hard_brake,7,83.950539,73.950539,83.950539,0.4671329999999898,train
3460,mitra_t6,data\raw\mitra\Data_T6\T6_DAll.csv,hard_brake,7,125.425308,115.425308,125.425308,0.867533999999992,train
3461,mitra_t6,data\raw\mitra\Data_T6\T6_DAll.csv,hard_brake,4,108.17474,98.17474,108.17474,0.8007999999999953,train
3462,mitra_t6,data\raw\mitra\Data_T6\T6_DAll.csv,hard_brake,5,136.836709,126.836709,136.836709,0.8007999999999811,train
3463,mitra_t6,data\raw\mitra\Data_T6\T6_DAll.csv,hard_brake,5,128.561775,118.561775,128.561775,0.9008999999999788,train
3464,mitra_t6,data\raw\mitra\Data_T6\T6_DAll.csv,hard_brake,4,18.351668,8.351668,18.351668,0.6006,train
3465,mitra_t6,data\raw\mitra\Data_T6\T6_DAll.csv,hard_brake,4,19.753068,9.753068,19.753068,0.7674330000000005,train
3466,mitra_t6,data\raw\mitra\Data_T6\T6_DAll.csv,hard_brake,7,122.589141,112.589141,122.589141,1.0343670000000031,train
3467,mitra_t6,data\raw\mitra\Data_T6\T6_DAll.csv,hard_brake,3,6.573234,-3.426766,6.573234,0.8007999999999997,train
3468,mitra_t6,data\raw\mitra\Data_T6\T6_DAll.csv,hard_brake,2,6.139467,-3.860533,6.139467,0.9009,train
3469,mitra_t6,data\raw\mitra\Data_T6\T6_DAll.csv,hard_brake,1,6.006,-3.994,6.006,1.0343669999999996,train
3470,mitra_t6,data\raw\mitra\Data_T6\T6_DAll.csv,hard_brake,3,1.2012,-8.7988,1.2012,1.001,train
3471,mitra_t6,data\raw\mitra\Data_T6\T6_DAll.csv,hard_brake,5,131.097642,121.097642,131.097642,0.9676330000000064,train
3472,mitra_t6,data\raw\mitra\Data_T6\T6_DAll.csv,hard_brake,7,114.814708,104.814708,114.814708,0.467133000000004,train
3473,mitra_t6,data\raw\mitra\Data_T6\T6_DAll.csv,hard_brake,7,116.182741,106.182741,116.182741,0.7674330000000111,train
3474,mitra_t6,data\raw\mitra\Data_T6\T6_DAll.csv,hard_brake,6,107.207107,97.207107,107.207107,0.9676330000000064,train
3475,mitra_t6,data\raw\mitra\Data_T6\T6_DAll.csv,hard_brake,6,81.548139,71.548139,81.548139,0.7006999999999977,train
3476,mitra_t6,data\raw\mitra\Data_T6\T6_DAll.csv,hard_brake,5,124.991542,114.991542,124.991542,0.9676330000000064,train
3477,mitra_t6,data\raw\mitra\Data_T6\T6_DAll.csv,hard_brake,4,123.923808,113.923808,123.923808,0.7007000000000119,train
3478,mitra_t6,data\raw\mitra\Data_T6\T6_DAll.csv,hard_brake,7,90.790706,80.790706,90.790706,0.8007999999999953,train
3479,mitra_t6,data\raw\mitra\Data_T6\T6_DAll.csv,hard_brake,5,101.501407,91.501407,101.501407,0.7674329999999969,train
3480,mitra_t6,data\raw\mitra\Data_T6\T6_DAll.csv,hard_brake,5,108.87544,98.87544,108.87544,0.9009010000000046,train
3481,mitra_t6,data\raw\mitra\Data_T6\T6_DAll.csv,hard_brake,5,121.454675,111.454675,121.454675,0.6673329999999993,train
3482,mitra_t6,data\raw\mitra\Data_T6\T6_DAll.csv,hard_brake,5,112.612507,102.612507,112.612507,0.967634000000004,train
3483,mitra_t6,data\raw\mitra\Data_T6\T6_DAll.csv,hard_brake,4,117.684241,107.684241,117.684241,0.7674329999999969,train
3484,mitra_t6,data\raw\mitra\Data_T6\T6_DAll.csv,hard_brake,6,88.021272,78.021272,88.021272,0.9009000000000073,train
3485,mitra_t6,data\raw\mitra\Data_T6\T6_DAll.csv,hard_brake,6,85.218472,75.218472,85.218472,1.034366999999989,train
3486,mitra_t6,data\raw\mitra\Data_T6\T6_DAll.csv,hard_brake,5,102.635873,92.635873,102.635873,0.9676339999999896,train
3487,mitra_t6,data\raw\mitra\Data_T6\T6_DAll.csv,hard_brake,4,114.481041,104.481041,114.481041,0.8007999999999953,train
3488,mitra_t6,data\raw\mitra\Data_T6\T6_DAll.csv,hard_brake,5,99.299206,89.299206,99.299206,0.8341670000000079,train
3489,mitra_t6,data\raw\mitra\Data_T6\T6_DAll.csv,hard_brake,7,120.553775,110.553775,120.553775,0.9676329999999922,train
3490,mitra_t6,data\raw\mitra\Data_T6\T6_DAll.csv,hard_brake,6,111.211107,101.211107,111.211107,1.401399999999995,train
3491,mitra_t6,data\raw\mitra\Data_T6\T6_DAll.csv,hard_brake,7,112.412307,102.412307,112.412307,1.0343670000000031,train
3492,mitra_t6,data\raw\mitra\Data_T6\T6_DAll.csv,hard_brake,4,134.634509,124.634509,134.634509,0.5672329999999874,train
3493,mitra_t6,data\raw\mitra\Data_T6\T6_DAll.csv,hard_brake,5,107.640874,97.640874,107.640874,0.9676330000000064,train
3494,mitra_t6,data\raw\mitra\Data_T6\T6_DAll.csv,hard_brake,7,100.100007,90.100007,100.100007,0.6673329999999993,train
3495,mitra_t6,data\raw\mitra\Data_T6\T6_DAll.csv,hard_brake,4,111.845074,101.845074,111.845074,0.9342670000000056,train
3496,mitra_t6,data\raw\mitra\Data_T6\T6_DAll.csv,hard_brake,7,138.972176,128.972176,138.972176,1.5015000000000214,train
3497,mitra_t6,data\raw\mitra\Data_T6\T6_DAll.csv,hard_brake,4,110.276841,100.276841,110.276841,0.6673329999999993,train
3498,mitra_t6,data\raw\mitra\Data_T6\T6_DAll.csv,hard_brake,7,42.642603,32.642603,42.642603,0.734066999999996,train
3499,mitra_t6,data\raw\mitra\Data_T6\T6_DAll.csv,hard_brake,5,97.430673,87.430673,97.430673,0.8341670000000079,train
3500,mitra_t6,data\raw\mitra\Data_T6\T6_DAll.csv,hard_brake,4,69.202471,59.202471,69.202471,0.5338670000000008,train
3501,mitra_t6,data\raw\mitra\Data_T6\T6_DAll.csv,hard_brake,4,66.299571,56.299571,66.299571,0.7674329999999969,train
3502,mitra_t6,data\raw\mitra\Data_T6\T6_DAll.csv,hard_brake,7,57.724337,47.724337,57.724337,0.6673329999999993,train
3503,mitra_t6,data\raw\mitra\Data_T6\T6_DAll.csv,hard_brake,5,78.445038,68.445038,78.445038,0.967634000000004,train
3504,mitra_t6,data\raw\mitra\Data_T6\T6_DAll.csv,hard_brake,5,80.146739,70.146739,80.146739,0.7674329999999969,train
3505,mitra_t6,data\raw\mitra\Data_T6\T6_DAll.csv,hard_brake,4,80.080005,70.080005,80.080005,1.0010000000000048,train
3506,mitra_t6,data\raw\mitra\Data_T6\T6_DAll.csv,hard_brake,4,76.443038,66.443038,76.443038,0.867533999999992,train
3507,mitra_t6,data\raw\mitra\Data_T6\T6_DAll.csv,hard_brake,5,43.67697,33.67697,43.67697,0.5338660000000033,train
3508,mitra_t6,data\raw\mitra\Data_T6\T6_DAll.csv,hard_brake,6,17.751068,7.751068,17.751068,0.7674330000000005,train
3509,mitra_t6,data\raw\mitra\Data_T6\T6_DAll.csv,hard_brake,7,36.369669,26.369669,36.369669,0.9342669999999984,train
3510,mitra_t6,data\raw\mitra\Data_T6\T6_DAll.csv,hard_brake,5,54.98827,44.98827,54.98827,0.7340670000000031,train
3511,mitra_t6,data\raw\mitra\Data_T6\T6_DAll.csv,hard_brake,5,36.469769,26.469769,36.469769,0.7340670000000031,train
3512,mitra_t6,data\raw\mitra\Data_T6\T6_DAll.csv,hard_brake,4,34.334302,24.334302,34.334302,0.7006999999999977,train
3513,mitra_t6,data\raw\mitra\Data_T6\T6_DAll.csv,hard_brake,4,52.819437,42.819437,52.819437,0.734066999999996,train
3514,mitra_t6,data\raw\mitra\Data_T6\T6_DAll.csv,hard_brake,4,35.602236,25.602236,35.602236,0.767433000000004,train
3515,mitra_t6,data\raw\mitra\Data_T6\T6_DAll.csv,hard_brake,5,64.297571,54.297571000000005,64.297571,0.6006,train
3516,mitra_t6,data\raw\mitra\Data_T6\T6_DAll.csv,hard_brake,5,49.349303,39.349303,49.349303,0.8675339999999991,train
3517,mitra_t6,data\raw\mitra\Data_T6\T6_DAll.csv,hard_brake,5,52.852803,42.852803,52.852803,0.8675339999999991,train
3518,mitra_t6,data\raw\mitra\Data_T6\T6_DAll.csv,hard_brake,6,32.699335,22.699335,32.699335,0.7340670000000031,train
3519,mitra_t6,data\raw\mitra\Data_T6\T6_DAll.csv,hard_brake,2,36.436402,26.436402,36.436402,1.1678339999999992,train
3520,mitra_t6,data\raw\mitra\Data_T6\T6_DAll.csv,hard_brake,4,47.58087,37.58087,47.58087,0.8008000000000024,train
3521,mitra_t6,data\raw\mitra\Data_T6\T6_DAll.csv,hard_brake,7,5.2052,-4.7948,5.2052,0.8008000000000006,train
3522,mitra_t6,data\raw\mitra\Data_T6\T6_DAll.csv,hard_brake,7,59.692971,49.692971,59.692971,0.8675330000000017,train
3523,mitra_t6,data\raw\mitra\Data_T6\T6_DAll.csv,hard_brake,7,63.563504,53.563504,63.563504,1.0009999999999977,train
3524,mitra_t6,data\raw\mitra\Data_T6\T6_DAll.csv,hard_brake,4,81.981905,71.981905,81.981905,0.9342670000000056,train
3525,mitra_t6,data\raw\mitra\Data_T6\T6_DAll.csv,hard_brake,5,86.920172,76.920172,86.920172,0.8341670000000079,train
3526,mitra_t6,data\raw\mitra\Data_T6\T6_DAll.csv,hard_brake,5,32.766069,22.766069,32.766069,0.6006,train
3527,mitra_t6,data\raw\mitra\Data_T6\T6_DAll.csv,hard_brake,4,84.017272,74.017272,84.017272,0.734066999999996,train
3528,mitra_t6,data\raw\mitra\Data_T6\T6_DAll.csv,hard_brake,4,88.621872,78.621872,88.621872,0.6339669999999984,train
3529,mitra_t6,data\raw\mitra\Data_T6\T6_DAll.csv,hard_brake,7,3.436767,-6.563233,3.436767,0.734067,train
3530,mitra_t6,data\raw\mitra\Data_T6\T6_DAll.csv,hard_brake,4,51.68497,41.68497,51.68497,0.5338670000000008,train
3531,mitra_t6,data\raw\mitra\Data_T6\T6_DAll.csv,hard_brake,4,45.57887,35.57887,45.57887,0.6339660000000009,train
3532,mitra_t6,data\raw\mitra\Data_T6\T6_DAll.csv,hard_brake,5,45.612236,35.612236,45.612236,0.6006,train
3533,mitra_t6,data\raw\mitra\Data_T6\T6_DAll.csv,hard_brake,4,42.142103,32.142103,42.142103,0.5672330000000017,train
3534,mitra_t6,data\raw\mitra\Data_T6\T6_DAll.csv,hard_brake,5,46.646603,36.646603,46.646603,0.7340670000000031,train
3535,mitra_t6,data\raw\mitra\Data_T6\T6_DAll.csv,hard_brake,5,39.806436,29.806436,39.806436,0.7340670000000031,train
3536,mitra_t6,data\raw\mitra\Data_T6\T6_DAll.csv,hard_brake,6,51.317937,41.317937,51.317937,0.5672330000000017,train
3537,mitra_t6,data\raw\mitra\Data_T6\T6_DAll.csv,hard_brake,4,27.927902,17.927902,27.927902,0.6006,train
3538,mitra_t6,data\raw\mitra\Data_T6\T6_DAll.csv,hard_brake,3,20.286935,10.286935,20.286935,0.7674330000000005,train
3539,mitra_t6,data\raw\mitra\Data_T6\T6_DAll.csv,hard_brake,2,25.091735,15.091735,25.091735,0.5672330000000017,train
3540,mitra_t6,data\raw\mitra\Data_T6\T6_DAll.csv,hard_brake,1,33.833802,23.833802,33.833802,1.2345669999999984,train
3541,mitra_t6,data\raw\mitra\Data_T6\T6_DAll.csv,hard_brake,2,29.329302,19.329302,29.329302,1.4014000000000024,train
3542,mitra_t6,data\raw\mitra\Data_T6\T6_DAll.csv,hard_brake,2,39.372669,29.372669,39.372669,1.0677340000000015,train
3543,mitra_t6,data\raw\mitra\Data_T6\T6_DAll.csv,hard_brake,4,57.524137,47.524137,57.524137,0.7006999999999977,train
3544,mitra_t6,data\raw\mitra\Data_T6\T6_DAll.csv,hard_brake,5,76.843438,66.843438,76.843438,0.734066999999996,train
3545,mitra_t6,data\raw\mitra\Data_T6\T6_DAll.csv,hard_brake,4,60.660604,50.660604,60.660604,0.5672330000000017,train
3546,mitra_t6,data\raw\mitra\Data_T6\T6_DAll.csv,hard_brake,4,65.098371,55.098371,65.098371,0.6339669999999984,train
3547,mitra_t6,data\raw\mitra\Data_T6\T6_DAll.csv,hard_brake,7,50.98427,40.98427,50.98427,0.734066999999996,train
3548,mitra_t6,data\raw\mitra\Data_T6\T6_DAll.csv,hard_brake,7,55.48877,45.48877,55.48877,0.8675339999999991,train
3549,mitra_t6,data\raw\mitra\Data_T6\T6_DAll.csv,hard_brake,4,63.263204,53.263204,63.263204,0.6339669999999984,train
3550,mitra_t6,data\raw\mitra\Data_T6\T6_DAll.csv,hard_brake,4,72.705971,62.705971000000005,72.705971,0.5338670000000008,train
3551,mitra_t6,data\raw\mitra\Data_T6\T6_DAll.csv,hard_brake,6,140.173376,130.173376,140.173376,0.9676330000000064,train
3552,mitra_t6,data\raw\mitra\Data_T6\T6_DAll.csv,hard_brake,3,44.444403,34.444403,44.444403,0.9676329999999992,train
3553,mitra_t6,data\raw\mitra\Data_T6\T6_DAll.csv,hard_brake,5,144.511043,134.511043,144.511043,0.8008000000000095,train
3554,mitra_t6,data\raw\mitra\Data_T6\T6_DAll.csv,hard_brake,1,36.169469,26.169469,36.169469,0.9009,train
3555,mitra_t6,data\raw\mitra\Data_T6\T6_DAll.csv,hard_brake,6,144.444309,134.444309,144.444309,0.7006999999999834,train
3556,mitra_t6,data\raw\mitra\Data_T6\T6_DAll.csv,hard_brake,2,52.952903,42.952903,52.952903,0.4671340000000015,train
3557,mitra_t6,data\raw\mitra\Data_T6\T6_DAll.csv,hard_brake,6,123.156375,113.156375,123.156375,0.5672330000000017,train
3558,mitra_t6,data\raw\mitra\Data_T6\T6_DAll.csv,hard_brake,10,36.336302,26.336302000000003,36.336302,0.734066999999996,train
3559,mitra_t6,data\raw\mitra\Data_T6\T6_DAll.csv,hard_brake,10,54.621237,44.621237,54.621237,0.8675330000000017,train
3560,mitra_t6,data\raw\mitra\Data_T6\T6_DAll.csv,hard_brake,6,131.998542,121.998542,131.998542,0.9676330000000064,train
3561,mitra_t6,data\raw\mitra\Data_T6\T6_DAll.csv,hard_brake,7,92.459039,82.459039,92.459039,1.634966999999989,train
3562,mitra_t6,data\raw\mitra\Data_T6\T6_DAll.csv,hard_brake,5,148.414943,138.414943,148.414943,0.7340670000000102,train
3563,mitra_t6,data\raw\mitra\Data_T6\T6_DAll.csv,hard_brake,7,148.014543,138.014543,148.014543,0.8008000000000095,train
3564,mitra_t6,data\raw\mitra\Data_T6\T6_DAll.csv,hard_brake,7,146.813343,136.813343,146.813343,0.6673329999999851,train
3565,mitra_t6,data\raw\mitra\Data_T6\T6_DAll.csv,hard_brake,1,68.101371,58.101371,68.101371,0.8341669999999937,train
3566,mitra_t6,data\raw\mitra\Data_T6\T6_DAll.csv,hard_brake,5,114.981541,104.981541,114.981541,0.8007999999999953,train
3567,mitra_t6,data\raw\mitra\Data_T6\T6_DAll.csv,hard_brake,4,179.646145,169.646145,179.646145,0.533867000000015,train
3568,mitra_t6,data\raw\mitra\Data_T6\T6_DAll.csv,hard_brake,7,149.34921,139.34921,149.34921,0.9676330000000064,train
3569,mitra_t6,data\raw\mitra\Data_T6\T6_DAll.csv,hard_brake,7,150.183376,140.183376,150.183376,0.967634000000004,train
3570,mitra_t6,data\raw\mitra\Data_T6\T6_DAll.csv,hard_brake,1,68.802071,58.802071,68.802071,1.2345669999999984,train
3571,mitra_t6,data\raw\mitra\Data_T6\T6_DAll.csv,hard_brake,2,60.126737,50.126737,60.126737,0.967634000000004,train
3572,mitra_t6,data\raw\mitra\Data_T6\T6_DAll.csv,hard_brake,7,98.498406,88.498406,98.498406,0.7674339999999944,train
3573,mitra_t6,data\raw\mitra\Data_T6\T6_DAll.csv,hard_brake,7,151.584777,141.584777,151.584777,0.9009000000000073,train
3574,mitra_t6,data\raw\mitra\Data_T6\T6_DAll.csv,hard_brake,2,61.795071,51.795071,61.795071,0.9676329999999992,train
3575,mitra_t6,data\raw\mitra\Data_T6\T6_DAll.csv,hard_brake,7,152.685877,142.685877,152.685877,0.8007999999999811,train
3576,mitra_t6,data\raw\mitra\Data_T6\T6_DAll.csv,hard_brake,7,108.608507,98.608507,108.608507,0.8341669999999937,train
3577,mitra_t6,data\raw\mitra\Data_T6\T6_DAll.csv,hard_brake,7,103.203107,93.203107,103.203107,0.7340659999999986,train
3578,mitra_t6,data\raw\mitra\Data_T6\T6_DAll.csv,hard_brake,7,104.704607,94.704607,104.704607,0.7340670000000102,train
3579,mitra_t6,data\raw\mitra\Data_T6\T6_DAll.csv,hard_brake,1,59.392671,49.392671,59.392671,0.7006999999999977,train
3580,mitra_t6,data\raw\mitra\Data_T6\T6_DAll.csv,hard_brake,2,68.868805,58.868805,68.868805,0.6673329999999993,train
3581,mitra_t6,data\raw\mitra\Data_T6\T6_DAll.csv,hard_brake,6,115.215108,105.215108,115.215108,0.9008999999999928,train
3582,mitra_t6,data\raw\mitra\Data_T6\T6_DAll.csv,hard_brake,3,76.476405,66.476405,76.476405,0.8007999999999953,train
3583,mitra_t6,data\raw\mitra\Data_T6\T6_DAll.csv,hard_brake,1,82.348939,72.348939,82.348939,0.8675329999999946,train
3584,mitra_t6,data\raw\mitra\Data_T6\T6_DAll.csv,hard_brake,2,85.418672,75.418672,85.418672,1.5348670000000055,train
3585,mitra_t6,data\raw\mitra\Data_T6\T6_DAll.csv,hard_brake,3,82.982905,72.982905,82.982905,0.6339669999999984,train
3586,mitra_t6,data\raw\mitra\Data_T6\T6_DAll.csv,hard_brake,3,77.911172,67.911172,77.911172,1.2012,train
3587,mitra_t6,data\raw\mitra\Data_T6\T6_DAll.csv,hard_brake,3,83.283205,73.283205,83.283205,0.9342670000000056,train
3588,mitra_t6,data\raw\mitra\Data_T6\T6_DAll.csv,hard_brake,3,87.220472,77.220472,87.220472,1.0677340000000015,train
3589,mitra_t6,data\raw\mitra\Data_T6\T6_DAll.csv,hard_brake,2,94.160739,84.160739,94.160739,0.8008009999999928,train
3590,mitra_t6,data\raw\mitra\Data_T6\T6_DAll.csv,hard_brake,6,128.828708,118.828708,128.828708,0.8007999999999811,train
3591,mitra_t6,data\raw\mitra\Data_T6\T6_DAll.csv,hard_brake,6,163.663511,153.663511,163.663511,0.6006000000000142,train
3592,mitra_t6,data\raw\mitra\Data_T6\T6_DAll.csv,hard_brake,7,141.708243,131.708243,141.708243,0.9342659999999796,train
3593,mitra_t6,data\raw\mitra\Data_T6\T6_DAll.csv,hard_brake,1,108.97554,98.97554,108.97554,0.5005000000000024,train
3594,mitra_t6,data\raw\mitra\Data_T6\T6_DAll.csv,hard_brake,6,127.193742,117.193742,127.193742,0.7674329999999969,train
3595,mitra_t6,data\raw\mitra\Data_T6\T6_DAll.csv,hard_brake,3,94.828073,84.828073,94.828073,0.9676329999999922,train
3596,mitra_t6,data\raw\mitra\Data_T6\T6_DAll.csv,hard_brake,1,102.936173,92.936173,102.936173,0.8008000000000095,train
3597,mitra_t6,data\raw\mitra\Data_T6\T6_DAll.csv,hard_brake,7,182.515679,172.515679,182.515679,0.6673329999999851,train
3598,mitra_t6,data\raw\mitra\Data_T6\T6_DAll.csv,hard_brake,6,172.205378,162.205378,172.205378,0.9676330000000064,train
3599,mitra_t6,data\raw\mitra\Data_T6\T6_DAll.csv,hard_brake,3,86.252839,76.252839,86.252839,0.5672330000000017,train
3600,mitra_t6,data\raw\mitra\Data_T6\T6_DAll.csv,hard_brake,3,99.399307,89.399307,99.399307,1.067733000000004,train
3601,mitra_t6,data\raw\mitra\Data_T6\T6_DAll.csv,hard_brake,2,111.444674,101.444674,111.444674,1.3012999999999977,train
3602,mitra_t6,data\raw\mitra\Data_T6\T6_DAll.csv,hard_brake,3,114.714608,104.714608,114.714608,0.934266000000008,train
3603,mitra_t6,data\raw\mitra\Data_T6\T6_DAll.csv,hard_brake,7,184.083912,174.083912,184.083912,0.9342670000000056,train
3604,mitra_t6,data\raw\mitra\Data_T6\T6_DAll.csv,hard_brake,3,98.531773,88.531773,98.531773,0.5338670000000008,train
3605,mitra_t6,data\raw\mitra\Data_T6\T6_DAll.csv,hard_brake,1,123.456675,113.456675,123.456675,1.0009999999999906,train
3606,mitra_t6,data\raw\mitra\Data_T6\T6_DAll.csv,hard_brake,3,99.399307,89.399307,99.399307,0.8675330000000088,train
3607,mitra_t6,data\raw\mitra\Data_T6\T6_DAll.csv,hard_brake,2,119.119008,109.119008,119.119008,1.2679329999999993,train
3608,mitra_t6,data\raw\mitra\Data_T6\T6_DAll.csv,hard_brake,1,94.694606,84.694606,94.694606,0.4671340000000015,train
3609,mitra_t6,data\raw\mitra\Data_T6\T6_DAll.csv,hard_brake,1,133.399942,123.399942,133.399942,0.9342669999999772,train
3610,mitra_t6,data\raw\mitra\Data_T6\T6_DAll.csv,hard_brake,7,204.13728,194.13728,204.13728,0.7340669999999818,train
3611,mitra_t6,data\raw\mitra\Data_T6\T6_DAll.csv,hard_brake,3,124.924808,114.924808,124.924808,0.9009000000000073,train
3612,mitra_t6,data\raw\mitra\Data_T6\T6_DAll.csv,hard_brake,2,126.059275,116.059275,126.059275,0.9342670000000056,train
3613,mitra_t6,data\raw\mitra\Data_T6\T6_DAll.csv,hard_brake,7,205.071547,195.071547,205.071547,0.8007999999999811,train
3614,mitra_t6,data\raw\mitra\Data_T6\T6_DAll.csv,hard_brake,7,156.122644,146.122644,156.122644,0.5338659999999891,train
3615,mitra_t6,data\raw\mitra\Data_T6\T6_DAll.csv,hard_brake,7,209.008814,199.008814,209.008814,0.8675330000000088,train
3616,mitra_t6,data\raw\mitra\Data_T6\T6_DAll.csv,hard_brake,2,137.370576,127.370576,137.370576,0.8008000000000095,train
3617,mitra_t6,data\raw\mitra\Data_T6\T6_DAll.csv,hard_brake,7,212.579047,202.579047,212.579047,0.6339669999999842,train
3618,mitra_t6,data\raw\mitra\Data_T6\T6_DAll.csv,hard_brake,3,121.421308,111.421308,121.421308,0.7340670000000102,train
3619,mitra_t6,data\raw\mitra\Data_T6\T6_DAll.csv,hard_brake,3,136.769976,126.769976,136.769976,1.0677329999999756,train
3620,mitra_t6,data\raw\mitra\Data_T6\T6_DAll.csv,hard_brake,7,150.984177,140.984177,150.984177,0.8341660000000104,train
3621,mitra_t6,data\raw\mitra\Data_T6\T6_DAll.csv,hard_brake,1,147.914443,137.914443,147.914443,0.8675329999999803,train
3622,mitra_t6,data\raw\mitra\Data_T6\T6_DAll.csv,hard_brake,7,215.748881,205.748881,215.748881,0.4671329999999898,train
3623,mitra_t6,data\raw\mitra\Data_T6\T6_DAll.csv,hard_brake,4,493.392932,483.392932,493.392932,0.6006000000000427,train
3624,mitra_t6,data\raw\mitra\Data_T6\T6_DAll.csv,hard_brake,2,158.725244,148.725244,158.725244,0.5672329999999874,train
3625,mitra_t6,data\raw\mitra\Data_T6\T6_DAll.csv,hard_brake,3,150.783977,140.783977,150.783977,0.6673330000000135,train
3626,mitra_t6,data\raw\mitra\Data_T6\T6_DAll.csv,hard_brake,3,151.985177,141.985177,151.985177,0.6006000000000142,train
3627,mitra_t6,data\raw\mitra\Data_T6\T6_DAll.csv,hard_brake,2,165.532044,155.532044,165.532044,0.6673339999999826,train
3628,mitra_t6,data\raw\mitra\Data_T6\T6_DAll.csv,hard_brake,2,167.734244,157.734244,167.734244,1.2345669999999984,train
3629,mitra_t6,data\raw\mitra\Data_T6\T6_DAll.csv,hard_brake,3,158.591777,148.591777,158.591777,1.1011000000000024,train
3630,mitra_t6,data\raw\mitra\Data_T6\T6_DAll.csv,hard_brake,7,221.387848,211.387848,221.387848,0.8341670000000079,train
3631,mitra_t6,data\raw\mitra\Data_T6\T6_DAll.csv,hard_brake,2,171.538045,161.538045,171.538045,1.2679329999999993,train
3632,mitra_t6,data\raw\mitra\Data_T6\T6_DAll.csv,hard_brake,3,156.85671,146.85671,156.85671,0.8341670000000079,train
3633,mitra_t6,data\raw\mitra\Data_T6\T6_DAll.csv,hard_brake,7,236.936715,226.936715,236.936715,0.6339670000000126,train
3634,mitra_t6,data\raw\mitra\Data_T6\T6_DAll.csv,hard_brake,3,170.136644,160.136644,170.136644,0.7340670000000102,train
3635,mitra_t6,data\raw\mitra\Data_T6\T6_DAll.csv,hard_brake,1,185.084912,175.084912,185.084912,1.1678339999999992,train
3636,mitra_t6,data\raw\mitra\Data_T6\T6_DAll.csv,hard_brake,3,173.406578,163.406578,173.406578,0.6339670000000126,train
3637,mitra_t6,data\raw\mitra\Data_T6\T6_DAll.csv,hard_brake,3,174.007178,164.007178,174.007178,0.8675329999999803,train
3638,mitra_t6,data\raw\mitra\Data_T6\T6_DAll.csv,hard_brake,3,180.280112,170.280112,180.280112,0.9342670000000056,train
3639,mitra_t6,data\raw\mitra\Data_T6\T6_DAll.csv,hard_brake,7,213.146281,203.146281,213.146281,0.5672330000000159,train
3640,mitra_t6,data\raw\mitra\Data_T6\T6_DAll.csv,hard_brake,1,152.75261,142.75261,152.75261,0.5004999999999882,train
3641,mitra_t6,data\raw\mitra\Data_T6\T6_DAll.csv,hard_brake,1,192.926079,182.926079,192.926079,1.2012,train
3642,mitra_t6,data\raw\mitra\Data_T6\T6_DAll.csv,hard_brake,2,172.338845,162.338845,172.338845,0.7674330000000111,train
3643,mitra_t6,data\raw\mitra\Data_T6\T6_DAll.csv,hard_brake,7,216.883348,206.883348,216.883348,0.9342659999999796,train
3644,mitra_t6,data\raw\mitra\Data_T6\T6_DAll.csv,hard_brake,7,277.543951,267.543951,277.543951,0.7340669999999818,train
3645,mitra_t6,data\raw\mitra\Data_T6\T6_DAll.csv,hard_brake,2,198.13128,188.13128,198.13128,1.1011000000000024,train
3646,mitra_t6,data\raw\mitra\Data_T6\T6_DAll.csv,hard_brake,7,209.475947,199.475947,209.475947,0.9009000000000073,train
3647,mitra_t6,data\raw\mitra\Data_T6\T6_DAll.csv,hard_brake,7,276.809885,266.809885,276.809885,0.7340659999999843,train
3648,mitra_t6,data\raw\mitra\Data_T6\T6_DAll.csv,hard_brake,7,211.711514,201.711514,211.711514,0.6673330000000135,train
3649,mitra_t6,data\raw\mitra\Data_T6\T6_DAll.csv,hard_brake,2,207.073547,197.073547,207.073547,0.8341670000000079,train
3650,mitra_t6,data\raw\mitra\Data_T6\T6_DAll.csv,hard_brake,3,195.461946,185.461946,195.461946,0.7674339999999802,train
3651,mitra_t6,data\raw\mitra\Data_T6\T6_DAll.csv,hard_brake,1,201.067546,191.067546,201.067546,1.0010010000000025,train
3652,mitra_t6,data\raw\mitra\Data_T6\T6_DAll.csv,hard_brake,3,201.868347,191.868347,201.868347,0.6339659999999867,train
3653,mitra_t6,data\raw\mitra\Data_T6\T6_DAll.csv,hard_brake,3,196.796613,186.796613,196.796613,0.7674329999999827,train
3654,mitra_t6,data\raw\mitra\Data_T6\T6_DAll.csv,hard_brake,3,197.363846,187.363846,197.363846,1.2012,train
3655,mitra_t6,data\raw\mitra\Data_T6\T6_DAll.csv,hard_brake,2,209.075547,199.075547,209.075547,1.3012999999999977,train
3656,mitra_t6,data\raw\mitra\Data_T6\T6_DAll.csv,hard_brake,1,206.94008,196.94008,206.94008,0.8008000000000095,train
3657,mitra_t6,data\raw\mitra\Data_T6\T6_DAll.csv,hard_brake,1,213.279747,203.279747,213.279747,1.1344670000000008,train
3658,mitra_t6,data\raw\mitra\Data_T6\T6_DAll.csv,hard_brake,7,292.292019,282.292019,292.292019,0.8341670000000363,train
3659,mitra_t6,data\raw\mitra\Data_T6\T6_DAll.csv,hard_brake,1,220.753881,210.753881,220.753881,0.8341669999999795,train
3660,mitra_t6,data\raw\mitra\Data_T6\T6_DAll.csv,hard_brake,4,236.436215,226.436215,236.436215,0.9009010000000046,train
3661,mitra_t6,data\raw\mitra\Data_T6\T6_DAll.csv,hard_brake,6,252.285383,242.285383,252.285383,1.0677340000000015,train
3662,mitra_t6,data\raw\mitra\Data_T6\T6_DAll.csv,hard_brake,2,216.583047,206.583047,216.583047,1.2345669999999984,train
3663,mitra_t6,data\raw\mitra\Data_T6\T6_DAll.csv,hard_brake,1,187.086912,177.086912,187.086912,0.5004999999999882,train
3664,mitra_t6,data\raw\mitra\Data_T6\T6_DAll.csv,hard_brake,3,222.822615,212.822615,222.822615,1.101099999999974,train
3665,mitra_t6,data\raw\mitra\Data_T6\T6_DAll.csv,hard_brake,3,220.253381,210.253381,220.253381,0.8341670000000079,train
3666,mitra_t6,data\raw\mitra\Data_T6\T6_DAll.csv,hard_brake,7,314.580954,304.580954,314.580954,0.4671329999999898,train
3667,mitra_t6,data\raw\mitra\Data_T6\T6_DAll.csv,hard_brake,3,222.055181,212.055181,222.055181,0.8675340000000062,train
3668,mitra_t6,data\raw\mitra\Data_T6\T6_DAll.csv,hard_brake,1,195.428579,185.428579,195.428579,0.4671339999999873,train
3669,mitra_t6,data\raw\mitra\Data_T6\T6_DAll.csv,hard_brake,3,198.765246,188.765246,198.765246,0.6006000000000142,train
3670,mitra_t6,data\raw\mitra\Data_T6\T6_DAll.csv,hard_brake,2,229.529315,219.529315,229.529315,0.5672330000000159,train
3671,mitra_t6,data\raw\mitra\Data_T6\T6_DAll.csv,hard_brake,2,236.836615,226.836615,236.836615,0.7340670000000102,train
3672,mitra_t6,data\raw\mitra\Data_T6\T6_DAll.csv,hard_brake,1,242.642416,232.642416,242.642416,1.1344670000000008,train
3673,mitra_t6,data\raw\mitra\Data_T6\T6_DAll.csv,hard_brake,0,206.172647,196.172647,206.172647,1.2012,train
3674,mitra_t6,data\raw\mitra\Data_T6\T6_DAll.csv,hard_brake,0,211.511314,201.511314,211.511314,1.368032999999997,train
3675,mitra_t6,data\raw\mitra\Data_T6\T6_DAll.csv,hard_brake,0,221.387848,211.387848,221.387848,0.4671330000000182,train
3676,mitra_t6,data\raw\mitra\Data_T6\T6_DAll.csv,hard_brake,1,252.01845,242.01845,252.01845,1.1011000000000024,train
3677,mitra_t6,data\raw\mitra\Data_T6\T6_DAll.csv,hard_brake,7,316.816521,306.816521,316.816521,1.1678329999999733,train
3678,mitra_t6,data\raw\mitra\Data_T6\T6_DAll.csv,hard_brake,1,244.244016,234.244016,244.244016,1.0343670000000031,train
3679,mitra_t6,data\raw\mitra\Data_T6\T6_DAll.csv,hard_brake,1,256.389483,246.389483,256.389483,0.9009000000000356,train
3680,mitra_t6,data\raw\mitra\Data_T6\T6_DAll.csv,hard_brake,2,255.388483,245.388483,255.388483,0.7674339999999802,train
3681,mitra_t6,data\raw\mitra\Data_T6\T6_DAll.csv,hard_brake,2,263.263017,253.263017,263.263017,1.3680340000000228,train
3682,mitra_t6,data\raw\mitra\Data_T6\T6_DAll.csv,hard_brake,3,250.984083,240.984083,250.984083,0.8008000000000095,train
3683,mitra_t6,data\raw\mitra\Data_T6\T6_DAll.csv,hard_brake,3,251.61805,241.61805,251.61805,0.4671329999999898,train
3684,mitra_t6,data\raw\mitra\Data_T6\T6_DAll.csv,hard_brake,2,271.604684,261.604684,271.604684,0.7340669999999818,train
3685,mitra_t6,data\raw\mitra\Data_T6\T6_DAll.csv,hard_brake,1,278.645052,268.645052,278.645052,1.101099999999974,train
3686,mitra_t6,data\raw\mitra\Data_T6\T6_DAll.csv,hard_brake,2,275.642051,265.642051,275.642051,1.0010000000000332,train
3687,mitra_t6,data\raw\mitra\Data_T6\T6_DAll.csv,hard_brake,7,417.316927,407.316927,417.316927,0.8675339999999778,train
3688,mitra_t6,data\raw\mitra\Data_T6\T6_DAll.csv,hard_brake,3,272.538951,262.538951,272.538951,1.1011000000000308,train
3689,mitra_t6,data\raw\mitra\Data_T6\T6_DAll.csv,hard_brake,2,277.143551,267.143551,277.143551,0.9342669999999772,train
3690,mitra_t6,data\raw\mitra\Data_T6\T6_DAll.csv,hard_brake,1,284.684419,274.684419,284.684419,1.301300000000026,train
3691,mitra_t6,data\raw\mitra\Data_T6\T6_DAll.csv,hard_brake,3,271.371118,261.371118,271.371118,1.101099999999974,train
3692,mitra_t6,data\raw\mitra\Data_T6\T6_DAll.csv,hard_brake,2,287.153552,277.153552,287.153552,0.9676340000000324,train
3693,mitra_t6,data\raw\mitra\Data_T6\T6_DAll.csv,hard_brake,7,423.222828,413.222828,423.222828,1.3680330000000254,train
3694,mitra_t6,data\raw\mitra\Data_T6\T6_DAll.csv,hard_brake,3,277.410485,267.410485,277.410485,0.9008999999999788,train
3695,mitra_t6,data\raw\mitra\Data_T6\T6_DAll.csv,hard_brake,1,299.766153,289.766153,299.766153,1.4014000000000235,train
3696,mitra_t6,data\raw\mitra\Data_T6\T6_DAll.csv,hard_brake,1,289.722786,279.722786,289.722786,0.4671329999999898,train
3697,mitra_t6,data\raw\mitra\Data_T6\T6_DAll.csv,hard_brake,2,295.395119,285.395119,295.395119,1.101099999999974,train
3698,mitra_t6,data\raw\mitra\Data_T6\T6_DAll.csv,hard_brake,3,282.615685,272.615685,282.615685,1.0343670000000316,train
3699,mitra_t6,data\raw\mitra\Data_T6\T6_DAll.csv,hard_brake,10,276.976718,266.976718,276.976718,0.6339669999999842,train
3700,mitra_t6,data\raw\mitra\Data_T6\T6_DAll.csv,hard_brake,2,294.227286,284.227286,294.227286,0.934267000000034,train
3701,mitra_t6,data\raw\mitra\Data_T6\T6_DAll.csv,hard_brake,4,777.843784,767.843784,777.843784,0.6005999999999858,train
3702,mitra_t6,data\raw\mitra\Data_T6\T6_DAll.csv,hard_brake,1,303.336387,293.336387,303.336387,0.9342659999999796,train
3703,mitra_t6,data\raw\mitra\Data_T6\T6_DAll.csv,hard_brake,2,299.49922,289.49922,299.49922,0.7340660000000412,train
3704,mitra_t6,data\raw\mitra\Data_T6\T6_DAll.csv,hard_brake,7,449.015263,439.015263,449.015263,0.9342659999999796,train
3705,mitra_t6,data\raw\mitra\Data_T6\T6_DAll.csv,hard_brake,1,305.071453,295.071453,305.071453,1.101099999999974,train
3706,mitra_t6,data\raw\mitra\Data_T6\T6_DAll.csv,hard_brake,3,292.659052,282.659052,292.659052,0.6006010000000401,train
3707,mitra_t6,data\raw\mitra\Data_T6\T6_DAll.csv,hard_brake,7,452.819063,442.819063,452.819063,0.4671329999999898,train
3708,mitra_t6,data\raw\mitra\Data_T6\T6_DAll.csv,hard_brake,2,301.567953,291.567953,301.567953,0.934267000000034,train
3709,mitra_t6,data\raw\mitra\Data_T6\T6_DAll.csv,hard_brake,3,299.632686,289.632686,299.632686,0.6006000000000427,train
3710,mitra_t6,data\raw\mitra\Data_T6\T6_DAll.csv,hard_brake,2,309.976354,299.976354,309.976354,0.8675329999999803,train
3711,mitra_t6,data\raw\mitra\Data_T6\T6_DAll.csv,hard_brake,2,316.416121,306.416121,316.416121,0.9342660000000363,train
3712,mitra_t6,data\raw\mitra\Data_T6\T6_DAll.csv,hard_brake,7,492.892432,482.892432,492.892432,0.767434000000037,train
3713,mitra_t6,data\raw\mitra\Data_T6\T6_DAll.csv,hard_brake,2,318.851888,308.851888,318.851888,0.6673330000000419,train
3714,mitra_t6,data\raw\mitra\Data_T6\T6_DAll.csv,hard_brake,7,459.292197,449.292197,459.292197,0.8341660000000388,train
3715,mitra_t6,data\raw\mitra\Data_T6\T6_DAll.csv,hard_brake,2,322.121821,312.121821,322.121821,0.5672329999999874,train
3716,mitra_t6,data\raw\mitra\Data_T6\T6_DAll.csv,hard_brake,7,472.405298,462.405298,472.405298,0.9008999999999788,train
3717,mitra_t6,data\raw\mitra\Data_T6\T6_DAll.csv,hard_brake,7,498.831699,488.831699,498.831699,0.8341669999999795,train
3718,mitra_t6,data\raw\mitra\Data_T6\T6_DAll.csv,hard_brake,7,476.476031,466.476031,476.476031,0.6673340000000394,train
3719,mitra_t6,data\raw\mitra\Data_T6\T6_DAll.csv,hard_brake,7,505.138,495.138,505.138,0.7007000000000403,train
3720,mitra_t6,data\raw\mitra\Data_T6\T6_DAll.csv,hard_brake,2,326.659688,316.659688,326.659688,0.8675329999999803,train
3721,mitra_t6,data\raw\mitra\Data_T6\T6_DAll.csv,hard_brake,7,427.627228,417.627228,427.627228,0.6339669999999842,train
3722,mitra_t6,data\raw\mitra\Data_T6\T6_DAll.csv,hard_brake,2,328.394755,318.394755,328.394755,0.9676330000000348,train
3723,mitra_t6,data\raw\mitra\Data_T6\T6_DAll.csv,hard_brake,1,335.535222,325.535222,335.535222,1.2345670000000268,train
3724,mitra_t6,data\raw\mitra\Data_T6\T6_DAll.csv,hard_brake,3,327.760788,317.760788,327.760788,0.934267000000034,train
3725,mitra_t6,data\raw\mitra\Data_T6\T6_DAll.csv,hard_brake,7,441.441029,431.441029,441.441029,0.5004999999999882,train
3726,mitra_t6,data\raw\mitra\Data_T6\T6_DAll.csv,hard_brake,7,573.806604,563.806604,573.806604,0.9342669999999772,train
3727,mitra_t6,data\raw\mitra\Data_T6\T6_DAll.csv,hard_brake,1,345.511856,335.511856,345.511856,1.2011999999999716,train
3728,mitra_t6,data\raw\mitra\Data_T6\T6_DAll.csv,hard_brake,1,351.117456,341.117456,351.117456,0.9342669999999772,train
3729,mitra_t6,data\raw\mitra\Data_T6\T6_DAll.csv,hard_brake,1,356.022357,346.022357,356.022357,1.2679330000000275,train
3730,mitra_t6,data\raw\mitra\Data_T6\T6_DAll.csv,hard_brake,3,345.345023,335.345023,345.345023,0.7006999999999834,train
3731,mitra_t6,data\raw\mitra\Data_T6\T6_DAll.csv,hard_brake,1,360.259924,350.259924,360.259924,0.6005999999999858,train
3732,mitra_t6,data\raw\mitra\Data_T6\T6_DAll.csv,hard_brake,2,353.252923,343.252923,353.252923,1.1344669999999724,train
3733,mitra_t6,data\raw\mitra\Data_T6\T6_DAll.csv,hard_brake,2,346.979989,336.979989,346.979989,0.6005999999999858,train
3734,mitra_t6,data\raw\mitra\Data_T6\T6_DAll.csv,hard_brake,2,355.521857,345.521857,355.521857,1.2011999999999716,train
3735,mitra_t6,data\raw\mitra\Data_T6\T6_DAll.csv,hard_brake,1,353.68669,343.68669,353.68669,0.4671329999999898,train
3736,mitra_t6,data\raw\mitra\Data_T6\T6_DAll.csv,hard_brake,1,363.930257,353.930257,363.930257,1.1678340000000276,train
3737,mitra_t6,data\raw\mitra\Data_T6\T6_DAll.csv,hard_brake,7,521.921434,511.921434,521.921434,0.6005999999999858,train
3738,mitra_t6,data\raw\mitra\Data_T6\T6_DAll.csv,hard_brake,7,549.015169,539.015169,549.015169,0.8675339999999778,train
3739,mitra_t6,data\raw\mitra\Data_T6\T6_DAll.csv,hard_brake,3,354.954623,344.954623,354.954623,0.7674339999999802,train
3740,mitra_t6,data\raw\mitra\Data_T6\T6_DAll.csv,hard_brake,7,544.076902,534.076902,544.076902,0.8007999999999811,train
3741,mitra_t6,data\raw\mitra\Data_T6\T6_DAll.csv,hard_brake,7,542.175002,532.175002,542.175002,0.7007000000000971,train
3742,mitra_t6,data\raw\mitra\Data_T6\T6_DAll.csv,hard_brake,3,363.763424,353.763424,363.763424,0.633967000000041,train
3743,mitra_t6,data\raw\mitra\Data_T6\T6_DAll.csv,hard_brake,2,372.739058,362.739058,372.739058,0.834165999999982,train
3744,mitra_t6,data\raw\mitra\Data_T6\T6_DAll.csv,hard_brake,7,565.63177,555.63177,565.63177,1.434767000000079,train
3745,mitra_t6,data\raw\mitra\Data_T6\T6_DAll.csv,hard_brake,2,376.309291,366.309291,376.309291,0.934267000000034,train
3746,mitra_t6,data\raw\mitra\Data_T6\T6_DAll.csv,hard_brake,3,374.707691,364.707691,374.707691,1.0343669999999747,train
3747,mitra_t6,data\raw\mitra\Data_T6\T6_DAll.csv,hard_brake,3,375.908891,365.908891,375.908891,1.1678340000000276,train
3748,mitra_t6,data\raw\mitra\Data_T6\T6_DAll.csv,hard_brake,7,591.958072,581.958072,591.958072,0.6339669999999842,train
3749,mitra_t6,data\raw\mitra\Data_T6\T6_DAll.csv,hard_brake,10,391.491126,381.491126,391.491126,0.4671329999999898,train
3750,mitra_t6,data\raw\mitra\Data_T6\T6_DAll.csv,hard_brake,3,379.112091,369.112091,379.112091,0.9676339999999756,train
3751,mitra_t6,data\raw\mitra\Data_T6\T6_DAll.csv,hard_brake,7,468.100997,458.100997,468.100997,0.8675339999999778,train
3752,mitra_t6,data\raw\mitra\Data_T6\T6_DAll.csv,hard_brake,2,385.318292,375.318292,385.318292,0.934267000000034,train
3753,mitra_t6,data\raw\mitra\Data_T6\T6_DAll.csv,hard_brake,7,593.025805,583.025805,593.025805,1.5682339999999613,train
3754,mitra_t6,data\raw\mitra\Data_T6\T6_DAll.csv,hard_brake,1,391.491126,381.491126,391.491126,1.2679329999999709,train
3755,mitra_t6,data\raw\mitra\Data_T6\T6_DAll.csv,hard_brake,7,595.861972,585.861972,595.861972,0.9008999999999788,train
3756,mitra_t6,data\raw\mitra\Data_T6\T6_DAll.csv,hard_brake,10,370.670324,360.670324,370.670324,1.1344670000000292,train
3757,mitra_t6,data\raw\mitra\Data_T6\T6_DAll.csv,hard_brake,4,1012.645033,1002.645033,1012.645033,0.7006999999999834,train
3758,mitra_t6,data\raw\mitra\Data_T6\T6_DAll.csv,hard_brake,3,386.452759,376.452759,386.452759,0.8007999999999811,train
3759,mitra_t6,data\raw\mitra\Data_T6\T6_DAll.csv,hard_brake,4,1015.814866,1005.814866,1015.814866,0.7006999999999834,train
3760,mitra_t6,data\raw\mitra\Data_T6\T6_DAll.csv,hard_brake,2,392.992626,382.992626,392.992626,0.7674330000000396,train
3761,mitra_t6,data\raw\mitra\Data_T6\T6_DAll.csv,hard_brake,4,1015.8816,1005.8816,1015.8816,0.6339659999999867,train
3762,mitra_t6,data\raw\mitra\Data_T6\T6_DAll.csv,hard_brake,7,652.585309,642.585309,652.585309,0.5672339999999849,train
3763,mitra_t6,data\raw\mitra\Data_T6\T6_DAll.csv,hard_brake,3,396.062359,386.062359,396.062359,0.7006999999999834,train
3764,mitra_t6,data\raw\mitra\Data_T6\T6_DAll.csv,hard_brake,7,651.717776,641.717776,651.717776,0.7674330000000964,train
3765,mitra_t6,data\raw\mitra\Data_T6\T6_DAll.csv,hard_brake,1,394.827792,384.827792,394.827792,0.7007010000000378,train
3766,mitra_t6,data\raw\mitra\Data_T6\T6_DAll.csv,hard_brake,1,403.46976,393.46976,403.46976,1.3012999999999693,train
3767,mitra_t6,data\raw\mitra\Data_T6\T6_DAll.csv,hard_brake,7,655.755143,645.755143,655.755143,0.7340669999999818,train
3768,mitra_t6,data\raw\mitra\Data_T6\T6_DAll.csv,hard_brake,7,656.522576,646.522576,656.522576,0.8008000000000948,train
3769,mitra_t6,data\raw\mitra\Data_T6\T6_DAll.csv,hard_brake,3,405.77206,395.77206,405.77206,1.101099999999974,train
3770,mitra_t6,data\raw\mitra\Data_T6\T6_DAll.csv,hard_brake,3,400.900526,390.900526,400.900526,0.8675339999999778,train
3771,mitra_t6,data\raw\mitra\Data_T6\T6_DAll.csv,hard_brake,3,398.998626,388.998626,398.998626,0.7674329999999827,train
3772,mitra_t6,data\raw\mitra\Data_T6\T6_DAll.csv,hard_brake,7,661.29401,651.29401,661.29401,0.867533000000094,train
3773,mitra_t6,data\raw\mitra\Data_T6\T6_DAll.csv,hard_brake,3,402.702326,392.702326,402.702326,0.9008999999999788,train
3774,mitra_t6,data\raw\mitra\Data_T6\T6_DAll.csv,hard_brake,7,724.990981,714.990981,724.990981,0.7340659999999843,train
3775,mitra_t6,data\raw\mitra\Data_T6\T6_DAll.csv,hard_brake,1,418.017627,408.017627,418.017627,1.434767000000022,train
3776,mitra_t6,data\raw\mitra\Data_T6\T6_DAll.csv,hard_brake,2,414.814427,404.814427,414.814427,1.2679339999999684,train
3777,mitra_t6,data\raw\mitra\Data_T6\T6_DAll.csv,hard_brake,3,410.910527,400.910527,410.910527,0.7006999999999834,train
3778,mitra_t6,data\raw\mitra\Data_T6\T6_DAll.csv,hard_brake,2,382.982625,372.982625,382.982625,0.4671329999999898,train
3779,mitra_t6,data\raw\mitra\Data_T6\T6_DAll.csv,hard_brake,2,418.684961,408.684961,418.684961,0.8675330000000372,train
3780,mitra_t6,data\raw\mitra\Data_T6\T6_DAll.csv,hard_brake,21,414.414027,404.414027,414.414027,0.5338670000000434,train
3781,mitra_t6,data\raw\mitra\Data_T6\T6_DAll.csv,hard_brake,1,418.117727,408.117727,418.117727,0.6673339999999826,train
3782,mitra_t6,data\raw\mitra\Data_T6\T6_DAll.csv,hard_brake,1,425.625228,415.625228,425.625228,0.6673329999999851,train
3783,mitra_t6,data\raw\mitra\Data_T6\T6_DAll.csv,hard_brake,2,424.524128,414.524128,424.524128,0.5338659999999891,train
3784,mitra_t6,data\raw\mitra\Data_T6\T6_DAll.csv,hard_brake,7,496.662866,486.662866,496.662866,0.8341669999999795,train
3785,mitra_t6,data\raw\mitra\Data_T6\T6_DAll.csv,hard_brake,1,436.836429,426.836429,436.836429,0.8007999999999811,train
3786,mitra_t6,data\raw\mitra\Data_T6\T6_DAll.csv,hard_brake,7,504.9378,494.9378,504.9378,0.7340660000000412,train
3787,mitra_t6,data\raw\mitra\Data_T6\T6_DAll.csv,hard_brake,1,441.240829,431.240829,441.240829,1.23456699999997,train
3788,mitra_t6,data\raw\mitra\Data_T6\T6_DAll.csv,hard_brake,1,451.717963,441.717963,451.717963,0.8675329999999803,train
3789,mitra_t6,data\raw\mitra\Data_T6\T6_DAll.csv,hard_brake,2,442.508762,432.508762,442.508762,0.8008000000000379,train
3790,mitra_t6,data\raw\mitra\Data_T6\T6_DAll.csv,hard_brake,3,438.037629,428.037629,438.037629,0.9342660000000363,train
3791,mitra_t6,data\raw\mitra\Data_T6\T6_DAll.csv,hard_brake,3,446.279196,436.279196,446.279196,0.8675329999999803,train
3792,mitra_t6,data\raw\mitra\Data_T6\T6_DAll.csv,hard_brake,2,458.624863,448.624863,458.624863,0.8675339999999778,train
3793,mitra_t6,data\raw\mitra\Data_T6\T6_DAll.csv,hard_brake,3,447.847429,437.847429,447.847429,0.633967000000041,train
3794,mitra_t6,data\raw\mitra\Data_T6\T6_DAll.csv,hard_brake,21,435.368295,425.368295,435.368295,0.5672339999999849,train
3795,mitra_t6,data\raw\mitra\Data_T6\T6_DAll.csv,hard_brake,2,463.06263,453.06263,463.06263,0.7674339999999802,train
3796,mitra_t6,data\raw\mitra\Data_T6\T6_DAll.csv,hard_brake,3,462.228464,452.228464,462.228464,0.5338660000000459,train
3797,mitra_t6,data\raw\mitra\Data_T6\T6_DAll.csv,hard_brake,5,477.777331,467.777331,477.777331,0.7674339999999802,train
3798,mitra_t6,data\raw\mitra\Data_T6\T6_DAll.csv,hard_brake,7,533.666502,523.666502,533.666502,0.8675329999999803,train
3799,mitra_t6,data\raw\mitra\Data_T6\T6_DAll.csv,hard_brake,5,1015.948333,1005.948333,1015.948333,0.5672329999999874,train
3800,mitra_t6,data\raw\mitra\Data_T6\T6_DAll.csv,hard_brake,3,471.671231,461.671231,471.671231,0.500500000000045,train
3801,mitra_t6,data\raw\mitra\Data_T6\T6_DAll.csv,hard_brake,7,551.083903,541.083903,551.083903,0.6339659999999867,train
3802,mitra_t6,data\raw\mitra\Data_T6\T6_DAll.csv,hard_brake,7,535.368202,525.368202,535.368202,0.834165999999982,train
3803,mitra_t6,data\raw\mitra\Data_T6\T6_DAll.csv,hard_brake,3,470.136364,460.136364,470.136364,0.8675329999999803,train
3804,mitra_t6,data\raw\mitra\Data_T6\T6_DAll.csv,hard_brake,7,663.929977,653.929977,663.929977,0.7340659999999843,train
3805,mitra_t6,data\raw\mitra\Data_T6\T6_DAll.csv,hard_brake,3,479.345565,469.345565,479.345565,0.6673329999999851,train
3806,mitra_t6,data\raw\mitra\Data_T6\T6_DAll.csv,hard_brake,7,687.987345,677.987345,687.987345,0.8675329999999803,train
3807,mitra_t6,data\raw\mitra\Data_T6\T6_DAll.csv,hard_brake,7,529.729235,519.729235,529.729235,0.4671329999999898,train
3808,mitra_t6,data\raw\mitra\Data_T6\T6_DAll.csv,hard_brake,1,489.288832,479.288832,489.288832,1.23456699999997,train
3809,mitra_t6,data\raw\mitra\Data_T6\T6_DAll.csv,hard_brake,7,532.365201,522.365201,532.365201,0.8341670000000931,train
3810,mitra_t6,data\raw\mitra\Data_T6\T6_DAll.csv,hard_brake,7,681.314011,671.314011,681.314011,1.0343669999999747,train
3811,mitra_t6,data\raw\mitra\Data_T6\T6_DAll.csv,hard_brake,3,484.150365,474.150365,484.150365,0.8675329999999803,train
3812,mitra_t6,data\raw\mitra\Data_T6\T6_DAll.csv,hard_brake,3,488.588132,478.588132,488.588132,0.7674330000000396,train
3813,mitra_t6,data\raw\mitra\Data_T6\T6_DAll.csv,hard_brake,2,495.828699,485.828699,495.828699,0.6006000000000427,train
3814,mitra_t6,data\raw\mitra\Data_T6\T6_DAll.csv,hard_brake,2,492.158366,482.158366,492.158366,0.7340659999999843,train
3815,mitra_t6,data\raw\mitra\Data_T6\T6_DAll.csv,hard_brake,1,500.299833,490.299833,500.299833,1.334666000000027,train
3816,mitra_t6,data\raw\mitra\Data_T6\T6_DAll.csv,hard_brake,3,487.753965,477.753965,487.753965,1.1011000000000308,train
3817,mitra_t6,data\raw\mitra\Data_T6\T6_DAll.csv,hard_brake,3,490.990532,480.990532,490.990532,0.8675340000000347,train
3818,mitra_t6,data\raw\mitra\Data_T6\T6_DAll.csv,hard_brake,2,501.868066,491.868066,501.868066,0.5672339999999849,train
3819,mitra_t6,data\raw\mitra\Data_T6\T6_DAll.csv,hard_brake,3,501.100633,491.100633,501.100633,0.7674329999999827,train
3820,mitra_t6,data\raw\mitra\Data_T6\T6_DAll.csv,hard_brake,3,498.998533,488.998533,498.998533,0.5338659999999891,train
3821,mitra_t6,data\raw\mitra\Data_T6\T6_DAll.csv,hard_brake,3,499.899433,489.899433,499.899433,1.1344660000000315,train
3822,mitra_t6,data\raw\mitra\Data_T6\T6_DAll.csv,hard_brake,3,502.702233,492.702233,502.702233,1.0010000000000332,train
3823,mitra_t6,data\raw\mitra\Data_T6\T6_DAll.csv,hard_brake,3,503.7366,493.7366,503.7366,1.1344659999999749,train
3824,mitra_t6,data\raw\mitra\Data_T6\T6_DAll.csv,hard_brake,1,503.0359,493.0359,503.0359,0.834165999999982,train
3825,mitra_t6,data\raw\mitra\Data_T6\T6_DAll.csv,hard_brake,7,560.393203,550.393203,560.393203,1.1344669999999724,train
3826,mitra_t6,data\raw\mitra\Data_T6\T6_DAll.csv,hard_brake,3,506.305833,496.305833,506.305833,0.9008999999999788,train
3827,mitra_t6,data\raw\mitra\Data_T6\T6_DAll.csv,hard_brake,3,508.174367,498.174367,508.174367,0.7006999999999834,train
3828,mitra_t6,data\raw\mitra\Data_T6\T6_DAll.csv,hard_brake,20,484.917798,474.917798,484.917798,0.8007999999999811,train
3829,mitra_t6,data\raw\mitra\Data_T6\T6_DAll.csv,hard_brake,7,539.438935,529.438935,539.438935,0.7674339999999802,train
3830,mitra_t6,data\raw\mitra\Data_T6\T6_DAll.csv,hard_brake,2,524.824334,514.824334,524.824334,0.9008999999999788,train
3831,mitra_t6,data\raw\mitra\Data_T6\T6_DAll.csv,hard_brake,3,512.4453,502.4453,512.4453,0.9342669999999772,train
3832,mitra_t6,data\raw\mitra\Data_T6\T6_DAll.csv,hard_brake,3,513.679867,503.679867,513.679867,0.867533000000094,train
3833,mitra_t6,data\raw\mitra\Data_T6\T6_DAll.csv,hard_brake,2,523.456301,513.456301,523.456301,0.9342669999999772,train
3834,mitra_t6,data\raw\mitra\Data_T6\T6_DAll.csv,hard_brake,3,522.088267,512.088267,522.088267,0.9676339999999756,train
3835,mitra_t6,data\raw\mitra\Data_T6\T6_DAll.csv,hard_brake,7,568.267737,558.267737,568.267737,0.8007999999999811,train
3836,mitra_t6,data\raw\mitra\Data_T6\T6_DAll.csv,hard_brake,3,519.552401,509.552401,519.552401,0.6673329999999851,train
3837,mitra_t6,data\raw\mitra\Data_T6\T6_DAll.csv,hard_brake,3,520.920434,510.920434,520.920434,0.967632999999978,train
3838,mitra_t6,data\raw\mitra\Data_T6\T6_DAll.csv,hard_brake,1,533.933435,523.933435,533.933435,1.2679329999999709,train
3839,mitra_t6,data\raw\mitra\Data_T6\T6_DAll.csv,hard_brake,2,528.094268,518.094268,528.094268,0.967632999999978,train
3840,mitra_t6,data\raw\mitra\Data_T6\T6_DAll.csv,hard_brake,4,681.347378,671.347378,681.347378,0.5338669999999865,train
3841,mitra_t6,data\raw\mitra\Data_T6\T6_DAll.csv,hard_brake,2,532.598768,522.598768,532.598768,0.6339670000000979,train
3842,mitra_t6,data\raw\mitra\Data_T6\T6_DAll.csv,hard_brake,2,533.266102,523.266102,533.266102,0.5672329999999874,train
3843,mitra_t6,data\raw\mitra\Data_T6\T6_DAll.csv,hard_brake,1,545.244736,535.244736,545.244736,1.0009999999999764,train
3844,mitra_t6,data\raw\mitra\Data_T6\T6_DAll.csv,hard_brake,2,538.070902,528.070902,538.070902,0.8341669999999795,train
3845,mitra_t6,data\raw\mitra\Data_T6\T6_DAll.csv,hard_brake,2,539.572402,529.572402,539.572402,1.3346669999999676,train
3846,mitra_t6,data\raw\mitra\Data_T6\T6_DAll.csv,hard_brake,3,511.577767,501.577767,511.577767,0.6339669999999842,train
3847,mitra_t6,data\raw\mitra\Data_T6\T6_DAll.csv,hard_brake,3,535.201368,525.201368,535.201368,1.0343669999999747,train
3848,mitra_t6,data\raw\mitra\Data_T6\T6_DAll.csv,hard_brake,7,576.275738,566.275738,576.275738,0.8007999999999811,train
3849,mitra_t6,data\raw\mitra\Data_T6\T6_DAll.csv,hard_brake,3,536.102268,526.102268,536.102268,0.6339669999999842,train
3850,mitra_t6,data\raw\mitra\Data_T6\T6_DAll.csv,hard_brake,1,533.366202,523.366202,533.366202,0.7006999999999834,train
3851,mitra_t6,data\raw\mitra\Data_T6\T6_DAll.csv,hard_brake,20,530.463301,520.463301,530.463301,0.6339669999999842,train
3852,mitra_t6,data\raw\mitra\Data_T6\T6_DAll.csv,hard_brake,1,553.31947,543.31947,553.31947,0.8675329999999803,train
3853,mitra_t6,data\raw\mitra\Data_T6\T6_DAll.csv,hard_brake,2,549.315469,539.315469,549.315469,0.7674339999999802,train
3854,mitra_t6,data\raw\mitra\Data_T6\T6_DAll.csv,hard_brake,1,555.955436,545.955436,555.955436,0.9009000000000924,train
3855,mitra_t6,data\raw\mitra\Data_T6\T6_DAll.csv,hard_brake,2,535.501668,525.501668,535.501668,0.6005999999999858,train
3856,mitra_t6,data\raw\mitra\Data_T6\T6_DAll.csv,hard_brake,3,550.149636,540.149636,550.149636,0.9342669999999772,train
3857,mitra_t6,data\raw\mitra\Data_T6\T6_DAll.csv,hard_brake,2,553.686503,543.686503,553.686503,1.0343669999999747,train
3858,mitra_t6,data\raw\mitra\Data_T6\T6_DAll.csv,hard_brake,3,551.050536,541.050536,551.050536,1.0343670000000884,train
3859,mitra_t6,data\raw\mitra\Data_T6\T6_DAll.csv,hard_brake,1,566.799604,556.799604,566.799604,1.1344659999999749,train
3860,mitra_t6,data\raw\mitra\Data_T6\T6_DAll.csv,hard_brake,3,555.888703,545.888703,555.888703,0.8675329999999803,train
3861,mitra_t6,data\raw\mitra\Data_T6\T6_DAll.csv,hard_brake,3,562.82897,552.82897,562.82897,0.6005999999999858,train
3862,mitra_t6,data\raw\mitra\Data_T6\T6_DAll.csv,hard_brake,3,556.455936,546.455936,556.455936,1.134467000000086,train
3863,mitra_t6,data\raw\mitra\Data_T6\T6_DAll.csv,hard_brake,7,861.994523,851.994523,861.994523,0.867533000000094,train
3864,mitra_t6,data\raw\mitra\Data_T6\T6_DAll.csv,hard_brake,3,545.444936,535.444936,545.444936,0.8675329999999803,train
3865,mitra_t6,data\raw\mitra\Data_T6\T6_DAll.csv,hard_brake,3,557.790603,547.790603,557.790603,0.8007999999999811,train
3866,mitra_t6,data\raw\mitra\Data_T6\T6_DAll.csv,hard_brake,2,568.634771,558.634771,568.634771,0.967632999999978,train
3867,mitra_t6,data\raw\mitra\Data_T6\T6_DAll.csv,hard_brake,7,633.332741,623.332741,633.332741,0.8007999999999811,train
3868,mitra_t6,data\raw\mitra\Data_T6\T6_DAll.csv,hard_brake,3,565.398204,555.398204,565.398204,1.034366000000091,train
3869,mitra_t6,data\raw\mitra\Data_T6\T6_DAll.csv,hard_brake,1,578.711505,568.711505,578.711505,1.0677329999999756,train
3870,mitra_t6,data\raw\mitra\Data_T6\T6_DAll.csv,hard_brake,10,560.62677,550.62677,560.62677,1.00100000000009,train
3871,mitra_t6,data\raw\mitra\Data_T6\T6_DAll.csv,hard_brake,10,563.32947,553.32947,563.32947,0.5338669999999865,train
3872,mitra_t6,data\raw\mitra\Data_T6\T6_DAll.csv,hard_brake,1,574.040171,564.040171,574.040171,0.9008999999999788,train
3873,mitra_t6,data\raw\mitra\Data_T6\T6_DAll.csv,hard_brake,1,593.526305,583.526305,593.526305,0.8675339999999778,train
3874,mitra_t6,data\raw\mitra\Data_T6\T6_DAll.csv,hard_brake,1,605.30474,595.30474,605.30474,1.1678329999999733,train
3875,mitra_t6,data\raw\mitra\Data_T6\T6_DAll.csv,hard_brake,2,590.990439,580.990439,590.990439,0.8007999999999811,train
3876,mitra_t6,data\raw\mitra\Data_T6\T6_DAll.csv,hard_brake,2,597.496939,587.496939,597.496939,0.8007999999999811,train
3877,mitra_t6,data\raw\mitra\Data_T6\T6_DAll.csv,hard_brake,1,606.40584,596.40584,606.40584,0.8007999999999811,train
3878,mitra_t6,data\raw\mitra\Data_T6\T6_DAll.csv,hard_brake,2,601.167273,591.167273,601.167273,0.967632999999978,train
3879,mitra_t6,data\raw\mitra\Data_T6\T6_DAll.csv,hard_brake,2,599.865973,589.865973,599.865973,0.9342659999999796,train
3880,mitra_t6,data\raw\mitra\Data_T6\T6_DAll.csv,hard_brake,3,593.159272,583.159272,593.159272,0.5672329999999874,train
3881,mitra_t6,data\raw\mitra\Data_T6\T6_DAll.csv,hard_brake,7,654.353743,644.353743,654.353743,0.4671329999999898,train
3882,mitra_t6,data\raw\mitra\Data_T6\T6_DAll.csv,hard_brake,2,605.438206,595.438206,605.438206,1.368033999999966,train
3883,mitra_t6,data\raw\mitra\Data_T6\T6_DAll.csv,hard_brake,3,569.168637,559.168637,569.168637,0.6005999999999858,train
3884,mitra_t6,data\raw\mitra\Data_T6\T6_DAll.csv,hard_brake,2,611.143907,601.143907,611.143907,0.6673329999999851,train
3885,mitra_t6,data\raw\mitra\Data_T6\T6_DAll.csv,hard_brake,3,575.308104,565.308104,575.308104,0.6005999999999858,train
3886,mitra_t6,data\raw\mitra\Data_T6\T6_DAll.csv,hard_brake,3,602.134906,592.134906,602.134906,1.0009999999999764,train
3887,mitra_t6,data\raw\mitra\Data_T6\T6_DAll.csv,hard_brake,3,603.469573,593.469573,603.469573,1.167833000000087,train
3888,mitra_t6,data\raw\mitra\Data_T6\T6_DAll.csv,hard_brake,3,607.573673,597.573673,607.573673,0.9008999999999788,train
3889,mitra_t6,data\raw\mitra\Data_T6\T6_DAll.csv,hard_brake,3,608.474573,598.474573,608.474573,1.00100000000009,train
3890,mitra_t6,data\raw\mitra\Data_T6\T6_DAll.csv,hard_brake,1,617.250007,607.250007,617.250007,1.401399999999967,train
3891,mitra_t6,data\raw\mitra\Data_T6\T6_DAll.csv,hard_brake,3,587.086538,577.086538,587.086538,0.5004999999999882,train
3892,mitra_t6,data\raw\mitra\Data_T6\T6_DAll.csv,hard_brake,3,618.81824,608.81824,618.81824,0.5672340000000986,train
3893,mitra_t6,data\raw\mitra\Data_T6\T6_DAll.csv,hard_brake,2,619.485574,609.485574,619.485574,0.8341669999999795,train
3894,mitra_t6,data\raw\mitra\Data_T6\T6_DAll.csv,hard_brake,3,619.518941,609.518941,619.518941,0.967632999999978,train
3895,mitra_t6,data\raw\mitra\Data_T6\T6_DAll.csv,hard_brake,2,622.321741,612.321741,622.321741,0.834165999999982,train
3896,mitra_t6,data\raw\mitra\Data_T6\T6_DAll.csv,hard_brake,3,622.255007,612.255007,622.255007,0.5672339999999849,train
3897,mitra_t6,data\raw\mitra\Data_T6\T6_DAll.csv,hard_brake,1,633.499575,623.499575,633.499575,0.967632999999978,train
3898,mitra_t6,data\raw\mitra\Data_T6\T6_DAll.csv,hard_brake,3,627.159908,617.159908,627.159908,0.5672329999999874,train
3899,mitra_t6,data\raw\mitra\Data_T6\T6_DAll.csv,hard_brake,1,640.239642,630.239642,640.239642,1.4347669999999653,train
3900,mitra_t6,data\raw\mitra\Data_T6\T6_DAll.csv,hard_brake,2,628.694774,618.694774,628.694774,0.5338669999999865,train
3901,mitra_t6,data\raw\mitra\Data_T6\T6_DAll.csv,hard_brake,7,664.964343,654.964343,664.964343,0.7007009999999809,train
3902,mitra_t6,data\raw\mitra\Data_T6\T6_DAll.csv,hard_brake,2,637.169908,627.169908,637.169908,1.267934000000082,train
3903,mitra_t6,data\raw\mitra\Data_T6\T6_DAll.csv,hard_brake,1,611.21064,601.21064,611.21064,0.8341669999999795,train
3904,mitra_t6,data\raw\mitra\Data_T6\T6_DAll.csv,hard_brake,1,639.572308,629.572308,639.572308,0.7340669999999818,train
3905,mitra_t6,data\raw\mitra\Data_T6\T6_DAll.csv,hard_brake,1,646.812876,636.812876,646.812876,1.0677330000000893,train
3906,mitra_t6,data\raw\mitra\Data_T6\T6_DAll.csv,hard_brake,1,653.986709,643.986709,653.986709,0.7006999999999834,train
3907,mitra_t6,data\raw\mitra\Data_T6\T6_DAll.csv,hard_brake,1,661.527577,651.527577,661.527577,0.6673330000000988,train
3908,mitra_t6,data\raw\mitra\Data_T6\T6_DAll.csv,hard_brake,3,657.29001,647.29001,657.29001,1.0677329999999756,train
3909,mitra_t6,data\raw\mitra\Data_T6\T6_DAll.csv,hard_brake,1,670.236277,660.236277,670.236277,1.1678339999999707,train
3910,mitra_t6,data\raw\mitra\Data_T6\T6_DAll.csv,hard_brake,3,658.424476,648.424476,658.424476,0.7674339999999802,train
3911,mitra_t6,data\raw\mitra\Data_T6\T6_DAll.csv,hard_brake,3,659.89261,649.89261,659.89261,0.8007999999999811,train
3912,mitra_t6,data\raw\mitra\Data_T6\T6_DAll.csv,hard_brake,10,642.975709,632.975709,642.975709,1.2345659999999723,train
3913,mitra_t6,data\raw\mitra\Data_T6\T6_DAll.csv,hard_brake,3,661.69441,651.69441,661.69441,0.8341670000000931,train
3914,mitra_t6,data\raw\mitra\Data_T6\T6_DAll.csv,hard_brake,2,671.771144,661.771144,671.771144,0.8007999999999811,train
3915,mitra_t6,data\raw\mitra\Data_T6\T6_DAll.csv,hard_brake,2,666.265644,656.265644,666.265644,0.5005000000001019,train
3916,mitra_t6,data\raw\mitra\Data_T6\T6_DAll.csv,hard_brake,2,673.239277,663.239277,673.239277,1.1678339999999707,train
3917,mitra_t6,data\raw\mitra\Data_T6\T6_DAll.csv,hard_brake,2,675.675044,665.675044,675.675044,0.7007000000000971,train
3918,mitra_t6,data\raw\mitra\Data_T6\T6_DAll.csv,hard_brake,1,688.621312,678.621312,688.621312,1.2679329999999709,train
3919,mitra_t6,data\raw\mitra\Data_T6\T6_DAll.csv,hard_brake,2,673.105811,663.105811,673.105811,0.8007999999999811,train
3920,mitra_t6,data\raw\mitra\Data_T6\T6_DAll.csv,hard_brake,2,689.989345,679.989345,689.989345,0.5672329999999874,train
3921,mitra_t6,data\raw\mitra\Data_T6\T6_DAll.csv,hard_brake,3,684.216911,674.216911,684.216911,0.8341669999999795,train
3922,mitra_t6,data\raw\mitra\Data_T6\T6_DAll.csv,hard_brake,2,694.427112,684.427112,694.427112,0.8007999999999811,train
3923,mitra_t6,data\raw\mitra\Data_T6\T6_DAll.csv,hard_brake,1,701.100446,691.100446,701.100446,0.8007999999999811,train
3924,mitra_t6,data\raw\mitra\Data_T6\T6_DAll.csv,hard_brake,3,707.840513,697.840513,707.840513,1.0677329999999756,train
3925,mitra_t6,data\raw\mitra\Data_T6\T6_DAll.csv,hard_brake,3,706.405746,696.405746,706.405746,1.0009999999999764,train
3926,mitra_t6,data\raw\mitra\Data_T6\T6_DAll.csv,hard_brake,2,715.38138,705.38138,715.38138,0.8675339999999778,train
3927,mitra_t6,data\raw\mitra\Data_T6\T6_DAll.csv,hard_brake,1,727.059714,717.059714,727.059714,1.3346669999999676,train
3928,mitra_t6,data\raw\mitra\Data_T6\T6_DAll.csv,hard_brake,3,716.98298,706.98298,716.98298,1.101099999999974,train
3929,mitra_t6,data\raw\mitra\Data_T6\T6_DAll.csv,hard_brake,1,736.502482,726.502482,736.502482,1.2679329999999709,train
3930,mitra_t6,data\raw\mitra\Data_T6\T6_DAll.csv,hard_brake,2,724.924247,714.924247,724.924247,0.5004999999999882,train
3931,mitra_t6,data\raw\mitra\Data_T6\T6_DAll.csv,hard_brake,1,692.325012,682.325012,692.325012,0.5338669999999865,train
3932,mitra_t6,data\raw\mitra\Data_T6\T6_DAll.csv,hard_brake,2,732.298281,722.298281,732.298281,1.2011999999999716,train
3933,mitra_t6,data\raw\mitra\Data_T6\T6_DAll.csv,hard_brake,1,729.762414,719.762414,729.762414,0.6673339999999826,train
3934,mitra_t6,data\raw\mitra\Data_T6\T6_DAll.csv,hard_brake,2,728.127448,718.127448,728.127448,0.8008000000000948,train
3935,mitra_t6,data\raw\mitra\Data_T6\T6_DAll.csv,hard_brake,3,712.011347,702.011347,712.011347,0.5672329999999874,train
3936,mitra_t6,data\raw\mitra\Data_T6\T6_DAll.csv,hard_brake,3,729.228548,719.228548,729.228548,0.7006999999999834,train
3937,mitra_t6,data\raw\mitra\Data_T6\T6_DAll.csv,hard_brake,6,1015.547933,1005.547933,1015.547933,0.9676330000000916,train
3938,mitra_t6,data\raw\mitra\Data_T6\T6_DAll.csv,hard_brake,2,741.574215,731.574215,741.574215,1.0343669999999747,train
3939,mitra_t6,data\raw\mitra\Data_T6\T6_DAll.csv,hard_brake,2,743.275915,733.275915,743.275915,0.6673339999999826,train
3940,mitra_t6,data\raw\mitra\Data_T6\T6_DAll.csv,hard_brake,3,735.735048,725.735048,735.735048,1.2011999999999716,train
3941,mitra_t6,data\raw\mitra\Data_T6\T6_DAll.csv,hard_brake,3,739.138448,729.138448,739.138448,0.9676339999999756,train
3942,mitra_t6,data\raw\mitra\Data_T6\T6_DAll.csv,hard_brake,2,748.147449,738.147449,748.147449,0.967632999999978,train
3943,mitra_t6,data\raw\mitra\Data_T6\T6_DAll.csv,hard_brake,1,751.183816,741.183816,751.183816,1.101099999999974,train
3944,mitra_t6,data\raw\mitra\Data_T6\T6_DAll.csv,hard_brake,1,759.792416,749.792416,759.792416,0.5004999999999882,train
3945,mitra_t6,data\raw\mitra\Data_T6\T6_DAll.csv,hard_brake,1,763.56285,753.56285,763.56285,0.9008999999999788,train
3946,mitra_t6,data\raw\mitra\Data_T6\T6_DAll.csv,hard_brake,2,753.486116,743.486116,753.486116,1.1344669999999724,train
3947,mitra_t6,data\raw\mitra\Data_T6\T6_DAll.csv,hard_brake,3,752.318283,742.318283,752.318283,0.867533000000094,train
3948,mitra_t6,data\raw\mitra\Data_T6\T6_DAll.csv,hard_brake,2,758.45775,748.45775,758.45775,0.834165999999982,train
3949,mitra_t6,data\raw\mitra\Data_T6\T6_DAll.csv,hard_brake,3,754.387016,744.387016,754.387016,0.7674329999999827,train
3950,mitra_t6,data\raw\mitra\Data_T6\T6_DAll.csv,hard_brake,2,759.525483,749.525483,759.525483,0.9342669999999772,train
3951,mitra_t6,data\raw\mitra\Data_T6\T6_DAll.csv,hard_brake,1,765.831783,755.831783,765.831783,1.1344669999999724,train
3952,mitra_t6,data\raw\mitra\Data_T6\T6_DAll.csv,hard_brake,3,764.096717,754.096717,764.096717,0.8675329999999803,train
3953,mitra_t6,data\raw\mitra\Data_T6\T6_DAll.csv,hard_brake,2,760.86015,750.86015,760.86015,1.101099999999974,train
3954,mitra_t6,data\raw\mitra\Data_T6\T6_DAll.csv,hard_brake,3,765.998617,755.998617,765.998617,0.967632999999978,train
3955,mitra_t6,data\raw\mitra\Data_T6\T6_DAll.csv,hard_brake,3,766.499117,756.499117,766.499117,1.134467000000086,train
3956,mitra_t6,data\raw\mitra\Data_T6\T6_DAll.csv,hard_brake,1,771.704317,761.704317,771.704317,1.1678340000000844,train
3957,mitra_t6,data\raw\mitra\Data_T6\T6_DAll.csv,hard_brake,3,768.300917,758.300917,768.300917,0.6673329999999851,train
3958,mitra_t6,data\raw\mitra\Data_T6\T6_DAll.csv,hard_brake,3,768.66795,758.66795,768.66795,0.8007999999999811,train
3959,mitra_t6,data\raw\mitra\Data_T6\T6_DAll.csv,hard_brake,3,769.135084,759.135084,769.135084,1.0009999999999764,train
3960,mitra_t6,data\raw\mitra\Data_T6\T6_DAll.csv,hard_brake,3,769.935884,759.935884,769.935884,0.8675329999999803,train
3961,mitra_t6,data\raw\mitra\Data_T6\T6_DAll.csv,hard_brake,2,780.579851,770.579851,780.579851,1.0677330000000893,train
3962,mitra_t6,data\raw\mitra\Data_T6\T6_DAll.csv,hard_brake,2,786.318918,776.318918,786.318918,0.6339669999999842,train
3963,mitra_t6,data\raw\mitra\Data_T6\T6_DAll.csv,hard_brake,3,776.976251,766.976251,776.976251,1.0009999999999764,train
3964,mitra_t6,data\raw\mitra\Data_T6\T6_DAll.csv,hard_brake,1,773.539484,763.539484,773.539484,1.2679329999999709,train
3965,mitra_t6,data\raw\mitra\Data_T6\T6_DAll.csv,hard_brake,0,763.229183,753.229183,763.229183,0.7340669999999818,train
3966,mitra_t6,data\raw\mitra\Data_T6\T6_DAll.csv,hard_brake,3,777.643584,767.643584,777.643584,0.8341669999999795,train
3967,mitra_t6,data\raw\mitra\Data_T6\T6_DAll.csv,hard_brake,2,784.917518,774.917518,784.917518,1.0677329999999756,train
3968,mitra_t6,data\raw\mitra\Data_T6\T6_DAll.csv,hard_brake,3,779.545484,769.545484,779.545484,0.7674339999999802,train
3969,mitra_t6,data\raw\mitra\Data_T6\T6_DAll.csv,hard_brake,2,788.621218,778.621218,788.621218,0.6339669999999842,train
3970,mitra_t6,data\raw\mitra\Data_T6\T6_DAll.csv,hard_brake,1,782.982251,772.982251,782.982251,0.6673339999999826,train
3971,mitra_t6,data\raw\mitra\Data_T6\T6_DAll.csv,hard_brake,1,803.436019,793.436019,803.436019,0.8007999999999811,train
3972,mitra_t6,data\raw\mitra\Data_T6\T6_DAll.csv,hard_brake,1,797.763686,787.763686,797.763686,0.7674329999999827,train
3973,mitra_t6,data\raw\mitra\Data_T6\T6_DAll.csv,hard_brake,2,794.226819,784.226819,794.226819,0.9342659999999796,train
3974,mitra_t6,data\raw\mitra\Data_T6\T6_DAll.csv,hard_brake,1,798.664586,788.664586,798.664586,0.834165999999982,train
3975,mitra_t6,data\raw\mitra\Data_T6\T6_DAll.csv,hard_brake,1,788.954885,778.954885,788.954885,0.5338669999999865,train
3976,mitra_t6,data\raw\mitra\Data_T6\T6_DAll.csv,hard_brake,10,786.585851,776.585851,786.585851,0.4671339999999873,train
3977,mitra_t6,data\raw\mitra\Data_T6\T6_DAll.csv,hard_brake,3,799.832419,789.832419,799.832419,0.5004999999999882,train
3978,mitra_t6,data\raw\mitra\Data_T6\T6_DAll.csv,hard_brake,1,810.876786,800.876786,810.876786,1.1344669999999724,train
3979,mitra_t6,data\raw\mitra\Data_T6\T6_DAll.csv,hard_brake,3,800.800052,790.800052,800.800052,1.0343669999999747,train
3980,mitra_t6,data\raw\mitra\Data_T6\T6_DAll.csv,hard_brake,2,809.008253,799.008253,809.008253,1.167833000000087,train
3981,mitra_t6,data\raw\mitra\Data_T6\T6_DAll.csv,hard_brake,2,815.681587,805.681587,815.681587,1.0009999999999764,train
3982,mitra_t6,data\raw\mitra\Data_T6\T6_DAll.csv,hard_brake,1,816.24882,806.24882,816.24882,0.7674329999999827,train
3983,mitra_t6,data\raw\mitra\Data_T6\T6_DAll.csv,hard_brake,3,803.836419,793.836419,803.836419,0.5338669999999865,train
3984,mitra_t6,data\raw\mitra\Data_T6\T6_DAll.csv,hard_brake,1,819.018254,809.018254,819.018254,0.8341660000000957,train
3985,mitra_t6,data\raw\mitra\Data_T6\T6_DAll.csv,hard_brake,2,779.612218,769.612218,779.612218,0.6005999999999858,train
3986,mitra_t6,data\raw\mitra\Data_T6\T6_DAll.csv,hard_brake,2,781.614218,771.614218,781.614218,1.1678329999999733,train
3987,mitra_t6,data\raw\mitra\Data_T6\T6_DAll.csv,hard_brake,2,821.420654,811.420654,821.420654,1.101099999999974,train
3988,mitra_t6,data\raw\mitra\Data_T6\T6_DAll.csv,hard_brake,1,823.722954,813.722954,823.722954,0.9342670000000908,train
3989,mitra_t6,data\raw\mitra\Data_T6\T6_DAll.csv,hard_brake,2,794.126719,784.126719,794.126719,0.8675329999999803,train
3990,mitra_t6,data\raw\mitra\Data_T6\T6_DAll.csv,hard_brake,10,825.191087,815.191087,825.191087,1.2679339999999684,train
3991,mitra_t6,data\raw\mitra\Data_T6\T6_DAll.csv,hard_brake,10,807.506753,797.506753,807.506753,1.3346669999999676,train
3992,mitra_t6,data\raw\mitra\Data_T6\T6_DAll.csv,hard_brake,10,811.04362,801.04362,811.04362,0.5338659999999891,train
3993,mitra_t6,data\raw\mitra\Data_T6\T6_DAll.csv,hard_brake,1,830.863421,820.863421,830.863421,0.5004999999999882,train
3994,mitra_t6,data\raw\mitra\Data_T6\T6_DAll.csv,hard_brake,1,837.870421,827.870421,837.870421,1.5015010000000757,train
3995,mitra_t6,data\raw\mitra\Data_T6\T6_DAll.csv,hard_brake,3,832.865421,822.865421,832.865421,1.0009999999999764,train
3996,mitra_t6,data\raw\mitra\Data_T6\T6_DAll.csv,hard_brake,2,842.908788,832.908788,842.908788,0.8008010000000922,train
3997,mitra_t6,data\raw\mitra\Data_T6\T6_DAll.csv,hard_brake,3,834.500388,824.500388,834.500388,0.6673329999999851,train
3998,mitra_t6,data\raw\mitra\Data_T6\T6_DAll.csv,hard_brake,1,844.176722,834.176722,844.176722,1.2679329999999709,train
3999,mitra_t6,data\raw\mitra\Data_T6\T6_DAll.csv,hard_brake,1,852.184722,842.184722,852.184722,1.334667000000081,train
4000,mitra_t6,data\raw\mitra\Data_T6\T6_DAll.csv,hard_brake,3,859.52539,849.52539,859.52539,0.5338659999999891,train
4001,mitra_t6,data\raw\mitra\Data_T6\T6_DAll.csv,hard_brake,1,869.73559,859.73559,869.73559,1.0009999999999764,train
4002,mitra_t6,data\raw\mitra\Data_T6\T6_DAll.csv,hard_brake,3,856.155356,846.155356,856.155356,0.7006999999999834,train
4003,mitra_t6,data\raw\mitra\Data_T6\T6_DAll.csv,hard_brake,2,853.586122,843.586122,853.586122,0.5005009999999857,train
4004,mitra_t6,data\raw\mitra\Data_T6\T6_DAll.csv,hard_brake,1,871.770957,861.770957,871.770957,0.9676330000000916,train
4005,mitra_t6,data\raw\mitra\Data_T6\T6_DAll.csv,hard_brake,2,865.798323,855.798323,865.798323,1.101099999999974,train
4006,mitra_t6,data\raw\mitra\Data_T6\T6_DAll.csv,hard_brake,3,862.094623,852.094623,862.094623,0.9676330000000916,train
4007,mitra_t6,data\raw\mitra\Data_T6\T6_DAll.csv,hard_brake,3,878.377557,868.377557,878.377557,0.6339669999999842,train
4008,mitra_t6,data\raw\mitra\Data_T6\T6_DAll.csv,hard_brake,3,880.145991,870.145991,880.145991,0.9342669999999772,train
4009,mitra_t6,data\raw\mitra\Data_T6\T6_DAll.csv,hard_brake,2,886.218725,876.218725,886.218725,0.7007000000000971,train
4010,mitra_t6,data\raw\mitra\Data_T6\T6_DAll.csv,hard_brake,1,907.606759,897.606759,907.606759,0.9008999999999788,train
4011,mitra_t6,data\raw\mitra\Data_T6\T6_DAll.csv,hard_brake,0,871.403924,861.403924,871.403924,1.0677330000000893,train
4012,mitra_t6,data\raw\mitra\Data_T6\T6_DAll.csv,hard_brake,3,892.258092,882.258092,892.258092,0.834165999999982,train
4013,mitra_t6,data\raw\mitra\Data_T6\T6_DAll.csv,hard_brake,3,886.418925,876.418925,886.418925,1.1344660000000886,train
4014,mitra_t6,data\raw\mitra\Data_T6\T6_DAll.csv,hard_brake,1,870.503024,860.503024,870.503024,0.4671329999999898,train
4015,mitra_t6,data\raw\mitra\Data_T6\T6_DAll.csv,hard_brake,1,916.181993,906.181993,916.181993,1.2011999999999716,train
4016,mitra_t6,data\raw\mitra\Data_T6\T6_DAll.csv,hard_brake,2,904.303459,894.303459,904.303459,0.9676339999999756,train
4017,mitra_t6,data\raw\mitra\Data_T6\T6_DAll.csv,hard_brake,3,901.367192,891.367192,901.367192,0.9008999999999788,train
4018,mitra_t6,data\raw\mitra\Data_T6\T6_DAll.csv,hard_brake,1,919.81896,909.81896,919.81896,0.8008000000000948,train
4019,mitra_t6,data\raw\mitra\Data_T6\T6_DAll.csv,hard_brake,2,899.031525,889.031525,899.031525,0.4671339999999873,train
4020,mitra_t6,data\raw\mitra\Data_T6\T6_DAll.csv,hard_brake,3,898.497659,888.497659,898.497659,0.4671329999999898,train
4021,mitra_t6,data\raw\mitra\Data_T6\T6_DAll.csv,hard_brake,2,912.21136,902.21136,912.21136,0.4671329999999898,train
4022,mitra_t6,data\raw\mitra\Data_T6\T6_DAll.csv,hard_brake,1,922.454927,912.454927,922.454927,0.9008999999999788,train
4023,mitra_t6,data\raw\mitra\Data_T6\T6_DAll.csv,hard_brake,21,939.939061,929.939061,939.939061,0.6339669999999842,train
4024,mitra_t6,data\raw\mitra\Data_T6\T6_DAll.csv,hard_brake,3,909.842326,899.842326,909.842326,1.1011000000000877,train
4025,mitra_t6,data\raw\mitra\Data_T6\T6_DAll.csv,hard_brake,3,911.91106,901.91106,911.91106,0.6339659999999867,train
4026,mitra_t6,data\raw\mitra\Data_T6\T6_DAll.csv,hard_brake,2,886.185358,876.185358,886.185358,0.5672330000001011,train
4027,mitra_t6,data\raw\mitra\Data_T6\T6_DAll.csv,hard_brake,2,925.391194,915.391194,925.391194,1.0677329999999756,train
4028,mitra_t6,data\raw\mitra\Data_T6\T6_DAll.csv,hard_brake,1,914.346826,904.346826,914.346826,1.1011010000000852,train
4029,mitra_t6,data\raw\mitra\Data_T6\T6_DAll.csv,hard_brake,3,915.31446,905.31446,915.31446,1.1344669999999724,train
4030,mitra_t6,data\raw\mitra\Data_T6\T6_DAll.csv,hard_brake,2,932.231361,922.231361,932.231361,1.0677329999999756,train
4031,mitra_t6,data\raw\mitra\Data_T6\T6_DAll.csv,hard_brake,2,927.793594,917.793594,927.793594,1.2679329999999709,train
4032,mitra_t6,data\raw\mitra\Data_T6\T6_DAll.csv,hard_brake,3,897.863692,887.863692,897.863692,0.7006999999999834,train
4033,mitra_t6,data\raw\mitra\Data_T6\T6_DAll.csv,hard_brake,3,925.591394,915.591394,925.591394,0.7006999999999834,train
4034,mitra_t6,data\raw\mitra\Data_T6\T6_DAll.csv,hard_brake,2,934.600394,924.600394,934.600394,1.1011009999999717,train
4035,mitra_t6,data\raw\mitra\Data_T6\T6_DAll.csv,hard_brake,3,916.549027,906.549027,916.549027,0.4671329999999898,train
4036,mitra_t6,data\raw\mitra\Data_T6\T6_DAll.csv,hard_brake,3,926.258727,916.258727,926.258727,0.7006999999999834,train
4037,mitra_t6,data\raw\mitra\Data_T6\T6_DAll.csv,hard_brake,3,906.805959,896.805959,906.805959,0.6005999999999858,train
4038,mitra_t6,data\raw\mitra\Data_T6\T6_DAll.csv,hard_brake,1,924.22336,914.22336,924.22336,1.0677340000000868,train
4039,mitra_t6,data\raw\mitra\Data_T6\T6_DAll.csv,hard_brake,1,937.970428,927.970428,937.970428,0.6673329999999851,train
4040,mitra_t6,data\raw\mitra\Data_T6\T6_DAll.csv,hard_brake,1,941.907695,931.907695,941.907695,0.9008999999999788,train
4041,mitra_t6,data\raw\mitra\Data_T6\T6_DAll.csv,hard_brake,3,926.659127,916.659127,926.659127,0.9008999999999788,train
4042,mitra_t6,data\raw\mitra\Data_T6\T6_DAll.csv,hard_brake,2,942.675128,932.675128,942.675128,1.1678340000000844,train
4043,mitra_t6,data\raw\mitra\Data_T6\T6_DAll.csv,hard_brake,1,928.460927,918.460927,928.460927,1.1678340000000844,train
4044,mitra_t6,data\raw\mitra\Data_T6\T6_DAll.csv,hard_brake,1,945.844962,935.844962,945.844962,0.8007999999999811,train
4045,mitra_t6,data\raw\mitra\Data_T6\T6_DAll.csv,hard_brake,2,946.011795,936.011795,946.011795,1.534866999999963,train
4046,mitra_t6,data\raw\mitra\Data_T6\T6_DAll.csv,hard_brake,3,950.215995,940.215995,950.215995,0.7674339999999802,train
4047,mitra_t6,data\raw\mitra\Data_T6\T6_DAll.csv,hard_brake,2,950.416195,940.416195,950.416195,1.0343669999999747,train
4048,mitra_t6,data\raw\mitra\Data_T6\T6_DAll.csv,hard_brake,1,953.886329,943.886329,953.886329,0.6005999999999858,train
4049,mitra_t6,data\raw\mitra\Data_T6\T6_DAll.csv,hard_brake,3,947.646762,937.646762,947.646762,0.8341669999999795,train
4050,mitra_t6,data\raw\mitra\Data_T6\T6_DAll.csv,hard_brake,1,957.489929,947.489929,957.489929,0.8341670000000931,train
4051,mitra_t6,data\raw\mitra\Data_T6\T6_DAll.csv,hard_brake,3,949.682129,939.682129,949.682129,0.6339659999999867,train
4052,mitra_t6,data\raw\mitra\Data_T6\T6_DAll.csv,hard_brake,3,951.784229,941.784229,951.784229,0.7006999999999834,train
4053,mitra_t6,data\raw\mitra\Data_T6\T6_DAll.csv,hard_brake,2,962.99543,952.99543,962.99543,0.6673329999999851,train
4054,mitra_t6,data\raw\mitra\Data_T6\T6_DAll.csv,hard_brake,20,933.132261,923.132261,933.132261,0.6005999999999858,train
4055,mitra_t6,data\raw\mitra\Data_T6\T6_DAll.csv,hard_brake,3,947.112895,937.112895,947.112895,0.7340669999999818,train
4056,mitra_t6,data\raw\mitra\Data_T6\T6_DAll.csv,hard_brake,1,970.70313,960.70313,970.70313,1.0009999999999764,train
4057,mitra_t6,data\raw\mitra\Data_T6\T6_DAll.csv,hard_brake,2,970.970064,960.970064,970.970064,0.7340659999999843,train
4058,mitra_t6,data\raw\mitra\Data_T6\T6_DAll.csv,hard_brake,3,967.533297,957.533297,967.533297,0.9676330000000916,train
4059,mitra_t6,data\raw\mitra\Data_T6\T6_DAll.csv,hard_brake,7,972.70513,962.70513,972.70513,0.5672339999999849,train
4060,mitra_t6,data\raw\mitra\Data_T6\T6_DAll.csv,hard_brake,2,982.414831,972.414831,982.414831,0.9342669999999772,train
4061,mitra_t6,data\raw\mitra\Data_T6\T6_DAll.csv,hard_brake,1,990.422831,980.422831,990.422831,1.1011009999999717,train
4062,mitra_t6,data\raw\mitra\Data_T6\T6_DAll.csv,hard_brake,1,983.682764,973.682764,983.682764,0.8341669999999795,train
4063,mitra_t6,data\raw\mitra\Data_T6\T6_DAll.csv,hard_brake,3,982.848598,972.848598,982.848598,1.0009999999999764,train
4064,mitra_t6,data\raw\mitra\Data_T6\T6_DAll.csv,hard_brake,1,1002.701766,992.701766,1002.701766,0.834165999999982,train
4065,mitra_t6,data\raw\mitra\Data_T6\T6_DAll.csv,hard_brake,1,1004.536932,994.536932,1004.536932,0.8341669999999795,train
4066,mitra_t6,data\raw\mitra\Data_T6\T6_DAll.csv,hard_brake,1,993.659398,983.659398,993.659398,1.0343669999999747,train
4067,mitra_t6,data\raw\mitra\Data_T6\T6_DAll.csv,hard_brake,1,1008.040433,998.040433,1008.040433,0.834165999999982,train
4068,mitra_t6,data\raw\mitra\Data_T6\T6_DAll.csv,hard_brake,2,994.493565,984.493565,994.493565,1.0343669999999747,train
4069,mitra_t6,data\raw\mitra\Data_T6\T6_DAll.csv,hard_brake,3,965.264363,955.264363,965.264363,0.7674339999999802,train
4070,mitra_t6,data\raw\mitra\Data_T6\T6_DAll.csv,hard_brake,3,991.156898,981.156898,991.156898,0.8675340000000915,train
4071,mitra_t6,data\raw\mitra\Data_T6\T6_DAll.csv,hard_brake,3,991.690765,981.690765,991.690765,1.0009999999999764,train
4072,mitra_t6,data\raw\mitra\Data_T6\T6_DAll.csv,hard_brake,1,1012.611666,1002.611666,1012.611666,0.6005999999999858,train
4073,mitra_t6,data\raw\mitra\Data_T6\T6_DAll.csv,hard_brake,3,993.025432,983.025432,993.025432,1.0009999999999764,train
4074,mitra_t6,data\raw\mitra\Data_T6\T6_DAll.csv,hard_brake,2,996.962699,986.962699,996.962699,1.0677329999999756,train
4075,mitra_t6,data\raw\mitra\Data_T6\T6_DAll.csv,hard_brake,2,999.632032,989.632032,999.632032,1.0677329999999756,train
4076,mitra_t6,data\raw\mitra\Data_T6\T6_DAll.csv,hard_brake,3,960.69313,950.69313,960.69313,0.7340659999999843,train
4077,mitra_t6,data\raw\mitra\Data_T6\T6_DAll.csv,hard_brake,3,995.995065,985.995065,995.995065,0.8675340000000915,train
4078,mitra_t6,data\raw\mitra\Data_T6\T6_DAll.csv,hard_brake,1,1014.313366,1004.313366,1014.313366,0.9008999999999788,train
4079,mitra_t6,data\raw\mitra\Data_T6\T6_DAll.csv,hard_brake,2,1002.001066,992.001066,1002.001066,1.2011999999999716,train
4080,mitra_t6,data\raw\mitra\Data_T6\T6_DAll.csv,hard_brake,3,998.030432,988.030432,998.030432,0.5004999999999882,train
4081,mitra_t6,data\raw\mitra\Data_T6\T6_DAll.csv,hard_brake,3,982.114531,972.114531,982.114531,1.0009999999999764,train
4082,mitra_t6,data\raw\mitra\Data_T6\T6_DAll.csv,hard_brake,2,1016.282,1006.282,1016.282,0.9342669999999772,train
4083,mitra_t6,data\raw\mitra\Data_T6\T6_DAll.csv,hard_brake,3,1006.271999,996.271999,1006.271999,0.7674339999999802,train
4084,mitra_t6,data\raw\mitra\Data_T6\T6_DAll.csv,hard_brake,2,978.744497,968.744497,978.744497,0.9342669999999772,train
4085,mitra_t6,data\raw\mitra\Data_T6\T6_DAll.csv,hard_brake,3,976.208631,966.208631,976.208631,0.6005999999999858,train
4086,mitra_t6,data\raw\mitra\Data_T6\T6_DAll.csv,hard_brake,2,1014.0798,1004.0798,1014.0798,0.8007999999999811,train
4087,mitra_t6,data\raw\mitra\Data_T6\T6_DAll.csv,hard_brake,3,1011.510566,1001.510566,1011.510566,1.0343669999999747,train
4088,mitra_t6,data\raw\mitra\Data_T6\T6_DAll.csv,hard_brake,2,1016.548933,1006.548933,1016.548933,0.6673339999999826,train
4089,mitra_t6,data\raw\mitra\Data_T6\T6_DAll.csv,hard_brake,3,971.40383,961.40383,971.40383,0.9008999999999788,train
4090,mitra_t6,data\raw\mitra\Data_T6\T6_DAll.csv,hard_brake,3,978.110531,968.110531,978.110531,1.2011999999999716,train
4091,mitra_t6,data\raw\mitra\Data_T6\T6_DAll.csv,hard_brake,3,1010.476199,1000.476199,1010.476199,0.4671340000001009,train
4092,mitra_t6,data\raw\mitra\Data_T6\T6_DAll.csv,hard_brake,2,1015.514566,1005.514566,1015.514566,0.7674340000000939,train
4093,mitra_t6,data\raw\mitra\Data_T6\T6_DAll.csv,hard_brake,1,1015.648033,1005.648033,1015.648033,0.6339669999999842,train
4094,mitra_t6,data\raw\mitra\Data_T6\T6_DAll.csv,hard_brake,1,1016.282,1006.282,1016.282,0.8007999999999811,train
4095,mitra_t6,data\raw\mitra\Data_T6\T6_DAll.csv,hard_brake,3,1008.641033,998.641033,1008.641033,0.4671329999999898,train
4096,mitra_t6,data\raw\mitra\Data_T6\T6_DAll.csv,hard_brake,3,1015.8816,1005.8816,1015.8816,0.6339659999999867,train
4097,mitra_t6,data\raw\mitra\Data_T6\T6_DAll.csv,hard_brake,3,1015.748133,1005.748133,1015.748133,0.7674329999999827,train
4098,mitra_t6,data\raw\mitra\Data_T6\T6_DAll.csv,hard_brake,3,1015.614666,1005.614666,1015.614666,0.8675339999999778,train
4099,mitra_t7,data\raw\mitra\Data_T7\T7_DAll.csv,queue,10,705.404747,695.404747,705.404747,10.343666999999982,train
4100,mitra_t7,data\raw\mitra\Data_T7\T7_DAll.csv,queue,10,944.076529,934.076529,944.076529,8.10810099999992,train
4101,mitra_t7,data\raw\mitra\Data_T7\T7_DAll.csv,queue,7,255.655417,245.655417,255.655417,23.49013500000001,train
4102,mitra_t7,data\raw\mitra\Data_T7\T7_DAll.csv,queue,7,338.037722,328.037722,338.037722,18.41840200000001,train
4103,mitra_t7,data\raw\mitra\Data_T7\T7_DAll.csv,queue,7,517.283468,507.283468,517.283468,9.876532999999997,train
4104,mitra_t7,data\raw\mitra\Data_T7\T7_DAll.csv,queue,20,46.646603,36.646603,46.646603,34.100736,train
4105,mitra_t7,data\raw\mitra\Data_T7\T7_DAll.csv,queue,20,94.994906,84.994906,94.994906,85.185106,train
4106,mitra_t7,data\raw\mitra\Data_T7\T7_DAll.csv,queue,20,221.654781,211.654781,221.654781,59.19247100000001,train
4107,mitra_t7,data\raw\mitra\Data_T7\T7_DAll.csv,queue,20,734.934249,724.934249,734.934249,36.43640199999993,train
4108,mitra_t7,data\raw\mitra\Data_T7\T7_DAll.csv,queue,20,804.370286,794.370286,804.370286,12.97963500000003,train
4109,mitra_t7,data\raw\mitra\Data_T7\T7_DAll.csv,queue,20,833.432655,823.432655,833.432655,46.37967000000003,train
4110,mitra_t7,data\raw\mitra\Data_T7\T7_DAll.csv,queue,20,950.783229,940.783229,950.783229,50.48377000000005,train
4111,mitra_t7,data\raw\mitra\Data_T7\T7_DAll.csv,queue,3,58.825437,48.825437,58.825437,31.698336000000005,train
4112,mitra_t7,data\raw\mitra\Data_T7\T7_DAll.csv,queue,3,100.033273,90.033273,100.033273,17.350668,train
4113,mitra_t7,data\raw\mitra\Data_T7\T7_DAll.csv,queue,3,908.240727,898.240727,908.240727,43.276569,train
4114,mitra_t7,data\raw\mitra\Data_T7\T7_DAll.csv,queue,3,975.107531,965.107531,975.107531,14.948267999999985,train
4115,mitra_t7,data\raw\mitra\Data_T7\T7_DAll.csv,queue,6,453.486397,443.486397,453.486397,16.34966700000001,train
4116,mitra_t7,data\raw\mitra\Data_T7\T7_DAll.csv,queue,6,485.852065,475.852065,485.852065,27.827801999999963,train
4117,mitra_t7,data\raw\mitra\Data_T7\T7_DAll.csv,queue,2,782.948885,772.948885,782.948885,35.16846899999996,train
4118,mitra_t7,data\raw\mitra\Data_T7\T7_DAll.csv,queue,2,852.41829,842.41829,852.41829,9.6096,train
4119,mitra_t7,data\raw\mitra\Data_T7\T7_DAll.csv,queue,2,905.838327,895.838327,905.838327,28.728701,train
4120,mitra_t7,data\raw\mitra\Data_T7\T7_DAll.csv,queue,1,919.919061,909.919061,919.919061,40.84080199999994,train
4121,mitra_t7,data\raw\mitra\Data_T7\T7_DAll.csv,hard_brake,1,21.955268,11.955268,21.955268,0.8675339999999991,train
4122,mitra_t7,data\raw\mitra\Data_T7\T7_DAll.csv,hard_brake,3,35.602236,25.602236,35.602236,1.067733000000004,train
4123,mitra_t7,data\raw\mitra\Data_T7\T7_DAll.csv,hard_brake,2,24.124102,14.124102,24.124102,0.8675329999999981,train
4124,mitra_t7,data\raw\mitra\Data_T7\T7_DAll.csv,hard_brake,2,32.665969,22.665969,32.665969,0.8341670000000008,train
4125,mitra_t7,data\raw\mitra\Data_T7\T7_DAll.csv,hard_brake,3,33.133102,23.133102,33.133102,0.8675339999999991,train
4126,mitra_t7,data\raw\mitra\Data_T7\T7_DAll.csv,hard_brake,3,31.064369,21.064369,31.064369,1.1011000000000024,train
4127,mitra_t7,data\raw\mitra\Data_T7\T7_DAll.csv,hard_brake,1,24.424402,14.424402,24.424402,0.9009,train
4128,mitra_t7,data\raw\mitra\Data_T7\T7_DAll.csv,hard_brake,2,26.326302,16.326302,26.326302,0.6673330000000028,train
4129,mitra_t7,data\raw\mitra\Data_T7\T7_DAll.csv,hard_brake,1,31.097735,21.097735,31.097735,0.5672339999999991,train
4130,mitra_t7,data\raw\mitra\Data_T7\T7_DAll.csv,hard_brake,1,32.332302,22.332302,32.332302,0.8341670000000008,train
4131,mitra_t7,data\raw\mitra\Data_T7\T7_DAll.csv,hard_brake,3,39.639603,29.639603,39.639603,0.8675330000000017,train
4132,mitra_t7,data\raw\mitra\Data_T7\T7_DAll.csv,hard_brake,1,25.392035,15.392035,25.392035,0.5004999999999988,train
4133,mitra_t7,data\raw\mitra\Data_T7\T7_DAll.csv,hard_brake,3,37.604236,27.604236,37.604236,1.067732999999997,train
4134,mitra_t7,data\raw\mitra\Data_T7\T7_DAll.csv,hard_brake,1,28.661969,18.661969,28.661969,0.6673329999999993,train
4135,mitra_t7,data\raw\mitra\Data_T7\T7_DAll.csv,hard_brake,3,29.963269,19.963269,29.963269,1.0343659999999986,train
4136,mitra_t7,data\raw\mitra\Data_T7\T7_DAll.csv,hard_brake,4,354.854523,344.854523,354.854523,0.500500000000045,train
4137,mitra_t7,data\raw\mitra\Data_T7\T7_DAll.csv,hard_brake,5,311.577954,301.577954,311.577954,0.5672330000000443,train
4138,mitra_t7,data\raw\mitra\Data_T7\T7_DAll.csv,hard_brake,4,339.972989,329.972989,339.972989,0.7007000000000403,train
4139,mitra_t7,data\raw\mitra\Data_T7\T7_DAll.csv,hard_brake,2,39.272569,29.272569,39.272569,0.9009,train
4140,mitra_t7,data\raw\mitra\Data_T7\T7_DAll.csv,hard_brake,2,35.001636,25.001636,35.001636,0.6673329999999993,train
4141,mitra_t7,data\raw\mitra\Data_T7\T7_DAll.csv,hard_brake,3,42.842803,32.842803,42.842803,0.8341669999999937,train
4142,mitra_t7,data\raw\mitra\Data_T7\T7_DAll.csv,hard_brake,3,41.174469,31.174469,41.174469,0.6673339999999968,train
4143,mitra_t7,data\raw\mitra\Data_T7\T7_DAll.csv,hard_brake,1,42.475769,32.475769,42.475769,0.5338670000000008,train
4144,mitra_t7,data\raw\mitra\Data_T7\T7_DAll.csv,hard_brake,1,38.872169,28.872169,38.872169,0.7340670000000031,train
4145,mitra_t7,data\raw\mitra\Data_T7\T7_DAll.csv,hard_brake,3,44.67797,34.67797,44.67797,0.8341659999999962,train
4146,mitra_t7,data\raw\mitra\Data_T7\T7_DAll.csv,hard_brake,5,309.175554,299.175554,309.175554,0.6339660000000436,train
4147,mitra_t7,data\raw\mitra\Data_T7\T7_DAll.csv,hard_brake,1,47.347303,37.347303,47.347303,0.8341670000000008,train
4148,mitra_t7,data\raw\mitra\Data_T7\T7_DAll.csv,hard_brake,2,48.648603,38.648603,48.648603,1.2345669999999984,train
4149,mitra_t7,data\raw\mitra\Data_T7\T7_DAll.csv,hard_brake,2,53.58687,43.58687,53.58687,0.9342670000000056,train
4150,mitra_t7,data\raw\mitra\Data_T7\T7_DAll.csv,hard_brake,3,56.58987,46.58987,56.58987,0.9342670000000056,train
4151,mitra_t7,data\raw\mitra\Data_T7\T7_DAll.csv,hard_brake,2,56.856804,46.856804,56.856804,0.8341660000000033,train
4152,mitra_t7,data\raw\mitra\Data_T7\T7_DAll.csv,hard_brake,3,61.561504,51.561504,61.561504,0.5338670000000008,train
4153,mitra_t7,data\raw\mitra\Data_T7\T7_DAll.csv,hard_brake,1,48.815437,38.815437,48.815437,0.8675329999999946,train
4154,mitra_t7,data\raw\mitra\Data_T7\T7_DAll.csv,hard_brake,4,97.26384,87.26384,97.26384,0.6673329999999993,train
4155,mitra_t7,data\raw\mitra\Data_T7\T7_DAll.csv,hard_brake,3,46.78007,36.78007,46.78007,0.9009,train
4156,mitra_t7,data\raw\mitra\Data_T7\T7_DAll.csv,hard_brake,3,11.578234,1.578234,11.578234,0.9342670000000002,train
4157,mitra_t7,data\raw\mitra\Data_T7\T7_DAll.csv,hard_brake,2,43.910536,33.910536,43.910536,0.734066999999996,train
4158,mitra_t7,data\raw\mitra\Data_T7\T7_DAll.csv,hard_brake,2,46.212836,36.212836,46.212836,0.4671339999999944,train
4159,mitra_t7,data\raw\mitra\Data_T7\T7_DAll.csv,hard_brake,4,94.26084,84.26084,94.26084,0.6673329999999993,train
4160,mitra_t7,data\raw\mitra\Data_T7\T7_DAll.csv,hard_brake,5,27.227202,17.227202,27.227202,0.633967000000002,train
4161,mitra_t7,data\raw\mitra\Data_T7\T7_DAll.csv,hard_brake,1,3.636967,-6.363033,3.636967,1.334667,train
4162,mitra_t7,data\raw\mitra\Data_T7\T7_DAll.csv,hard_brake,3,23.790435,13.790435,23.790435,0.8675330000000017,train
4163,mitra_t7,data\raw\mitra\Data_T7\T7_DAll.csv,hard_brake,1,9.709701,-0.2902989999999992,9.709701,0.9342659999999992,train
4164,mitra_t7,data\raw\mitra\Data_T7\T7_DAll.csv,hard_brake,1,2.035367,-7.964633,2.035367,0.767433,train
4165,mitra_t7,data\raw\mitra\Data_T7\T7_DAll.csv,hard_brake,3,5.005,-4.995,5.005,0.9676340000000004,train
4166,mitra_t7,data\raw\mitra\Data_T7\T7_DAll.csv,hard_brake,2,2.335667,-7.664333,2.335667,0.9676330000000002,train
4167,mitra_t7,data\raw\mitra\Data_T7\T7_DAll.csv,hard_brake,2,13.380034,3.380034,13.380034,0.9342670000000002,train
4168,mitra_t7,data\raw\mitra\Data_T7\T7_DAll.csv,hard_brake,1,11.811801,1.8118010000000009,11.811801,1.167833,train
4169,mitra_t7,data\raw\mitra\Data_T7\T7_DAll.csv,hard_brake,2,9.609601,-0.3903990000000004,9.609601,0.8675329999999999,train
4170,mitra_t7,data\raw\mitra\Data_T7\T7_DAll.csv,hard_brake,3,2.5025,-7.4975,2.5025,0.6006,train
4171,mitra_t7,data\raw\mitra\Data_T7\T7_DAll.csv,hard_brake,2,20.887535,10.887535,20.887535,0.9009,train
4172,mitra_t7,data\raw\mitra\Data_T7\T7_DAll.csv,hard_brake,2,6.840167,-3.159833,6.840167,0.6339670000000002,train
4173,mitra_t7,data\raw\mitra\Data_T7\T7_DAll.csv,hard_brake,1,13.246568,3.246568,13.246568,0.9009,train
4174,mitra_t7,data\raw\mitra\Data_T7\T7_DAll.csv,hard_brake,3,26.960268,16.960268,26.960268,0.8675339999999991,train
4175,mitra_t7,data\raw\mitra\Data_T7\T7_DAll.csv,hard_brake,4,359.158824,349.158824,359.158824,0.7007000000000403,train
4176,mitra_t7,data\raw\mitra\Data_T7\T7_DAll.csv,hard_brake,7,172.105278,162.105278,172.105278,0.8008000000000095,train
4177,mitra_t7,data\raw\mitra\Data_T7\T7_DAll.csv,hard_brake,6,398.297926,388.297926,398.297926,0.7674339999999802,train
4178,mitra_t7,data\raw\mitra\Data_T7\T7_DAll.csv,hard_brake,4,367.667324,357.667324,367.667324,0.7006999999999834,train
4179,mitra_t7,data\raw\mitra\Data_T7\T7_DAll.csv,hard_brake,3,18.351668,8.351668,18.351668,0.9676329999999992,train
4180,mitra_t7,data\raw\mitra\Data_T7\T7_DAll.csv,hard_brake,2,17.450768,7.450768,17.450768,1.0343669999999996,train
4181,mitra_t7,data\raw\mitra\Data_T7\T7_DAll.csv,hard_brake,3,20.720701,10.720700999999998,20.720701,0.6006,train
4182,mitra_t7,data\raw\mitra\Data_T7\T7_DAll.csv,hard_brake,3,28.428402,18.428402,28.428402,1.0677330000000005,train
4183,mitra_t7,data\raw\mitra\Data_T7\T7_DAll.csv,hard_brake,3,16.349668,6.349668000000001,16.349668,0.9676329999999992,train
4184,mitra_t7,data\raw\mitra\Data_T7\T7_DAll.csv,hard_brake,1,16.416401,6.4164010000000005,16.416401,0.7340669999999996,train
4185,mitra_t7,data\raw\mitra\Data_T7\T7_DAll.csv,hard_brake,3,25.625602,15.625602,25.625602,0.9009,train
4186,mitra_t7,data\raw\mitra\Data_T7\T7_DAll.csv,hard_brake,2,16.449768,6.449767999999999,16.449768,1.034366000000002,train
4187,mitra_t7,data\raw\mitra\Data_T7\T7_DAll.csv,hard_brake,1,10.877534,0.8775340000000007,10.877534,0.6673329999999993,train
4188,mitra_t7,data\raw\mitra\Data_T7\T7_DAll.csv,hard_brake,2,7.807801,-2.192199,7.807801,1.0010000000000003,train
4189,mitra_t7,data\raw\mitra\Data_T7\T7_DAll.csv,hard_brake,3,8.708701,-1.2912990000000004,8.708701,0.7674330000000005,train
4190,mitra_t7,data\raw\mitra\Data_T7\T7_DAll.csv,hard_brake,2,10.910901,0.9109010000000008,10.910901,0.9009,train
4191,mitra_t7,data\raw\mitra\Data_T7\T7_DAll.csv,hard_brake,7,243.309749,233.309749,243.309749,0.7674339999999802,train
4192,mitra_t7,data\raw\mitra\Data_T7\T7_DAll.csv,hard_brake,3,15.115101,5.115100999999999,15.115101,0.8675329999999999,train
4193,mitra_t7,data\raw\mitra\Data_T7\T7_DAll.csv,hard_brake,7,93.76034,83.76034,93.76034,0.8675329999999946,train
4194,mitra_t7,data\raw\mitra\Data_T7\T7_DAll.csv,hard_brake,7,267.467218,257.467218,267.467218,0.6339659999999867,train
4195,mitra_t7,data\raw\mitra\Data_T7\T7_DAll.csv,hard_brake,4,357.156824,347.156824,357.156824,0.8675330000000372,train
4196,mitra_t7,data\raw\mitra\Data_T7\T7_DAll.csv,hard_brake,3,58.258204,48.258204,58.258204,0.767433000000004,train
4197,mitra_t7,data\raw\mitra\Data_T7\T7_DAll.csv,hard_brake,3,63.663604,53.663604,63.663604,0.8675339999999991,train
4198,mitra_t7,data\raw\mitra\Data_T7\T7_DAll.csv,hard_brake,2,36.903536,26.903536000000003,36.903536,1.1010999999999953,train
4199,mitra_t7,data\raw\mitra\Data_T7\T7_DAll.csv,hard_brake,7,35.568869,25.568869,35.568869,0.5338670000000008,train
4200,mitra_t7,data\raw\mitra\Data_T7\T7_DAll.csv,hard_brake,1,59.826437,49.826437,59.826437,1.568234000000004,train
4201,mitra_t7,data\raw\mitra\Data_T7\T7_DAll.csv,hard_brake,3,69.869805,59.869805,69.869805,0.6673329999999993,train
4202,mitra_t7,data\raw\mitra\Data_T7\T7_DAll.csv,hard_brake,2,50.817437,40.817437,50.817437,0.7007000000000048,train
4203,mitra_t7,data\raw\mitra\Data_T7\T7_DAll.csv,hard_brake,1,61.795071,51.795071,61.795071,0.9009,train
4204,mitra_t7,data\raw\mitra\Data_T7\T7_DAll.csv,hard_brake,7,364.497491,354.497491,364.497491,0.5338659999999891,train
4205,mitra_t7,data\raw\mitra\Data_T7\T7_DAll.csv,hard_brake,1,64.197471,54.19747099999999,64.197471,1.0010000000000048,train
4206,mitra_t7,data\raw\mitra\Data_T7\T7_DAll.csv,hard_brake,2,66.199471,56.199471,66.199471,1.0009999999999906,train
4207,mitra_t7,data\raw\mitra\Data_T7\T7_DAll.csv,hard_brake,3,71.805071,61.805071,71.805071,0.734066999999996,train
4208,mitra_t7,data\raw\mitra\Data_T7\T7_DAll.csv,hard_brake,2,63.396671,53.396671,63.396671,1.1344670000000008,train
4209,mitra_t7,data\raw\mitra\Data_T7\T7_DAll.csv,hard_brake,3,85.051639,75.051639,85.051639,0.5005000000000024,train
4210,mitra_t7,data\raw\mitra\Data_T7\T7_DAll.csv,hard_brake,2,61.561504,51.561504,61.561504,0.8008000000000024,train
4211,mitra_t7,data\raw\mitra\Data_T7\T7_DAll.csv,hard_brake,2,69.636238,59.636238000000006,69.636238,0.9008999999999928,train
4212,mitra_t7,data\raw\mitra\Data_T7\T7_DAll.csv,hard_brake,2,68.635238,58.635238,68.635238,0.9008999999999928,train
4213,mitra_t7,data\raw\mitra\Data_T7\T7_DAll.csv,hard_brake,1,73.606872,63.606872,73.606872,0.5005000000000024,train
4214,mitra_t7,data\raw\mitra\Data_T7\T7_DAll.csv,hard_brake,2,73.306572,63.306572,73.306572,0.9008999999999928,train
4215,mitra_t7,data\raw\mitra\Data_T7\T7_DAll.csv,hard_brake,3,78.344939,68.344939,78.344939,0.5338660000000033,train
4216,mitra_t7,data\raw\mitra\Data_T7\T7_DAll.csv,hard_brake,1,66.433038,56.433038,66.433038,0.7674329999999969,train
4217,mitra_t7,data\raw\mitra\Data_T7\T7_DAll.csv,hard_brake,2,72.138738,62.138738,72.138738,0.9008999999999928,train
4218,mitra_t7,data\raw\mitra\Data_T7\T7_DAll.csv,hard_brake,3,81.881805,71.881805,81.881805,0.6673339999999968,train
4219,mitra_t7,data\raw\mitra\Data_T7\T7_DAll.csv,hard_brake,3,89.622873,79.622873,89.622873,0.934266000000008,train
4220,mitra_t7,data\raw\mitra\Data_T7\T7_DAll.csv,hard_brake,1,71.071005,61.071005,71.071005,0.8007999999999953,train
4221,mitra_t7,data\raw\mitra\Data_T7\T7_DAll.csv,hard_brake,2,74.474405,64.474405,74.474405,0.734066999999996,train
4222,mitra_t7,data\raw\mitra\Data_T7\T7_DAll.csv,hard_brake,7,235.168282,225.168282,235.168282,0.7340669999999818,train
4223,mitra_t7,data\raw\mitra\Data_T7\T7_DAll.csv,hard_brake,3,33.099736,23.099736,33.099736,0.5672330000000017,train
4224,mitra_t7,data\raw\mitra\Data_T7\T7_DAll.csv,hard_brake,2,79.245839,69.245839,79.245839,1.0343659999999917,train
4225,mitra_t7,data\raw\mitra\Data_T7\T7_DAll.csv,hard_brake,1,82.282205,72.282205,82.282205,0.9342669999999912,train
4226,mitra_t7,data\raw\mitra\Data_T7\T7_DAll.csv,hard_brake,3,38.204836,28.204836,38.204836,0.4671329999999969,train
4227,mitra_t7,data\raw\mitra\Data_T7\T7_DAll.csv,hard_brake,3,45.07837,35.07837,45.07837,0.8341660000000033,train
4228,mitra_t7,data\raw\mitra\Data_T7\T7_DAll.csv,hard_brake,3,95.428673,85.428673,95.428673,0.4671329999999898,train
4229,mitra_t7,data\raw\mitra\Data_T7\T7_DAll.csv,hard_brake,7,379.112092,369.112092,379.112092,0.7674329999999827,train
4230,mitra_t7,data\raw\mitra\Data_T7\T7_DAll.csv,hard_brake,3,36.503136,26.503136,36.503136,1.0343660000000057,train
4231,mitra_t7,data\raw\mitra\Data_T7\T7_DAll.csv,hard_brake,3,37.537502,27.537502000000003,37.537502,0.7674339999999944,train
4232,mitra_t7,data\raw\mitra\Data_T7\T7_DAll.csv,hard_brake,3,50.216837,40.216837,50.216837,0.7340659999999986,train
4233,mitra_t7,data\raw\mitra\Data_T7\T7_DAll.csv,hard_brake,3,101.46804,91.46804,101.46804,0.7674329999999969,train
4234,mitra_t7,data\raw\mitra\Data_T7\T7_DAll.csv,hard_brake,21,61.261204,51.261204,61.261204,0.9676329999999992,train
4235,mitra_t7,data\raw\mitra\Data_T7\T7_DAll.csv,hard_brake,3,38.838803,28.838803,38.838803,0.467133000000004,train
4236,mitra_t7,data\raw\mitra\Data_T7\T7_DAll.csv,hard_brake,3,103.136373,93.136373,103.136373,0.5005009999999999,train
4237,mitra_t7,data\raw\mitra\Data_T7\T7_DAll.csv,hard_brake,1,86.386306,76.386306,86.386306,0.8341659999999962,train
4238,mitra_t7,data\raw\mitra\Data_T7\T7_DAll.csv,hard_brake,7,382.915892,372.915892,382.915892,0.8008000000000379,train
4239,mitra_t7,data\raw\mitra\Data_T7\T7_DAll.csv,hard_brake,3,53.353304,43.353304,53.353304,1.0343659999999986,train
4240,mitra_t7,data\raw\mitra\Data_T7\T7_DAll.csv,hard_brake,3,107.740974,97.740974,107.740974,0.8341670000000079,train
4241,mitra_t7,data\raw\mitra\Data_T7\T7_DAll.csv,hard_brake,1,88.888806,78.888806,88.888806,0.9008999999999928,train
4242,mitra_t7,data\raw\mitra\Data_T7\T7_DAll.csv,hard_brake,3,52.052003,42.052003,52.052003,0.9009,train
4243,mitra_t7,data\raw\mitra\Data_T7\T7_DAll.csv,hard_brake,1,91.958539,81.958539,91.958539,0.9342669999999912,train
4244,mitra_t7,data\raw\mitra\Data_T7\T7_DAll.csv,hard_brake,7,241.641416,231.641416,241.641416,0.533867000000015,train
4245,mitra_t7,data\raw\mitra\Data_T7\T7_DAll.csv,hard_brake,2,92.759339,82.759339,92.759339,0.6339669999999984,train
4246,mitra_t7,data\raw\mitra\Data_T7\T7_DAll.csv,hard_brake,3,114.447674,104.447674,114.447674,0.8007999999999953,train
4247,mitra_t7,data\raw\mitra\Data_T7\T7_DAll.csv,hard_brake,3,44.010636,34.010636,44.010636,0.4671340000000015,train
4248,mitra_t7,data\raw\mitra\Data_T7\T7_DAll.csv,hard_brake,3,53.253204,43.253204,53.253204,0.5338660000000033,train
4249,mitra_t7,data\raw\mitra\Data_T7\T7_DAll.csv,hard_brake,3,110.443674,100.443674,110.443674,0.8341669999999937,train
4250,mitra_t7,data\raw\mitra\Data_T7\T7_DAll.csv,hard_brake,7,357.89089,347.89089,357.89089,0.8007999999999811,train
4251,mitra_t7,data\raw\mitra\Data_T7\T7_DAll.csv,hard_brake,2,95.028273,85.028273,95.028273,0.8675329999999946,train
4252,mitra_t7,data\raw\mitra\Data_T7\T7_DAll.csv,hard_brake,3,43.87717,33.87717,43.87717,0.4671329999999969,train
4253,mitra_t7,data\raw\mitra\Data_T7\T7_DAll.csv,hard_brake,3,112.412307,102.412307,112.412307,0.6006,train
4254,mitra_t7,data\raw\mitra\Data_T7\T7_DAll.csv,hard_brake,2,98.331573,88.331573,98.331573,0.9008999999999928,train
4255,mitra_t7,data\raw\mitra\Data_T7\T7_DAll.csv,hard_brake,1,94.027273,84.027273,94.027273,0.8675330000000088,train
4256,mitra_t7,data\raw\mitra\Data_T7\T7_DAll.csv,hard_brake,1,96.46304,86.46304,96.46304,0.7674329999999969,train
4257,mitra_t7,data\raw\mitra\Data_T7\T7_DAll.csv,hard_brake,3,117.016908,107.016908,117.016908,0.7340659999999986,train
4258,mitra_t7,data\raw\mitra\Data_T7\T7_DAll.csv,hard_brake,2,101.56814,91.56814,101.56814,0.8341669999999937,train
4259,mitra_t7,data\raw\mitra\Data_T7\T7_DAll.csv,hard_brake,3,124.457675,114.457675,124.457675,0.8008000000000095,train
4260,mitra_t7,data\raw\mitra\Data_T7\T7_DAll.csv,hard_brake,3,60.160104,50.160104,60.160104,0.8008000000000024,train
4261,mitra_t7,data\raw\mitra\Data_T7\T7_DAll.csv,hard_brake,3,120.053275,110.053275,120.053275,1.0343660000000057,train
4262,mitra_t7,data\raw\mitra\Data_T7\T7_DAll.csv,hard_brake,3,127.127008,117.127008,127.127008,0.8007999999999953,train
4263,mitra_t7,data\raw\mitra\Data_T7\T7_DAll.csv,hard_brake,3,122.288841,112.288841,122.288841,0.8007999999999953,train
4264,mitra_t7,data\raw\mitra\Data_T7\T7_DAll.csv,hard_brake,1,84.517772,74.517772,84.517772,0.8675340000000062,train
4265,mitra_t7,data\raw\mitra\Data_T7\T7_DAll.csv,hard_brake,7,377.009992,367.009992,377.009992,0.8675329999999803,train
4266,mitra_t7,data\raw\mitra\Data_T7\T7_DAll.csv,hard_brake,3,65.198471,55.198471,65.198471,1.5682330000000064,train
4267,mitra_t7,data\raw\mitra\Data_T7\T7_DAll.csv,hard_brake,3,129.129009,119.129009,129.129009,0.6006000000000142,train
4268,mitra_t7,data\raw\mitra\Data_T7\T7_DAll.csv,hard_brake,7,363.029357,353.029357,363.029357,0.6673339999999826,train
4269,mitra_t7,data\raw\mitra\Data_T7\T7_DAll.csv,hard_brake,3,132.031909,122.031909,132.031909,0.9008999999999788,train
4270,mitra_t7,data\raw\mitra\Data_T7\T7_DAll.csv,hard_brake,1,103.503407,93.503407,103.503407,1.4014000000000095,train
4271,mitra_t7,data\raw\mitra\Data_T7\T7_DAll.csv,hard_brake,1,108.775341,98.775341,108.775341,1.3012999999999977,train
4272,mitra_t7,data\raw\mitra\Data_T7\T7_DAll.csv,hard_brake,1,87.353939,77.353939,87.353939,0.8675330000000088,train
4273,mitra_t7,data\raw\mitra\Data_T7\T7_DAll.csv,hard_brake,2,104.504407,94.504407,104.504407,0.734066999999996,train
4274,mitra_t7,data\raw\mitra\Data_T7\T7_DAll.csv,hard_brake,3,66.599871,56.59987099999999,66.599871,1.1011000000000024,train
4275,mitra_t7,data\raw\mitra\Data_T7\T7_DAll.csv,hard_brake,1,112.145374,102.145374,112.145374,0.7674329999999969,train
4276,mitra_t7,data\raw\mitra\Data_T7\T7_DAll.csv,hard_brake,2,90.290206,80.290206,90.290206,0.9342670000000056,train
4277,mitra_t7,data\raw\mitra\Data_T7\T7_DAll.csv,hard_brake,3,138.004542,128.004542,138.004542,0.6006000000000142,train
4278,mitra_t7,data\raw\mitra\Data_T7\T7_DAll.csv,hard_brake,2,119.919808,109.919808,119.919808,0.8341669999999937,train
4279,mitra_t7,data\raw\mitra\Data_T7\T7_DAll.csv,hard_brake,3,62.262204,52.262204,62.262204,0.7007000000000048,train
4280,mitra_t7,data\raw\mitra\Data_T7\T7_DAll.csv,hard_brake,3,71.004271,61.004271,71.004271,1.1678339999999992,train
4281,mitra_t7,data\raw\mitra\Data_T7\T7_DAll.csv,hard_brake,3,139.005543,129.005543,139.005543,0.7674330000000111,train
4282,mitra_t7,data\raw\mitra\Data_T7\T7_DAll.csv,hard_brake,2,112.879441,102.879441,112.879441,0.8675329999999946,train
4283,mitra_t7,data\raw\mitra\Data_T7\T7_DAll.csv,hard_brake,3,72.772705,62.772705,72.772705,1.2679329999999993,train
4284,mitra_t7,data\raw\mitra\Data_T7\T7_DAll.csv,hard_brake,2,122.088641,112.088641,122.088641,0.8341670000000079,train
4285,mitra_t7,data\raw\mitra\Data_T7\T7_DAll.csv,hard_brake,1,97.997906,87.997906,97.997906,0.734066999999996,train
4286,mitra_t7,data\raw\mitra\Data_T7\T7_DAll.csv,hard_brake,1,115.315208,105.315208,115.315208,0.934266000000008,train
4287,mitra_t7,data\raw\mitra\Data_T7\T7_DAll.csv,hard_brake,3,74.307572,64.307572,74.307572,1.0343660000000057,train
4288,mitra_t7,data\raw\mitra\Data_T7\T7_DAll.csv,hard_brake,3,143.94381,133.94381,143.94381,0.5004999999999882,train
4289,mitra_t7,data\raw\mitra\Data_T7\T7_DAll.csv,hard_brake,2,123.490041,113.490041,123.490041,1.101101,train
4290,mitra_t7,data\raw\mitra\Data_T7\T7_DAll.csv,hard_brake,7,396.56286,386.56286,396.56286,0.834165999999982,train
4291,mitra_t7,data\raw\mitra\Data_T7\T7_DAll.csv,hard_brake,3,145.512043,135.512043,145.512043,0.7674329999999827,train
4292,mitra_t7,data\raw\mitra\Data_T7\T7_DAll.csv,hard_brake,2,125.358575,115.358575,125.358575,0.734066999999996,train
4293,mitra_t7,data\raw\mitra\Data_T7\T7_DAll.csv,hard_brake,1,106.47304,96.47304,106.47304,0.6006,train
4294,mitra_t7,data\raw\mitra\Data_T7\T7_DAll.csv,hard_brake,2,106.406307,96.406307,106.406307,0.6673329999999993,train
4295,mitra_t7,data\raw\mitra\Data_T7\T7_DAll.csv,hard_brake,1,121.054275,111.054275,121.054275,0.8675329999999946,train
4296,mitra_t7,data\raw\mitra\Data_T7\T7_DAll.csv,hard_brake,1,125.992542,115.992542,125.992542,1.4347659999999962,train
4297,mitra_t7,data\raw\mitra\Data_T7\T7_DAll.csv,hard_brake,2,111.010907,101.010907,111.010907,0.4671340000000015,train
4298,mitra_t7,data\raw\mitra\Data_T7\T7_DAll.csv,hard_brake,2,113.480041,103.480041,113.480041,0.5005000000000024,train
4299,mitra_t7,data\raw\mitra\Data_T7\T7_DAll.csv,hard_brake,3,78.611872,68.611872,78.611872,0.6673329999999993,train
4300,mitra_t7,data\raw\mitra\Data_T7\T7_DAll.csv,hard_brake,2,130.196742,120.196742,130.196742,0.9009000000000073,train
4301,mitra_t7,data\raw\mitra\Data_T7\T7_DAll.csv,hard_brake,1,129.162375,119.162375,129.162375,0.7674340000000086,train
4302,mitra_t7,data\raw\mitra\Data_T7\T7_DAll.csv,hard_brake,3,81.981905,71.981905,81.981905,1.0343670000000031,train
4303,mitra_t7,data\raw\mitra\Data_T7\T7_DAll.csv,hard_brake,3,147.14701,137.14701,147.14701,1.1344660000000033,train
4304,mitra_t7,data\raw\mitra\Data_T7\T7_DAll.csv,hard_brake,2,129.129009,119.129009,129.129009,0.8008000000000095,train
4305,mitra_t7,data\raw\mitra\Data_T7\T7_DAll.csv,hard_brake,1,133.099642,123.099642,133.099642,0.8341670000000079,train
4306,mitra_t7,data\raw\mitra\Data_T7\T7_DAll.csv,hard_brake,1,130.430309,120.430309,130.430309,0.5005000000000166,train
4307,mitra_t7,data\raw\mitra\Data_T7\T7_DAll.csv,hard_brake,7,401.634593,391.634593,401.634593,0.7674339999999802,train
4308,mitra_t7,data\raw\mitra\Data_T7\T7_DAll.csv,hard_brake,2,138.605142,128.605142,138.605142,1.0010010000000025,train
4309,mitra_t7,data\raw\mitra\Data_T7\T7_DAll.csv,hard_brake,2,137.070276,127.070276,137.070276,0.8675329999999803,train
4310,mitra_t7,data\raw\mitra\Data_T7\T7_DAll.csv,hard_brake,3,149.716243,139.716243,149.716243,0.9009000000000073,train
4311,mitra_t7,data\raw\mitra\Data_T7\T7_DAll.csv,hard_brake,1,117.650874,107.650874,117.650874,0.8341669999999937,train
4312,mitra_t7,data\raw\mitra\Data_T7\T7_DAll.csv,hard_brake,2,141.741609,131.741609,141.741609,0.8675339999999778,train
4313,mitra_t7,data\raw\mitra\Data_T7\T7_DAll.csv,hard_brake,2,140.073276,130.073276,140.073276,0.8675330000000088,train
4314,mitra_t7,data\raw\mitra\Data_T7\T7_DAll.csv,hard_brake,1,137.303842,127.303842,137.303842,1.1344670000000008,train
4315,mitra_t7,data\raw\mitra\Data_T7\T7_DAll.csv,hard_brake,1,143.576776,133.576776,143.576776,1.2012,train
4316,mitra_t7,data\raw\mitra\Data_T7\T7_DAll.csv,hard_brake,3,151.35121,141.35121,151.35121,0.7674329999999827,train
4317,mitra_t7,data\raw\mitra\Data_T7\T7_DAll.csv,hard_brake,7,402.502127,392.502127,402.502127,0.7340660000000412,train
4318,mitra_t7,data\raw\mitra\Data_T7\T7_DAll.csv,hard_brake,1,144.94481,134.94481,144.94481,0.6673330000000135,train
4319,mitra_t7,data\raw\mitra\Data_T7\T7_DAll.csv,hard_brake,1,128.161375,118.161375,128.161375,0.9342670000000056,train
4320,mitra_t7,data\raw\mitra\Data_T7\T7_DAll.csv,hard_brake,2,124.791342,114.791342,124.791342,0.7006999999999977,train
4321,mitra_t7,data\raw\mitra\Data_T7\T7_DAll.csv,hard_brake,2,144.310843,134.310843,144.310843,0.8007999999999811,train
4322,mitra_t7,data\raw\mitra\Data_T7\T7_DAll.csv,hard_brake,7,273.106185,263.106185,273.106185,0.500500000000045,train
4323,mitra_t7,data\raw\mitra\Data_T7\T7_DAll.csv,hard_brake,2,145.812343,135.812343,145.812343,0.9676330000000064,train
4324,mitra_t7,data\raw\mitra\Data_T7\T7_DAll.csv,hard_brake,1,148.915443,138.915443,148.915443,0.7006999999999834,train
4325,mitra_t7,data\raw\mitra\Data_T7\T7_DAll.csv,hard_brake,1,132.031909,122.031909,132.031909,0.7340659999999843,train
4326,mitra_t7,data\raw\mitra\Data_T7\T7_DAll.csv,hard_brake,3,125.091642,115.091642,125.091642,0.7007000000000119,train
4327,mitra_t7,data\raw\mitra\Data_T7\T7_DAll.csv,hard_brake,3,156.890077,146.890077,156.890077,0.9009000000000073,train
4328,mitra_t7,data\raw\mitra\Data_T7\T7_DAll.csv,hard_brake,2,150.783977,140.783977,150.783977,1.1678330000000017,train
4329,mitra_t7,data\raw\mitra\Data_T7\T7_DAll.csv,hard_brake,1,153.219743,143.219743,153.219743,0.7340670000000102,train
4330,mitra_t7,data\raw\mitra\Data_T7\T7_DAll.csv,hard_brake,1,153.887077,143.887077,153.887077,0.9009000000000073,train
4331,mitra_t7,data\raw\mitra\Data_T7\T7_DAll.csv,hard_brake,3,127.660875,117.660875,127.660875,0.5004999999999882,train
4332,mitra_t7,data\raw\mitra\Data_T7\T7_DAll.csv,hard_brake,3,129.329209,119.329209,129.329209,0.5672330000000159,train
4333,mitra_t7,data\raw\mitra\Data_T7\T7_DAll.csv,hard_brake,3,158.925444,148.925444,158.925444,0.8675330000000088,train
4334,mitra_t7,data\raw\mitra\Data_T7\T7_DAll.csv,hard_brake,2,133.500042,123.500042,133.500042,0.9342670000000056,train
4335,mitra_t7,data\raw\mitra\Data_T7\T7_DAll.csv,hard_brake,1,154.687877,144.687877,154.687877,0.7674330000000111,train
4336,mitra_t7,data\raw\mitra\Data_T7\T7_DAll.csv,hard_brake,2,153.219743,143.219743,153.219743,1.2345669999999984,train
4337,mitra_t7,data\raw\mitra\Data_T7\T7_DAll.csv,hard_brake,0,133.399942,123.399942,133.399942,0.8675339999999778,train
4338,mitra_t7,data\raw\mitra\Data_T7\T7_DAll.csv,hard_brake,3,161.561411,151.561411,161.561411,0.7340660000000128,train
4339,mitra_t7,data\raw\mitra\Data_T7\T7_DAll.csv,hard_brake,3,132.899442,122.899442,132.899442,0.967634000000004,train
4340,mitra_t7,data\raw\mitra\Data_T7\T7_DAll.csv,hard_brake,3,165.431944,155.431944,165.431944,0.7007000000000119,train
4341,mitra_t7,data\raw\mitra\Data_T7\T7_DAll.csv,hard_brake,1,139.739609,129.739609,139.739609,0.8675340000000062,train
4342,mitra_t7,data\raw\mitra\Data_T7\T7_DAll.csv,hard_brake,2,157.15701,147.15701,157.15701,0.8007999999999811,train
4343,mitra_t7,data\raw\mitra\Data_T7\T7_DAll.csv,hard_brake,2,159.492677,149.492677,159.492677,0.8008000000000095,train
4344,mitra_t7,data\raw\mitra\Data_T7\T7_DAll.csv,hard_brake,1,155.889077,145.889077,155.889077,0.9009000000000073,train
4345,mitra_t7,data\raw\mitra\Data_T7\T7_DAll.csv,hard_brake,1,141.374576,131.374576,141.374576,0.7340670000000102,train
4346,mitra_t7,data\raw\mitra\Data_T7\T7_DAll.csv,hard_brake,3,166.799978,156.799978,166.799978,0.834165999999982,train
4347,mitra_t7,data\raw\mitra\Data_T7\T7_DAll.csv,hard_brake,3,167.867711,157.867711,167.867711,0.7674329999999827,train
4348,mitra_t7,data\raw\mitra\Data_T7\T7_DAll.csv,hard_brake,2,161.027544,151.027544,161.027544,0.9342670000000056,train
4349,mitra_t7,data\raw\mitra\Data_T7\T7_DAll.csv,hard_brake,2,162.562411,152.562411,162.562411,0.9009000000000073,train
4350,mitra_t7,data\raw\mitra\Data_T7\T7_DAll.csv,hard_brake,7,416.682961,406.682961,416.682961,0.9009000000000356,train
4351,mitra_t7,data\raw\mitra\Data_T7\T7_DAll.csv,hard_brake,1,158.55841,148.55841,158.55841,0.9009010000000046,train
4352,mitra_t7,data\raw\mitra\Data_T7\T7_DAll.csv,hard_brake,3,173.139645,163.139645,173.139645,0.8341660000000104,train
4353,mitra_t7,data\raw\mitra\Data_T7\T7_DAll.csv,hard_brake,3,175.008178,165.008178,175.008178,0.8008000000000095,train
4354,mitra_t7,data\raw\mitra\Data_T7\T7_DAll.csv,hard_brake,3,169.569411,159.569411,169.569411,0.7340670000000102,train
4355,mitra_t7,data\raw\mitra\Data_T7\T7_DAll.csv,hard_brake,1,142.408943,132.408943,142.408943,0.8675330000000088,train
4356,mitra_t7,data\raw\mitra\Data_T7\T7_DAll.csv,hard_brake,2,168.501678,158.501678,168.501678,1.1344670000000008,train
4357,mitra_t7,data\raw\mitra\Data_T7\T7_DAll.csv,hard_brake,1,164.664511,154.664511,164.664511,0.9676330000000064,train
4358,mitra_t7,data\raw\mitra\Data_T7\T7_DAll.csv,hard_brake,1,167.767611,157.767611,167.767611,0.7007000000000119,train
4359,mitra_t7,data\raw\mitra\Data_T7\T7_DAll.csv,hard_brake,1,170.170011,160.170011,170.170011,0.6339670000000126,train
4360,mitra_t7,data\raw\mitra\Data_T7\T7_DAll.csv,hard_brake,2,175.642145,165.642145,175.642145,1.334666999999996,train
4361,mitra_t7,data\raw\mitra\Data_T7\T7_DAll.csv,hard_brake,3,178.611778,168.611778,178.611778,0.8675340000000062,train
4362,mitra_t7,data\raw\mitra\Data_T7\T7_DAll.csv,hard_brake,2,178.811978,168.811978,178.811978,0.8341669999999795,train
4363,mitra_t7,data\raw\mitra\Data_T7\T7_DAll.csv,hard_brake,7,281.481219,271.481219,281.481219,0.4671329999999898,train
4364,mitra_t7,data\raw\mitra\Data_T7\T7_DAll.csv,hard_brake,3,181.014179,171.014179,181.014179,0.5338659999999891,train
4365,mitra_t7,data\raw\mitra\Data_T7\T7_DAll.csv,hard_brake,21,149.215743,139.215743,149.215743,0.8675340000000062,train
4366,mitra_t7,data\raw\mitra\Data_T7\T7_DAll.csv,hard_brake,1,171.104278,161.104278,171.104278,1.2012,train
4367,mitra_t7,data\raw\mitra\Data_T7\T7_DAll.csv,hard_brake,2,181.414579,171.414579,181.414579,0.5672329999999874,train
4368,mitra_t7,data\raw\mitra\Data_T7\T7_DAll.csv,hard_brake,2,184.617779,174.617779,184.617779,0.7006999999999834,train
4369,mitra_t7,data\raw\mitra\Data_T7\T7_DAll.csv,hard_brake,3,183.783612,173.783612,183.783612,0.8675340000000062,train
4370,mitra_t7,data\raw\mitra\Data_T7\T7_DAll.csv,hard_brake,1,176.576412,166.576412,176.576412,0.7340659999999843,train
4371,mitra_t7,data\raw\mitra\Data_T7\T7_DAll.csv,hard_brake,1,180.914079,170.914079,180.914079,0.7340660000000128,train
4372,mitra_t7,data\raw\mitra\Data_T7\T7_DAll.csv,hard_brake,2,185.585412,175.585412,185.585412,0.9009000000000073,train
4373,mitra_t7,data\raw\mitra\Data_T7\T7_DAll.csv,hard_brake,3,186.085912,176.085912,186.085912,0.5338669999999865,train
4374,mitra_t7,data\raw\mitra\Data_T7\T7_DAll.csv,hard_brake,1,181.881712,171.881712,181.881712,0.9342670000000056,train
4375,mitra_t7,data\raw\mitra\Data_T7\T7_DAll.csv,hard_brake,1,177.911078,167.911078,177.911078,0.7340670000000102,train
4376,mitra_t7,data\raw\mitra\Data_T7\T7_DAll.csv,hard_brake,1,184.284112,174.284112,184.284112,0.8675340000000062,train
4377,mitra_t7,data\raw\mitra\Data_T7\T7_DAll.csv,hard_brake,3,188.121279,178.121279,188.121279,0.7007000000000119,train
4378,mitra_t7,data\raw\mitra\Data_T7\T7_DAll.csv,hard_brake,2,189.289113,179.289113,189.289113,0.8675330000000088,train
4379,mitra_t7,data\raw\mitra\Data_T7\T7_DAll.csv,hard_brake,1,187.720879,177.720879,187.720879,0.9342670000000056,train
4380,mitra_t7,data\raw\mitra\Data_T7\T7_DAll.csv,hard_brake,2,192.258746,182.258746,192.258746,1.067733000000004,train
4381,mitra_t7,data\raw\mitra\Data_T7\T7_DAll.csv,hard_brake,3,192.792613,182.792613,192.792613,1.0343660000000057,train
4382,mitra_t7,data\raw\mitra\Data_T7\T7_DAll.csv,hard_brake,2,190.323479,180.323479,190.323479,1.1678339999999992,train
4383,mitra_t7,data\raw\mitra\Data_T7\T7_DAll.csv,hard_brake,1,191.791613,181.791613,191.791613,1.0343659999999772,train
4384,mitra_t7,data\raw\mitra\Data_T7\T7_DAll.csv,hard_brake,2,174.507678,164.507678,174.507678,0.967634000000004,train
4385,mitra_t7,data\raw\mitra\Data_T7\T7_DAll.csv,hard_brake,3,199.03218,189.03218,199.03218,0.6339669999999842,train
4386,mitra_t7,data\raw\mitra\Data_T7\T7_DAll.csv,hard_brake,3,201.568047,191.568047,201.568047,0.5338659999999891,train
4387,mitra_t7,data\raw\mitra\Data_T7\T7_DAll.csv,hard_brake,2,201.13428,191.13428,201.13428,0.8675330000000088,train
4388,mitra_t7,data\raw\mitra\Data_T7\T7_DAll.csv,hard_brake,2,197.597413,187.597413,197.597413,0.9009000000000073,train
4389,mitra_t7,data\raw\mitra\Data_T7\T7_DAll.csv,hard_brake,1,175.074912,165.074912,175.074912,0.967632999999978,train
4390,mitra_t7,data\raw\mitra\Data_T7\T7_DAll.csv,hard_brake,3,206.272747,196.272747,206.272747,0.9008999999999788,train
4391,mitra_t7,data\raw\mitra\Data_T7\T7_DAll.csv,hard_brake,3,207.54068,197.54068,207.54068,0.8007999999999811,train
4392,mitra_t7,data\raw\mitra\Data_T7\T7_DAll.csv,hard_brake,2,204.671147,194.671147,204.671147,0.8341670000000079,train
4393,mitra_t7,data\raw\mitra\Data_T7\T7_DAll.csv,hard_brake,1,197.03018,187.03018,197.03018,0.8008000000000095,train
4394,mitra_t7,data\raw\mitra\Data_T7\T7_DAll.csv,hard_brake,1,179.179012,169.179012,179.179012,0.8008000000000095,train
4395,mitra_t7,data\raw\mitra\Data_T7\T7_DAll.csv,hard_brake,2,205.83898,195.83898,205.83898,0.667334000000011,train
4396,mitra_t7,data\raw\mitra\Data_T7\T7_DAll.csv,hard_brake,3,208.908714,198.908714,208.908714,0.9342670000000056,train
4397,mitra_t7,data\raw\mitra\Data_T7\T7_DAll.csv,hard_brake,2,199.666147,189.666147,199.666147,0.8341660000000104,train
4398,mitra_t7,data\raw\mitra\Data_T7\T7_DAll.csv,hard_brake,3,210.276747,200.276747,210.276747,0.9009000000000073,train
4399,mitra_t7,data\raw\mitra\Data_T7\T7_DAll.csv,hard_brake,1,200.93408,190.93408,200.93408,1.2345669999999984,train
4400,mitra_t7,data\raw\mitra\Data_T7\T7_DAll.csv,hard_brake,3,151.518043,141.518043,151.518043,0.5004999999999882,train
4401,mitra_t7,data\raw\mitra\Data_T7\T7_DAll.csv,hard_brake,3,173.806978,163.806978,173.806978,0.667334000000011,train
4402,mitra_t7,data\raw\mitra\Data_T7\T7_DAll.csv,hard_brake,3,213.246381,203.246381,213.246381,0.7674329999999827,train
4403,mitra_t7,data\raw\mitra\Data_T7\T7_DAll.csv,hard_brake,2,209.409214,199.409214,209.409214,0.6673330000000135,train
4404,mitra_t7,data\raw\mitra\Data_T7\T7_DAll.csv,hard_brake,1,202.402213,192.402213,202.402213,0.9342670000000056,train
4405,mitra_t7,data\raw\mitra\Data_T7\T7_DAll.csv,hard_brake,1,186.719879,176.719879,186.719879,0.7674330000000111,train
4406,mitra_t7,data\raw\mitra\Data_T7\T7_DAll.csv,hard_brake,1,205.972447,195.972447,205.972447,1.5348670000000195,train
4407,mitra_t7,data\raw\mitra\Data_T7\T7_DAll.csv,hard_brake,0,161.728244,151.728244,161.728244,0.5672330000000159,train
4408,mitra_t7,data\raw\mitra\Data_T7\T7_DAll.csv,hard_brake,1,189.222379,179.222379,189.222379,0.4671340000000157,train
4409,mitra_t7,data\raw\mitra\Data_T7\T7_DAll.csv,hard_brake,3,175.108278,165.108278,175.108278,0.6339669999999842,train
4410,mitra_t7,data\raw\mitra\Data_T7\T7_DAll.csv,hard_brake,3,213.947081,203.947081,213.947081,0.9009000000000073,train
4411,mitra_t7,data\raw\mitra\Data_T7\T7_DAll.csv,hard_brake,2,213.446581,203.446581,213.446581,0.7340659999999843,train
4412,mitra_t7,data\raw\mitra\Data_T7\T7_DAll.csv,hard_brake,1,193.626779,183.626779,193.626779,0.8675340000000062,train
4413,mitra_t7,data\raw\mitra\Data_T7\T7_DAll.csv,hard_brake,3,215.815614,205.815614,215.815614,0.8675339999999778,train
4414,mitra_t7,data\raw\mitra\Data_T7\T7_DAll.csv,hard_brake,1,208.64178,198.64178,208.64178,0.6005999999999858,train
4415,mitra_t7,data\raw\mitra\Data_T7\T7_DAll.csv,hard_brake,3,217.083548,207.083548,217.083548,0.7674329999999827,train
4416,mitra_t7,data\raw\mitra\Data_T7\T7_DAll.csv,hard_brake,2,219.285748,209.285748,219.285748,0.7340669999999818,train
4417,mitra_t7,data\raw\mitra\Data_T7\T7_DAll.csv,hard_brake,3,218.685148,208.685148,218.685148,0.8341670000000079,train
4418,mitra_t7,data\raw\mitra\Data_T7\T7_DAll.csv,hard_brake,3,219.519315,209.519315,219.519315,0.6673329999999851,train
4419,mitra_t7,data\raw\mitra\Data_T7\T7_DAll.csv,hard_brake,2,220.720515,210.720515,220.720515,1.6349659999999917,train
4420,mitra_t7,data\raw\mitra\Data_T7\T7_DAll.csv,hard_brake,3,222.522315,212.522315,222.522315,0.8341660000000104,train
4421,mitra_t7,data\raw\mitra\Data_T7\T7_DAll.csv,hard_brake,1,213.146281,203.146281,213.146281,0.7007000000000119,train
4422,mitra_t7,data\raw\mitra\Data_T7\T7_DAll.csv,hard_brake,3,224.390848,214.390848,224.390848,0.8007999999999811,train
4423,mitra_t7,data\raw\mitra\Data_T7\T7_DAll.csv,hard_brake,7,352.418757,342.418757,352.418757,0.7674329999999827,train
4424,mitra_t7,data\raw\mitra\Data_T7\T7_DAll.csv,hard_brake,1,214.714514,204.714514,214.714514,1.1344670000000008,train
4425,mitra_t7,data\raw\mitra\Data_T7\T7_DAll.csv,hard_brake,3,227.961082,217.961082,227.961082,0.9009000000000073,train
4426,mitra_t7,data\raw\mitra\Data_T7\T7_DAll.csv,hard_brake,3,226.693148,216.693148,226.693148,0.8341669999999795,train
4427,mitra_t7,data\raw\mitra\Data_T7\T7_DAll.csv,hard_brake,1,219.219014,209.219014,219.219014,0.800801000000007,train
4428,mitra_t7,data\raw\mitra\Data_T7\T7_DAll.csv,hard_brake,7,484.183732,474.183732,484.183732,0.8007999999999811,train
4429,mitra_t7,data\raw\mitra\Data_T7\T7_DAll.csv,hard_brake,1,221.955081,211.955081,221.955081,0.7340669999999818,train
4430,mitra_t7,data\raw\mitra\Data_T7\T7_DAll.csv,hard_brake,2,225.725515,215.725515,225.725515,0.8008000000000095,train
4431,mitra_t7,data\raw\mitra\Data_T7\T7_DAll.csv,hard_brake,1,204.270747,194.270747,204.270747,0.9009000000000073,train
4432,mitra_t7,data\raw\mitra\Data_T7\T7_DAll.csv,hard_brake,3,229.762882,219.762882,229.762882,0.9342670000000056,train
4433,mitra_t7,data\raw\mitra\Data_T7\T7_DAll.csv,hard_brake,7,428.394662,418.394662,428.394662,0.8675330000000372,train
4434,mitra_t7,data\raw\mitra\Data_T7\T7_DAll.csv,hard_brake,7,482.215099,472.215099,482.215099,0.7674329999999827,train
4435,mitra_t7,data\raw\mitra\Data_T7\T7_DAll.csv,hard_brake,1,209.909714,199.909714,209.909714,0.7674329999999827,train
4436,mitra_t7,data\raw\mitra\Data_T7\T7_DAll.csv,hard_brake,2,180.914079,170.914079,180.914079,0.5005000000000166,train
4437,mitra_t7,data\raw\mitra\Data_T7\T7_DAll.csv,hard_brake,2,229.295748,219.295748,229.295748,0.7340670000000102,train
4438,mitra_t7,data\raw\mitra\Data_T7\T7_DAll.csv,hard_brake,1,224.691148,214.691148,224.691148,0.8341670000000079,train
4439,mitra_t7,data\raw\mitra\Data_T7\T7_DAll.csv,hard_brake,6,238.271382,228.271382,238.271382,0.6006000000000142,train
4440,mitra_t7,data\raw\mitra\Data_T7\T7_DAll.csv,hard_brake,1,217.250381,207.250381,217.250381,0.9342670000000056,train
4441,mitra_t7,data\raw\mitra\Data_T7\T7_DAll.csv,hard_brake,2,231.631415,221.631415,231.631415,0.7340669999999818,train
4442,mitra_t7,data\raw\mitra\Data_T7\T7_DAll.csv,hard_brake,1,229.462582,219.462582,229.462582,1.2345669999999984,train
4443,mitra_t7,data\raw\mitra\Data_T7\T7_DAll.csv,hard_brake,3,231.431215,221.431215,231.431215,1.1011000000000024,train
4444,mitra_t7,data\raw\mitra\Data_T7\T7_DAll.csv,hard_brake,3,233.132915,223.132915,233.132915,0.7340670000000102,train
4445,mitra_t7,data\raw\mitra\Data_T7\T7_DAll.csv,hard_brake,2,234.467582,224.467582,234.467582,1.2012,train
4446,mitra_t7,data\raw\mitra\Data_T7\T7_DAll.csv,hard_brake,2,236.169282,226.169282,236.169282,0.6005999999999858,train
4447,mitra_t7,data\raw\mitra\Data_T7\T7_DAll.csv,hard_brake,3,200.600413,190.600413,200.600413,0.8008000000000095,train
4448,mitra_t7,data\raw\mitra\Data_T7\T7_DAll.csv,hard_brake,3,236.202649,226.202649,236.202649,0.6673329999999851,train
4449,mitra_t7,data\raw\mitra\Data_T7\T7_DAll.csv,hard_brake,7,193.626779,183.626779,193.626779,0.7340670000000102,train
4450,mitra_t7,data\raw\mitra\Data_T7\T7_DAll.csv,hard_brake,2,238.571682,228.571682,238.571682,0.8007999999999811,train
4451,mitra_t7,data\raw\mitra\Data_T7\T7_DAll.csv,hard_brake,1,239.872983,229.872983,239.872983,0.834165999999982,train
4452,mitra_t7,data\raw\mitra\Data_T7\T7_DAll.csv,hard_brake,1,220.320115,210.320115,220.320115,0.8675330000000088,train
4453,mitra_t7,data\raw\mitra\Data_T7\T7_DAll.csv,hard_brake,2,239.672782,229.672782,239.672782,1.3680339999999944,train
4454,mitra_t7,data\raw\mitra\Data_T7\T7_DAll.csv,hard_brake,1,194.661146,184.661146,194.661146,1.1011000000000024,train
4455,mitra_t7,data\raw\mitra\Data_T7\T7_DAll.csv,hard_brake,2,242.809249,232.809249,242.809249,1.0677340000000015,train
4456,mitra_t7,data\raw\mitra\Data_T7\T7_DAll.csv,hard_brake,2,244.644416,234.644416,244.644416,0.7340669999999818,train
4457,mitra_t7,data\raw\mitra\Data_T7\T7_DAll.csv,hard_brake,2,241.441216,231.441216,241.441216,1.1011000000000024,train
4458,mitra_t7,data\raw\mitra\Data_T7\T7_DAll.csv,hard_brake,1,223.223015,213.223015,223.223015,0.6339659999999867,train
4459,mitra_t7,data\raw\mitra\Data_T7\T7_DAll.csv,hard_brake,3,241.641416,231.641416,241.641416,0.7340670000000102,train
4460,mitra_t7,data\raw\mitra\Data_T7\T7_DAll.csv,hard_brake,1,242.041816,232.041816,242.041816,0.8341669999999795,train
4461,mitra_t7,data\raw\mitra\Data_T7\T7_DAll.csv,hard_brake,1,242.575683,232.575683,242.575683,0.9676330000000064,train
4462,mitra_t7,data\raw\mitra\Data_T7\T7_DAll.csv,hard_brake,3,243.009449,233.009449,243.009449,0.7007000000000119,train
4463,mitra_t7,data\raw\mitra\Data_T7\T7_DAll.csv,hard_brake,3,244.611049,234.611049,244.611049,0.7674339999999802,train
4464,mitra_t7,data\raw\mitra\Data_T7\T7_DAll.csv,hard_brake,2,247.180283,237.180283,247.180283,1.0343670000000031,train
4465,mitra_t7,data\raw\mitra\Data_T7\T7_DAll.csv,hard_brake,2,248.581683,238.581683,248.581683,1.1344670000000008,train
4466,mitra_t7,data\raw\mitra\Data_T7\T7_DAll.csv,hard_brake,3,247.580683,237.580683,247.580683,0.8008000000000095,train
4467,mitra_t7,data\raw\mitra\Data_T7\T7_DAll.csv,hard_brake,3,248.41485,238.41485,248.41485,0.8008000000000095,train
4468,mitra_t7,data\raw\mitra\Data_T7\T7_DAll.csv,hard_brake,1,231.598049,221.598049,231.598049,0.7674329999999827,train
4469,mitra_t7,data\raw\mitra\Data_T7\T7_DAll.csv,hard_brake,1,244.91135,234.91135,244.91135,0.8008000000000095,train
4470,mitra_t7,data\raw\mitra\Data_T7\T7_DAll.csv,hard_brake,3,250.01645,240.01645,250.01645,0.7007000000000119,train
4471,mitra_t7,data\raw\mitra\Data_T7\T7_DAll.csv,hard_brake,2,251.21765,241.21765,251.21765,0.8341670000000079,train
4472,mitra_t7,data\raw\mitra\Data_T7\T7_DAll.csv,hard_brake,7,200.567047,190.567047,200.567047,0.5672329999999874,train
4473,mitra_t7,data\raw\mitra\Data_T7\T7_DAll.csv,hard_brake,3,253.82025,243.82025,253.82025,0.7340670000000102,train
4474,mitra_t7,data\raw\mitra\Data_T7\T7_DAll.csv,hard_brake,2,255.054817,245.054817,255.054817,0.6673329999999851,train
4475,mitra_t7,data\raw\mitra\Data_T7\T7_DAll.csv,hard_brake,7,215.148281,205.148281,215.148281,0.5005000000000166,train
4476,mitra_t7,data\raw\mitra\Data_T7\T7_DAll.csv,hard_brake,3,255.088184,245.088184,255.088184,0.8007999999999811,train
4477,mitra_t7,data\raw\mitra\Data_T7\T7_DAll.csv,hard_brake,7,361.361024,351.361024,361.361024,0.8341670000000363,train
4478,mitra_t7,data\raw\mitra\Data_T7\T7_DAll.csv,hard_brake,2,258.491584,248.491584,258.491584,0.9009000000000356,train
4479,mitra_t7,data\raw\mitra\Data_T7\T7_DAll.csv,hard_brake,3,217.450581,207.450581,217.450581,0.6006000000000142,train
4480,mitra_t7,data\raw\mitra\Data_T7\T7_DAll.csv,hard_brake,3,255.755517,245.755517,255.755517,1.1344670000000292,train
4481,mitra_t7,data\raw\mitra\Data_T7\T7_DAll.csv,hard_brake,3,258.191284,248.191284,258.191284,0.5672329999999874,train
4482,mitra_t7,data\raw\mitra\Data_T7\T7_DAll.csv,hard_brake,2,263.296384,253.296384,263.296384,0.934267000000034,train
4483,mitra_t7,data\raw\mitra\Data_T7\T7_DAll.csv,hard_brake,2,243.576683,233.576683,243.576683,0.9676330000000064,train
4484,mitra_t7,data\raw\mitra\Data_T7\T7_DAll.csv,hard_brake,1,245.845616,235.845616,245.845616,0.8675340000000062,train
4485,mitra_t7,data\raw\mitra\Data_T7\T7_DAll.csv,hard_brake,2,266.266018,256.266018,266.266018,1.034366000000034,train
4486,mitra_t7,data\raw\mitra\Data_T7\T7_DAll.csv,hard_brake,1,259.52595,249.52595,259.52595,0.8675339999999778,train
4487,mitra_t7,data\raw\mitra\Data_T7\T7_DAll.csv,hard_brake,3,260.360117,250.360117,260.360117,1.0343669999999747,train
4488,mitra_t7,data\raw\mitra\Data_T7\T7_DAll.csv,hard_brake,1,275.508585,265.508585,275.508585,0.5672330000000443,train
4489,mitra_t7,data\raw\mitra\Data_T7\T7_DAll.csv,hard_brake,2,264.230651,254.230651,264.230651,0.5338659999999891,train
4490,mitra_t7,data\raw\mitra\Data_T7\T7_DAll.csv,hard_brake,3,226.426215,216.426215,226.426215,0.7006999999999834,train
4491,mitra_t7,data\raw\mitra\Data_T7\T7_DAll.csv,hard_brake,3,262.195284,252.195284,262.195284,0.5338669999999865,train
4492,mitra_t7,data\raw\mitra\Data_T7\T7_DAll.csv,hard_brake,3,263.396484,253.396484,263.396484,0.8341670000000363,train
4493,mitra_t7,data\raw\mitra\Data_T7\T7_DAll.csv,hard_brake,1,267.800884,257.800884,267.800884,0.4671339999999873,train
4494,mitra_t7,data\raw\mitra\Data_T7\T7_DAll.csv,hard_brake,3,264.764517,254.764517,264.764517,0.8008009999999786,train
4495,mitra_t7,data\raw\mitra\Data_T7\T7_DAll.csv,hard_brake,1,278.011085,268.011085,278.011085,0.934267000000034,train
4496,mitra_t7,data\raw\mitra\Data_T7\T7_DAll.csv,hard_brake,3,265.898984,255.898984,265.898984,0.8675340000000347,train
4497,mitra_t7,data\raw\mitra\Data_T7\T7_DAll.csv,hard_brake,2,269.869618,259.869618,269.869618,0.8675329999999803,train
4498,mitra_t7,data\raw\mitra\Data_T7\T7_DAll.csv,hard_brake,3,267.233651,257.233651,267.233651,0.8341669999999795,train
4499,mitra_t7,data\raw\mitra\Data_T7\T7_DAll.csv,hard_brake,2,271.738151,261.738151,271.738151,1.5014999999999643,train
4500,mitra_t7,data\raw\mitra\Data_T7\T7_DAll.csv,hard_brake,3,235.535316,225.535316,235.535316,0.8675330000000088,train
4501,mitra_t7,data\raw\mitra\Data_T7\T7_DAll.csv,hard_brake,3,268.801884,258.801884,268.801884,0.767434000000037,train
4502,mitra_t7,data\raw\mitra\Data_T7\T7_DAll.csv,hard_brake,3,236.502949,226.502949,236.502949,0.9009000000000073,train
4503,mitra_t7,data\raw\mitra\Data_T7\T7_DAll.csv,hard_brake,3,269.836251,259.836251,269.836251,0.6339669999999842,train
4504,mitra_t7,data\raw\mitra\Data_T7\T7_DAll.csv,hard_brake,7,367.667324,357.667324,367.667324,0.7006999999999834,train
4505,mitra_t7,data\raw\mitra\Data_T7\T7_DAll.csv,hard_brake,7,247.71415,237.71415,247.71415,0.6673330000000135,train
4506,mitra_t7,data\raw\mitra\Data_T7\T7_DAll.csv,hard_brake,3,237.937716,227.937716,237.937716,0.9676330000000064,train
4507,mitra_t7,data\raw\mitra\Data_T7\T7_DAll.csv,hard_brake,2,270.903985,260.903985,270.903985,1.0010000000000332,train
4508,mitra_t7,data\raw\mitra\Data_T7\T7_DAll.csv,hard_brake,3,273.573318,263.573318,273.573318,0.8341670000000363,train
4509,mitra_t7,data\raw\mitra\Data_T7\T7_DAll.csv,hard_brake,2,278.645052,268.645052,278.645052,0.6005999999999858,train
4510,mitra_t7,data\raw\mitra\Data_T7\T7_DAll.csv,hard_brake,1,280.780519,270.780519,280.780519,0.8007999999999811,train
4511,mitra_t7,data\raw\mitra\Data_T7\T7_DAll.csv,hard_brake,3,241.207649,231.207649,241.207649,0.8341670000000079,train
4512,mitra_t7,data\raw\mitra\Data_T7\T7_DAll.csv,hard_brake,3,262.028451,252.028451,262.028451,0.6339659999999867,train
4513,mitra_t7,data\raw\mitra\Data_T7\T7_DAll.csv,hard_brake,2,284.117185,274.117185,284.117185,0.8007999999999811,train
4514,mitra_t7,data\raw\mitra\Data_T7\T7_DAll.csv,hard_brake,2,280.513585,270.513585,280.513585,1.06773400000003,train
4515,mitra_t7,data\raw\mitra\Data_T7\T7_DAll.csv,hard_brake,7,451.95153,441.95153,451.95153,0.6673329999999851,train
4516,mitra_t7,data\raw\mitra\Data_T7\T7_DAll.csv,hard_brake,2,285.118185,275.118185,285.118185,0.633967000000041,train
4517,mitra_t7,data\raw\mitra\Data_T7\T7_DAll.csv,hard_brake,3,244.477583,234.477583,244.477583,0.5004999999999882,train
4518,mitra_t7,data\raw\mitra\Data_T7\T7_DAll.csv,hard_brake,3,276.943352,266.943352,276.943352,0.7340659999999843,train
4519,mitra_t7,data\raw\mitra\Data_T7\T7_DAll.csv,hard_brake,2,281.881619,271.881619,281.881619,0.8675329999999803,train
4520,mitra_t7,data\raw\mitra\Data_T7\T7_DAll.csv,hard_brake,1,252.41885,242.41885,252.41885,0.5005000000000166,train
4521,mitra_t7,data\raw\mitra\Data_T7\T7_DAll.csv,hard_brake,3,243.776883,233.776883,243.776883,0.5004999999999882,train
4522,mitra_t7,data\raw\mitra\Data_T7\T7_DAll.csv,hard_brake,3,278.611685,268.611685,278.611685,0.8007999999999811,train
4523,mitra_t7,data\raw\mitra\Data_T7\T7_DAll.csv,hard_brake,3,285.251652,275.251652,285.251652,0.8341670000000363,train
4524,mitra_t7,data\raw\mitra\Data_T7\T7_DAll.csv,hard_brake,1,270.303385,260.303385,270.303385,0.7674329999999827,train
4525,mitra_t7,data\raw\mitra\Data_T7\T7_DAll.csv,hard_brake,1,282.949352,272.949352,282.949352,0.633967000000041,train
4526,mitra_t7,data\raw\mitra\Data_T7\T7_DAll.csv,hard_brake,3,245.31175,235.31175,245.31175,0.8341660000000104,train
4527,mitra_t7,data\raw\mitra\Data_T7\T7_DAll.csv,hard_brake,3,246.71315,236.71315,246.71315,0.9008999999999788,train
4528,mitra_t7,data\raw\mitra\Data_T7\T7_DAll.csv,hard_brake,3,248.248016,238.248016,248.248016,0.6339669999999842,train
4529,mitra_t7,data\raw\mitra\Data_T7\T7_DAll.csv,hard_brake,3,284.350752,274.350752,284.350752,0.7340669999999818,train
4530,mitra_t7,data\raw\mitra\Data_T7\T7_DAll.csv,hard_brake,2,292.091819,282.091819,292.091819,1.1678340000000276,train
4531,mitra_t7,data\raw\mitra\Data_T7\T7_DAll.csv,hard_brake,7,362.228557,352.228557,362.228557,0.8007999999999811,train
4532,mitra_t7,data\raw\mitra\Data_T7\T7_DAll.csv,hard_brake,1,288.054452,278.054452,288.054452,1.534866999999963,train
4533,mitra_t7,data\raw\mitra\Data_T7\T7_DAll.csv,hard_brake,3,249.682783,239.682783,249.682783,0.667334000000011,train
4534,mitra_t7,data\raw\mitra\Data_T7\T7_DAll.csv,hard_brake,3,290.957353,280.957353,290.957353,0.8007999999999811,train
4535,mitra_t7,data\raw\mitra\Data_T7\T7_DAll.csv,hard_brake,1,293.326386,283.326386,293.326386,0.9342669999999772,train
4536,mitra_t7,data\raw\mitra\Data_T7\T7_DAll.csv,hard_brake,2,251.61805,241.61805,251.61805,0.5004999999999882,train
4537,mitra_t7,data\raw\mitra\Data_T7\T7_DAll.csv,hard_brake,3,288.621686,278.621686,288.621686,0.8007999999999811,train
4538,mitra_t7,data\raw\mitra\Data_T7\T7_DAll.csv,hard_brake,3,292.125186,282.125186,292.125186,0.4671329999999898,train
4539,mitra_t7,data\raw\mitra\Data_T7\T7_DAll.csv,hard_brake,1,297.430486,287.430486,297.430486,0.8341670000000363,train
4540,mitra_t7,data\raw\mitra\Data_T7\T7_DAll.csv,hard_brake,3,289.522586,279.522586,289.522586,0.9009000000000356,train
4541,mitra_t7,data\raw\mitra\Data_T7\T7_DAll.csv,hard_brake,1,300.19992,290.19992,300.19992,0.7340669999999818,train
4542,mitra_t7,data\raw\mitra\Data_T7\T7_DAll.csv,hard_brake,3,296.19592,286.19592,296.19592,0.9008999999999788,train
4543,mitra_t7,data\raw\mitra\Data_T7\T7_DAll.csv,hard_brake,2,297.163553,287.163553,297.163553,0.7674330000000396,train
4544,mitra_t7,data\raw\mitra\Data_T7\T7_DAll.csv,hard_brake,3,298.464853,288.464853,298.464853,0.967632999999978,train
4545,mitra_t7,data\raw\mitra\Data_T7\T7_DAll.csv,hard_brake,7,392.291926,382.291926,392.291926,0.6005999999999858,train
4546,mitra_t7,data\raw\mitra\Data_T7\T7_DAll.csv,hard_brake,3,300.667053,290.667053,300.667053,0.7674339999999802,train
4547,mitra_t7,data\raw\mitra\Data_T7\T7_DAll.csv,hard_brake,2,298.264653,288.264653,298.264653,0.8341669999999795,train
4548,mitra_t7,data\raw\mitra\Data_T7\T7_DAll.csv,hard_brake,3,303.636687,293.636687,303.636687,0.8007999999999811,train
4549,mitra_t7,data\raw\mitra\Data_T7\T7_DAll.csv,hard_brake,2,304.170553,294.170553,304.170553,0.934267000000034,train
4550,mitra_t7,data\raw\mitra\Data_T7\T7_DAll.csv,hard_brake,3,305.30502,295.30502,305.30502,0.9676339999999756,train
4551,mitra_t7,data\raw\mitra\Data_T7\T7_DAll.csv,hard_brake,3,307.140187,297.140187,307.140187,0.6339669999999842,train
4552,mitra_t7,data\raw\mitra\Data_T7\T7_DAll.csv,hard_brake,3,309.575954,299.575954,309.575954,0.5338659999999891,train
4553,mitra_t7,data\raw\mitra\Data_T7\T7_DAll.csv,hard_brake,3,310.510221,300.510221,310.510221,0.7674329999999827,train
4554,mitra_t7,data\raw\mitra\Data_T7\T7_DAll.csv,hard_brake,2,309.976354,299.976354,309.976354,0.8007999999999811,train
4555,mitra_t7,data\raw\mitra\Data_T7\T7_DAll.csv,hard_brake,2,311.577954,301.577954,311.577954,0.7007000000000403,train
4556,mitra_t7,data\raw\mitra\Data_T7\T7_DAll.csv,hard_brake,3,311.277654,301.277654,311.277654,0.8341670000000363,train
4557,mitra_t7,data\raw\mitra\Data_T7\T7_DAll.csv,hard_brake,2,276.643052,266.643052,276.643052,0.7674329999999827,train
4558,mitra_t7,data\raw\mitra\Data_T7\T7_DAll.csv,hard_brake,2,312.979354,302.979354,312.979354,0.8007999999999811,train
4559,mitra_t7,data\raw\mitra\Data_T7\T7_DAll.csv,hard_brake,1,307.60732,297.60732,307.60732,1.5014999999999643,train
4560,mitra_t7,data\raw\mitra\Data_T7\T7_DAll.csv,hard_brake,3,312.545587,302.545587,312.545587,0.9008999999999788,train
4561,mitra_t7,data\raw\mitra\Data_T7\T7_DAll.csv,hard_brake,1,295.528586,285.528586,295.528586,0.7340669999999818,train
4562,mitra_t7,data\raw\mitra\Data_T7\T7_DAll.csv,hard_brake,3,277.777518,267.777518,277.777518,0.6673340000000394,train
4563,mitra_t7,data\raw\mitra\Data_T7\T7_DAll.csv,hard_brake,3,314.180554,304.180554,314.180554,0.7674330000000396,train
4564,mitra_t7,data\raw\mitra\Data_T7\T7_DAll.csv,hard_brake,1,301.10082,291.10082,301.10082,0.5004999999999882,train
4565,mitra_t7,data\raw\mitra\Data_T7\T7_DAll.csv,hard_brake,2,314.580954,304.580954,314.580954,0.8675339999999778,train
4566,mitra_t7,data\raw\mitra\Data_T7\T7_DAll.csv,hard_brake,1,298.364753,288.364753,298.364753,0.9008999999999788,train
4567,mitra_t7,data\raw\mitra\Data_T7\T7_DAll.csv,hard_brake,2,316.816521,306.816521,316.816521,0.967632999999978,train
4568,mitra_t7,data\raw\mitra\Data_T7\T7_DAll.csv,hard_brake,1,309.142187,299.142187,309.142187,0.8008000000000379,train
4569,mitra_t7,data\raw\mitra\Data_T7\T7_DAll.csv,hard_brake,3,317.950988,307.950988,317.950988,0.5672329999999874,train
4570,mitra_t7,data\raw\mitra\Data_T7\T7_DAll.csv,hard_brake,3,320.053088,310.053088,320.053088,0.7340669999999818,train
4571,mitra_t7,data\raw\mitra\Data_T7\T7_DAll.csv,hard_brake,1,318.051088,308.051088,318.051088,1.5682330000000206,train
4572,mitra_t7,data\raw\mitra\Data_T7\T7_DAll.csv,hard_brake,1,323.022721,313.022721,323.022721,1.434767000000022,train
4573,mitra_t7,data\raw\mitra\Data_T7\T7_DAll.csv,hard_brake,2,322.889255,312.889255,322.889255,0.7340659999999843,train
4574,mitra_t7,data\raw\mitra\Data_T7\T7_DAll.csv,hard_brake,2,325.558588,315.558588,325.558588,0.7340670000000387,train
4575,mitra_t7,data\raw\mitra\Data_T7\T7_DAll.csv,hard_brake,3,323.790155,313.790155,323.790155,0.834165999999982,train
4576,mitra_t7,data\raw\mitra\Data_T7\T7_DAll.csv,hard_brake,3,325.258288,315.258288,325.258288,0.8675340000000347,train
4577,mitra_t7,data\raw\mitra\Data_T7\T7_DAll.csv,hard_brake,3,327.060088,317.060088,327.060088,0.9008999999999788,train
4578,mitra_t7,data\raw\mitra\Data_T7\T7_DAll.csv,hard_brake,1,311.911621,301.911621,311.911621,0.7006999999999834,train
4579,mitra_t7,data\raw\mitra\Data_T7\T7_DAll.csv,hard_brake,3,325.692055,315.692055,325.692055,0.7674330000000396,train
4580,mitra_t7,data\raw\mitra\Data_T7\T7_DAll.csv,hard_brake,7,473.372931,463.372931,473.372931,0.7674339999999802,train
4581,mitra_t7,data\raw\mitra\Data_T7\T7_DAll.csv,hard_brake,1,314.047087,304.047087,314.047087,0.9009000000000356,train
4582,mitra_t7,data\raw\mitra\Data_T7\T7_DAll.csv,hard_brake,1,314.547587,304.547587,314.547587,0.6673339999999826,train
4583,mitra_t7,data\raw\mitra\Data_T7\T7_DAll.csv,hard_brake,3,329.162188,319.162188,329.162188,0.4671339999999873,train
4584,mitra_t7,data\raw\mitra\Data_T7\T7_DAll.csv,hard_brake,2,334.033722,324.033722,334.033722,1.2679329999999709,train
4585,mitra_t7,data\raw\mitra\Data_T7\T7_DAll.csv,hard_brake,3,329.595955,319.595955,329.595955,0.8675329999999803,train
4586,mitra_t7,data\raw\mitra\Data_T7\T7_DAll.csv,hard_brake,1,331.030722,321.030722,331.030722,1.6015999999999622,train
4587,mitra_t7,data\raw\mitra\Data_T7\T7_DAll.csv,hard_brake,2,292.792519,282.792519,292.792519,1.0009999999999764,train
4588,mitra_t7,data\raw\mitra\Data_T7\T7_DAll.csv,hard_brake,2,336.469489,326.469489,336.469489,0.8341669999999795,train
4589,mitra_t7,data\raw\mitra\Data_T7\T7_DAll.csv,hard_brake,1,315.648688,305.648688,315.648688,0.8007999999999811,train
4590,mitra_t7,data\raw\mitra\Data_T7\T7_DAll.csv,hard_brake,1,342.608956,332.608956,342.608956,1.5348670000000195,train
4591,mitra_t7,data\raw\mitra\Data_T7\T7_DAll.csv,hard_brake,2,332.732422,322.732422,332.732422,1.0343670000000316,train
4592,mitra_t7,data\raw\mitra\Data_T7\T7_DAll.csv,hard_brake,3,332.832522,322.832522,332.832522,0.8008000000000379,train
4593,mitra_t7,data\raw\mitra\Data_T7\T7_DAll.csv,hard_brake,2,340.206556,330.206556,340.206556,1.434767000000022,train
4594,mitra_t7,data\raw\mitra\Data_T7\T7_DAll.csv,hard_brake,7,404.504127,394.504127,404.504127,0.5672330000000443,train
4595,mitra_t7,data\raw\mitra\Data_T7\T7_DAll.csv,hard_brake,3,293.459853,283.459853,293.459853,1.8018000000000145,train
4596,mitra_t7,data\raw\mitra\Data_T7\T7_DAll.csv,hard_brake,3,333.900255,323.900255,333.900255,0.7340669999999818,train
4597,mitra_t7,data\raw\mitra\Data_T7\T7_DAll.csv,hard_brake,1,336.035722,326.035722,336.035722,0.9342669999999772,train
4598,mitra_t7,data\raw\mitra\Data_T7\T7_DAll.csv,hard_brake,3,321.621321,311.621321,321.621321,0.5672339999999849,train
4599,mitra_t7,data\raw\mitra\Data_T7\T7_DAll.csv,hard_brake,3,337.170189,327.170189,337.170189,0.8007999999999811,train
4600,mitra_t7,data\raw\mitra\Data_T7\T7_DAll.csv,hard_brake,2,328.795155,318.795155,328.795155,0.7674329999999827,train
4601,mitra_t7,data\raw\mitra\Data_T7\T7_DAll.csv,hard_brake,7,407.27356,397.27356,407.27356,0.8008000000000379,train
4602,mitra_t7,data\raw\mitra\Data_T7\T7_DAll.csv,hard_brake,2,344.877889,334.877889,344.877889,0.934267000000034,train
4603,mitra_t7,data\raw\mitra\Data_T7\T7_DAll.csv,hard_brake,3,341.908256,331.908256,341.908256,0.5672329999999874,train
4604,mitra_t7,data\raw\mitra\Data_T7\T7_DAll.csv,hard_brake,2,351.78479,341.78479,351.78479,0.8675330000000372,train
4605,mitra_t7,data\raw\mitra\Data_T7\T7_DAll.csv,hard_brake,2,347.98099,337.98099,347.98099,0.6673329999999851,train
4606,mitra_t7,data\raw\mitra\Data_T7\T7_DAll.csv,hard_brake,1,325.491855,315.491855,325.491855,0.9676330000000348,train
4607,mitra_t7,data\raw\mitra\Data_T7\T7_DAll.csv,hard_brake,3,343.876889,333.876889,343.876889,1.101099999999974,train
4608,mitra_t7,data\raw\mitra\Data_T7\T7_DAll.csv,hard_brake,2,346.47949,336.47949,346.47949,0.6673329999999851,train
4609,mitra_t7,data\raw\mitra\Data_T7\T7_DAll.csv,hard_brake,1,348.68169,338.68169,348.68169,0.8007999999999811,train
4610,mitra_t7,data\raw\mitra\Data_T7\T7_DAll.csv,hard_brake,1,344.444123,334.444123,344.444123,0.8675330000000372,train
4611,mitra_t7,data\raw\mitra\Data_T7\T7_DAll.csv,hard_brake,2,354.253923,344.253923,354.253923,0.5672340000000418,train
4612,mitra_t7,data\raw\mitra\Data_T7\T7_DAll.csv,hard_brake,3,349.248923,339.248923,349.248923,0.7340669999999818,train
4613,mitra_t7,data\raw\mitra\Data_T7\T7_DAll.csv,hard_brake,1,332.598955,322.598955,332.598955,0.6673339999999826,train
4614,mitra_t7,data\raw\mitra\Data_T7\T7_DAll.csv,hard_brake,3,347.18019,337.18019,347.18019,0.8008000000000379,train
4615,mitra_t7,data\raw\mitra\Data_T7\T7_DAll.csv,hard_brake,1,355.321657,345.321657,355.321657,0.8341669999999795,train
4616,mitra_t7,data\raw\mitra\Data_T7\T7_DAll.csv,hard_brake,2,355.822157,345.822157,355.822157,0.6673329999999851,train
4617,mitra_t7,data\raw\mitra\Data_T7\T7_DAll.csv,hard_brake,2,357.79079,347.79079,357.79079,0.8675339999999778,train
4618,mitra_t7,data\raw\mitra\Data_T7\T7_DAll.csv,hard_brake,10,350.817157,340.817157,350.817157,0.6339659999999867,train
4619,mitra_t7,data\raw\mitra\Data_T7\T7_DAll.csv,hard_brake,3,350.650323,340.650323,350.650323,0.8341669999999795,train
4620,mitra_t7,data\raw\mitra\Data_T7\T7_DAll.csv,hard_brake,2,359.459124,349.459124,359.459124,0.8675330000000372,train
4621,mitra_t7,data\raw\mitra\Data_T7\T7_DAll.csv,hard_brake,3,352.752423,342.752423,352.752423,0.7340669999999818,train
4622,mitra_t7,data\raw\mitra\Data_T7\T7_DAll.csv,hard_brake,7,475.308198,465.308198,475.308198,0.6673329999999851,train
4623,mitra_t7,data\raw\mitra\Data_T7\T7_DAll.csv,hard_brake,1,360.860524,350.860524,360.860524,0.8007999999999811,train
4624,mitra_t7,data\raw\mitra\Data_T7\T7_DAll.csv,hard_brake,2,361.260924,351.260924,361.260924,1.0677330000000325,train
4625,mitra_t7,data\raw\mitra\Data_T7\T7_DAll.csv,hard_brake,1,361.828157,351.828157,361.828157,1.1678340000000276,train
4626,mitra_t7,data\raw\mitra\Data_T7\T7_DAll.csv,hard_brake,3,353.58659,343.58659,353.58659,1.0677329999999756,train
4627,mitra_t7,data\raw\mitra\Data_T7\T7_DAll.csv,hard_brake,3,354.98799,344.98799,354.98799,0.5004999999999882,train
4628,mitra_t7,data\raw\mitra\Data_T7\T7_DAll.csv,hard_brake,1,364.263924,354.263924,364.263924,1.0677330000000325,train
4629,mitra_t7,data\raw\mitra\Data_T7\T7_DAll.csv,hard_brake,2,362.862524,352.862524,362.862524,0.967632999999978,train
4630,mitra_t7,data\raw\mitra\Data_T7\T7_DAll.csv,hard_brake,3,357.623957,347.623957,357.623957,0.8675329999999803,train
4631,mitra_t7,data\raw\mitra\Data_T7\T7_DAll.csv,hard_brake,3,358.858524,348.858524,358.858524,0.8008000000000379,train
4632,mitra_t7,data\raw\mitra\Data_T7\T7_DAll.csv,hard_brake,2,366.933258,356.933258,366.933258,0.7340659999999843,train
4633,mitra_t7,data\raw\mitra\Data_T7\T7_DAll.csv,hard_brake,7,486.552765,476.552765,486.552765,0.9342669999999772,train
4634,mitra_t7,data\raw\mitra\Data_T7\T7_DAll.csv,hard_brake,1,345.545223,335.545223,345.545223,0.7674329999999827,train
4635,mitra_t7,data\raw\mitra\Data_T7\T7_DAll.csv,hard_brake,3,360.993991,350.993991,360.993991,0.834165999999982,train
4636,mitra_t7,data\raw\mitra\Data_T7\T7_DAll.csv,hard_brake,2,371.137458,361.137458,371.137458,0.8675330000000372,train
4637,mitra_t7,data\raw\mitra\Data_T7\T7_DAll.csv,hard_brake,1,334.133822,324.133822,334.133822,0.5338669999999865,train
4638,mitra_t7,data\raw\mitra\Data_T7\T7_DAll.csv,hard_brake,3,362.528857,352.528857,362.528857,1.1344669999999724,train
4639,mitra_t7,data\raw\mitra\Data_T7\T7_DAll.csv,hard_brake,1,368.935258,358.935258,368.935258,0.7340660000000412,train
4640,mitra_t7,data\raw\mitra\Data_T7\T7_DAll.csv,hard_brake,3,355.355023,345.355023,355.355023,0.8008009999999786,train
4641,mitra_t7,data\raw\mitra\Data_T7\T7_DAll.csv,hard_brake,7,411.511127,401.511127,411.511127,0.7340670000000387,train
4642,mitra_t7,data\raw\mitra\Data_T7\T7_DAll.csv,hard_brake,3,365.031357,355.031357,365.031357,0.8007999999999811,train
4643,mitra_t7,data\raw\mitra\Data_T7\T7_DAll.csv,hard_brake,3,367.133458,357.133458,367.133458,1.0343659999999772,train
4644,mitra_t7,data\raw\mitra\Data_T7\T7_DAll.csv,hard_brake,10,338.971989,328.971989,338.971989,1.2679329999999709,train
4645,mitra_t7,data\raw\mitra\Data_T7\T7_DAll.csv,hard_brake,2,372.839158,362.839158,372.839158,0.8341669999999795,train
4646,mitra_t7,data\raw\mitra\Data_T7\T7_DAll.csv,hard_brake,1,369.702691,359.702691,369.702691,0.967632999999978,train
4647,mitra_t7,data\raw\mitra\Data_T7\T7_DAll.csv,hard_brake,3,369.502491,359.502491,369.502491,0.6673329999999851,train
4648,mitra_t7,data\raw\mitra\Data_T7\T7_DAll.csv,hard_brake,2,374.073725,364.073725,374.073725,0.9342659999999796,train
4649,mitra_t7,data\raw\mitra\Data_T7\T7_DAll.csv,hard_brake,1,374.974625,364.974625,374.974625,0.9342659999999796,train
4650,mitra_t7,data\raw\mitra\Data_T7\T7_DAll.csv,hard_brake,2,341.741423,331.741423,341.741423,0.5004999999999882,train
4651,mitra_t7,data\raw\mitra\Data_T7\T7_DAll.csv,hard_brake,2,378.578225,368.578225,378.578225,0.934267000000034,train
4652,mitra_t7,data\raw\mitra\Data_T7\T7_DAll.csv,hard_brake,3,373.272925,363.272925,373.272925,1.0677330000000325,train
4653,mitra_t7,data\raw\mitra\Data_T7\T7_DAll.csv,hard_brake,1,362.862524,352.862524,362.862524,0.8007999999999811,train
4654,mitra_t7,data\raw\mitra\Data_T7\T7_DAll.csv,hard_brake,2,381.814792,371.814792,381.814792,1.0343669999999747,train
4655,mitra_t7,data\raw\mitra\Data_T7\T7_DAll.csv,hard_brake,2,383.850159,373.850159,383.850159,0.834165999999982,train
4656,mitra_t7,data\raw\mitra\Data_T7\T7_DAll.csv,hard_brake,3,342.141823,332.141823,342.141823,1.2345660000000294,train
4657,mitra_t7,data\raw\mitra\Data_T7\T7_DAll.csv,hard_brake,3,344.010356,334.010356,344.010356,1.0677329999999756,train
4658,mitra_t7,data\raw\mitra\Data_T7\T7_DAll.csv,hard_brake,3,377.176825,367.176825,377.176825,1.1678329999999733,train
4659,mitra_t7,data\raw\mitra\Data_T7\T7_DAll.csv,hard_brake,3,345.078089,335.078089,345.078089,0.8675340000000347,train
4660,mitra_t7,data\raw\mitra\Data_T7\T7_DAll.csv,hard_brake,3,378.611592,368.611592,378.611592,0.9009000000000356,train
4661,mitra_t7,data\raw\mitra\Data_T7\T7_DAll.csv,hard_brake,2,375.274925,365.274925,375.274925,1.0677329999999756,train
4662,mitra_t7,data\raw\mitra\Data_T7\T7_DAll.csv,hard_brake,0,355.054723,345.054723,355.054723,0.7674339999999802,train
4663,mitra_t7,data\raw\mitra\Data_T7\T7_DAll.csv,hard_brake,2,386.686326,376.686326,386.686326,1.3346659999999702,train
4664,mitra_t7,data\raw\mitra\Data_T7\T7_DAll.csv,hard_brake,3,345.67869,335.67869,345.67869,1.3680329999999683,train
4665,mitra_t7,data\raw\mitra\Data_T7\T7_DAll.csv,hard_brake,3,379.946258,369.946258,379.946258,0.6673339999999826,train
4666,mitra_t7,data\raw\mitra\Data_T7\T7_DAll.csv,hard_brake,1,381.614592,371.614592,381.614592,0.9008999999999788,train
4667,mitra_t7,data\raw\mitra\Data_T7\T7_DAll.csv,hard_brake,3,346.846523,336.846523,346.846523,1.2012000000000285,train
4668,mitra_t7,data\raw\mitra\Data_T7\T7_DAll.csv,hard_brake,3,382.248559,372.248559,382.248559,0.7674329999999827,train
4669,mitra_t7,data\raw\mitra\Data_T7\T7_DAll.csv,hard_brake,1,387.487126,377.487126,387.487126,0.8675330000000372,train
4670,mitra_t7,data\raw\mitra\Data_T7\T7_DAll.csv,hard_brake,3,347.58059,337.58059,347.58059,1.2345660000000294,train
4671,mitra_t7,data\raw\mitra\Data_T7\T7_DAll.csv,hard_brake,3,382.915892,372.915892,382.915892,0.934267000000034,train
4672,mitra_t7,data\raw\mitra\Data_T7\T7_DAll.csv,hard_brake,2,390.390026,380.390026,390.390026,1.1344670000000292,train
4673,mitra_t7,data\raw\mitra\Data_T7\T7_DAll.csv,hard_brake,3,340.206556,330.206556,340.206556,0.9676330000000348,train
4674,mitra_t7,data\raw\mitra\Data_T7\T7_DAll.csv,hard_brake,2,366.265924,356.265924,366.265924,0.7340670000000387,train
4675,mitra_t7,data\raw\mitra\Data_T7\T7_DAll.csv,hard_brake,3,350.416756,340.416756,350.416756,0.8341669999999795,train
4676,mitra_t7,data\raw\mitra\Data_T7\T7_DAll.csv,hard_brake,3,384.016992,374.016992,384.016992,1.0009999999999764,train
4677,mitra_t7,data\raw\mitra\Data_T7\T7_DAll.csv,hard_brake,2,350.316656,340.316656,350.316656,0.8675339999999778,train
4678,mitra_t7,data\raw\mitra\Data_T7\T7_DAll.csv,hard_brake,1,388.488126,378.488126,388.488126,0.8675329999999803,train
4679,mitra_t7,data\raw\mitra\Data_T7\T7_DAll.csv,hard_brake,6,466.999898,456.999898,466.999898,0.500500000000045,train
4680,mitra_t7,data\raw\mitra\Data_T7\T7_DAll.csv,hard_brake,2,393.626593,383.626593,393.626593,0.9008999999999788,train
4681,mitra_t7,data\raw\mitra\Data_T7\T7_DAll.csv,hard_brake,3,350.88389,340.88389,350.88389,1.0343669999999747,train
4682,mitra_t7,data\raw\mitra\Data_T7\T7_DAll.csv,hard_brake,3,388.421392,378.421392,388.421392,0.7674339999999802,train
4683,mitra_t7,data\raw\mitra\Data_T7\T7_DAll.csv,hard_brake,3,350.450123,340.450123,350.450123,1.6349669999999603,train
4684,mitra_t7,data\raw\mitra\Data_T7\T7_DAll.csv,hard_brake,3,389.455759,379.455759,389.455759,0.5672329999999874,train
4685,mitra_t7,data\raw\mitra\Data_T7\T7_DAll.csv,hard_brake,1,393.226193,383.226193,393.226193,0.6339659999999867,train
4686,mitra_t7,data\raw\mitra\Data_T7\T7_DAll.csv,hard_brake,7,422.355295,412.355295,422.355295,0.9008999999999788,train
4687,mitra_t7,data\raw\mitra\Data_T7\T7_DAll.csv,hard_brake,3,353.419757,343.419757,353.419757,0.7340659999999843,train
4688,mitra_t7,data\raw\mitra\Data_T7\T7_DAll.csv,hard_brake,3,391.391026,381.391026,391.391026,1.1344669999999724,train
4689,mitra_t7,data\raw\mitra\Data_T7\T7_DAll.csv,hard_brake,3,394.394026,384.394026,394.394026,0.8007999999999811,train
4690,mitra_t7,data\raw\mitra\Data_T7\T7_DAll.csv,hard_brake,3,354.354023,344.354023,354.354023,0.8008000000000379,train
4691,mitra_t7,data\raw\mitra\Data_T7\T7_DAll.csv,hard_brake,1,401.234193,391.234193,401.234193,0.8007999999999811,train
4692,mitra_t7,data\raw\mitra\Data_T7\T7_DAll.csv,hard_brake,3,354.053723,344.053723,354.053723,1.801801000000012,train
4693,mitra_t7,data\raw\mitra\Data_T7\T7_DAll.csv,hard_brake,2,396.26256,386.26256,396.26256,1.101099999999974,train
4694,mitra_t7,data\raw\mitra\Data_T7\T7_DAll.csv,hard_brake,1,376.642958,366.642958,376.642958,0.7006999999999834,train
4695,mitra_t7,data\raw\mitra\Data_T7\T7_DAll.csv,hard_brake,1,403.66996,393.66996,403.66996,1.0343669999999747,train
4696,mitra_t7,data\raw\mitra\Data_T7\T7_DAll.csv,hard_brake,3,399.932893,389.932893,399.932893,0.7674330000000396,train
4697,mitra_t7,data\raw\mitra\Data_T7\T7_DAll.csv,hard_brake,2,398.531493,388.531493,398.531493,1.5014999999999643,train
4698,mitra_t7,data\raw\mitra\Data_T7\T7_DAll.csv,hard_brake,3,355.221557,345.221557,355.221557,0.5672329999999874,train
4699,mitra_t7,data\raw\mitra\Data_T7\T7_DAll.csv,hard_brake,3,396.729693,386.729693,396.729693,0.967632999999978,train
4700,mitra_t7,data\raw\mitra\Data_T7\T7_DAll.csv,hard_brake,1,406.67296,396.67296,406.67296,1.0343670000000316,train
4701,mitra_t7,data\raw\mitra\Data_T7\T7_DAll.csv,hard_brake,2,400.533493,390.533493,400.533493,0.8341669999999795,train
4702,mitra_t7,data\raw\mitra\Data_T7\T7_DAll.csv,hard_brake,1,383.149459,373.149459,383.149459,0.7007000000000403,train
4703,mitra_t7,data\raw\mitra\Data_T7\T7_DAll.csv,hard_brake,3,397.897526,387.897526,397.897526,0.8007999999999811,train
4704,mitra_t7,data\raw\mitra\Data_T7\T7_DAll.csv,hard_brake,7,424.090361,414.090361,424.090361,0.8341670000000363,train
4705,mitra_t7,data\raw\mitra\Data_T7\T7_DAll.csv,hard_brake,1,412.578861,402.578861,412.578861,1.3012999999999693,train
4706,mitra_t7,data\raw\mitra\Data_T7\T7_DAll.csv,hard_brake,1,413.713327,403.713327,413.713327,0.6673339999999826,train
4707,mitra_t7,data\raw\mitra\Data_T7\T7_DAll.csv,hard_brake,2,404.437393,394.437393,404.437393,0.767434000000037,train
4708,mitra_t7,data\raw\mitra\Data_T7\T7_DAll.csv,hard_brake,7,508.074267,498.074267,508.074267,0.4671329999999898,train
4709,mitra_t7,data\raw\mitra\Data_T7\T7_DAll.csv,hard_brake,1,418.017628,408.017628,418.017628,0.8675329999999803,train
4710,mitra_t7,data\raw\mitra\Data_T7\T7_DAll.csv,hard_brake,1,384.517492,374.517492,384.517492,0.7340669999999818,train
4711,mitra_t7,data\raw\mitra\Data_T7\T7_DAll.csv,hard_brake,7,425.358295,415.358295,425.358295,0.7340659999999843,train
4712,mitra_t7,data\raw\mitra\Data_T7\T7_DAll.csv,hard_brake,2,363.730057,353.730057,363.730057,0.5004999999999882,train
4713,mitra_t7,data\raw\mitra\Data_T7\T7_DAll.csv,hard_brake,2,408.408027,398.408027,408.408027,0.8007999999999811,train
4714,mitra_t7,data\raw\mitra\Data_T7\T7_DAll.csv,hard_brake,1,420.219828,410.219828,420.219828,0.834165999999982,train
4715,mitra_t7,data\raw\mitra\Data_T7\T7_DAll.csv,hard_brake,3,404.036993,394.036993,404.036993,0.6673339999999826,train
4716,mitra_t7,data\raw\mitra\Data_T7\T7_DAll.csv,hard_brake,3,404.87116,394.87116,404.87116,0.8341670000000363,train
4717,mitra_t7,data\raw\mitra\Data_T7\T7_DAll.csv,hard_brake,1,421.921528,411.921528,421.921528,1.1344669999999724,train
4718,mitra_t7,data\raw\mitra\Data_T7\T7_DAll.csv,hard_brake,3,406.17246,396.17246,406.17246,0.6673339999999826,train
4719,mitra_t7,data\raw\mitra\Data_T7\T7_DAll.csv,hard_brake,2,414.313927,404.313927,414.313927,0.7340670000000387,train
4720,mitra_t7,data\raw\mitra\Data_T7\T7_DAll.csv,hard_brake,1,425.525128,415.525128,425.525128,0.8675329999999803,train
4721,mitra_t7,data\raw\mitra\Data_T7\T7_DAll.csv,hard_brake,3,406.97326,396.97326,406.97326,1.06773400000003,train
4722,mitra_t7,data\raw\mitra\Data_T7\T7_DAll.csv,hard_brake,2,416.015627,406.015627,416.015627,0.8675339999999778,train
4723,mitra_t7,data\raw\mitra\Data_T7\T7_DAll.csv,hard_brake,3,408.77506,398.77506,408.77506,0.9342669999999772,train
4724,mitra_t7,data\raw\mitra\Data_T7\T7_DAll.csv,hard_brake,1,426.592862,416.592862,426.592862,0.967632999999978,train
4725,mitra_t7,data\raw\mitra\Data_T7\T7_DAll.csv,hard_brake,2,417.884161,407.884161,417.884161,0.8341669999999795,train
4726,mitra_t7,data\raw\mitra\Data_T7\T7_DAll.csv,hard_brake,3,370.436758,360.436758,370.436758,1.5348670000000195,train
4727,mitra_t7,data\raw\mitra\Data_T7\T7_DAll.csv,hard_brake,3,410.610227,400.610227,410.610227,0.9342669999999772,train
4728,mitra_t7,data\raw\mitra\Data_T7\T7_DAll.csv,hard_brake,3,412.378661,402.378661,412.378661,0.834165999999982,train
4729,mitra_t7,data\raw\mitra\Data_T7\T7_DAll.csv,hard_brake,1,374.707691,364.707691,374.707691,0.6005999999999858,train
4730,mitra_t7,data\raw\mitra\Data_T7\T7_DAll.csv,hard_brake,2,424.991261,414.991261,424.991261,0.9008999999999788,train
4731,mitra_t7,data\raw\mitra\Data_T7\T7_DAll.csv,hard_brake,3,413.646594,403.646594,413.646594,0.9008999999999788,train
4732,mitra_t7,data\raw\mitra\Data_T7\T7_DAll.csv,hard_brake,3,415.014627,405.014627,415.014627,0.7006999999999834,train
4733,mitra_t7,data\raw\mitra\Data_T7\T7_DAll.csv,hard_brake,2,422.355295,412.355295,422.355295,1.3680329999999683,train
4734,mitra_t7,data\raw\mitra\Data_T7\T7_DAll.csv,hard_brake,3,417.650594,407.650594,417.650594,0.9008999999999788,train
4735,mitra_t7,data\raw\mitra\Data_T7\T7_DAll.csv,hard_brake,1,433.032629,423.032629,433.032629,0.7007000000000403,train
4736,mitra_t7,data\raw\mitra\Data_T7\T7_DAll.csv,hard_brake,1,431.431028,421.431028,431.431028,0.5672339999999849,train
4737,mitra_t7,data\raw\mitra\Data_T7\T7_DAll.csv,hard_brake,3,419.419028,409.419028,419.419028,0.8007999999999811,train
4738,mitra_t7,data\raw\mitra\Data_T7\T7_DAll.csv,hard_brake,2,432.165095,422.165095,432.165095,0.9008999999999788,train
4739,mitra_t7,data\raw\mitra\Data_T7\T7_DAll.csv,hard_brake,2,427.360295,417.360295,427.360295,0.7006999999999834,train
4740,mitra_t7,data\raw\mitra\Data_T7\T7_DAll.csv,hard_brake,1,438.304562,428.304562,438.304562,0.767434000000037,train
4741,mitra_t7,data\raw\mitra\Data_T7\T7_DAll.csv,hard_brake,3,422.155095,412.155095,422.155095,0.7340659999999843,train
4742,mitra_t7,data\raw\mitra\Data_T7\T7_DAll.csv,hard_brake,3,424.056995,414.056995,424.056995,1.0010000000000332,train
4743,mitra_t7,data\raw\mitra\Data_T7\T7_DAll.csv,hard_brake,2,439.672596,429.672596,439.672596,1.2345660000000294,train
4744,mitra_t7,data\raw\mitra\Data_T7\T7_DAll.csv,hard_brake,2,435.034629,425.034629,435.034629,1.3680330000000254,train
4745,mitra_t7,data\raw\mitra\Data_T7\T7_DAll.csv,hard_brake,3,436.569496,426.569496,436.569496,0.8675329999999803,train
4746,mitra_t7,data\raw\mitra\Data_T7\T7_DAll.csv,hard_brake,3,418.818428,408.818428,418.818428,0.7340660000000412,train
4747,mitra_t7,data\raw\mitra\Data_T7\T7_DAll.csv,hard_brake,1,440.706962,430.706962,440.706962,1.701701000000014,train
4748,mitra_t7,data\raw\mitra\Data_T7\T7_DAll.csv,hard_brake,3,430.630228,420.630228,430.630228,0.934267000000034,train
4749,mitra_t7,data\raw\mitra\Data_T7\T7_DAll.csv,hard_brake,3,432.298562,422.298562,432.298562,0.9342669999999772,train
4750,mitra_t7,data\raw\mitra\Data_T7\T7_DAll.csv,hard_brake,2,442.875796,432.875796,442.875796,0.8675330000000372,train
4751,mitra_t7,data\raw\mitra\Data_T7\T7_DAll.csv,hard_brake,1,448.94853,438.94853,448.94853,0.4671329999999898,train
4752,mitra_t7,data\raw\mitra\Data_T7\T7_DAll.csv,hard_brake,3,434.267195,424.267195,434.267195,0.9676339999999756,train
4753,mitra_t7,data\raw\mitra\Data_T7\T7_DAll.csv,hard_brake,2,445.111363,435.111363,445.111363,1.1344660000000315,train
4754,mitra_t7,data\raw\mitra\Data_T7\T7_DAll.csv,hard_brake,1,450.85043,440.85043,450.85043,0.5672329999999874,train
4755,mitra_t7,data\raw\mitra\Data_T7\T7_DAll.csv,hard_brake,2,446.679596,436.679596,446.679596,0.9008999999999788,train
4756,mitra_t7,data\raw\mitra\Data_T7\T7_DAll.csv,hard_brake,1,451.65123,441.65123,451.65123,0.7674329999999827,train
4757,mitra_t7,data\raw\mitra\Data_T7\T7_DAll.csv,hard_brake,2,447.94753,437.94753,447.94753,1.2679330000000275,train
4758,mitra_t7,data\raw\mitra\Data_T7\T7_DAll.csv,hard_brake,1,453.319563,443.319563,453.319563,0.9342669999999772,train
4759,mitra_t7,data\raw\mitra\Data_T7\T7_DAll.csv,hard_brake,3,442.074996,432.074996,442.074996,0.8341669999999795,train
4760,mitra_t7,data\raw\mitra\Data_T7\T7_DAll.csv,hard_brake,2,449.382296,439.382296,449.382296,1.0343670000000316,train
4761,mitra_t7,data\raw\mitra\Data_T7\T7_DAll.csv,hard_brake,1,430.696962,420.696962,430.696962,0.7007000000000403,train
4762,mitra_t7,data\raw\mitra\Data_T7\T7_DAll.csv,hard_brake,2,451.818063,441.818063,451.818063,0.7674339999999802,train
4763,mitra_t7,data\raw\mitra\Data_T7\T7_DAll.csv,hard_brake,3,446.045629,436.045629,446.045629,1.0343669999999747,train
4764,mitra_t7,data\raw\mitra\Data_T7\T7_DAll.csv,hard_brake,3,447.14673,437.14673,447.14673,0.6005999999999858,train
4765,mitra_t7,data\raw\mitra\Data_T7\T7_DAll.csv,hard_brake,3,448.74833,438.74833,448.74833,0.834165999999982,train
4766,mitra_t7,data\raw\mitra\Data_T7\T7_DAll.csv,hard_brake,1,436.436029,426.436029,436.436029,0.967632999999978,train
4767,mitra_t7,data\raw\mitra\Data_T7\T7_DAll.csv,hard_brake,2,455.45503,445.45503,455.45503,1.4681339999999636,train
4768,mitra_t7,data\raw\mitra\Data_T7\T7_DAll.csv,hard_brake,3,451.417663,441.417663,451.417663,0.8341669999999795,train
4769,mitra_t7,data\raw\mitra\Data_T7\T7_DAll.csv,hard_brake,7,462.762331,452.762331,462.762331,0.8675329999999803,train
4770,mitra_t7,data\raw\mitra\Data_T7\T7_DAll.csv,hard_brake,2,456.622863,446.622863,456.622863,0.8008009999999786,train
4771,mitra_t7,data\raw\mitra\Data_T7\T7_DAll.csv,hard_brake,1,458.224464,448.224464,458.224464,1.0343659999999772,train
4772,mitra_t7,data\raw\mitra\Data_T7\T7_DAll.csv,hard_brake,1,439.172096,429.172096,439.172096,0.5672329999999874,train
4773,mitra_t7,data\raw\mitra\Data_T7\T7_DAll.csv,hard_brake,2,461.794697,451.794697,461.794697,0.8008000000000379,train
4774,mitra_t7,data\raw\mitra\Data_T7\T7_DAll.csv,hard_brake,3,457.323564,447.323564,457.323564,0.7674330000000396,train
4775,mitra_t7,data\raw\mitra\Data_T7\T7_DAll.csv,hard_brake,2,457.990897,447.990897,457.990897,0.7674329999999827,train
4776,mitra_t7,data\raw\mitra\Data_T7\T7_DAll.csv,hard_brake,3,458.090997,448.090997,458.090997,0.8341669999999795,train
4777,mitra_t7,data\raw\mitra\Data_T7\T7_DAll.csv,hard_brake,7,476.442665,466.442665,476.442665,0.7007000000000403,train
4778,mitra_t7,data\raw\mitra\Data_T7\T7_DAll.csv,hard_brake,2,460.226464,450.226464,460.226464,0.8675329999999803,train
4779,mitra_t7,data\raw\mitra\Data_T7\T7_DAll.csv,hard_brake,2,462.428664,452.428664,462.428664,1.0009999999999764,train
4780,mitra_t7,data\raw\mitra\Data_T7\T7_DAll.csv,hard_brake,3,460.96053,450.96053,460.96053,0.8008009999999786,train
4781,mitra_t7,data\raw\mitra\Data_T7\T7_DAll.csv,hard_brake,3,465.498397,455.498397,465.498397,0.7674339999999802,train
4782,mitra_t7,data\raw\mitra\Data_T7\T7_DAll.csv,hard_brake,1,467.166731,457.166731,467.166731,1.4347669999999653,train
4783,mitra_t7,data\raw\mitra\Data_T7\T7_DAll.csv,hard_brake,3,467.166731,457.166731,467.166731,0.7674329999999827,train
4784,mitra_t7,data\raw\mitra\Data_T7\T7_DAll.csv,hard_brake,1,452.35193,442.35193,452.35193,0.7340670000000387,train
4785,mitra_t7,data\raw\mitra\Data_T7\T7_DAll.csv,hard_brake,2,465.832064,455.832064,465.832064,0.7674329999999827,train
4786,mitra_t7,data\raw\mitra\Data_T7\T7_DAll.csv,hard_brake,3,468.301198,458.301198,468.301198,0.967632999999978,train
4787,mitra_t7,data\raw\mitra\Data_T7\T7_DAll.csv,hard_brake,3,469.268831,459.268831,469.268831,0.6673330000000419,train
4788,mitra_t7,data\raw\mitra\Data_T7\T7_DAll.csv,hard_brake,2,467.066631,457.066631,467.066631,0.7007000000000403,train
4789,mitra_t7,data\raw\mitra\Data_T7\T7_DAll.csv,hard_brake,2,473.072631,463.072631,473.072631,0.8675339999999778,train
4790,mitra_t7,data\raw\mitra\Data_T7\T7_DAll.csv,hard_brake,3,471.237464,461.237464,471.237464,0.8675340000000347,train
4791,mitra_t7,data\raw\mitra\Data_T7\T7_DAll.csv,hard_brake,2,472.138365,462.138365,472.138365,0.967632999999978,train
4792,mitra_t7,data\raw\mitra\Data_T7\T7_DAll.csv,hard_brake,1,476.209098,466.209098,476.209098,0.7340670000000387,train
4793,mitra_t7,data\raw\mitra\Data_T7\T7_DAll.csv,hard_brake,1,456.823064,446.823064,456.823064,0.7674330000000396,train
4794,mitra_t7,data\raw\mitra\Data_T7\T7_DAll.csv,hard_brake,3,473.372931,463.372931,473.372931,0.9008999999999788,train
4795,mitra_t7,data\raw\mitra\Data_T7\T7_DAll.csv,hard_brake,2,474.707598,464.707598,474.707598,0.8341669999999795,train
4796,mitra_t7,data\raw\mitra\Data_T7\T7_DAll.csv,hard_brake,3,474.707598,464.707598,474.707598,1.0677329999999756,train
4797,mitra_t7,data\raw\mitra\Data_T7\T7_DAll.csv,hard_brake,3,477.844065,467.844065,477.844065,0.7674329999999827,train
4798,mitra_t7,data\raw\mitra\Data_T7\T7_DAll.csv,hard_brake,1,459.65923,449.65923,459.65923,0.7007000000000403,train
4799,mitra_t7,data\raw\mitra\Data_T7\T7_DAll.csv,hard_brake,3,478.377932,468.377932,478.377932,0.5004999999999882,train
4800,mitra_t7,data\raw\mitra\Data_T7\T7_DAll.csv,hard_brake,3,479.612498,469.612498,479.612498,0.8341669999999795,train
4801,mitra_t7,data\raw\mitra\Data_T7\T7_DAll.csv,hard_brake,2,463.763331,453.763331,463.763331,0.834165999999982,train
4802,mitra_t7,data\raw\mitra\Data_T7\T7_DAll.csv,hard_brake,1,477.610498,467.610498,477.610498,1.3346669999999676,train
4803,mitra_t7,data\raw\mitra\Data_T7\T7_DAll.csv,hard_brake,2,465.198097,455.198097,465.198097,0.7674339999999802,train
4804,mitra_t7,data\raw\mitra\Data_T7\T7_DAll.csv,hard_brake,2,481.180732,471.180732,481.180732,0.6006000000000427,train
4805,mitra_t7,data\raw\mitra\Data_T7\T7_DAll.csv,hard_brake,3,463.529764,453.529764,463.529764,0.7340669999999818,train
4806,mitra_t7,data\raw\mitra\Data_T7\T7_DAll.csv,hard_brake,1,480.146365,470.146365,480.146365,1.1344669999999724,train
4807,mitra_t7,data\raw\mitra\Data_T7\T7_DAll.csv,hard_brake,3,481.747965,471.747965,481.747965,0.8675339999999778,train
4808,mitra_t7,data\raw\mitra\Data_T7\T7_DAll.csv,hard_brake,1,483.916799,473.916799,483.916799,0.8675329999999803,train
4809,mitra_t7,data\raw\mitra\Data_T7\T7_DAll.csv,hard_brake,2,482.381932,472.381932,482.381932,0.9008999999999788,train
4810,mitra_t7,data\raw\mitra\Data_T7\T7_DAll.csv,hard_brake,1,485.651865,475.651865,485.651865,0.9676340000000324,train
4811,mitra_t7,data\raw\mitra\Data_T7\T7_DAll.csv,hard_brake,2,486.619499,476.619499,486.619499,0.8341669999999795,train
4812,mitra_t7,data\raw\mitra\Data_T7\T7_DAll.csv,hard_brake,3,484.283832,474.283832,484.283832,0.8341669999999795,train
4813,mitra_t7,data\raw\mitra\Data_T7\T7_DAll.csv,hard_brake,3,487.220099,477.220099,487.220099,1.0677329999999756,train
4814,mitra_t7,data\raw\mitra\Data_T7\T7_DAll.csv,hard_brake,2,493.459666,483.459666,493.459666,0.8341669999999795,train
4815,mitra_t7,data\raw\mitra\Data_T7\T7_DAll.csv,hard_brake,2,488.921799,478.921799,488.921799,0.8675329999999803,train
4816,mitra_t7,data\raw\mitra\Data_T7\T7_DAll.csv,hard_brake,7,508.508034,498.508034,508.508034,0.834165999999982,train
4817,mitra_t7,data\raw\mitra\Data_T7\T7_DAll.csv,hard_brake,7,509.3422,499.3422,509.3422,0.8341670000000363,train
4818,mitra_t7,data\raw\mitra\Data_T7\T7_DAll.csv,hard_brake,3,489.255466,479.255466,489.255466,0.8675329999999803,train
4819,mitra_t7,data\raw\mitra\Data_T7\T7_DAll.csv,hard_brake,2,477.477032,467.477032,477.477032,0.7006999999999834,train
4820,mitra_t7,data\raw\mitra\Data_T7\T7_DAll.csv,hard_brake,1,470.837064,460.837064,470.837064,0.7674339999999802,train
4821,mitra_t7,data\raw\mitra\Data_T7\T7_DAll.csv,hard_brake,2,497.163366,487.163366,497.163366,0.8007999999999811,train
4822,mitra_t7,data\raw\mitra\Data_T7\T7_DAll.csv,hard_brake,1,490.223099,480.223099,490.223099,1.4014000000000235,train
4823,mitra_t7,data\raw\mitra\Data_T7\T7_DAll.csv,hard_brake,1,471.804698,461.804698,471.804698,0.633967000000041,train
4824,mitra_t7,data\raw\mitra\Data_T7\T7_DAll.csv,hard_brake,2,494.293833,484.293833,494.293833,0.834165999999982,train
4825,mitra_t7,data\raw\mitra\Data_T7\T7_DAll.csv,hard_brake,3,492.091633,482.091633,492.091633,0.8675329999999803,train
4826,mitra_t7,data\raw\mitra\Data_T7\T7_DAll.csv,hard_brake,2,498.097633,488.097633,498.097633,0.8675330000000372,train
4827,mitra_t7,data\raw\mitra\Data_T7\T7_DAll.csv,hard_brake,3,493.459666,483.459666,493.459666,1.0009999999999764,train
4828,mitra_t7,data\raw\mitra\Data_T7\T7_DAll.csv,hard_brake,3,494.293833,484.293833,494.293833,1.0009999999999764,train
4829,mitra_t7,data\raw\mitra\Data_T7\T7_DAll.csv,hard_brake,1,497.3302,487.3302,497.3302,0.9676330000000348,train
4830,mitra_t7,data\raw\mitra\Data_T7\T7_DAll.csv,hard_brake,3,495.962166,485.962166,495.962166,1.0009999999999764,train
4831,mitra_t7,data\raw\mitra\Data_T7\T7_DAll.csv,hard_brake,2,499.899433,489.899433,499.899433,1.4014000000000235,train
4832,mitra_t7,data\raw\mitra\Data_T7\T7_DAll.csv,hard_brake,1,503.569767,493.569767,503.569767,0.7340659999999843,train
4833,mitra_t7,data\raw\mitra\Data_T7\T7_DAll.csv,hard_brake,1,488.588132,478.588132,488.588132,0.8675340000000347,train
4834,mitra_t7,data\raw\mitra\Data_T7\T7_DAll.csv,hard_brake,1,499.966166,489.966166,499.966166,0.8341670000000363,train
4835,mitra_t7,data\raw\mitra\Data_T7\T7_DAll.csv,hard_brake,2,502.9358,492.9358,502.9358,0.8675330000000372,train
4836,mitra_t7,data\raw\mitra\Data_T7\T7_DAll.csv,hard_brake,3,498.664866,488.664866,498.664866,0.9676339999999756,train
4837,mitra_t7,data\raw\mitra\Data_T7\T7_DAll.csv,hard_brake,1,504.971167,494.971167,504.971167,0.6673330000000419,train
4838,mitra_t7,data\raw\mitra\Data_T7\T7_DAll.csv,hard_brake,3,501.100633,491.100633,501.100633,0.8007999999999811,train
4839,mitra_t7,data\raw\mitra\Data_T7\T7_DAll.csv,hard_brake,3,502.969167,492.969167,502.969167,1.0009999999999764,train
4840,mitra_t7,data\raw\mitra\Data_T7\T7_DAll.csv,hard_brake,1,509.0419,499.0419,509.0419,0.9342669999999772,train
4841,mitra_t7,data\raw\mitra\Data_T7\T7_DAll.csv,hard_brake,7,705.538213,695.538213,705.538213,0.5338669999999865,train
4842,mitra_t7,data\raw\mitra\Data_T7\T7_DAll.csv,hard_brake,2,501.601133,491.601133,501.601133,0.8675339999999778,train
4843,mitra_t7,data\raw\mitra\Data_T7\T7_DAll.csv,hard_brake,2,508.407934,498.407934,508.407934,1.2345659999999723,train
4844,mitra_t7,data\raw\mitra\Data_T7\T7_DAll.csv,hard_brake,3,504.971167,494.971167,504.971167,0.8341660000000388,train
4845,mitra_t7,data\raw\mitra\Data_T7\T7_DAll.csv,hard_brake,2,513.880067,503.88006700000005,513.880067,0.7674339999999802,train
4846,mitra_t7,data\raw\mitra\Data_T7\T7_DAll.csv,hard_brake,7,987.186265,977.186265,987.186265,0.8007999999999811,train
4847,mitra_t7,data\raw\mitra\Data_T7\T7_DAll.csv,hard_brake,3,510.409934,500.409934,510.409934,0.7340659999999843,train
4848,mitra_t7,data\raw\mitra\Data_T7\T7_DAll.csv,hard_brake,2,510.810334,500.810334,510.810334,0.834165999999982,train
4849,mitra_t7,data\raw\mitra\Data_T7\T7_DAll.csv,hard_brake,3,507.173367,497.173367,507.173367,0.4671329999999898,train
4850,mitra_t7,data\raw\mitra\Data_T7\T7_DAll.csv,hard_brake,1,498.8317,488.8317,498.8317,0.6339659999999867,train
4851,mitra_t7,data\raw\mitra\Data_T7\T7_DAll.csv,hard_brake,2,514.780967,504.780967,514.780967,0.8675339999999778,train
4852,mitra_t7,data\raw\mitra\Data_T7\T7_DAll.csv,hard_brake,1,507.173367,497.173367,507.173367,0.8008000000000379,train
4853,mitra_t7,data\raw\mitra\Data_T7\T7_DAll.csv,hard_brake,2,516.449301,506.449301,516.449301,0.8675329999999803,train
4854,mitra_t7,data\raw\mitra\Data_T7\T7_DAll.csv,hard_brake,3,513.479667,503.479667,513.479667,0.8341670000000931,train
4855,mitra_t7,data\raw\mitra\Data_T7\T7_DAll.csv,hard_brake,3,519.886068,509.886068,519.886068,0.6005999999999858,train
4856,mitra_t7,data\raw\mitra\Data_T7\T7_DAll.csv,hard_brake,1,526.626135,516.626135,526.626135,1.3680329999999683,train
4857,mitra_t7,data\raw\mitra\Data_T7\T7_DAll.csv,hard_brake,1,528.561402,518.561402,528.561402,0.9342659999999796,train
4858,mitra_t7,data\raw\mitra\Data_T7\T7_DAll.csv,hard_brake,1,515.148001,505.148001,515.148001,0.6673329999999851,train
4859,mitra_t7,data\raw\mitra\Data_T7\T7_DAll.csv,hard_brake,1,513.813334,503.81333400000005,513.813334,0.6339669999999842,train
4860,mitra_t7,data\raw\mitra\Data_T7\T7_DAll.csv,hard_brake,1,531.330835,521.330835,531.330835,1.0009999999999764,train
4861,mitra_t7,data\raw\mitra\Data_T7\T7_DAll.csv,hard_brake,3,518.384568,508.384568,518.384568,0.9342660000000932,train
4862,mitra_t7,data\raw\mitra\Data_T7\T7_DAll.csv,hard_brake,1,515.681867,505.681867,515.681867,0.8007999999999811,train
4863,mitra_t7,data\raw\mitra\Data_T7\T7_DAll.csv,hard_brake,1,534.033535,524.033535,534.033535,0.6339669999999842,train
4864,mitra_t7,data\raw\mitra\Data_T7\T7_DAll.csv,hard_brake,2,526.692868,516.692868,526.692868,1.1344669999999724,train
4865,mitra_t7,data\raw\mitra\Data_T7\T7_DAll.csv,hard_brake,2,530.963802,520.963802,530.963802,1.0343659999999772,train
4866,mitra_t7,data\raw\mitra\Data_T7\T7_DAll.csv,hard_brake,2,528.694868,518.694868,528.694868,1.3012999999999693,train
4867,mitra_t7,data\raw\mitra\Data_T7\T7_DAll.csv,hard_brake,1,518.885068,508.8850680000001,518.885068,0.7674329999999827,train
4868,mitra_t7,data\raw\mitra\Data_T7\T7_DAll.csv,hard_brake,3,530.930435,520.930435,530.930435,0.9008999999999788,train
4869,mitra_t7,data\raw\mitra\Data_T7\T7_DAll.csv,hard_brake,2,520.219734,510.219734,520.219734,0.9342669999999772,train
4870,mitra_t7,data\raw\mitra\Data_T7\T7_DAll.csv,hard_brake,1,520.052901,510.052901,520.052901,0.9342669999999772,train
4871,mitra_t7,data\raw\mitra\Data_T7\T7_DAll.csv,hard_brake,3,521.621134,511.621134,521.621134,0.8675339999999778,train
4872,mitra_t7,data\raw\mitra\Data_T7\T7_DAll.csv,hard_brake,3,522.321835,512.321835,522.321835,0.834165999999982,train
4873,mitra_t7,data\raw\mitra\Data_T7\T7_DAll.csv,hard_brake,2,532.665502,522.665502,532.665502,1.00100000000009,train
4874,mitra_t7,data\raw\mitra\Data_T7\T7_DAll.csv,hard_brake,3,523.789968,513.789968,523.789968,0.8675329999999803,train
4875,mitra_t7,data\raw\mitra\Data_T7\T7_DAll.csv,hard_brake,3,532.031535,522.031535,532.031535,0.8007999999999811,train
4876,mitra_t7,data\raw\mitra\Data_T7\T7_DAll.csv,hard_brake,2,535.067902,525.067902,535.067902,0.7674329999999827,train
4877,mitra_t7,data\raw\mitra\Data_T7\T7_DAll.csv,hard_brake,1,537.203369,527.203369,537.203369,1.6349670000000742,train
4878,mitra_t7,data\raw\mitra\Data_T7\T7_DAll.csv,hard_brake,1,543.242736,533.242736,543.242736,1.101099999999974,train
4879,mitra_t7,data\raw\mitra\Data_T7\T7_DAll.csv,hard_brake,7,597.196639,587.196639,597.196639,0.7006999999999834,train
4880,mitra_t7,data\raw\mitra\Data_T7\T7_DAll.csv,hard_brake,2,536.035535,526.035535,536.035535,0.9676339999999756,train
4881,mitra_t7,data\raw\mitra\Data_T7\T7_DAll.csv,hard_brake,3,533.032535,523.032535,533.032535,0.8007999999999811,train
4882,mitra_t7,data\raw\mitra\Data_T7\T7_DAll.csv,hard_brake,2,546.679503,536.679503,546.679503,0.8341660000000957,train
4883,mitra_t7,data\raw\mitra\Data_T7\T7_DAll.csv,hard_brake,3,533.966802,523.966802,533.966802,0.8675329999999803,train
4884,mitra_t7,data\raw\mitra\Data_T7\T7_DAll.csv,hard_brake,3,539.105269,529.105269,539.105269,0.7340669999999818,train
4885,mitra_t7,data\raw\mitra\Data_T7\T7_DAll.csv,hard_brake,3,535.034535,525.034535,535.034535,0.8007999999999811,train
4886,mitra_t7,data\raw\mitra\Data_T7\T7_DAll.csv,hard_brake,3,535.468302,525.468302,535.468302,0.8675329999999803,train
4887,mitra_t7,data\raw\mitra\Data_T7\T7_DAll.csv,hard_brake,2,544.177003,534.177003,544.177003,0.834165999999982,train
4888,mitra_t7,data\raw\mitra\Data_T7\T7_DAll.csv,hard_brake,3,537.069902,527.069902,537.069902,0.7674340000000939,train
4889,mitra_t7,data\raw\mitra\Data_T7\T7_DAll.csv,hard_brake,7,601.467573,591.467573,601.467573,0.7674329999999827,train
4890,mitra_t7,data\raw\mitra\Data_T7\T7_DAll.csv,hard_brake,1,544.877703,534.877703,544.877703,0.967632999999978,train
4891,mitra_t7,data\raw\mitra\Data_T7\T7_DAll.csv,hard_brake,1,551.684503,541.684503,551.684503,1.5015000000000782,train
4892,mitra_t7,data\raw\mitra\Data_T7\T7_DAll.csv,hard_brake,1,553.653137,543.653137,553.653137,0.7006999999999834,train
4893,mitra_t7,data\raw\mitra\Data_T7\T7_DAll.csv,hard_brake,1,554.353837,544.353837,554.353837,0.6673329999999851,train
4894,mitra_t7,data\raw\mitra\Data_T7\T7_DAll.csv,hard_brake,3,542.108269,532.108269,542.108269,0.9009000000000924,train
4895,mitra_t7,data\raw\mitra\Data_T7\T7_DAll.csv,hard_brake,1,555.42157,545.42157,555.42157,0.9342669999999772,train
4896,mitra_t7,data\raw\mitra\Data_T7\T7_DAll.csv,hard_brake,3,543.676503,533.676503,543.676503,0.834165999999982,train
4897,mitra_t7,data\raw\mitra\Data_T7\T7_DAll.csv,hard_brake,1,540.473302,530.473302,540.473302,0.8675339999999778,train
4898,mitra_t7,data\raw\mitra\Data_T7\T7_DAll.csv,hard_brake,3,544.544036,534.544036,544.544036,0.8007999999999811,train
4899,mitra_t7,data\raw\mitra\Data_T7\T7_DAll.csv,hard_brake,3,545.077903,535.077903,545.077903,0.7674329999999827,train
4900,mitra_t7,data\raw\mitra\Data_T7\T7_DAll.csv,hard_brake,2,553.186003,543.186003,553.186003,1.0009999999999764,train
4901,mitra_t7,data\raw\mitra\Data_T7\T7_DAll.csv,hard_brake,1,557.790604,547.790604,557.790604,1.0677329999999756,train
4902,mitra_t7,data\raw\mitra\Data_T7\T7_DAll.csv,hard_brake,2,556.455937,546.455937,556.455937,0.5672330000001011,train
4903,mitra_t7,data\raw\mitra\Data_T7\T7_DAll.csv,hard_brake,3,546.412569,536.412569,546.412569,0.7674340000000939,train
4904,mitra_t7,data\raw\mitra\Data_T7\T7_DAll.csv,hard_brake,1,561.494304,551.494304,561.494304,1.0343659999999772,train
4905,mitra_t7,data\raw\mitra\Data_T7\T7_DAll.csv,hard_brake,2,548.080903,538.080903,548.080903,0.7674329999999827,train
4906,mitra_t7,data\raw\mitra\Data_T7\T7_DAll.csv,hard_brake,3,549.31547,539.31547,549.31547,0.7006999999999834,train
4907,mitra_t7,data\raw\mitra\Data_T7\T7_DAll.csv,hard_brake,1,549.348836,539.348836,549.348836,0.5004999999999882,train
4908,mitra_t7,data\raw\mitra\Data_T7\T7_DAll.csv,hard_brake,3,550.650136,540.650136,550.650136,0.8675339999999778,train
4909,mitra_t7,data\raw\mitra\Data_T7\T7_DAll.csv,hard_brake,1,567.466937,557.466937,567.466937,1.23456699999997,train
4910,mitra_t7,data\raw\mitra\Data_T7\T7_DAll.csv,hard_brake,2,559.392204,549.392204,559.392204,1.4681329999999662,train
4911,mitra_t7,data\raw\mitra\Data_T7\T7_DAll.csv,hard_brake,3,553.286103,543.286103,553.286103,0.9008999999999788,train
4912,mitra_t7,data\raw\mitra\Data_T7\T7_DAll.csv,hard_brake,3,564.697504,554.697504,564.697504,1.0009999999999764,train
4913,mitra_t7,data\raw\mitra\Data_T7\T7_DAll.csv,hard_brake,2,566.365837,556.365837,566.365837,0.6673339999999826,train
4914,mitra_t7,data\raw\mitra\Data_T7\T7_DAll.csv,hard_brake,2,562.562037,552.562037,562.562037,1.1344669999999724,train
4915,mitra_t7,data\raw\mitra\Data_T7\T7_DAll.csv,hard_brake,3,554.787603,544.787603,554.787603,0.9008999999999788,train
4916,mitra_t7,data\raw\mitra\Data_T7\T7_DAll.csv,hard_brake,3,555.655137,545.655137,555.655137,0.7006999999999834,train
4917,mitra_t7,data\raw\mitra\Data_T7\T7_DAll.csv,hard_brake,3,555.087903,545.087903,555.087903,0.7674339999999802,train
4918,mitra_t7,data\raw\mitra\Data_T7\T7_DAll.csv,hard_brake,2,563.529671,553.529671,563.529671,1.5014999999999643,train
4919,mitra_t7,data\raw\mitra\Data_T7\T7_DAll.csv,hard_brake,2,570.970438,560.970438,570.970438,1.4014000000000806,train
4920,mitra_t7,data\raw\mitra\Data_T7\T7_DAll.csv,hard_brake,1,565.331471,555.331471,565.331471,0.8675329999999803,train
4921,mitra_t7,data\raw\mitra\Data_T7\T7_DAll.csv,hard_brake,2,565.398204,555.398204,565.398204,0.9676330000000916,train
4922,mitra_t7,data\raw\mitra\Data_T7\T7_DAll.csv,hard_brake,1,566.365837,556.365837,566.365837,0.6673339999999826,train
4923,mitra_t7,data\raw\mitra\Data_T7\T7_DAll.csv,hard_brake,3,565.765237,555.765237,565.765237,0.7674340000000939,train
4924,mitra_t7,data\raw\mitra\Data_T7\T7_DAll.csv,hard_brake,2,569.669138,559.669138,569.669138,1.5348660000000791,train
4925,mitra_t7,data\raw\mitra\Data_T7\T7_DAll.csv,hard_brake,1,573.039171,563.039171,573.039171,0.8341669999999795,train
4926,mitra_t7,data\raw\mitra\Data_T7\T7_DAll.csv,hard_brake,3,574.640771,564.640771,574.640771,0.9008999999999788,train
4927,mitra_t7,data\raw\mitra\Data_T7\T7_DAll.csv,hard_brake,1,581.514305,571.514305,581.514305,0.8675329999999803,train
4928,mitra_t7,data\raw\mitra\Data_T7\T7_DAll.csv,hard_brake,1,579.045172,569.045172,579.045172,1.1678329999999733,train
4929,mitra_t7,data\raw\mitra\Data_T7\T7_DAll.csv,hard_brake,1,569.969438,559.969438,569.969438,0.7340659999999843,train
4930,mitra_t7,data\raw\mitra\Data_T7\T7_DAll.csv,hard_brake,3,571.737871,561.737871,571.737871,0.967632999999978,train
4931,mitra_t7,data\raw\mitra\Data_T7\T7_DAll.csv,hard_brake,3,567.133271,557.133271,567.133271,0.9008999999999788,train
4932,mitra_t7,data\raw\mitra\Data_T7\T7_DAll.csv,hard_brake,2,574.307105,564.307105,574.307105,1.0677329999999756,train
4933,mitra_t7,data\raw\mitra\Data_T7\T7_DAll.csv,hard_brake,1,584.083539,574.083539,584.083539,0.967632999999978,train
4934,mitra_t7,data\raw\mitra\Data_T7\T7_DAll.csv,hard_brake,2,585.184639,575.184639,585.184639,0.867533000000094,train
4935,mitra_t7,data\raw\mitra\Data_T7\T7_DAll.csv,hard_brake,3,570.937071,560.937071,570.937071,1.1011000000000877,train
4936,mitra_t7,data\raw\mitra\Data_T7\T7_DAll.csv,hard_brake,3,577.009805,567.009805,577.009805,0.8675329999999803,train
4937,mitra_t7,data\raw\mitra\Data_T7\T7_DAll.csv,hard_brake,2,581.347472,571.347472,581.347472,0.8675329999999803,train
4938,mitra_t7,data\raw\mitra\Data_T7\T7_DAll.csv,hard_brake,3,573.539671,563.539671,573.539671,0.8341669999999795,train
4939,mitra_t7,data\raw\mitra\Data_T7\T7_DAll.csv,hard_brake,3,576.409205,566.409205,576.409205,0.8007999999999811,train
4940,mitra_t7,data\raw\mitra\Data_T7\T7_DAll.csv,hard_brake,1,576.742871,566.742871,576.742871,0.9676339999999756,train
4941,mitra_t7,data\raw\mitra\Data_T7\T7_DAll.csv,hard_brake,2,586.852972,576.852972,586.852972,1.0343669999999747,train
4942,mitra_t7,data\raw\mitra\Data_T7\T7_DAll.csv,hard_brake,3,580.880338,570.880338,580.880338,1.0009999999999764,train
4943,mitra_t7,data\raw\mitra\Data_T7\T7_DAll.csv,hard_brake,3,578.611405,568.611405,578.611405,0.7674329999999827,train
4944,mitra_t7,data\raw\mitra\Data_T7\T7_DAll.csv,hard_brake,1,586.252372,576.252372,586.252372,0.967632999999978,train
4945,mitra_t7,data\raw\mitra\Data_T7\T7_DAll.csv,hard_brake,2,582.248372,572.248372,582.248372,0.967632999999978,train
4946,mitra_t7,data\raw\mitra\Data_T7\T7_DAll.csv,hard_brake,3,582.215005,572.215005,582.215005,0.9676339999999756,train
4947,mitra_t7,data\raw\mitra\Data_T7\T7_DAll.csv,hard_brake,1,589.322106,579.322106,589.322106,0.9009000000000924,train
4948,mitra_t7,data\raw\mitra\Data_T7\T7_DAll.csv,hard_brake,3,585.284739,575.284739,585.284739,0.7674330000000964,train
4949,mitra_t7,data\raw\mitra\Data_T7\T7_DAll.csv,hard_brake,1,600.032806,590.032806,600.032806,1.534866999999963,train
4950,mitra_t7,data\raw\mitra\Data_T7\T7_DAll.csv,hard_brake,2,591.657772,581.657772,591.657772,0.7340669999999818,train
4951,mitra_t7,data\raw\mitra\Data_T7\T7_DAll.csv,hard_brake,1,596.195639,586.195639,596.195639,0.8675339999999778,train
4952,mitra_t7,data\raw\mitra\Data_T7\T7_DAll.csv,hard_brake,3,587.820605,577.820605,587.820605,1.23456699999997,train
4953,mitra_t7,data\raw\mitra\Data_T7\T7_DAll.csv,hard_brake,2,593.092539,583.092539,593.092539,0.8007999999999811,train
4954,mitra_t7,data\raw\mitra\Data_T7\T7_DAll.csv,hard_brake,1,603.00244,593.00244,603.00244,0.5672329999999874,train
4955,mitra_t7,data\raw\mitra\Data_T7\T7_DAll.csv,hard_brake,3,589.388839,579.388839,589.388839,1.167833000000087,train
4956,mitra_t7,data\raw\mitra\Data_T7\T7_DAll.csv,hard_brake,3,591.224006,581.224006,591.224006,1.0009999999999764,train
4957,mitra_t7,data\raw\mitra\Data_T7\T7_DAll.csv,hard_brake,3,598.664773,588.664773,598.664773,0.5672329999999874,train
4958,mitra_t7,data\raw\mitra\Data_T7\T7_DAll.csv,hard_brake,3,593.392839,583.392839,593.392839,0.5004999999999882,train
4959,mitra_t7,data\raw\mitra\Data_T7\T7_DAll.csv,hard_brake,1,597.263373,587.263373,597.263373,0.8007999999999811,train
4960,mitra_t7,data\raw\mitra\Data_T7\T7_DAll.csv,hard_brake,3,592.058172,582.058172,592.058172,0.8341669999999795,train
4961,mitra_t7,data\raw\mitra\Data_T7\T7_DAll.csv,hard_brake,3,594.460573,584.460573,594.460573,0.7674330000000964,train
4962,mitra_t7,data\raw\mitra\Data_T7\T7_DAll.csv,hard_brake,1,598.19764,588.19764,598.19764,0.7006999999999834,train
4963,mitra_t7,data\raw\mitra\Data_T7\T7_DAll.csv,hard_brake,2,607.073173,597.073173,607.073173,0.8341669999999795,train
4964,mitra_t7,data\raw\mitra\Data_T7\T7_DAll.csv,hard_brake,2,605.20464,595.20464,605.20464,1.534866999999963,train
4965,mitra_t7,data\raw\mitra\Data_T7\T7_DAll.csv,hard_brake,3,600.566673,590.566673,600.566673,0.8341669999999795,train
4966,mitra_t7,data\raw\mitra\Data_T7\T7_DAll.csv,hard_brake,2,601.60104,591.60104,601.60104,0.967632999999978,train
4967,mitra_t7,data\raw\mitra\Data_T7\T7_DAll.csv,hard_brake,3,597.196639,587.196639,597.196639,0.8675339999999778,train
4968,mitra_t7,data\raw\mitra\Data_T7\T7_DAll.csv,hard_brake,2,608.641407,598.641407,608.641407,0.9342670000000908,train
4969,mitra_t7,data\raw\mitra\Data_T7\T7_DAll.csv,hard_brake,1,606.90634,596.90634,606.90634,0.6673329999999851,train
4970,mitra_t7,data\raw\mitra\Data_T7\T7_DAll.csv,hard_brake,2,611.143907,601.143907,611.143907,0.6005999999999858,train
4971,mitra_t7,data\raw\mitra\Data_T7\T7_DAll.csv,hard_brake,3,601.367473,591.367473,601.367473,0.8675329999999803,train
4972,mitra_t7,data\raw\mitra\Data_T7\T7_DAll.csv,hard_brake,3,596.529306,586.529306,596.529306,0.5004999999999882,train
4973,mitra_t7,data\raw\mitra\Data_T7\T7_DAll.csv,hard_brake,3,606.672773,596.672773,606.672773,0.9008999999999788,train
4974,mitra_t7,data\raw\mitra\Data_T7\T7_DAll.csv,hard_brake,3,610.00944,600.00944,610.00944,0.6005999999999858,train
4975,mitra_t7,data\raw\mitra\Data_T7\T7_DAll.csv,hard_brake,3,614.747507,604.747507,614.747507,0.5004999999999882,train
4976,mitra_t7,data\raw\mitra\Data_T7\T7_DAll.csv,hard_brake,1,612.278374,602.278374,612.278374,1.6349669999999603,train
4977,mitra_t7,data\raw\mitra\Data_T7\T7_DAll.csv,hard_brake,0,590.156272,580.156272,590.156272,0.7340670000000955,train
4978,mitra_t7,data\raw\mitra\Data_T7\T7_DAll.csv,hard_brake,10,611.877974,601.877974,611.877974,0.6673329999999851,train
4979,mitra_t7,data\raw\mitra\Data_T7\T7_DAll.csv,hard_brake,3,609.075174,599.075174,609.075174,0.8008000000000948,train
4980,mitra_t7,data\raw\mitra\Data_T7\T7_DAll.csv,hard_brake,3,614.046807,604.046807,614.046807,0.8675340000000915,train
4981,mitra_t7,data\raw\mitra\Data_T7\T7_DAll.csv,hard_brake,3,608.641407,598.641407,608.641407,0.9342670000000908,train
4982,mitra_t7,data\raw\mitra\Data_T7\T7_DAll.csv,hard_brake,2,613.01244,603.01244,613.01244,0.5672339999999849,train
4983,mitra_t7,data\raw\mitra\Data_T7\T7_DAll.csv,hard_brake,3,607.573673,597.573673,607.573673,0.8341669999999795,train
4984,mitra_t7,data\raw\mitra\Data_T7\T7_DAll.csv,hard_brake,3,607.50694,597.50694,607.50694,0.8341669999999795,train
4985,mitra_t7,data\raw\mitra\Data_T7\T7_DAll.csv,hard_brake,3,613.212641,603.212641,613.212641,0.867533000000094,train
4986,mitra_t7,data\raw\mitra\Data_T7\T7_DAll.csv,hard_brake,1,614.614041,604.614041,614.614041,0.6339659999999867,train
4987,mitra_t7,data\raw\mitra\Data_T7\T7_DAll.csv,hard_brake,3,611.744507,601.744507,611.744507,0.8341669999999795,train
4988,mitra_t7,data\raw\mitra\Data_T7\T7_DAll.csv,hard_brake,2,617.683774,607.683774,617.683774,1.067733999999973,train
4989,mitra_t7,data\raw\mitra\Data_T7\T7_DAll.csv,hard_brake,2,618.918341,608.918341,618.918341,0.6005999999999858,train
4990,mitra_t7,data\raw\mitra\Data_T7\T7_DAll.csv,hard_brake,1,628.060808,618.060808,628.060808,0.8675340000000915,train
4991,mitra_t7,data\raw\mitra\Data_T7\T7_DAll.csv,hard_brake,2,621.220641,611.220641,621.220641,0.8675329999999803,train
4992,mitra_t7,data\raw\mitra\Data_T7\T7_DAll.csv,hard_brake,1,624.890975,614.890975,624.890975,0.5338659999999891,train
4993,mitra_t7,data\raw\mitra\Data_T7\T7_DAll.csv,hard_brake,3,622.822241,612.822241,622.822241,0.8341670000000931,train
4994,mitra_t7,data\raw\mitra\Data_T7\T7_DAll.csv,hard_brake,3,617.083174,607.083174,617.083174,1.0009999999999764,train
4995,mitra_t7,data\raw\mitra\Data_T7\T7_DAll.csv,hard_brake,2,623.789875,613.789875,623.789875,0.7006999999999834,train
4996,mitra_t7,data\raw\mitra\Data_T7\T7_DAll.csv,hard_brake,3,611.978074,601.978074,611.978074,1.101099999999974,train
4997,mitra_t7,data\raw\mitra\Data_T7\T7_DAll.csv,hard_brake,3,618.618041,608.618041,618.618041,0.8008000000000948,train
4998,mitra_t7,data\raw\mitra\Data_T7\T7_DAll.csv,hard_brake,1,629.729142,619.729142,629.729142,1.0343659999999772,train
4999,mitra_t7,data\raw\mitra\Data_T7\T7_DAll.csv,hard_brake,2,620.086174,610.086174,620.086174,0.8341669999999795,train
5000,mitra_t7,data\raw\mitra\Data_T7\T7_DAll.csv,hard_brake,1,626.525941,616.525941,626.525941,0.9008999999999788,train
5001,mitra_t7,data\raw\mitra\Data_T7\T7_DAll.csv,hard_brake,1,633.232642,623.232642,633.232642,1.3346669999999676,train
5002,mitra_t7,data\raw\mitra\Data_T7\T7_DAll.csv,hard_brake,3,621.220641,611.220641,621.220641,1.2011999999999716,train
5003,mitra_t7,data\raw\mitra\Data_T7\T7_DAll.csv,hard_brake,3,622.188274,612.188274,622.188274,1.067733999999973,train
5004,mitra_t7,data\raw\mitra\Data_T7\T7_DAll.csv,hard_brake,1,638.104175,628.104175,638.104175,1.0010009999999738,train
5005,mitra_t7,data\raw\mitra\Data_T7\T7_DAll.csv,hard_brake,2,626.292375,616.292375,626.292375,0.8675329999999803,train
5006,mitra_t7,data\raw\mitra\Data_T7\T7_DAll.csv,hard_brake,3,626.726141,616.726141,626.726141,1.368033999999966,train
5007,mitra_t7,data\raw\mitra\Data_T7\T7_DAll.csv,hard_brake,1,635.768509,625.768509,635.768509,1.5014999999999643,train
5008,mitra_t7,data\raw\mitra\Data_T7\T7_DAll.csv,hard_brake,2,625.191275,615.191275,625.191275,0.9008999999999788,train
5009,mitra_t7,data\raw\mitra\Data_T7\T7_DAll.csv,hard_brake,3,625.057808,615.057808,625.057808,1.23456699999997,train
5010,mitra_t7,data\raw\mitra\Data_T7\T7_DAll.csv,hard_brake,7,943.542662,933.542662,943.542662,0.5672340000000986,train
5011,mitra_t7,data\raw\mitra\Data_T7\T7_DAll.csv,hard_brake,2,636.569309,626.569309,636.569309,0.8675329999999803,train
5012,mitra_t7,data\raw\mitra\Data_T7\T7_DAll.csv,hard_brake,2,638.838242,628.838242,638.838242,0.7674339999999802,train
5013,mitra_t7,data\raw\mitra\Data_T7\T7_DAll.csv,hard_brake,3,630.997075,620.997075,630.997075,0.9342669999999772,train
5014,mitra_t7,data\raw\mitra\Data_T7\T7_DAll.csv,hard_brake,3,637.270009,627.270009,637.270009,1.167833000000087,train
5015,mitra_t7,data\raw\mitra\Data_T7\T7_DAll.csv,hard_brake,1,631.030442,621.030442,631.030442,0.9008999999999788,train
5016,mitra_t7,data\raw\mitra\Data_T7\T7_DAll.csv,hard_brake,1,645.044443,635.044443,645.044443,0.7340659999999843,train
5017,mitra_t7,data\raw\mitra\Data_T7\T7_DAll.csv,hard_brake,3,633.432842,623.432842,633.432842,1.1678329999999733,train
5018,mitra_t7,data\raw\mitra\Data_T7\T7_DAll.csv,hard_brake,2,641.974709,631.974709,641.974709,0.8008000000000948,train
5019,mitra_t7,data\raw\mitra\Data_T7\T7_DAll.csv,hard_brake,3,641.807876,631.807876,641.807876,0.9676330000000916,train
5020,mitra_t7,data\raw\mitra\Data_T7\T7_DAll.csv,hard_brake,2,646.212276,636.212276,646.212276,0.9008999999999788,train
5021,mitra_t7,data\raw\mitra\Data_T7\T7_DAll.csv,hard_brake,2,644.777509,634.777509,644.777509,0.8341669999999795,train
5022,mitra_t7,data\raw\mitra\Data_T7\T7_DAll.csv,hard_brake,3,639.839242,629.839242,639.839242,1.101099999999974,train
5023,mitra_t7,data\raw\mitra\Data_T7\T7_DAll.csv,hard_brake,2,648.314376,638.314376,648.314376,0.9676339999999756,train
5024,mitra_t7,data\raw\mitra\Data_T7\T7_DAll.csv,hard_brake,1,642.575309,632.575309,642.575309,0.8675340000000915,train
5025,mitra_t7,data\raw\mitra\Data_T7\T7_DAll.csv,hard_brake,1,657.79051,647.79051,657.79051,0.8341669999999795,train
5026,mitra_t7,data\raw\mitra\Data_T7\T7_DAll.csv,hard_brake,2,650.616676,640.616676,650.616676,0.8341669999999795,train
5027,mitra_t7,data\raw\mitra\Data_T7\T7_DAll.csv,hard_brake,2,651.88461,641.88461,651.88461,0.734066000000098,train
5028,mitra_t7,data\raw\mitra\Data_T7\T7_DAll.csv,hard_brake,3,649.148543,639.148543,649.148543,0.8007999999999811,train
5029,mitra_t7,data\raw\mitra\Data_T7\T7_DAll.csv,hard_brake,3,646.912976,636.912976,646.912976,0.867533000000094,train
5030,mitra_t7,data\raw\mitra\Data_T7\T7_DAll.csv,hard_brake,1,647.980709,637.980709,647.980709,0.8008009999999786,train
5031,mitra_t7,data\raw\mitra\Data_T7\T7_DAll.csv,hard_brake,2,656.822877,646.822877,656.822877,1.301300000000083,train
5032,mitra_t7,data\raw\mitra\Data_T7\T7_DAll.csv,hard_brake,2,654.854243,644.854243,654.854243,0.7674339999999802,train
5033,mitra_t7,data\raw\mitra\Data_T7\T7_DAll.csv,hard_brake,1,663.562944,653.562944,663.562944,1.0677329999999756,train
5034,mitra_t7,data\raw\mitra\Data_T7\T7_DAll.csv,hard_brake,3,652.78551,642.78551,652.78551,1.0009999999999764,train
5035,mitra_t7,data\raw\mitra\Data_T7\T7_DAll.csv,hard_brake,2,656.18891,646.18891,656.18891,0.6005999999999858,train
5036,mitra_t7,data\raw\mitra\Data_T7\T7_DAll.csv,hard_brake,3,655.955343,645.955343,655.955343,0.8341669999999795,train
5037,mitra_t7,data\raw\mitra\Data_T7\T7_DAll.csv,hard_brake,3,658.124177,648.124177,658.124177,0.8341669999999795,train
5038,mitra_t7,data\raw\mitra\Data_T7\T7_DAll.csv,hard_brake,2,659.19191,649.19191,659.19191,0.8007999999999811,train
5039,mitra_t7,data\raw\mitra\Data_T7\T7_DAll.csv,hard_brake,3,659.325377,649.325377,659.325377,0.967632999999978,train
5040,mitra_t7,data\raw\mitra\Data_T7\T7_DAll.csv,hard_brake,2,664.864244,654.864244,664.864244,0.9342669999999772,train
5041,mitra_t7,data\raw\mitra\Data_T7\T7_DAll.csv,hard_brake,3,660.29301,650.29301,660.29301,1.1678339999999707,train
5042,mitra_t7,data\raw\mitra\Data_T7\T7_DAll.csv,hard_brake,3,661.827877,651.827877,661.827877,1.134467000000086,train
5043,mitra_t7,data\raw\mitra\Data_T7\T7_DAll.csv,hard_brake,2,667.199911,657.199911,667.199911,0.6005999999999858,train
5044,mitra_t7,data\raw\mitra\Data_T7\T7_DAll.csv,hard_brake,2,669.368744,659.368744,669.368744,1.101099999999974,train
5045,mitra_t7,data\raw\mitra\Data_T7\T7_DAll.csv,hard_brake,1,667.566944,657.566944,667.566944,1.0677329999999756,train
5046,mitra_t7,data\raw\mitra\Data_T7\T7_DAll.csv,hard_brake,3,663.629677,653.629677,663.629677,1.1678339999999707,train
5047,mitra_t7,data\raw\mitra\Data_T7\T7_DAll.csv,hard_brake,1,659.158544,649.158544,659.158544,0.8007999999999811,train
5048,mitra_t7,data\raw\mitra\Data_T7\T7_DAll.csv,hard_brake,2,668.000711,658.000711,668.000711,0.8007999999999811,train
5049,mitra_t7,data\raw\mitra\Data_T7\T7_DAll.csv,hard_brake,3,664.430477,654.430477,664.430477,1.0343669999999747,train
5050,mitra_t7,data\raw\mitra\Data_T7\T7_DAll.csv,hard_brake,1,675.541578,665.541578,675.541578,0.7674330000000964,train
5051,mitra_t7,data\raw\mitra\Data_T7\T7_DAll.csv,hard_brake,3,667.667044,657.667044,667.667044,1.1344669999999724,train
5052,mitra_t7,data\raw\mitra\Data_T7\T7_DAll.csv,hard_brake,1,670.069444,660.069444,670.069444,0.9008999999999788,train
5053,mitra_t7,data\raw\mitra\Data_T7\T7_DAll.csv,hard_brake,3,653.28601,643.28601,653.28601,0.6673329999999851,train
5054,mitra_t7,data\raw\mitra\Data_T7\T7_DAll.csv,hard_brake,3,671.003711,661.003711,671.003711,0.8008000000000948,train
5055,mitra_t7,data\raw\mitra\Data_T7\T7_DAll.csv,hard_brake,3,668.801511,658.801511,668.801511,0.6339669999999842,train
5056,mitra_t7,data\raw\mitra\Data_T7\T7_DAll.csv,hard_brake,1,677.310011,667.310011,677.310011,0.8341669999999795,train
5057,mitra_t7,data\raw\mitra\Data_T7\T7_DAll.csv,hard_brake,1,676.475845,666.475845,676.475845,0.834165999999982,train
5058,mitra_t7,data\raw\mitra\Data_T7\T7_DAll.csv,hard_brake,2,673.105811,663.105811,673.105811,1.368033999999966,train
5059,mitra_t7,data\raw\mitra\Data_T7\T7_DAll.csv,hard_brake,1,665.264644,655.264644,665.264644,0.8675329999999803,train
5060,mitra_t7,data\raw\mitra\Data_T7\T7_DAll.csv,hard_brake,2,675.241278,665.241278,675.241278,0.8007999999999811,train
5061,mitra_t7,data\raw\mitra\Data_T7\T7_DAll.csv,hard_brake,3,675.708411,665.708411,675.708411,0.7674340000000939,train
5062,mitra_t7,data\raw\mitra\Data_T7\T7_DAll.csv,hard_brake,3,676.542578,666.542578,676.542578,0.7674329999999827,train
5063,mitra_t7,data\raw\mitra\Data_T7\T7_DAll.csv,hard_brake,1,668.868244,658.868244,668.868244,0.6005999999999858,train
5064,mitra_t7,data\raw\mitra\Data_T7\T7_DAll.csv,hard_brake,2,678.277645,668.277645,678.277645,0.8675329999999803,train
5065,mitra_t7,data\raw\mitra\Data_T7\T7_DAll.csv,hard_brake,1,671.070444,661.070444,671.070444,0.7340670000000955,train
5066,mitra_t7,data\raw\mitra\Data_T7\T7_DAll.csv,hard_brake,1,686.986345,676.986345,686.986345,1.3346669999999676,train
5067,mitra_t7,data\raw\mitra\Data_T7\T7_DAll.csv,hard_brake,2,680.079445,670.079445,680.079445,1.2345670000000837,train
5068,mitra_t7,data\raw\mitra\Data_T7\T7_DAll.csv,hard_brake,1,690.690046,680.690046,690.690046,1.1344659999999749,train
5069,mitra_t7,data\raw\mitra\Data_T7\T7_DAll.csv,hard_brake,3,678.444478,668.444478,678.444478,0.8007999999999811,train
5070,mitra_t7,data\raw\mitra\Data_T7\T7_DAll.csv,hard_brake,1,674.106811,664.106811,674.106811,0.8675339999999778,train
5071,mitra_t7,data\raw\mitra\Data_T7\T7_DAll.csv,hard_brake,1,685.818512,675.818512,685.818512,0.8341669999999795,train
5072,mitra_t7,data\raw\mitra\Data_T7\T7_DAll.csv,hard_brake,1,684.216912,674.216912,684.216912,1.2679329999999709,train
5073,mitra_t7,data\raw\mitra\Data_T7\T7_DAll.csv,hard_brake,3,681.213912,671.213912,681.213912,0.9342659999999796,train
5074,mitra_t7,data\raw\mitra\Data_T7\T7_DAll.csv,hard_brake,2,683.849879,673.849879,683.849879,1.1344659999999749,train
5075,mitra_t7,data\raw\mitra\Data_T7\T7_DAll.csv,hard_brake,3,682.581945,672.581945,682.581945,1.0677329999999756,train
5076,mitra_t7,data\raw\mitra\Data_T7\T7_DAll.csv,hard_brake,3,663.729777,653.729777,663.729777,0.6005999999999858,train
5077,mitra_t7,data\raw\mitra\Data_T7\T7_DAll.csv,hard_brake,3,683.482845,673.482845,683.482845,0.8341669999999795,train
5078,mitra_t7,data\raw\mitra\Data_T7\T7_DAll.csv,hard_brake,3,689.789146,679.789146,689.789146,0.867533000000094,train
5079,mitra_t7,data\raw\mitra\Data_T7\T7_DAll.csv,hard_brake,1,696.362379,686.362379,696.362379,0.9676339999999756,train
5080,mitra_t7,data\raw\mitra\Data_T7\T7_DAll.csv,hard_brake,2,694.293646,684.293646,694.293646,0.8675329999999803,train
5081,mitra_t7,data\raw\mitra\Data_T7\T7_DAll.csv,hard_brake,3,685.484845,675.484845,685.484845,1.00100000000009,train
5082,mitra_t7,data\raw\mitra\Data_T7\T7_DAll.csv,hard_brake,1,682.281645,672.281645,682.281645,0.7006999999999834,train
5083,mitra_t7,data\raw\mitra\Data_T7\T7_DAll.csv,hard_brake,1,699.06508,689.06508,699.06508,0.6005999999999858,train
5084,mitra_t7,data\raw\mitra\Data_T7\T7_DAll.csv,hard_brake,3,685.117812,675.117812,685.117812,0.7007000000000971,train
5085,mitra_t7,data\raw\mitra\Data_T7\T7_DAll.csv,hard_brake,2,693.392746,683.392746,693.392746,0.9342669999999772,train
5086,mitra_t7,data\raw\mitra\Data_T7\T7_DAll.csv,hard_brake,3,686.485845,676.485845,686.485845,0.4671339999999873,train
5087,mitra_t7,data\raw\mitra\Data_T7\T7_DAll.csv,hard_brake,1,683.449478,673.449478,683.449478,0.7007009999999809,train
5088,mitra_t7,data\raw\mitra\Data_T7\T7_DAll.csv,hard_brake,2,695.895246,685.895246,695.895246,0.9342669999999772,train
5089,mitra_t7,data\raw\mitra\Data_T7\T7_DAll.csv,hard_brake,3,687.687045,677.687045,687.687045,1.1344669999999724,train
5090,mitra_t7,data\raw\mitra\Data_T7\T7_DAll.csv,hard_brake,3,693.626312,683.626312,693.626312,0.8675339999999778,train
5091,mitra_t7,data\raw\mitra\Data_T7\T7_DAll.csv,hard_brake,3,691.223912,681.223912,691.223912,0.8341669999999795,train
5092,mitra_t7,data\raw\mitra\Data_T7\T7_DAll.csv,hard_brake,3,694.727413,684.727413,694.727413,0.9342660000000932,train
5093,mitra_t7,data\raw\mitra\Data_T7\T7_DAll.csv,hard_brake,3,691.791146,681.791146,691.791146,0.8675329999999803,train
5094,mitra_t7,data\raw\mitra\Data_T7\T7_DAll.csv,hard_brake,3,691.257279,681.257279,691.257279,0.9008999999999788,train
5095,mitra_t7,data\raw\mitra\Data_T7\T7_DAll.csv,hard_brake,3,692.425112,682.425112,692.425112,0.9008999999999788,train
5096,mitra_t7,data\raw\mitra\Data_T7\T7_DAll.csv,hard_brake,1,688.688045,678.688045,688.688045,0.9676339999999756,train
5097,mitra_t7,data\raw\mitra\Data_T7\T7_DAll.csv,hard_brake,2,699.06508,689.06508,699.06508,0.5672329999999874,train
5098,mitra_t7,data\raw\mitra\Data_T7\T7_DAll.csv,hard_brake,2,689.522212,679.522212,689.522212,0.8007999999999811,train
5099,mitra_t7,data\raw\mitra\Data_T7\T7_DAll.csv,hard_brake,1,705.304647,695.304647,705.304647,0.8675329999999803,train
5100,mitra_t7,data\raw\mitra\Data_T7\T7_DAll.csv,hard_brake,2,703.102446,693.102446,703.102446,1.067733999999973,train
5101,mitra_t7,data\raw\mitra\Data_T7\T7_DAll.csv,hard_brake,2,705.37138,695.37138,705.37138,1.6349669999999603,train
5102,mitra_t7,data\raw\mitra\Data_T7\T7_DAll.csv,hard_brake,1,708.140813,698.140813,708.140813,1.368033999999966,train
5103,mitra_t7,data\raw\mitra\Data_T7\T7_DAll.csv,hard_brake,3,700.96698,690.96698,700.96698,0.8675329999999803,train
5104,mitra_t7,data\raw\mitra\Data_T7\T7_DAll.csv,hard_brake,2,701.000346,691.000346,701.000346,0.8341669999999795,train
5105,mitra_t7,data\raw\mitra\Data_T7\T7_DAll.csv,hard_brake,1,703.636313,693.636313,703.636313,0.8675339999999778,train
5106,mitra_t7,data\raw\mitra\Data_T7\T7_DAll.csv,hard_brake,2,711.07708,701.07708,711.07708,0.7674339999999802,train
5107,mitra_t7,data\raw\mitra\Data_T7\T7_DAll.csv,hard_brake,3,686.252279,676.252279,686.252279,0.4671329999999898,train
5108,mitra_t7,data\raw\mitra\Data_T7\T7_DAll.csv,hard_brake,3,698.397746,688.397746,698.397746,1.101099999999974,train
5109,mitra_t7,data\raw\mitra\Data_T7\T7_DAll.csv,hard_brake,1,711.844514,701.844514,711.844514,0.834165999999982,train
5110,mitra_t7,data\raw\mitra\Data_T7\T7_DAll.csv,hard_brake,1,717.149814,707.149814,717.149814,1.534866999999963,train
5111,mitra_t7,data\raw\mitra\Data_T7\T7_DAll.csv,hard_brake,2,704.87088,694.87088,704.87088,0.5672329999999874,train
5112,mitra_t7,data\raw\mitra\Data_T7\T7_DAll.csv,hard_brake,2,711.410747,701.410747,711.410747,1.101099999999974,train
5113,mitra_t7,data\raw\mitra\Data_T7\T7_DAll.csv,hard_brake,1,714.480481,704.480481,714.480481,1.5348659999999654,train
5114,mitra_t7,data\raw\mitra\Data_T7\T7_DAll.csv,hard_brake,2,723.856514,713.856514,723.856514,0.6673340000000962,train
5115,mitra_t7,data\raw\mitra\Data_T7\T7_DAll.csv,hard_brake,2,719.018347,709.018347,719.018347,0.8341670000000931,train
5116,mitra_t7,data\raw\mitra\Data_T7\T7_DAll.csv,hard_brake,3,721.354014,711.354014,721.354014,1.0009999999999764,train
5117,mitra_t7,data\raw\mitra\Data_T7\T7_DAll.csv,hard_brake,3,714.613947,704.613947,714.613947,0.7340669999999818,train
5118,mitra_t7,data\raw\mitra\Data_T7\T7_DAll.csv,hard_brake,2,720.019348,710.019348,720.019348,1.0009999999999764,train
5119,mitra_t7,data\raw\mitra\Data_T7\T7_DAll.csv,hard_brake,2,727.827148,717.827148,727.827148,0.6673329999999851,train
5120,mitra_t7,data\raw\mitra\Data_T7\T7_DAll.csv,hard_brake,1,719.919248,709.919248,719.919248,0.9342659999999796,train
5121,mitra_t7,data\raw\mitra\Data_T7\T7_DAll.csv,hard_brake,3,715.648314,705.648314,715.648314,0.8675329999999803,train
5122,mitra_t7,data\raw\mitra\Data_T7\T7_DAll.csv,hard_brake,3,717.216547,707.216547,717.216547,0.8007999999999811,train
5123,mitra_t7,data\raw\mitra\Data_T7\T7_DAll.csv,hard_brake,2,721.220548,711.220548,721.220548,0.967632999999978,train
5124,mitra_t7,data\raw\mitra\Data_T7\T7_DAll.csv,hard_brake,3,726.992981,716.992981,726.992981,1.0343669999999747,train
5125,mitra_t7,data\raw\mitra\Data_T7\T7_DAll.csv,hard_brake,2,726.392381,716.392381,726.392381,1.3012999999999693,train
5126,mitra_t7,data\raw\mitra\Data_T7\T7_DAll.csv,hard_brake,3,719.385381,709.385381,719.385381,0.6339669999999842,train
5127,mitra_t7,data\raw\mitra\Data_T7\T7_DAll.csv,hard_brake,3,719.952614,709.952614,719.952614,0.9008999999999788,train
5128,mitra_t7,data\raw\mitra\Data_T7\T7_DAll.csv,hard_brake,3,722.822148,712.822148,722.822148,0.8675329999999803,train
5129,mitra_t7,data\raw\mitra\Data_T7\T7_DAll.csv,hard_brake,1,732.498482,722.498482,732.498482,0.8675329999999803,train
5130,mitra_t7,data\raw\mitra\Data_T7\T7_DAll.csv,hard_brake,2,733.666315,723.666315,733.666315,0.9342669999999772,train
5131,mitra_t7,data\raw\mitra\Data_T7\T7_DAll.csv,hard_brake,3,724.190181,714.190181,724.190181,0.8341669999999795,train
5132,mitra_t7,data\raw\mitra\Data_T7\T7_DAll.csv,hard_brake,2,729.462115,719.462115,729.462115,0.9008999999999788,train
5133,mitra_t7,data\raw\mitra\Data_T7\T7_DAll.csv,hard_brake,1,734.734049,724.734049,734.734049,0.8007999999999811,train
5134,mitra_t7,data\raw\mitra\Data_T7\T7_DAll.csv,hard_brake,2,731.764415,721.764415,731.764415,1.2679329999999709,train
5135,mitra_t7,data\raw\mitra\Data_T7\T7_DAll.csv,hard_brake,3,725.624948,715.624948,725.624948,0.9008999999999788,train
5136,mitra_t7,data\raw\mitra\Data_T7\T7_DAll.csv,hard_brake,3,728.828148,718.828148,728.828148,0.8675339999999778,train
5137,mitra_t7,data\raw\mitra\Data_T7\T7_DAll.csv,hard_brake,1,722.455114,712.455114,722.455114,0.9008999999999788,train
5138,mitra_t7,data\raw\mitra\Data_T7\T7_DAll.csv,hard_brake,2,736.802782,726.802782,736.802782,1.0677329999999756,train
5139,mitra_t7,data\raw\mitra\Data_T7\T7_DAll.csv,hard_brake,3,731.530848,721.530848,731.530848,1.0009999999999764,train
5140,mitra_t7,data\raw\mitra\Data_T7\T7_DAll.csv,hard_brake,1,739.305282,729.305282,739.305282,0.8341669999999795,train
5141,mitra_t7,data\raw\mitra\Data_T7\T7_DAll.csv,hard_brake,1,736.802782,726.802782,736.802782,0.7340669999999818,train
5142,mitra_t7,data\raw\mitra\Data_T7\T7_DAll.csv,hard_brake,2,739.238549,729.238549,739.238549,0.967632999999978,train
5143,mitra_t7,data\raw\mitra\Data_T7\T7_DAll.csv,hard_brake,1,740.339649,730.339649,740.339649,1.7016999999999598,train
5144,mitra_t7,data\raw\mitra\Data_T7\T7_DAll.csv,hard_brake,3,733.299282,723.299282,733.299282,0.9009000000000924,train
5145,mitra_t7,data\raw\mitra\Data_T7\T7_DAll.csv,hard_brake,1,744.176816,734.176816,744.176816,0.8675329999999803,train
5146,mitra_t7,data\raw\mitra\Data_T7\T7_DAll.csv,hard_brake,2,742.441749,732.441749,742.441749,1.1011000000000877,train
5147,mitra_t7,data\raw\mitra\Data_T7\T7_DAll.csv,hard_brake,3,736.869515,726.869515,736.869515,1.0009999999999764,train
5148,mitra_t7,data\raw\mitra\Data_T7\T7_DAll.csv,hard_brake,2,744.744049,734.744049,744.744049,0.8007999999999811,train
5149,mitra_t7,data\raw\mitra\Data_T7\T7_DAll.csv,hard_brake,2,747.146449,737.146449,747.146449,0.9009000000000924,train
5150,mitra_t7,data\raw\mitra\Data_T7\T7_DAll.csv,hard_brake,1,735.167815,725.167815,735.167815,1.1678339999999707,train
5151,mitra_t7,data\raw\mitra\Data_T7\T7_DAll.csv,hard_brake,1,747.980616,737.980616,747.980616,0.7340669999999818,train
5152,mitra_t7,data\raw\mitra\Data_T7\T7_DAll.csv,hard_brake,3,738.571215,728.571215,738.571215,0.9676339999999756,train
5153,mitra_t7,data\raw\mitra\Data_T7\T7_DAll.csv,hard_brake,2,756.122083,746.122083,756.122083,0.7674339999999802,train
5154,mitra_t7,data\raw\mitra\Data_T7\T7_DAll.csv,hard_brake,3,741.307282,731.307282,741.307282,0.9008999999999788,train
5155,mitra_t7,data\raw\mitra\Data_T7\T7_DAll.csv,hard_brake,2,754.120083,744.120083,754.120083,0.7674339999999802,train
5156,mitra_t7,data\raw\mitra\Data_T7\T7_DAll.csv,hard_brake,2,750.716683,740.716683,750.716683,0.6005999999999858,train
5157,mitra_t7,data\raw\mitra\Data_T7\T7_DAll.csv,hard_brake,3,743.709682,733.709682,743.709682,0.6005999999999858,train
5158,mitra_t7,data\raw\mitra\Data_T7\T7_DAll.csv,hard_brake,3,736.902882,726.902882,736.902882,1.3012999999999693,train
5159,mitra_t7,data\raw\mitra\Data_T7\T7_DAll.csv,hard_brake,3,748.247549,738.247549,748.247549,0.8007999999999811,train
5160,mitra_t7,data\raw\mitra\Data_T7\T7_DAll.csv,hard_brake,1,741.907882,731.907882,741.907882,1.1344669999999724,train
5161,mitra_t7,data\raw\mitra\Data_T7\T7_DAll.csv,hard_brake,3,736.435749,726.435749,736.435749,0.6673329999999851,train
5162,mitra_t7,data\raw\mitra\Data_T7\T7_DAll.csv,hard_brake,3,754.75405,744.75405,754.75405,0.8007999999999811,train
5163,mitra_t7,data\raw\mitra\Data_T7\T7_DAll.csv,hard_brake,1,752.418383,742.418383,752.418383,0.9676330000000916,train
5164,mitra_t7,data\raw\mitra\Data_T7\T7_DAll.csv,hard_brake,3,731.330648,721.330648,731.330648,0.7674339999999802,train
5165,mitra_t7,data\raw\mitra\Data_T7\T7_DAll.csv,hard_brake,3,740.072716,730.072716,740.072716,0.6673329999999851,train
5166,mitra_t7,data\raw\mitra\Data_T7\T7_DAll.csv,hard_brake,3,749.64895,739.64895,749.64895,0.7340659999999843,train
5167,mitra_t7,data\raw\mitra\Data_T7\T7_DAll.csv,hard_brake,1,754.887517,744.887517,754.887517,0.834165999999982,train
5168,mitra_t7,data\raw\mitra\Data_T7\T7_DAll.csv,hard_brake,3,737.803782,727.803782,737.803782,0.4671329999999898,train
5169,mitra_t7,data\raw\mitra\Data_T7\T7_DAll.csv,hard_brake,1,757.089717,747.089717,757.089717,1.301300000000083,train
5170,mitra_t7,data\raw\mitra\Data_T7\T7_DAll.csv,hard_brake,3,741.607582,731.607582,741.607582,1.4347669999999653,train
5171,mitra_t7,data\raw\mitra\Data_T7\T7_DAll.csv,hard_brake,3,752.618583,742.618583,752.618583,0.7674330000000964,train
5172,mitra_t7,data\raw\mitra\Data_T7\T7_DAll.csv,hard_brake,1,751.417383,741.417383,751.417383,0.5338669999999865,train
5173,mitra_t7,data\raw\mitra\Data_T7\T7_DAll.csv,hard_brake,3,729.662315,719.662315,729.662315,0.5672329999999874,train
5174,mitra_t7,data\raw\mitra\Data_T7\T7_DAll.csv,hard_brake,1,765.331284,755.331284,765.331284,1.23456699999997,train
5175,mitra_t7,data\raw\mitra\Data_T7\T7_DAll.csv,hard_brake,1,750.383016,740.383016,750.383016,1.0009999999999764,train
5176,mitra_t7,data\raw\mitra\Data_T7\T7_DAll.csv,hard_brake,1,768.033984,758.033984,768.033984,0.5672329999999874,train
5177,mitra_t7,data\raw\mitra\Data_T7\T7_DAll.csv,hard_brake,3,738.137449,728.137449,738.137449,1.0677330000000893,train
5178,mitra_t7,data\raw\mitra\Data_T7\T7_DAll.csv,hard_brake,3,741.140449,731.140449,741.140449,0.7006999999999834,train
5179,mitra_t7,data\raw\mitra\Data_T7\T7_DAll.csv,hard_brake,1,770.002618,760.002618,770.002618,0.5338659999999891,train
5180,mitra_t7,data\raw\mitra\Data_T7\T7_DAll.csv,hard_brake,1,775.441385,765.441385,775.441385,0.8007999999999811,train
5181,mitra_t7,data\raw\mitra\Data_T7\T7_DAll.csv,hard_brake,2,784.550485,774.550485,784.550485,0.8675339999999778,train
5182,mitra_t7,data\raw\mitra\Data_T7\T7_DAll.csv,hard_brake,3,747.613583,737.613583,747.613583,0.9009000000000924,train
5183,mitra_t7,data\raw\mitra\Data_T7\T7_DAll.csv,hard_brake,1,751.617583,741.617583,751.617583,0.6005999999999858,train
5184,mitra_t7,data\raw\mitra\Data_T7\T7_DAll.csv,hard_brake,3,752.95225,742.95225,752.95225,1.0009999999999764,train
5185,mitra_t7,data\raw\mitra\Data_T7\T7_DAll.csv,hard_brake,2,786.252185,776.252185,786.252185,0.6673339999999826,train
5186,mitra_t7,data\raw\mitra\Data_T7\T7_DAll.csv,hard_brake,3,749.94925,739.94925,749.94925,0.967632999999978,train
5187,mitra_t7,data\raw\mitra\Data_T7\T7_DAll.csv,hard_brake,1,755.388017,745.388017,755.388017,0.967632999999978,train
5188,mitra_t7,data\raw\mitra\Data_T7\T7_DAll.csv,hard_brake,3,754.086716,744.086716,754.086716,0.7340669999999818,train
5189,mitra_t7,data\raw\mitra\Data_T7\T7_DAll.csv,hard_brake,7,738.904882,728.904882,738.904882,0.5338669999999865,train
5190,mitra_t7,data\raw\mitra\Data_T7\T7_DAll.csv,hard_brake,7,741.741049,731.741049,741.741049,1.3012999999999693,train
5191,mitra_t7,data\raw\mitra\Data_T7\T7_DAll.csv,hard_brake,7,772.438384,762.438384,772.438384,0.7006999999999834,train
5192,mitra_t7,data\raw\mitra\Data_T7\T7_DAll.csv,hard_brake,2,788.654585,778.654585,788.654585,0.9342669999999772,train
5193,mitra_t7,data\raw\mitra\Data_T7\T7_DAll.csv,hard_brake,1,784.817419,774.817419,784.817419,0.7674329999999827,train
5194,mitra_t7,data\raw\mitra\Data_T7\T7_DAll.csv,hard_brake,2,790.956886,780.956886,790.956886,0.6339659999999867,train
5195,mitra_t7,data\raw\mitra\Data_T7\T7_DAll.csv,hard_brake,2,794.994253,784.994253,794.994253,0.9342660000000932,train
5196,mitra_t7,data\raw\mitra\Data_T7\T7_DAll.csv,hard_brake,21,765.598217,755.598217,765.598217,0.5004999999999882,train
5197,mitra_t7,data\raw\mitra\Data_T7\T7_DAll.csv,hard_brake,3,761.727684,751.727684,761.727684,1.5015000000000782,train
5198,mitra_t7,data\raw\mitra\Data_T7\T7_DAll.csv,hard_brake,3,792.024619,782.024619,792.024619,0.7340669999999818,train
5199,mitra_t7,data\raw\mitra\Data_T7\T7_DAll.csv,hard_brake,1,772.538484,762.538484,772.538484,0.8675339999999778,train
5200,mitra_t7,data\raw\mitra\Data_T7\T7_DAll.csv,hard_brake,3,786.152085,776.152085,786.152085,0.7674339999999802,train
5201,mitra_t7,data\raw\mitra\Data_T7\T7_DAll.csv,hard_brake,2,797.029619,787.029619,797.029619,0.5672339999999849,train
5202,mitra_t7,data\raw\mitra\Data_T7\T7_DAll.csv,hard_brake,3,760.426384,750.426384,760.426384,0.9342659999999796,train
5203,mitra_t7,data\raw\mitra\Data_T7\T7_DAll.csv,hard_brake,3,788.788052,778.788052,788.788052,0.8007999999999811,train
5204,mitra_t7,data\raw\mitra\Data_T7\T7_DAll.csv,hard_brake,1,788.988252,778.988252,788.988252,0.7674329999999827,train
5205,mitra_t7,data\raw\mitra\Data_T7\T7_DAll.csv,hard_brake,1,777.576851,767.576851,777.576851,0.8341669999999795,train
5206,mitra_t7,data\raw\mitra\Data_T7\T7_DAll.csv,hard_brake,2,803.43602,793.43602,803.43602,1.1678329999999733,train
5207,mitra_t7,data\raw\mitra\Data_T7\T7_DAll.csv,hard_brake,3,761.96125,751.96125,761.96125,0.5005000000001019,train
5208,mitra_t7,data\raw\mitra\Data_T7\T7_DAll.csv,hard_brake,3,794.460386,784.460386,794.460386,0.8007999999999811,train
5209,mitra_t7,data\raw\mitra\Data_T7\T7_DAll.csv,hard_brake,3,798.030619,788.030619,798.030619,0.9008999999999788,train
5210,mitra_t7,data\raw\mitra\Data_T7\T7_DAll.csv,hard_brake,2,806.705953,796.705953,806.705953,0.7340669999999818,train
5211,mitra_t7,data\raw\mitra\Data_T7\T7_DAll.csv,hard_brake,3,763.56285,753.56285,763.56285,2.3690339999999424,train
5212,mitra_t7,data\raw\mitra\Data_T7\T7_DAll.csv,hard_brake,3,796.962886,786.962886,796.962886,1.1344669999999724,train
5213,mitra_t7,data\raw\mitra\Data_T7\T7_DAll.csv,hard_brake,1,781.981252,771.981252,781.981252,0.9342659999999796,train
5214,mitra_t7,data\raw\mitra\Data_T7\T7_DAll.csv,hard_brake,1,800.499753,790.499753,800.499753,0.6005999999999858,train
5215,mitra_t7,data\raw\mitra\Data_T7\T7_DAll.csv,hard_brake,1,787.119719,777.119719,787.119719,0.6339659999999867,train
5216,mitra_t7,data\raw\mitra\Data_T7\T7_DAll.csv,hard_brake,3,803.169086,793.169086,803.169086,0.7674339999999802,train
5217,mitra_t7,data\raw\mitra\Data_T7\T7_DAll.csv,hard_brake,3,805.23782,795.23782,805.23782,0.8675329999999803,train
5218,mitra_t7,data\raw\mitra\Data_T7\T7_DAll.csv,hard_brake,2,811.44402,801.44402,811.44402,0.8341669999999795,train
5219,mitra_t7,data\raw\mitra\Data_T7\T7_DAll.csv,hard_brake,2,822.154721,812.154721,822.154721,0.8341669999999795,train
5220,mitra_t7,data\raw\mitra\Data_T7\T7_DAll.csv,hard_brake,1,806.505753,796.505753,806.505753,0.6005999999999858,train
5221,mitra_t7,data\raw\mitra\Data_T7\T7_DAll.csv,hard_brake,3,807.406653,797.406653,807.406653,0.5338669999999865,train
5222,mitra_t7,data\raw\mitra\Data_T7\T7_DAll.csv,hard_brake,3,762.36165,752.36165,762.36165,0.6339669999999842,train
5223,mitra_t7,data\raw\mitra\Data_T7\T7_DAll.csv,hard_brake,1,812.44502,802.44502,812.44502,1.3346669999999676,train
5224,mitra_t7,data\raw\mitra\Data_T7\T7_DAll.csv,hard_brake,3,765.965251,755.965251,765.965251,0.7006999999999834,train
5225,mitra_t7,data\raw\mitra\Data_T7\T7_DAll.csv,hard_brake,3,811.110354,801.110354,811.110354,1.0009999999999764,train
5226,mitra_t7,data\raw\mitra\Data_T7\T7_DAll.csv,hard_brake,2,826.025255,816.025255,826.025255,0.7674329999999827,train
5227,mitra_t7,data\raw\mitra\Data_T7\T7_DAll.csv,hard_brake,2,828.027255,818.027255,828.027255,0.7674329999999827,train
5228,mitra_t7,data\raw\mitra\Data_T7\T7_DAll.csv,hard_brake,2,838.304189,828.304189,838.304189,1.3346660000000838,train
5229,mitra_t7,data\raw\mitra\Data_T7\T7_DAll.csv,hard_brake,3,814.680587,804.680587,814.680587,0.7674340000000939,train
5230,mitra_t7,data\raw\mitra\Data_T7\T7_DAll.csv,hard_brake,2,828.894788,818.894788,828.894788,1.0677330000000893,train
5231,mitra_t7,data\raw\mitra\Data_T7\T7_DAll.csv,hard_brake,2,832.631855,822.631855,832.631855,0.8341669999999795,train
5232,mitra_t7,data\raw\mitra\Data_T7\T7_DAll.csv,hard_brake,1,821.320554,811.320554,821.320554,0.8007999999999811,train
5233,mitra_t7,data\raw\mitra\Data_T7\T7_DAll.csv,hard_brake,3,817.616854,807.616854,817.616854,0.8341669999999795,train
5234,mitra_t7,data\raw\mitra\Data_T7\T7_DAll.csv,hard_brake,2,840.172722,830.172722,840.172722,0.8007999999999811,train
5235,mitra_t7,data\raw\mitra\Data_T7\T7_DAll.csv,hard_brake,1,825.291188,815.291188,825.291188,0.6673329999999851,train
5236,mitra_t7,data\raw\mitra\Data_T7\T7_DAll.csv,hard_brake,2,842.875422,832.875422,842.875422,0.7674340000000939,train
5237,mitra_t7,data\raw\mitra\Data_T7\T7_DAll.csv,hard_brake,3,819.685587,809.685587,819.685587,0.9342669999999772,train
5238,mitra_t7,data\raw\mitra\Data_T7\T7_DAll.csv,hard_brake,3,782.748685,772.748685,782.748685,0.9342669999999772,train
5239,mitra_t7,data\raw\mitra\Data_T7\T7_DAll.csv,hard_brake,2,841.407289,831.407289,841.407289,0.9008999999999788,train
5240,mitra_t7,data\raw\mitra\Data_T7\T7_DAll.csv,hard_brake,3,784.183452,774.183452,784.183452,0.8007999999999811,train
5241,mitra_t7,data\raw\mitra\Data_T7\T7_DAll.csv,hard_brake,1,828.260821,818.260821,828.260821,1.0343670000000884,train
5242,mitra_t7,data\raw\mitra\Data_T7\T7_DAll.csv,hard_brake,3,784.316918,774.316918,784.316918,0.9342669999999772,train
5243,mitra_t7,data\raw\mitra\Data_T7\T7_DAll.csv,hard_brake,1,809.108353,799.108353,809.108353,0.8341669999999795,train
5244,mitra_t7,data\raw\mitra\Data_T7\T7_DAll.csv,hard_brake,2,845.411289,835.411289,845.411289,0.9008999999999788,train
5245,mitra_t7,data\raw\mitra\Data_T7\T7_DAll.csv,hard_brake,3,784.984252,774.984252,784.984252,1.0343669999999747,train
5246,mitra_t7,data\raw\mitra\Data_T7\T7_DAll.csv,hard_brake,3,785.451385,775.451385,785.451385,1.2012000000000853,train
5247,mitra_t7,data\raw\mitra\Data_T7\T7_DAll.csv,hard_brake,3,787.486752,777.486752,787.486752,0.967632999999978,train
5248,mitra_t7,data\raw\mitra\Data_T7\T7_DAll.csv,hard_brake,3,844.043256,834.043256,844.043256,0.9342659999999796,train
5249,mitra_t7,data\raw\mitra\Data_T7\T7_DAll.csv,hard_brake,7,786.552485,776.552485,786.552485,0.9008999999999788,train
5250,mitra_t7,data\raw\mitra\Data_T7\T7_DAll.csv,hard_brake,3,789.255185,779.255185,789.255185,0.6006009999999833,train
5251,mitra_t7,data\raw\mitra\Data_T7\T7_DAll.csv,hard_brake,3,848.447656,838.447656,848.447656,0.8675329999999803,train
5252,mitra_t7,data\raw\mitra\Data_T7\T7_DAll.csv,hard_brake,3,788.687952,778.687952,788.687952,1.3012999999999693,train
5253,mitra_t7,data\raw\mitra\Data_T7\T7_DAll.csv,hard_brake,3,845.778323,835.778323,845.778323,1.0343659999999772,train
5254,mitra_t7,data\raw\mitra\Data_T7\T7_DAll.csv,hard_brake,1,829.562121,819.562121,829.562121,0.9009009999999762,train
5255,mitra_t7,data\raw\mitra\Data_T7\T7_DAll.csv,hard_brake,2,850.216089,840.216089,850.216089,0.6006009999999833,train
5256,mitra_t7,data\raw\mitra\Data_T7\T7_DAll.csv,hard_brake,1,836.435655,826.435655,836.435655,0.7006999999999834,train
5257,mitra_t7,data\raw\mitra\Data_T7\T7_DAll.csv,hard_brake,1,851.450656,841.450656,851.450656,0.8675339999999778,train
5258,mitra_t7,data\raw\mitra\Data_T7\T7_DAll.csv,hard_brake,2,792.858786,782.858786,792.858786,0.7006999999999834,train
5259,mitra_t7,data\raw\mitra\Data_T7\T7_DAll.csv,hard_brake,1,852.785323,842.785323,852.785323,0.867533000000094,train
5260,mitra_t7,data\raw\mitra\Data_T7\T7_DAll.csv,hard_brake,3,851.81769,841.81769,851.81769,1.0009999999999764,train
5261,mitra_t7,data\raw\mitra\Data_T7\T7_DAll.csv,hard_brake,3,853.752956,843.752956,853.752956,0.7340669999999818,train
5262,mitra_t7,data\raw\mitra\Data_T7\T7_DAll.csv,hard_brake,3,855.52139,845.52139,855.52139,0.6339669999999842,train
5263,mitra_t7,data\raw\mitra\Data_T7\T7_DAll.csv,hard_brake,3,857.957157,847.957157,857.957157,0.8675329999999803,train
5264,mitra_t7,data\raw\mitra\Data_T7\T7_DAll.csv,hard_brake,3,858.557757,848.557757,858.557757,1.101099999999974,train
5265,mitra_t7,data\raw\mitra\Data_T7\T7_DAll.csv,hard_brake,1,827.092988,817.092988,827.092988,0.6673329999999851,train
5266,mitra_t7,data\raw\mitra\Data_T7\T7_DAll.csv,hard_brake,10,798.764686,788.764686,798.764686,0.5338669999999865,train
5267,mitra_t7,data\raw\mitra\Data_T7\T7_DAll.csv,hard_brake,2,831.130355,821.130355,831.130355,0.8341669999999795,train
5268,mitra_t7,data\raw\mitra\Data_T7\T7_DAll.csv,hard_brake,3,864.096624,854.096624,864.096624,1.0677329999999756,train
5269,mitra_t7,data\raw\mitra\Data_T7\T7_DAll.csv,hard_brake,3,878.944791,868.944791,878.944791,0.7340669999999818,train
5270,mitra_t7,data\raw\mitra\Data_T7\T7_DAll.csv,hard_brake,3,880.246091,870.246091,880.246091,0.9342669999999772,train
5271,mitra_t7,data\raw\mitra\Data_T7\T7_DAll.csv,hard_brake,2,867.066257,857.066257,867.066257,0.5672340000000986,train
5272,mitra_t7,data\raw\mitra\Data_T7\T7_DAll.csv,hard_brake,3,881.814325,871.814325,881.814325,0.8675329999999803,train
5273,mitra_t7,data\raw\mitra\Data_T7\T7_DAll.csv,hard_brake,2,862.461657,852.461657,862.461657,0.867533000000094,train
5274,mitra_t7,data\raw\mitra\Data_T7\T7_DAll.csv,hard_brake,1,833.666222,823.666222,833.666222,0.8008000000000948,train
5275,mitra_t7,data\raw\mitra\Data_T7\T7_DAll.csv,hard_brake,2,869.668857,859.668857,869.668857,0.8341669999999795,train
5276,mitra_t7,data\raw\mitra\Data_T7\T7_DAll.csv,hard_brake,3,883.415925,873.415925,883.415925,0.6005999999999858,train
5277,mitra_t7,data\raw\mitra\Data_T7\T7_DAll.csv,hard_brake,3,801.200453,791.200453,801.200453,0.5004999999999882,train
5278,mitra_t7,data\raw\mitra\Data_T7\T7_DAll.csv,hard_brake,3,886.018525,876.018525,886.018525,0.8341670000000931,train
5279,mitra_t7,data\raw\mitra\Data_T7\T7_DAll.csv,hard_brake,1,870.202724,860.202724,870.202724,0.8007999999999811,train
5280,mitra_t7,data\raw\mitra\Data_T7\T7_DAll.csv,hard_brake,2,871.637491,861.637491,871.637491,0.7674330000000964,train
5281,mitra_t7,data\raw\mitra\Data_T7\T7_DAll.csv,hard_brake,2,877.243091,867.243091,877.243091,1.101099999999974,train
5282,mitra_t7,data\raw\mitra\Data_T7\T7_DAll.csv,hard_brake,2,876.275458,866.275458,876.275458,0.8341670000000931,train
5283,mitra_t7,data\raw\mitra\Data_T7\T7_DAll.csv,hard_brake,3,889.121625,879.121625,889.121625,0.9008999999999788,train
5284,mitra_t7,data\raw\mitra\Data_T7\T7_DAll.csv,hard_brake,3,870.002524,860.002524,870.002524,0.4671329999999898,train
5285,mitra_t7,data\raw\mitra\Data_T7\T7_DAll.csv,hard_brake,1,872.137991,862.137991,872.137991,0.8675329999999803,train
5286,mitra_t7,data\raw\mitra\Data_T7\T7_DAll.csv,hard_brake,1,883.048892,873.048892,883.048892,0.8007999999999811,train
5287,mitra_t7,data\raw\mitra\Data_T7\T7_DAll.csv,hard_brake,2,882.314825,872.314825,882.314825,0.8675329999999803,train
5288,mitra_t7,data\raw\mitra\Data_T7\T7_DAll.csv,hard_brake,1,873.839691,863.839691,873.839691,1.0009999999999764,train
5289,mitra_t7,data\raw\mitra\Data_T7\T7_DAll.csv,hard_brake,1,862.061257,852.061257,862.061257,0.7674330000000964,train
5290,mitra_t7,data\raw\mitra\Data_T7\T7_DAll.csv,hard_brake,2,891.690859,881.690859,891.690859,0.6673329999999851,train
5291,mitra_t7,data\raw\mitra\Data_T7\T7_DAll.csv,hard_brake,2,863.42929,853.42929,863.42929,0.4671339999999873,train
5292,mitra_t7,data\raw\mitra\Data_T7\T7_DAll.csv,hard_brake,3,898.831326,888.831326,898.831326,0.5338669999999865,train
5293,mitra_t7,data\raw\mitra\Data_T7\T7_DAll.csv,hard_brake,3,905.070893,895.070893,905.070893,0.7007000000000971,train
5294,mitra_t7,data\raw\mitra\Data_T7\T7_DAll.csv,hard_brake,1,867.800324,857.800324,867.800324,0.7006999999999834,train
5295,mitra_t7,data\raw\mitra\Data_T7\T7_DAll.csv,hard_brake,1,897.696859,887.696859,897.696859,0.6673339999999826,train
5296,mitra_t7,data\raw\mitra\Data_T7\T7_DAll.csv,hard_brake,3,916.448927,906.448927,916.448927,0.6005999999999858,train
5297,mitra_t7,data\raw\mitra\Data_T7\T7_DAll.csv,hard_brake,2,930.729861,920.729861,930.729861,0.6673339999999826,train
5298,mitra_t7,data\raw\mitra\Data_T7\T7_DAll.csv,hard_brake,3,920.986794,910.986794,920.986794,0.5004999999999882,train
5299,mitra_t7,data\raw\mitra\Data_T7\T7_DAll.csv,hard_brake,3,922.988794,912.988794,922.988794,0.9008999999999788,train
5300,mitra_t7,data\raw\mitra\Data_T7\T7_DAll.csv,hard_brake,3,925.157628,915.157628,925.157628,0.7340659999999843,train
5301,mitra_t7,data\raw\mitra\Data_T7\T7_DAll.csv,hard_brake,3,928.494295,918.494295,928.494295,0.7340659999999843,train
5302,mitra_t7,data\raw\mitra\Data_T7\T7_DAll.csv,hard_brake,3,926.759228,916.759228,926.759228,0.6339669999999842,train
5303,mitra_t7,data\raw\mitra\Data_T7\T7_DAll.csv,hard_brake,1,877.710225,867.710225,877.710225,0.8007999999999811,train
5304,mitra_t7,data\raw\mitra\Data_T7\T7_DAll.csv,hard_brake,1,938.070529,928.070529,938.070529,0.6673329999999851,train
5305,mitra_t7,data\raw\mitra\Data_T7\T7_DAll.csv,hard_brake,3,930.029161,920.029161,930.029161,0.8675339999999778,train
5306,mitra_t7,data\raw\mitra\Data_T7\T7_DAll.csv,hard_brake,3,932.932062,922.932062,932.932062,0.8007999999999811,train
5307,mitra_t7,data\raw\mitra\Data_T7\T7_DAll.csv,hard_brake,3,935.334462,925.334462,935.334462,0.9008999999999788,train
5308,mitra_t7,data\raw\mitra\Data_T7\T7_DAll.csv,hard_brake,1,914.280094,904.280094,914.280094,0.6005999999999858,train
5309,mitra_t7,data\raw\mitra\Data_T7\T7_DAll.csv,hard_brake,2,944.944062,934.944062,944.944062,0.8007999999999811,train
5310,mitra_t7,data\raw\mitra\Data_T7\T7_DAll.csv,hard_brake,3,940.706495,930.706495,940.706495,0.8675339999999778,train
5311,mitra_t7,data\raw\mitra\Data_T7\T7_DAll.csv,hard_brake,10,873.772958,863.772958,873.772958,0.9008999999999788,train
5312,mitra_t7,data\raw\mitra\Data_T7\T7_DAll.csv,hard_brake,3,950.716496,940.716496,950.716496,0.8675339999999778,train
5313,mitra_t7,data\raw\mitra\Data_T7\T7_DAll.csv,hard_brake,1,879.245091,869.245091,879.245091,0.6673339999999826,train
5314,mitra_t7,data\raw\mitra\Data_T7\T7_DAll.csv,hard_brake,1,932.598395,922.598395,932.598395,0.8007999999999811,train
5315,mitra_t7,data\raw\mitra\Data_T7\T7_DAll.csv,hard_brake,2,954.620396,944.620396,954.620396,0.9676339999999756,train
5316,mitra_t7,data\raw\mitra\Data_T7\T7_DAll.csv,hard_brake,2,932.264728,922.264728,932.264728,0.8007999999999811,train
5317,mitra_t7,data\raw\mitra\Data_T7\T7_DAll.csv,hard_brake,3,958.057163,948.057163,958.057163,1.0343670000000884,train
5318,mitra_t7,data\raw\mitra\Data_T7\T7_DAll.csv,hard_brake,1,895.628126,885.628126,895.628126,0.5672330000001011,train
5319,mitra_t7,data\raw\mitra\Data_T7\T7_DAll.csv,hard_brake,1,941.273729,931.273729,941.273729,1.1344669999999724,train
5320,mitra_t7,data\raw\mitra\Data_T7\T7_DAll.csv,hard_brake,2,854.753956,844.753956,854.753956,0.7674339999999802,train
5321,mitra_t7,data\raw\mitra\Data_T7\T7_DAll.csv,hard_brake,3,859.22509,849.22509,859.22509,0.7674329999999827,train
5322,mitra_t7,data\raw\mitra\Data_T7\T7_DAll.csv,hard_brake,1,921.921061,911.921061,921.921061,0.6339669999999842,train
5323,mitra_t7,data\raw\mitra\Data_T7\T7_DAll.csv,hard_brake,2,928.227361,918.227361,928.227361,0.5672339999999849,train
5324,mitra_t7,data\raw\mitra\Data_T7\T7_DAll.csv,hard_brake,3,860.793324,850.793324,860.793324,0.9008999999999788,train
5325,mitra_t7,data\raw\mitra\Data_T7\T7_DAll.csv,hard_brake,3,864.096624,854.096624,864.096624,0.9342659999999796,train
5326,mitra_t7,data\raw\mitra\Data_T7\T7_DAll.csv,hard_brake,3,863.72959,853.72959,863.72959,0.9342669999999772,train
5327,mitra_t7,data\raw\mitra\Data_T7\T7_DAll.csv,hard_brake,3,870.836691,860.836691,870.836691,0.8007999999999811,train
5328,mitra_t7,data\raw\mitra\Data_T7\T7_DAll.csv,hard_brake,3,966.131897,956.131897,966.131897,0.8007999999999811,train
5329,mitra_t7,data\raw\mitra\Data_T7\T7_DAll.csv,hard_brake,2,1000.065799,990.065799,1000.065799,0.7340669999999818,train
5330,mitra_t7,data\raw\mitra\Data_T7\T7_DAll.csv,hard_brake,3,865.731591,855.731591,865.731591,0.5672329999999874,train
5331,mitra_t7,data\raw\mitra\Data_T7\T7_DAll.csv,hard_brake,1,996.829233,986.829233,996.829233,0.8007999999999811,train
5332,mitra_t7,data\raw\mitra\Data_T7\T7_DAll.csv,hard_brake,2,1007.840233,997.840233,1007.840233,0.8007999999999811,train
5333,mitra_t7,data\raw\mitra\Data_T7\T7_DAll.csv,hard_brake,1,927.159628,917.159628,927.159628,0.5672329999999874,train
5334,mitra_t7,data\raw\mitra\Data_T7\T7_DAll.csv,hard_brake,3,868.267457,858.267457,868.267457,0.8675339999999778,train
5335,mitra_t7,data\raw\mitra\Data_T7\T7_DAll.csv,hard_brake,3,869.768957,859.768957,869.768957,0.7340669999999818,train
5336,mitra_t7,data\raw\mitra\Data_T7\T7_DAll.csv,hard_brake,1,1005.237633,995.237633,1005.237633,0.9009000000000924,train
5337,mitra_t7,data\raw\mitra\Data_T7\T7_DAll.csv,hard_brake,2,1001.567299,991.567299,1001.567299,0.5672339999999849,train
5338,mitra_t7,data\raw\mitra\Data_T7\T7_DAll.csv,hard_brake,2,909.275093,899.275093,909.275093,0.7006999999999834,train
5339,mitra_t7,data\raw\mitra\Data_T7\T7_DAll.csv,hard_brake,2,918.150627,908.150627,918.150627,0.6005999999999858,train
5340,mitra_t7,data\raw\mitra\Data_T7\T7_DAll.csv,hard_brake,1,939.605395,929.605395,939.605395,0.8007999999999811,train
5341,mitra_t7,data\raw\mitra\Data_T7\T7_DAll.csv,hard_brake,1,934.700495,924.700495,934.700495,0.8675329999999803,train
5342,mitra_t7,data\raw\mitra\Data_T7\T7_DAll.csv,hard_brake,1,942.908696,932.908696,942.908696,0.5338659999999891,train
5343,mitra_t7,data\raw\mitra\Data_T7\T7_DAll.csv,hard_brake,2,953.118896,943.118896,953.118896,0.8008000000000948,train
5344,mitra_t7,data\raw\mitra\Data_T7\T7_DAll.csv,hard_brake,2,937.937062,927.937062,937.937062,0.6673329999999851,train
5345,mitra_t7,data\raw\mitra\Data_T7\T7_DAll.csv,hard_brake,1,945.578029,935.578029,945.578029,1.0009999999999764,train
5346,mitra_t7,data\raw\mitra\Data_T7\T7_DAll.csv,hard_brake,2,1008.6744,998.6744,1008.6744,0.5672329999999874,train
5347,mitra_t7,data\raw\mitra\Data_T7\T7_DAll.csv,hard_brake,2,1008.340733,998.340733,1008.340733,0.6673339999999826,train
5348,mitra_t7,data\raw\mitra\Data_T7\T7_DAll.csv,hard_brake,3,1008.507567,998.507567,1008.507567,0.5004999999999882,train
5349,mitra_t7,data\raw\mitra\Data_T7\T7_DAll.csv,hard_brake,1,1008.1739,998.1739,1008.1739,0.6339669999999842,train
5350,mitra_t7,data\raw\mitra\Data_T7\T7_DAll.csv,hard_brake,10,1008.4742,998.4742,1008.4742,0.5338669999999865,train
5351,mitra_t7,data\raw\mitra\Data_T7\T7_DAll.csv,hard_brake,1,1007.906967,997.906967,1007.906967,1.101099999999974,train
5352,mitra_t7,data\raw\mitra\Data_T7\T7_DAll.csv,hard_brake,20,1008.440833,998.440833,1008.440833,0.5672339999999849,train
5353,mitra_t7,data\raw\mitra\Data_T7\T7_DAll.csv,hard_brake,0,1008.6744,998.6744,1008.6744,0.5672329999999874,train
5354,mitra_t7,data\raw\mitra\Data_T7\T7_DAll.csv,hard_brake,21,1008.407467,998.407467,1008.407467,0.6005999999999858,train
5355,mitra_t7,data\raw\mitra\Data_T7\T7_DAll.csv,hard_brake,11,1008.540933,998.540933,1008.540933,0.7006999999999834,train
5356,mitra_t7,data\raw\mitra\Data_T7\T7_DAll.csv,hard_brake,20,1008.440833,998.440833,1008.440833,0.5672339999999849,train
5357,mitra_t8,data\raw\mitra\Data_T8\T8_DAll.csv,queue,10,1.2012,-8.7988,1.2012,25.458767,cal
5358,mitra_t8,data\raw\mitra\Data_T8\T8_DAll.csv,queue,10,372.739033,362.739033,372.739033,17.71769999999998,cal
5359,mitra_t8,data\raw\mitra\Data_T8\T8_DAll.csv,queue,10,424.590833,414.590833,424.590833,7.87453400000004,cal
5360,mitra_t8,data\raw\mitra\Data_T8\T8_DAll.csv,queue,10,444.076967,434.076967,444.076967,13.113099999999974,cal
5361,mitra_t8,data\raw\mitra\Data_T8\T8_DAll.csv,queue,10,472.705567,462.705567,472.705567,11.544866000000011,cal
5362,mitra_t8,data\raw\mitra\Data_T8\T8_DAll.csv,queue,10,495.628467,485.628467,495.628467,7.374032999999997,cal
5363,mitra_t8,data\raw\mitra\Data_T8\T8_DAll.csv,queue,10,521.254067,511.254067,521.254067,37.03700000000004,cal
5364,mitra_t8,data\raw\mitra\Data_T8\T8_DAll.csv,queue,10,584.0835,574.0835,584.0835,9.309300000000007,cal
5365,mitra_t8,data\raw\mitra\Data_T8\T8_DAll.csv,queue,10,822.454967,812.454967,822.454967,38.772066,cal
5366,mitra_t8,data\raw\mitra\Data_T8\T8_DAll.csv,queue,10,871.937733,861.937733,871.937733,17.183834000000047,cal
5367,mitra_t8,data\raw\mitra\Data_T8\T8_DAll.csv,queue,20,0.0,-10.0,0.0,132.499033,cal
5368,mitra_t8,data\raw\mitra\Data_T8\T8_DAll.csv,queue,20,166.432933,156.432933,166.432933,20.75406700000002,cal
5369,mitra_t8,data\raw\mitra\Data_T8\T8_DAll.csv,queue,20,206.472933,196.472933,206.472933,31.66496699999999,cal
5370,mitra_t8,data\raw\mitra\Data_T8\T8_DAll.csv,queue,20,406.973233,396.973233,406.973233,57.824434,cal
5371,mitra_t8,data\raw\mitra\Data_T8\T8_DAll.csv,queue,20,506.572733,496.572733,506.572733,9.209199999999951,cal
5372,mitra_t8,data\raw\mitra\Data_T8\T8_DAll.csv,queue,20,846.1453,836.1453,846.1453,37.80443300000002,cal
5373,mitra_t8,data\raw\mitra\Data_T8\T8_DAll.csv,queue,7,231.7315,221.7315,231.7315,28.52849999999998,cal
5374,mitra_t8,data\raw\mitra\Data_T8\T8_DAll.csv,queue,7,315.782133,305.782133,315.782133,5.071733999999992,cal
5375,mitra_t8,data\raw\mitra\Data_T8\T8_DAll.csv,queue,7,339.7394,329.7394,339.7394,18.61860000000001,cal
5376,mitra_t8,data\raw\mitra\Data_T8\T8_DAll.csv,queue,7,775.5748,765.5748,775.5748,20.720699999999965,cal
5377,mitra_t8,data\raw\mitra\Data_T8\T8_DAll.csv,queue,7,807.873733,797.873733,807.873733,21.72169999999994,cal
5378,mitra_t8,data\raw\mitra\Data_T8\T8_DAll.csv,queue,3,2.669333,-7.330667,2.669333,74.04063400000001,cal
5379,mitra_t8,data\raw\mitra\Data_T8\T8_DAll.csv,queue,3,672.204867,662.204867,672.204867,172.2387329999999,cal
5380,mitra_t8,data\raw\mitra\Data_T8\T8_DAll.csv,queue,3,861.427233,851.427233,861.427233,23.65696700000001,cal
5381,mitra_t8,data\raw\mitra\Data_T8\T8_DAll.csv,queue,2,0.633967,-9.366033,0.633967,15.982632999999998,cal
5382,mitra_t8,data\raw\mitra\Data_T8\T8_DAll.csv,hard_brake,7,201.868333,191.868333,201.868333,0.8341669999999795,cal
5383,mitra_t8,data\raw\mitra\Data_T8\T8_DAll.csv,hard_brake,3,47.414033,37.414033,47.414033,0.6673339999999968,cal
5384,mitra_t8,data\raw\mitra\Data_T8\T8_DAll.csv,hard_brake,3,49.783067,39.783067,49.783067,0.9676329999999992,cal
5385,mitra_t8,data\raw\mitra\Data_T8\T8_DAll.csv,hard_brake,3,41.408033,31.408033000000003,41.408033,1.0009999999999977,cal
5386,mitra_t8,data\raw\mitra\Data_T8\T8_DAll.csv,hard_brake,1,37.871167,27.871167,37.871167,0.8675330000000017,cal
5387,mitra_t8,data\raw\mitra\Data_T8\T8_DAll.csv,hard_brake,1,39.9399,29.9399,39.9399,0.6339669999999984,cal
5388,mitra_t8,data\raw\mitra\Data_T8\T8_DAll.csv,hard_brake,2,26.5265,16.5265,26.5265,1.1011000000000024,cal
5389,mitra_t8,data\raw\mitra\Data_T8\T8_DAll.csv,hard_brake,2,49.416033,39.416033,49.416033,1.0010000000000048,cal
5390,mitra_t8,data\raw\mitra\Data_T8\T8_DAll.csv,hard_brake,3,49.115733,39.115733,49.115733,0.8008000000000024,cal
5391,mitra_t8,data\raw\mitra\Data_T8\T8_DAll.csv,hard_brake,2,46.980267,36.980267,46.980267,1.434766000000003,cal
5392,mitra_t8,data\raw\mitra\Data_T8\T8_DAll.csv,hard_brake,2,39.272567,29.272567,39.272567,0.8007999999999953,cal
5393,mitra_t8,data\raw\mitra\Data_T8\T8_DAll.csv,hard_brake,1,36.403033,26.403033,36.403033,0.6673339999999968,cal
5394,mitra_t8,data\raw\mitra\Data_T8\T8_DAll.csv,hard_brake,3,52.318933,42.318933,52.318933,0.7674340000000015,cal
5395,mitra_t8,data\raw\mitra\Data_T8\T8_DAll.csv,hard_brake,7,246.479567,236.479567,246.479567,0.9676330000000064,cal
5396,mitra_t8,data\raw\mitra\Data_T8\T8_DAll.csv,hard_brake,7,255.8556,245.8556,255.8556,1.067733000000004,cal
5397,mitra_t8,data\raw\mitra\Data_T8\T8_DAll.csv,hard_brake,3,43.3433,33.3433,43.3433,0.7340670000000031,cal
5398,mitra_t8,data\raw\mitra\Data_T8\T8_DAll.csv,hard_brake,1,44.110733,34.110733,44.110733,1.4681339999999992,cal
5399,mitra_t8,data\raw\mitra\Data_T8\T8_DAll.csv,hard_brake,7,271.204267,261.204267,271.204267,0.5672329999999874,cal
5400,mitra_t8,data\raw\mitra\Data_T8\T8_DAll.csv,hard_brake,3,12.979633,2.979633,12.979633,0.9009,cal
5401,mitra_t8,data\raw\mitra\Data_T8\T8_DAll.csv,hard_brake,2,19.452767,9.452767,19.452767,0.7674329999999969,cal
5402,mitra_t8,data\raw\mitra\Data_T8\T8_DAll.csv,hard_brake,1,8.4084,-1.5915999999999997,8.4084,0.6339670000000002,cal
5403,mitra_t8,data\raw\mitra\Data_T8\T8_DAll.csv,hard_brake,2,21.287933,11.287933,21.287933,0.7674340000000015,cal
5404,mitra_t8,data\raw\mitra\Data_T8\T8_DAll.csv,hard_brake,2,5.271933,-4.728067,5.271933,0.7674340000000006,cal
5405,mitra_t8,data\raw\mitra\Data_T8\T8_DAll.csv,hard_brake,2,8.375033,-1.6249669999999998,8.375033,0.834166999999999,cal
5406,mitra_t8,data\raw\mitra\Data_T8\T8_DAll.csv,hard_brake,3,9.876533,-0.1234669999999997,9.876533,0.834166999999999,cal
5407,mitra_t8,data\raw\mitra\Data_T8\T8_DAll.csv,hard_brake,1,10.1101,0.1100999999999992,10.1101,0.7674330000000005,cal
5408,mitra_t8,data\raw\mitra\Data_T8\T8_DAll.csv,hard_brake,3,8.6086,-1.3914000000000009,8.6086,0.6006,cal
5409,mitra_t8,data\raw\mitra\Data_T8\T8_DAll.csv,hard_brake,2,11.2112,1.2111999999999998,11.2112,0.8341670000000008,cal
5410,mitra_t8,data\raw\mitra\Data_T8\T8_DAll.csv,hard_brake,2,1.835167,-8.164833,1.835167,0.8675330000000001,cal
5411,mitra_t8,data\raw\mitra\Data_T8\T8_DAll.csv,hard_brake,2,12.779433,2.779432999999999,12.779433,0.7674340000000015,cal
5412,mitra_t8,data\raw\mitra\Data_T8\T8_DAll.csv,hard_brake,1,17.7177,7.717700000000001,17.7177,0.8341670000000008,cal
5413,mitra_t8,data\raw\mitra\Data_T8\T8_DAll.csv,hard_brake,1,14.681333,4.681333,14.681333,0.8675339999999991,cal
5414,mitra_t8,data\raw\mitra\Data_T8\T8_DAll.csv,hard_brake,3,17.650967,7.650967000000001,17.650967,1.067732999999997,cal
5415,mitra_t8,data\raw\mitra\Data_T8\T8_DAll.csv,hard_brake,3,16.549867,6.549866999999999,16.549867,0.8341659999999997,cal
5416,mitra_t8,data\raw\mitra\Data_T8\T8_DAll.csv,hard_brake,3,20.787433,10.787433,20.787433,0.9342669999999984,cal
5417,mitra_t8,data\raw\mitra\Data_T8\T8_DAll.csv,hard_brake,2,6.439767,-3.560233,6.439767,1.1011000000000006,cal
5418,mitra_t8,data\raw\mitra\Data_T8\T8_DAll.csv,hard_brake,3,5.4054,-4.5946,5.4054,0.8007999999999997,cal
5419,mitra_t8,data\raw\mitra\Data_T8\T8_DAll.csv,hard_brake,3,2.736067,-7.263933,2.736067,0.9676330000000002,cal
5420,mitra_t8,data\raw\mitra\Data_T8\T8_DAll.csv,hard_brake,1,21.955267,11.955267,21.955267,0.9342660000000008,cal
5421,mitra_t8,data\raw\mitra\Data_T8\T8_DAll.csv,hard_brake,1,8.975633,-1.0243669999999998,8.975633,0.7340669999999996,cal
5422,mitra_t8,data\raw\mitra\Data_T8\T8_DAll.csv,hard_brake,7,272.3721,262.3721,272.3721,0.9009000000000356,cal
5423,mitra_t8,data\raw\mitra\Data_T8\T8_DAll.csv,hard_brake,7,701.4007,691.4007,701.4007,0.6339669999999842,cal
5424,mitra_t8,data\raw\mitra\Data_T8\T8_DAll.csv,hard_brake,3,30.2302,20.2302,30.2302,0.6673329999999993,cal
5425,mitra_t8,data\raw\mitra\Data_T8\T8_DAll.csv,hard_brake,2,31.698333,21.698333,31.698333,0.7007000000000012,cal
5426,mitra_t8,data\raw\mitra\Data_T8\T8_DAll.csv,hard_brake,1,29.863167,19.863167,29.863167,1.0343659999999986,cal
5427,mitra_t8,data\raw\mitra\Data_T8\T8_DAll.csv,hard_brake,2,30.8308,20.8308,30.8308,0.7340669999999996,cal
5428,mitra_t8,data\raw\mitra\Data_T8\T8_DAll.csv,hard_brake,3,37.303933,27.303933,37.303933,0.9342669999999984,cal
5429,mitra_t8,data\raw\mitra\Data_T8\T8_DAll.csv,hard_brake,2,34.1341,24.1341,34.1341,0.6339670000000055,cal
5430,mitra_t8,data\raw\mitra\Data_T8\T8_DAll.csv,hard_brake,1,25.792433,15.792433,25.792433,0.4671340000000015,cal
5431,mitra_t8,data\raw\mitra\Data_T8\T8_DAll.csv,hard_brake,1,27.260567,17.260567,27.260567,0.8007999999999988,cal
5432,mitra_t8,data\raw\mitra\Data_T8\T8_DAll.csv,hard_brake,3,35.502133,25.502133,35.502133,0.9009,cal
5433,mitra_t8,data\raw\mitra\Data_T8\T8_DAll.csv,hard_brake,1,23.957267,13.957267000000002,23.957267,1.1010999999999989,cal
5434,mitra_t8,data\raw\mitra\Data_T8\T8_DAll.csv,hard_brake,2,37.470767,27.470767,37.470767,0.7674329999999969,cal
5435,mitra_t8,data\raw\mitra\Data_T8\T8_DAll.csv,hard_brake,2,35.502133,25.502133,35.502133,0.9009,cal
5436,mitra_t8,data\raw\mitra\Data_T8\T8_DAll.csv,hard_brake,1,34.401033,24.401033,34.401033,0.8341670000000008,cal
5437,mitra_t8,data\raw\mitra\Data_T8\T8_DAll.csv,hard_brake,1,27.961267,17.961267,27.961267,0.9342660000000008,cal
5438,mitra_t8,data\raw\mitra\Data_T8\T8_DAll.csv,hard_brake,3,31.898533,21.898533,31.898533,0.8341670000000008,cal
5439,mitra_t8,data\raw\mitra\Data_T8\T8_DAll.csv,hard_brake,1,20.7207,10.7207,20.7207,0.4671330000000004,cal
5440,mitra_t8,data\raw\mitra\Data_T8\T8_DAll.csv,hard_brake,1,23.156467,13.156467,23.156467,0.9009,cal
5441,mitra_t8,data\raw\mitra\Data_T8\T8_DAll.csv,hard_brake,2,28.194833,18.194833,28.194833,1.3680340000000015,cal
5442,mitra_t8,data\raw\mitra\Data_T8\T8_DAll.csv,hard_brake,7,338.971967,328.971967,338.971967,0.7674329999999827,cal
5443,mitra_t8,data\raw\mitra\Data_T8\T8_DAll.csv,hard_brake,6,263.0628,253.0628,263.0628,0.6006000000000427,cal
5444,mitra_t8,data\raw\mitra\Data_T8\T8_DAll.csv,hard_brake,1,54.621233,44.621233,54.621233,1.3346670000000032,cal
5445,mitra_t8,data\raw\mitra\Data_T8\T8_DAll.csv,hard_brake,2,55.8558,45.8558,55.8558,0.734066999999996,cal
5446,mitra_t8,data\raw\mitra\Data_T8\T8_DAll.csv,hard_brake,2,62.7627,52.7627,62.7627,0.734066999999996,cal
5447,mitra_t8,data\raw\mitra\Data_T8\T8_DAll.csv,hard_brake,3,64.898167,54.898167,64.898167,0.7006999999999977,cal
5448,mitra_t8,data\raw\mitra\Data_T8\T8_DAll.csv,hard_brake,3,62.695967,52.695967,62.695967,0.9009,cal
5449,mitra_t8,data\raw\mitra\Data_T8\T8_DAll.csv,hard_brake,3,66.1661,56.1661,66.1661,0.7674329999999969,cal
5450,mitra_t8,data\raw\mitra\Data_T8\T8_DAll.csv,hard_brake,3,60.193467,50.193467,60.193467,1.067733000000004,cal
5451,mitra_t8,data\raw\mitra\Data_T8\T8_DAll.csv,hard_brake,3,53.486767,43.486767,53.486767,0.7006999999999977,cal
5452,mitra_t8,data\raw\mitra\Data_T8\T8_DAll.csv,hard_brake,3,57.824433,47.824433,57.824433,0.7674340000000015,cal
5453,mitra_t8,data\raw\mitra\Data_T8\T8_DAll.csv,hard_brake,1,57.590867,47.590867,57.590867,0.8341659999999962,cal
5454,mitra_t8,data\raw\mitra\Data_T8\T8_DAll.csv,hard_brake,3,50.283567,40.283567,50.283567,0.9676329999999992,cal
5455,mitra_t8,data\raw\mitra\Data_T8\T8_DAll.csv,hard_brake,3,112.3122,102.3122,112.3122,1.0009999999999906,cal
5456,mitra_t8,data\raw\mitra\Data_T8\T8_DAll.csv,hard_brake,2,109.0089,99.0089,109.0089,0.8341670000000079,cal
5457,mitra_t8,data\raw\mitra\Data_T8\T8_DAll.csv,hard_brake,3,107.941167,97.941167,107.941167,0.8675330000000088,cal
5458,mitra_t8,data\raw\mitra\Data_T8\T8_DAll.csv,hard_brake,7,6.373033,-3.626967,6.373033,0.8007999999999997,cal
5459,mitra_t8,data\raw\mitra\Data_T8\T8_DAll.csv,hard_brake,2,105.6055,95.6055,105.6055,1.368032999999997,cal
5460,mitra_t8,data\raw\mitra\Data_T8\T8_DAll.csv,hard_brake,2,102.235467,92.235467,102.235467,0.7340659999999986,cal
5461,mitra_t8,data\raw\mitra\Data_T8\T8_DAll.csv,hard_brake,3,102.869433,92.869433,102.869433,0.7674339999999944,cal
5462,mitra_t8,data\raw\mitra\Data_T8\T8_DAll.csv,hard_brake,2,100.033267,90.033267,100.033267,0.7674330000000111,cal
5463,mitra_t8,data\raw\mitra\Data_T8\T8_DAll.csv,hard_brake,3,97.464033,87.464033,97.464033,0.8341669999999937,cal
5464,mitra_t8,data\raw\mitra\Data_T8\T8_DAll.csv,hard_brake,3,95.8958,85.8958,95.8958,0.7340670000000102,cal
5465,mitra_t8,data\raw\mitra\Data_T8\T8_DAll.csv,hard_brake,3,93.927167,83.927167,93.927167,0.7006999999999977,cal
5466,mitra_t8,data\raw\mitra\Data_T8\T8_DAll.csv,hard_brake,3,92.425667,82.425667,92.425667,1.0343659999999917,cal
5467,mitra_t8,data\raw\mitra\Data_T8\T8_DAll.csv,hard_brake,2,90.5905,80.5905,90.5905,1.534866999999991,cal
5468,mitra_t8,data\raw\mitra\Data_T8\T8_DAll.csv,hard_brake,1,77.544133,67.544133,77.544133,1.568234000000004,cal
5469,mitra_t8,data\raw\mitra\Data_T8\T8_DAll.csv,hard_brake,1,73.206467,63.206467,73.206467,1.0677329999999898,cal
5470,mitra_t8,data\raw\mitra\Data_T8\T8_DAll.csv,hard_brake,3,88.221467,78.221467,88.221467,0.6339660000000009,cal
5471,mitra_t8,data\raw\mitra\Data_T8\T8_DAll.csv,hard_brake,2,52.886167,42.886167,52.886167,0.6673329999999993,cal
5472,mitra_t8,data\raw\mitra\Data_T8\T8_DAll.csv,hard_brake,2,83.149733,73.149733,83.149733,0.6006,cal
5473,mitra_t8,data\raw\mitra\Data_T8\T8_DAll.csv,hard_brake,1,71.905167,61.905167000000006,71.905167,0.8675329999999946,cal
5474,mitra_t8,data\raw\mitra\Data_T8\T8_DAll.csv,hard_brake,2,81.3813,71.3813,81.3813,0.7340670000000102,cal
5475,mitra_t8,data\raw\mitra\Data_T8\T8_DAll.csv,hard_brake,1,74.941533,64.941533,74.941533,0.8341669999999937,cal
5476,mitra_t8,data\raw\mitra\Data_T8\T8_DAll.csv,hard_brake,3,84.3843,74.3843,84.3843,0.5672330000000017,cal
5477,mitra_t8,data\raw\mitra\Data_T8\T8_DAll.csv,hard_brake,3,82.7827,72.7827,82.7827,0.8341669999999937,cal
5478,mitra_t8,data\raw\mitra\Data_T8\T8_DAll.csv,hard_brake,3,19.886533,9.886533,19.886533,0.4671340000000015,cal
5479,mitra_t8,data\raw\mitra\Data_T8\T8_DAll.csv,hard_brake,3,80.3803,70.3803,80.3803,1.0677329999999898,cal
5480,mitra_t8,data\raw\mitra\Data_T8\T8_DAll.csv,hard_brake,2,76.6766,66.6766,76.6766,1.1344670000000008,cal
5481,mitra_t8,data\raw\mitra\Data_T8\T8_DAll.csv,hard_brake,1,66.833433,56.833433,66.833433,0.6006,cal
5482,mitra_t8,data\raw\mitra\Data_T8\T8_DAll.csv,hard_brake,2,73.4734,63.4734,73.4734,1.4681330000000088,cal
5483,mitra_t8,data\raw\mitra\Data_T8\T8_DAll.csv,hard_brake,2,56.723333,46.723333,56.723333,0.5338670000000008,cal
5484,mitra_t8,data\raw\mitra\Data_T8\T8_DAll.csv,hard_brake,2,66.332933,56.332933,66.332933,1.1011000000000024,cal
5485,mitra_t8,data\raw\mitra\Data_T8\T8_DAll.csv,hard_brake,3,74.941533,64.941533,74.941533,0.6673339999999968,cal
5486,mitra_t8,data\raw\mitra\Data_T8\T8_DAll.csv,hard_brake,3,72.105367,62.105367,72.105367,0.8341659999999962,cal
5487,mitra_t8,data\raw\mitra\Data_T8\T8_DAll.csv,hard_brake,1,64.2642,54.2642,64.2642,0.8341669999999937,cal
5488,mitra_t8,data\raw\mitra\Data_T8\T8_DAll.csv,hard_brake,1,58.792067,48.792067,58.792067,0.9676329999999992,cal
5489,mitra_t8,data\raw\mitra\Data_T8\T8_DAll.csv,hard_brake,2,59.125733,49.125733,59.125733,0.8008000000000024,cal
5490,mitra_t8,data\raw\mitra\Data_T8\T8_DAll.csv,hard_brake,3,29.396033,19.396033,29.396033,0.5338670000000008,cal
5491,mitra_t8,data\raw\mitra\Data_T8\T8_DAll.csv,hard_brake,3,77.911167,67.911167,77.911167,0.7006999999999977,cal
5492,mitra_t8,data\raw\mitra\Data_T8\T8_DAll.csv,hard_brake,7,133.5334,123.5334,133.5334,0.6005999999999858,cal
5493,mitra_t8,data\raw\mitra\Data_T8\T8_DAll.csv,hard_brake,1,79.846433,69.846433,79.846433,1.4347669999999937,cal
5494,mitra_t8,data\raw\mitra\Data_T8\T8_DAll.csv,hard_brake,1,84.851433,74.851433,84.851433,0.9342670000000056,cal
5495,mitra_t8,data\raw\mitra\Data_T8\T8_DAll.csv,hard_brake,3,111.177733,101.177733,111.177733,0.6339669999999984,cal
5496,mitra_t8,data\raw\mitra\Data_T8\T8_DAll.csv,hard_brake,1,85.852433,75.852433,85.852433,0.9342669999999912,cal
5497,mitra_t8,data\raw\mitra\Data_T8\T8_DAll.csv,hard_brake,3,114.447667,104.447667,114.447667,0.7006999999999977,cal
5498,mitra_t8,data\raw\mitra\Data_T8\T8_DAll.csv,hard_brake,21,44.911533,34.911533,44.911533,0.6339669999999984,cal
5499,mitra_t8,data\raw\mitra\Data_T8\T8_DAll.csv,hard_brake,1,49.049,39.049,49.049,0.7340670000000031,cal
5500,mitra_t8,data\raw\mitra\Data_T8\T8_DAll.csv,hard_brake,2,50.483767,40.483767,50.483767,0.7674329999999969,cal
5501,mitra_t8,data\raw\mitra\Data_T8\T8_DAll.csv,hard_brake,3,116.0159,106.0159,116.0159,0.8007999999999953,cal
5502,mitra_t8,data\raw\mitra\Data_T8\T8_DAll.csv,hard_brake,1,95.061633,85.061633,95.061633,1.401399999999995,cal
5503,mitra_t8,data\raw\mitra\Data_T8\T8_DAll.csv,hard_brake,1,52.519133,42.519133,52.519133,0.7340670000000031,cal
5504,mitra_t8,data\raw\mitra\Data_T8\T8_DAll.csv,hard_brake,3,119.385933,109.385933,119.385933,0.7674340000000086,cal
5505,mitra_t8,data\raw\mitra\Data_T8\T8_DAll.csv,hard_brake,3,120.653867,110.653867,120.653867,0.8341659999999962,cal
5506,mitra_t8,data\raw\mitra\Data_T8\T8_DAll.csv,hard_brake,1,97.230467,87.230467,97.230467,0.7340659999999986,cal
5507,mitra_t8,data\raw\mitra\Data_T8\T8_DAll.csv,hard_brake,1,82.148733,72.148733,82.148733,1.301300000000012,cal
5508,mitra_t8,data\raw\mitra\Data_T8\T8_DAll.csv,hard_brake,2,60.326933,50.326933,60.326933,0.7674340000000015,cal
5509,mitra_t8,data\raw\mitra\Data_T8\T8_DAll.csv,hard_brake,2,96.663233,86.663233,96.663233,0.5338670000000008,cal
5510,mitra_t8,data\raw\mitra\Data_T8\T8_DAll.csv,hard_brake,3,85.9859,75.9859,85.9859,0.9676329999999922,cal
5511,mitra_t8,data\raw\mitra\Data_T8\T8_DAll.csv,hard_brake,2,113.146367,103.146367,113.146367,1.0010000000000048,cal
5512,mitra_t8,data\raw\mitra\Data_T8\T8_DAll.csv,hard_brake,3,56.2562,46.2562,56.2562,0.8675330000000017,cal
5513,mitra_t8,data\raw\mitra\Data_T8\T8_DAll.csv,hard_brake,6,418.418,408.418,418.418,0.5338669999999865,cal
5514,mitra_t8,data\raw\mitra\Data_T8\T8_DAll.csv,hard_brake,3,123.590133,113.590133,123.590133,1.0677340000000015,cal
5515,mitra_t8,data\raw\mitra\Data_T8\T8_DAll.csv,hard_brake,2,116.583133,106.583133,116.583133,0.9008999999999928,cal
5516,mitra_t8,data\raw\mitra\Data_T8\T8_DAll.csv,hard_brake,3,125.125,115.125,125.125,0.7006999999999977,cal
5517,mitra_t8,data\raw\mitra\Data_T8\T8_DAll.csv,hard_brake,3,125.859067,115.859067,125.859067,0.8008000000000095,cal
5518,mitra_t8,data\raw\mitra\Data_T8\T8_DAll.csv,hard_brake,2,103.2031,93.2031,103.2031,0.9342669999999912,cal
5519,mitra_t8,data\raw\mitra\Data_T8\T8_DAll.csv,hard_brake,2,121.855067,111.855067,121.855067,0.8007999999999953,cal
5520,mitra_t8,data\raw\mitra\Data_T8\T8_DAll.csv,hard_brake,3,128.4283,118.4283,128.4283,0.5004999999999882,cal
5521,mitra_t8,data\raw\mitra\Data_T8\T8_DAll.csv,hard_brake,1,112.7126,102.7126,112.7126,1.1011000000000024,cal
5522,mitra_t8,data\raw\mitra\Data_T8\T8_DAll.csv,hard_brake,2,122.7226,112.7226,122.7226,1.2679329999999993,cal
5523,mitra_t8,data\raw\mitra\Data_T8\T8_DAll.csv,hard_brake,3,117.283833,107.283833,117.283833,0.867533999999992,cal
5524,mitra_t8,data\raw\mitra\Data_T8\T8_DAll.csv,hard_brake,3,129.9298,119.9298,129.9298,0.9009000000000073,cal
5525,mitra_t8,data\raw\mitra\Data_T8\T8_DAll.csv,hard_brake,2,124.958167,114.958167,124.958167,0.8675329999999946,cal
5526,mitra_t8,data\raw\mitra\Data_T8\T8_DAll.csv,hard_brake,3,95.962533,85.962533,95.962533,0.7674340000000086,cal
5527,mitra_t8,data\raw\mitra\Data_T8\T8_DAll.csv,hard_brake,3,101.835067,91.835067,101.835067,0.934266000000008,cal
5528,mitra_t8,data\raw\mitra\Data_T8\T8_DAll.csv,hard_brake,1,118.051267,108.051267,118.051267,1.3680330000000112,cal
5529,mitra_t8,data\raw\mitra\Data_T8\T8_DAll.csv,hard_brake,2,127.494033,117.494033,127.494033,0.8341670000000079,cal
5530,mitra_t8,data\raw\mitra\Data_T8\T8_DAll.csv,hard_brake,3,132.3322,122.3322,132.3322,0.8341670000000079,cal
5531,mitra_t8,data\raw\mitra\Data_T8\T8_DAll.csv,hard_brake,3,135.268467,125.268467,135.268467,0.7340660000000128,cal
5532,mitra_t8,data\raw\mitra\Data_T8\T8_DAll.csv,hard_brake,1,128.895433,118.895433,128.895433,1.4347669999999937,cal
5533,mitra_t8,data\raw\mitra\Data_T8\T8_DAll.csv,hard_brake,1,132.0319,122.0319,132.0319,0.9676330000000064,cal
5534,mitra_t8,data\raw\mitra\Data_T8\T8_DAll.csv,hard_brake,2,130.897433,120.897433,130.897433,1.4347669999999937,cal
5535,mitra_t8,data\raw\mitra\Data_T8\T8_DAll.csv,hard_brake,3,139.272467,129.272467,139.272467,0.7340659999999843,cal
5536,mitra_t8,data\raw\mitra\Data_T8\T8_DAll.csv,hard_brake,3,142.408933,132.408933,142.408933,0.9342670000000056,cal
5537,mitra_t8,data\raw\mitra\Data_T8\T8_DAll.csv,hard_brake,3,133.133,123.133,133.133,0.7006999999999834,cal
5538,mitra_t8,data\raw\mitra\Data_T8\T8_DAll.csv,hard_brake,2,135.502033,125.502033,135.502033,1.0009999999999764,cal
5539,mitra_t8,data\raw\mitra\Data_T8\T8_DAll.csv,hard_brake,7,232.0318,222.0318,232.0318,0.7006999999999834,cal
5540,mitra_t8,data\raw\mitra\Data_T8\T8_DAll.csv,hard_brake,3,143.409933,133.409933,143.409933,1.2679339999999968,cal
5541,mitra_t8,data\raw\mitra\Data_T8\T8_DAll.csv,hard_brake,2,137.5374,127.5374,137.5374,0.6339670000000126,cal
5542,mitra_t8,data\raw\mitra\Data_T8\T8_DAll.csv,hard_brake,2,140.5404,130.5404,140.5404,0.9676330000000064,cal
5543,mitra_t8,data\raw\mitra\Data_T8\T8_DAll.csv,hard_brake,3,148.281467,138.281467,148.281467,0.8008000000000095,cal
5544,mitra_t8,data\raw\mitra\Data_T8\T8_DAll.csv,hard_brake,2,133.199733,123.199733,133.199733,0.8007999999999811,cal
5545,mitra_t8,data\raw\mitra\Data_T8\T8_DAll.csv,hard_brake,3,150.817333,140.817333,150.817333,0.7007000000000119,cal
5546,mitra_t8,data\raw\mitra\Data_T8\T8_DAll.csv,hard_brake,1,89.2892,79.2892,89.2892,0.8341670000000079,cal
5547,mitra_t8,data\raw\mitra\Data_T8\T8_DAll.csv,hard_brake,1,141.2411,131.2411,141.2411,0.9342670000000056,cal
5548,mitra_t8,data\raw\mitra\Data_T8\T8_DAll.csv,hard_brake,2,143.910433,133.910433,143.910433,0.7674339999999802,cal
5549,mitra_t8,data\raw\mitra\Data_T8\T8_DAll.csv,hard_brake,3,140.206733,130.206733,140.206733,0.8007999999999811,cal
5550,mitra_t8,data\raw\mitra\Data_T8\T8_DAll.csv,hard_brake,3,151.885067,141.885067,151.885067,0.8008000000000095,cal
5551,mitra_t8,data\raw\mitra\Data_T8\T8_DAll.csv,hard_brake,3,137.0369,127.0369,137.0369,0.6339669999999842,cal
5552,mitra_t8,data\raw\mitra\Data_T8\T8_DAll.csv,hard_brake,1,99.1991,89.1991,99.1991,0.7674329999999969,cal
5553,mitra_t8,data\raw\mitra\Data_T8\T8_DAll.csv,hard_brake,1,137.804333,127.804333,137.804333,0.5338669999999865,cal
5554,mitra_t8,data\raw\mitra\Data_T8\T8_DAll.csv,hard_brake,1,100.667233,90.667233,100.667233,0.8008000000000095,cal
5555,mitra_t8,data\raw\mitra\Data_T8\T8_DAll.csv,hard_brake,7,714.847467,704.847467,714.847467,0.7006999999999834,cal
5556,mitra_t8,data\raw\mitra\Data_T8\T8_DAll.csv,hard_brake,2,147.580767,137.580767,147.580767,0.7674329999999827,cal
5557,mitra_t8,data\raw\mitra\Data_T8\T8_DAll.csv,hard_brake,2,150.6505,140.6505,150.6505,0.8675330000000088,cal
5558,mitra_t8,data\raw\mitra\Data_T8\T8_DAll.csv,hard_brake,2,151.885067,141.885067,151.885067,0.8008000000000095,cal
5559,mitra_t8,data\raw\mitra\Data_T8\T8_DAll.csv,hard_brake,1,145.7456,135.7456,145.7456,0.9342670000000056,cal
5560,mitra_t8,data\raw\mitra\Data_T8\T8_DAll.csv,hard_brake,3,149.9498,139.9498,149.9498,0.5672329999999874,cal
5561,mitra_t8,data\raw\mitra\Data_T8\T8_DAll.csv,hard_brake,2,99.666233,89.666233,99.666233,0.8007999999999953,cal
5562,mitra_t8,data\raw\mitra\Data_T8\T8_DAll.csv,hard_brake,2,155.421933,145.421933,155.421933,0.9342670000000056,cal
5563,mitra_t8,data\raw\mitra\Data_T8\T8_DAll.csv,hard_brake,1,149.816333,139.816333,149.816333,1.0343670000000031,cal
5564,mitra_t8,data\raw\mitra\Data_T8\T8_DAll.csv,hard_brake,1,151.918433,141.918433,151.918433,0.7674340000000086,cal
5565,mitra_t8,data\raw\mitra\Data_T8\T8_DAll.csv,hard_brake,1,154.0539,144.0539,154.0539,0.9676330000000064,cal
5566,mitra_t8,data\raw\mitra\Data_T8\T8_DAll.csv,hard_brake,1,132.9328,122.9328,132.9328,0.7340670000000102,cal
5567,mitra_t8,data\raw\mitra\Data_T8\T8_DAll.csv,hard_brake,2,114.747967,104.747967,114.747967,0.9008999999999928,cal
5568,mitra_t8,data\raw\mitra\Data_T8\T8_DAll.csv,hard_brake,7,249.515933,239.515933,249.515933,0.5672340000000133,cal
5569,mitra_t8,data\raw\mitra\Data_T8\T8_DAll.csv,hard_brake,2,156.7566,146.7566,156.7566,1.434767000000022,cal
5570,mitra_t8,data\raw\mitra\Data_T8\T8_DAll.csv,hard_brake,1,115.9158,105.9158,115.9158,0.6339669999999984,cal
5571,mitra_t8,data\raw\mitra\Data_T8\T8_DAll.csv,hard_brake,1,156.689867,146.689867,156.689867,0.5005000000000166,cal
5572,mitra_t8,data\raw\mitra\Data_T8\T8_DAll.csv,hard_brake,1,158.5584,148.5584,158.5584,0.9676330000000064,cal
5573,mitra_t8,data\raw\mitra\Data_T8\T8_DAll.csv,hard_brake,3,91.091,81.091,91.091,0.5672330000000017,cal
5574,mitra_t8,data\raw\mitra\Data_T8\T8_DAll.csv,hard_brake,2,159.626133,149.626133,159.626133,1.5682339999999897,cal
5575,mitra_t8,data\raw\mitra\Data_T8\T8_DAll.csv,hard_brake,3,146.6465,136.6465,146.6465,0.8341670000000079,cal
5576,mitra_t8,data\raw\mitra\Data_T8\T8_DAll.csv,hard_brake,3,157.490667,147.490667,157.490667,0.8675330000000088,cal
5577,mitra_t8,data\raw\mitra\Data_T8\T8_DAll.csv,hard_brake,1,160.326833,150.326833,160.326833,1.0343670000000031,cal
5578,mitra_t8,data\raw\mitra\Data_T8\T8_DAll.csv,hard_brake,1,162.295467,152.295467,162.295467,1.7350659999999891,cal
5579,mitra_t8,data\raw\mitra\Data_T8\T8_DAll.csv,hard_brake,1,164.397567,154.397567,164.397567,0.8007999999999811,cal
5580,mitra_t8,data\raw\mitra\Data_T8\T8_DAll.csv,hard_brake,2,164.397567,154.397567,164.397567,0.8007999999999811,cal
5581,mitra_t8,data\raw\mitra\Data_T8\T8_DAll.csv,hard_brake,7,198.198,188.198,198.198,0.4671329999999898,cal
5582,mitra_t8,data\raw\mitra\Data_T8\T8_DAll.csv,hard_brake,7,251.584667,241.584667,251.584667,0.8341660000000104,cal
5583,mitra_t8,data\raw\mitra\Data_T8\T8_DAll.csv,hard_brake,2,173.206367,163.206367,173.206367,0.8341660000000104,cal
5584,mitra_t8,data\raw\mitra\Data_T8\T8_DAll.csv,hard_brake,2,167.000167,157.000167,167.000167,1.5348659999999938,cal
5585,mitra_t8,data\raw\mitra\Data_T8\T8_DAll.csv,hard_brake,1,124.6245,114.6245,124.6245,0.7006999999999977,cal
5586,mitra_t8,data\raw\mitra\Data_T8\T8_DAll.csv,hard_brake,2,165.298467,155.298467,165.298467,0.7340660000000128,cal
5587,mitra_t8,data\raw\mitra\Data_T8\T8_DAll.csv,hard_brake,3,168.2681,158.2681,168.2681,0.7674329999999827,cal
5588,mitra_t8,data\raw\mitra\Data_T8\T8_DAll.csv,hard_brake,1,171.004167,161.004167,171.004167,0.8675330000000088,cal
5589,mitra_t8,data\raw\mitra\Data_T8\T8_DAll.csv,hard_brake,1,167.600767,157.600767,167.600767,0.7674330000000111,cal
5590,mitra_t8,data\raw\mitra\Data_T8\T8_DAll.csv,hard_brake,3,164.164,154.164,164.164,0.8675330000000088,cal
5591,mitra_t8,data\raw\mitra\Data_T8\T8_DAll.csv,hard_brake,21,176.209367,166.209367,176.209367,0.4671330000000182,cal
5592,mitra_t8,data\raw\mitra\Data_T8\T8_DAll.csv,hard_brake,3,162.7626,152.7626,162.7626,0.5005000000000166,cal
5593,mitra_t8,data\raw\mitra\Data_T8\T8_DAll.csv,hard_brake,3,143.209733,133.209733,143.209733,0.967634000000004,cal
5594,mitra_t8,data\raw\mitra\Data_T8\T8_DAll.csv,hard_brake,3,174.3742,164.3742,174.3742,0.8341670000000079,cal
5595,mitra_t8,data\raw\mitra\Data_T8\T8_DAll.csv,hard_brake,2,168.8687,158.8687,168.8687,1.5015000000000214,cal
5596,mitra_t8,data\raw\mitra\Data_T8\T8_DAll.csv,hard_brake,21,156.689867,146.689867,156.689867,0.6339660000000151,cal
5597,mitra_t8,data\raw\mitra\Data_T8\T8_DAll.csv,hard_brake,1,178.2781,168.2781,178.2781,0.7674330000000111,cal
5598,mitra_t8,data\raw\mitra\Data_T8\T8_DAll.csv,hard_brake,21,146.6465,136.6465,146.6465,0.6673329999999851,cal
5599,mitra_t8,data\raw\mitra\Data_T8\T8_DAll.csv,hard_brake,1,138.471667,128.471667,138.471667,0.8675330000000088,cal
5600,mitra_t8,data\raw\mitra\Data_T8\T8_DAll.csv,hard_brake,1,173.139633,163.139633,173.139633,0.9009000000000073,cal
5601,mitra_t8,data\raw\mitra\Data_T8\T8_DAll.csv,hard_brake,0,139.973167,129.973167,139.973167,0.7340660000000128,cal
5602,mitra_t8,data\raw\mitra\Data_T8\T8_DAll.csv,hard_brake,21,152.7526,142.7526,152.7526,0.5672329999999874,cal
5603,mitra_t8,data\raw\mitra\Data_T8\T8_DAll.csv,hard_brake,1,180.146633,170.146633,180.146633,0.9008999999999788,cal
5604,mitra_t8,data\raw\mitra\Data_T8\T8_DAll.csv,hard_brake,3,173.5734,163.5734,173.5734,0.8008000000000095,cal
5605,mitra_t8,data\raw\mitra\Data_T8\T8_DAll.csv,hard_brake,2,142.375567,132.375567,142.375567,0.6339660000000151,cal
5606,mitra_t8,data\raw\mitra\Data_T8\T8_DAll.csv,hard_brake,1,181.948433,171.948433,181.948433,0.7674340000000086,cal
5607,mitra_t8,data\raw\mitra\Data_T8\T8_DAll.csv,hard_brake,2,178.945433,168.945433,178.945433,1.4347669999999937,cal
5608,mitra_t8,data\raw\mitra\Data_T8\T8_DAll.csv,hard_brake,2,181.8817,171.8817,181.8817,1.501499999999993,cal
5609,mitra_t8,data\raw\mitra\Data_T8\T8_DAll.csv,hard_brake,3,177.844333,167.844333,177.844333,0.8675340000000062,cal
5610,mitra_t8,data\raw\mitra\Data_T8\T8_DAll.csv,hard_brake,1,185.752233,175.752233,185.752233,0.967634000000004,cal
5611,mitra_t8,data\raw\mitra\Data_T8\T8_DAll.csv,hard_brake,3,151.618133,141.618133,151.618133,0.7007000000000119,cal
5612,mitra_t8,data\raw\mitra\Data_T8\T8_DAll.csv,hard_brake,3,142.675867,132.675867,142.675867,0.967632999999978,cal
5613,mitra_t8,data\raw\mitra\Data_T8\T8_DAll.csv,hard_brake,1,153.086267,143.086267,153.086267,0.7674330000000111,cal
5614,mitra_t8,data\raw\mitra\Data_T8\T8_DAll.csv,hard_brake,2,186.8867,176.8867,186.8867,1.334666999999996,cal
5615,mitra_t8,data\raw\mitra\Data_T8\T8_DAll.csv,hard_brake,3,180.914067,170.914067,180.914067,0.6339660000000151,cal
5616,mitra_t8,data\raw\mitra\Data_T8\T8_DAll.csv,hard_brake,21,167.534033,157.534033,167.534033,0.4671340000000157,cal
5617,mitra_t8,data\raw\mitra\Data_T8\T8_DAll.csv,hard_brake,2,190.223367,180.223367,190.223367,1.0010000000000048,cal
5618,mitra_t8,data\raw\mitra\Data_T8\T8_DAll.csv,hard_brake,1,190.423567,180.423567,190.423567,0.9676330000000064,cal
5619,mitra_t8,data\raw\mitra\Data_T8\T8_DAll.csv,hard_brake,7,151.151,141.151,151.151,0.6339669999999842,cal
5620,mitra_t8,data\raw\mitra\Data_T8\T8_DAll.csv,hard_brake,3,185.018167,175.018167,185.018167,0.5338659999999891,cal
5621,mitra_t8,data\raw\mitra\Data_T8\T8_DAll.csv,hard_brake,2,192.559033,182.559033,192.559033,0.8341670000000079,cal
5622,mitra_t8,data\raw\mitra\Data_T8\T8_DAll.csv,hard_brake,2,190.8907,180.8907,190.8907,0.8341669999999795,cal
5623,mitra_t8,data\raw\mitra\Data_T8\T8_DAll.csv,hard_brake,1,192.058533,182.058533,192.058533,1.1678339999999992,cal
5624,mitra_t8,data\raw\mitra\Data_T8\T8_DAll.csv,hard_brake,2,194.260733,184.260733,194.260733,0.6339670000000126,cal
5625,mitra_t8,data\raw\mitra\Data_T8\T8_DAll.csv,hard_brake,7,264.397467,254.397467,264.397467,0.8675329999999803,cal
5626,mitra_t8,data\raw\mitra\Data_T8\T8_DAll.csv,hard_brake,3,189.822967,179.822967,189.822967,1.067733000000004,cal
5627,mitra_t8,data\raw\mitra\Data_T8\T8_DAll.csv,hard_brake,1,195.762233,185.762233,195.762233,0.6339669999999842,cal
5628,mitra_t8,data\raw\mitra\Data_T8\T8_DAll.csv,hard_brake,2,195.528667,185.528667,195.528667,0.7006999999999834,cal
5629,mitra_t8,data\raw\mitra\Data_T8\T8_DAll.csv,hard_brake,7,265.798867,255.798867,265.798867,0.8008000000000379,cal
5630,mitra_t8,data\raw\mitra\Data_T8\T8_DAll.csv,hard_brake,2,196.4963,186.4963,196.4963,0.5672330000000159,cal
5631,mitra_t8,data\raw\mitra\Data_T8\T8_DAll.csv,hard_brake,1,198.831967,188.831967,198.831967,0.6339660000000151,cal
5632,mitra_t8,data\raw\mitra\Data_T8\T8_DAll.csv,hard_brake,1,204.837967,194.837967,204.837967,0.9009000000000073,cal
5633,mitra_t8,data\raw\mitra\Data_T8\T8_DAll.csv,hard_brake,7,282.282,272.282,282.282,0.8341670000000363,cal
5634,mitra_t8,data\raw\mitra\Data_T8\T8_DAll.csv,hard_brake,7,290.657033,280.657033,290.657033,0.4671339999999873,cal
5635,mitra_t8,data\raw\mitra\Data_T8\T8_DAll.csv,hard_brake,2,207.874333,197.874333,207.874333,0.8675340000000062,cal
5636,mitra_t8,data\raw\mitra\Data_T8\T8_DAll.csv,hard_brake,3,197.330467,187.330467,197.330467,0.7340660000000128,cal
5637,mitra_t8,data\raw\mitra\Data_T8\T8_DAll.csv,hard_brake,2,204.8046,194.8046,204.8046,0.7674330000000111,cal
5638,mitra_t8,data\raw\mitra\Data_T8\T8_DAll.csv,hard_brake,3,200.2,190.2,200.2,0.8675330000000088,cal
5639,mitra_t8,data\raw\mitra\Data_T8\T8_DAll.csv,hard_brake,2,212.212,202.212,212.212,1.0343670000000031,cal
5640,mitra_t8,data\raw\mitra\Data_T8\T8_DAll.csv,hard_brake,2,209.375833,199.375833,209.375833,0.8675340000000062,cal
5641,mitra_t8,data\raw\mitra\Data_T8\T8_DAll.csv,hard_brake,3,205.171633,195.171633,205.171633,0.7006999999999834,cal
5642,mitra_t8,data\raw\mitra\Data_T8\T8_DAll.csv,hard_brake,7,283.216267,273.216267,283.216267,1.0677329999999756,cal
5643,mitra_t8,data\raw\mitra\Data_T8\T8_DAll.csv,hard_brake,3,194.127267,184.127267,194.127267,0.934266000000008,cal
5644,mitra_t8,data\raw\mitra\Data_T8\T8_DAll.csv,hard_brake,1,216.849967,206.849967,216.849967,1.5682330000000206,cal
5645,mitra_t8,data\raw\mitra\Data_T8\T8_DAll.csv,hard_brake,3,203.3031,193.3031,203.3031,0.7674330000000111,cal
5646,mitra_t8,data\raw\mitra\Data_T8\T8_DAll.csv,hard_brake,2,216.216,206.216,216.216,1.2012,cal
5647,mitra_t8,data\raw\mitra\Data_T8\T8_DAll.csv,hard_brake,1,185.051533,175.051533,185.051533,0.6673339999999826,cal
5648,mitra_t8,data\raw\mitra\Data_T8\T8_DAll.csv,hard_brake,3,207.540667,197.540667,207.540667,0.7006999999999834,cal
5649,mitra_t8,data\raw\mitra\Data_T8\T8_DAll.csv,hard_brake,7,288.288,278.288,288.288,0.8341669999999795,cal
5650,mitra_t8,data\raw\mitra\Data_T8\T8_DAll.csv,hard_brake,7,735.5348,725.5348,735.5348,0.8675329999999803,cal
5651,mitra_t8,data\raw\mitra\Data_T8\T8_DAll.csv,hard_brake,2,218.9187,208.9187,218.9187,0.8341670000000079,cal
5652,mitra_t8,data\raw\mitra\Data_T8\T8_DAll.csv,hard_brake,3,219.886333,209.886333,219.886333,0.8675340000000062,cal
5653,mitra_t8,data\raw\mitra\Data_T8\T8_DAll.csv,hard_brake,3,209.209,199.209,209.209,0.7006999999999834,cal
5654,mitra_t8,data\raw\mitra\Data_T8\T8_DAll.csv,hard_brake,3,200.4002,190.4002,200.4002,0.5004999999999882,cal
5655,mitra_t8,data\raw\mitra\Data_T8\T8_DAll.csv,hard_brake,3,211.945067,201.945067,211.945067,0.6339660000000151,cal
5656,mitra_t8,data\raw\mitra\Data_T8\T8_DAll.csv,hard_brake,1,223.4232,213.4232,223.4232,1.0010000000000048,cal
5657,mitra_t8,data\raw\mitra\Data_T8\T8_DAll.csv,hard_brake,3,178.311467,168.311467,178.311467,1.1678330000000017,cal
5658,mitra_t8,data\raw\mitra\Data_T8\T8_DAll.csv,hard_brake,3,213.746867,203.746867,213.746867,0.834165999999982,cal
5659,mitra_t8,data\raw\mitra\Data_T8\T8_DAll.csv,hard_brake,1,187.053533,177.053533,187.053533,0.8341670000000079,cal
5660,mitra_t8,data\raw\mitra\Data_T8\T8_DAll.csv,hard_brake,21,193.860333,183.860333,193.860333,0.667334000000011,cal
5661,mitra_t8,data\raw\mitra\Data_T8\T8_DAll.csv,hard_brake,3,217.150267,207.150267,217.150267,0.6005999999999858,cal
5662,mitra_t8,data\raw\mitra\Data_T8\T8_DAll.csv,hard_brake,1,228.561667,218.561667,228.561667,1.4681329999999946,cal
5663,mitra_t8,data\raw\mitra\Data_T8\T8_DAll.csv,hard_brake,2,220.453567,210.453567,220.453567,0.9676330000000064,cal
5664,mitra_t8,data\raw\mitra\Data_T8\T8_DAll.csv,hard_brake,1,193.459933,183.459933,193.459933,0.7674339999999802,cal
5665,mitra_t8,data\raw\mitra\Data_T8\T8_DAll.csv,hard_brake,21,196.7966,186.7966,196.7966,0.8341669999999795,cal
5666,mitra_t8,data\raw\mitra\Data_T8\T8_DAll.csv,hard_brake,1,231.564667,221.564667,231.564667,1.3680330000000254,cal
5667,mitra_t8,data\raw\mitra\Data_T8\T8_DAll.csv,hard_brake,1,194.561033,184.561033,194.561033,0.8007999999999811,cal
5668,mitra_t8,data\raw\mitra\Data_T8\T8_DAll.csv,hard_brake,2,229.796233,219.796233,229.796233,0.8008000000000095,cal
5669,mitra_t8,data\raw\mitra\Data_T8\T8_DAll.csv,hard_brake,2,176.409567,166.409567,176.409567,1.0343659999999772,cal
5670,mitra_t8,data\raw\mitra\Data_T8\T8_DAll.csv,hard_brake,3,229.0288,219.0288,229.0288,0.9009000000000073,cal
5671,mitra_t8,data\raw\mitra\Data_T8\T8_DAll.csv,hard_brake,3,222.222,212.222,222.222,0.8675329999999803,cal
5672,mitra_t8,data\raw\mitra\Data_T8\T8_DAll.csv,hard_brake,1,238.404833,228.404833,238.404833,1.2012,cal
5673,mitra_t8,data\raw\mitra\Data_T8\T8_DAll.csv,hard_brake,3,224.390833,214.390833,224.390833,1.0343670000000031,cal
5674,mitra_t8,data\raw\mitra\Data_T8\T8_DAll.csv,hard_brake,3,225.658767,215.658767,225.658767,0.9342659999999796,cal
5675,mitra_t8,data\raw\mitra\Data_T8\T8_DAll.csv,hard_brake,3,226.893333,216.893333,226.893333,0.8675339999999778,cal
5676,mitra_t8,data\raw\mitra\Data_T8\T8_DAll.csv,hard_brake,1,201.9017,191.9017,201.9017,0.8341670000000079,cal
5677,mitra_t8,data\raw\mitra\Data_T8\T8_DAll.csv,hard_brake,3,232.1319,222.1319,232.1319,0.8008000000000095,cal
5678,mitra_t8,data\raw\mitra\Data_T8\T8_DAll.csv,hard_brake,1,240.5403,230.5403,240.5403,1.067733000000004,cal
5679,mitra_t8,data\raw\mitra\Data_T8\T8_DAll.csv,hard_brake,3,233.766867,223.766867,233.766867,1.0010000000000048,cal
5680,mitra_t8,data\raw\mitra\Data_T8\T8_DAll.csv,hard_brake,3,235.268367,225.268367,235.268367,0.834165999999982,cal
5681,mitra_t8,data\raw\mitra\Data_T8\T8_DAll.csv,hard_brake,2,234.8346,224.8346,234.8346,0.7674330000000111,cal
5682,mitra_t8,data\raw\mitra\Data_T8\T8_DAll.csv,hard_brake,1,245.4452,235.4452,245.4452,1.1678330000000017,cal
5683,mitra_t8,data\raw\mitra\Data_T8\T8_DAll.csv,hard_brake,2,236.402833,226.402833,236.402833,0.7007000000000119,cal
5684,mitra_t8,data\raw\mitra\Data_T8\T8_DAll.csv,hard_brake,3,236.569667,226.569667,236.569667,0.8675329999999803,cal
5685,mitra_t8,data\raw\mitra\Data_T8\T8_DAll.csv,hard_brake,7,305.071433,295.071433,305.071433,0.7340669999999818,cal
5686,mitra_t8,data\raw\mitra\Data_T8\T8_DAll.csv,hard_brake,3,238.9387,228.9387,238.9387,0.8341669999999795,cal
5687,mitra_t8,data\raw\mitra\Data_T8\T8_DAll.csv,hard_brake,7,303.136167,293.136167,303.136167,0.834165999999982,cal
5688,mitra_t8,data\raw\mitra\Data_T8\T8_DAll.csv,hard_brake,1,250.416833,240.416833,250.416833,1.0010000000000048,cal
5689,mitra_t8,data\raw\mitra\Data_T8\T8_DAll.csv,hard_brake,3,240.9407,230.9407,240.9407,1.0010000000000048,cal
5690,mitra_t8,data\raw\mitra\Data_T8\T8_DAll.csv,hard_brake,1,255.288367,245.288367,255.288367,1.5015000000000214,cal
5691,mitra_t8,data\raw\mitra\Data_T8\T8_DAll.csv,hard_brake,2,191.057533,181.057533,191.057533,0.8341669999999795,cal
5692,mitra_t8,data\raw\mitra\Data_T8\T8_DAll.csv,hard_brake,2,248.248,238.248,248.248,0.7007000000000119,cal
5693,mitra_t8,data\raw\mitra\Data_T8\T8_DAll.csv,hard_brake,2,231.998433,221.998433,231.998433,0.6005999999999858,cal
5694,mitra_t8,data\raw\mitra\Data_T8\T8_DAll.csv,hard_brake,3,245.578667,235.578667,245.578667,1.0343660000000057,cal
5695,mitra_t8,data\raw\mitra\Data_T8\T8_DAll.csv,hard_brake,3,246.3461,236.3461,246.3461,0.9342670000000056,cal
5696,mitra_t8,data\raw\mitra\Data_T8\T8_DAll.csv,hard_brake,1,260.326733,250.326733,260.326733,0.9676340000000324,cal
5697,mitra_t8,data\raw\mitra\Data_T8\T8_DAll.csv,hard_brake,2,251.584667,241.584667,251.584667,1.368032999999997,cal
5698,mitra_t8,data\raw\mitra\Data_T8\T8_DAll.csv,hard_brake,2,253.386467,243.386467,253.386467,0.7340659999999843,cal
5699,mitra_t8,data\raw\mitra\Data_T8\T8_DAll.csv,hard_brake,3,197.6975,187.6975,197.6975,1.1344670000000008,cal
5700,mitra_t8,data\raw\mitra\Data_T8\T8_DAll.csv,hard_brake,3,250.083167,240.083167,250.083167,1.0343660000000057,cal
5701,mitra_t8,data\raw\mitra\Data_T8\T8_DAll.csv,hard_brake,3,212.5123,202.5123,212.5123,0.5004999999999882,cal
5702,mitra_t8,data\raw\mitra\Data_T8\T8_DAll.csv,hard_brake,1,265.198267,255.198267,265.198267,0.7674330000000396,cal
5703,mitra_t8,data\raw\mitra\Data_T8\T8_DAll.csv,hard_brake,2,255.6554,245.6554,255.6554,1.1344670000000292,cal
5704,mitra_t8,data\raw\mitra\Data_T8\T8_DAll.csv,hard_brake,1,224.557667,214.557667,224.557667,0.8675329999999803,cal
5705,mitra_t8,data\raw\mitra\Data_T8\T8_DAll.csv,hard_brake,3,252.619033,242.619033,252.619033,0.8341670000000079,cal
5706,mitra_t8,data\raw\mitra\Data_T8\T8_DAll.csv,hard_brake,2,258.491567,248.491567,258.491567,1.2345660000000294,cal
5707,mitra_t8,data\raw\mitra\Data_T8\T8_DAll.csv,hard_brake,3,265.832233,255.832233,265.832233,0.8008000000000379,cal
5708,mitra_t8,data\raw\mitra\Data_T8\T8_DAll.csv,hard_brake,1,233.8336,223.8336,233.8336,0.9342670000000056,cal
5709,mitra_t8,data\raw\mitra\Data_T8\T8_DAll.csv,hard_brake,3,260.1599,250.1599,260.1599,0.8007999999999811,cal
5710,mitra_t8,data\raw\mitra\Data_T8\T8_DAll.csv,hard_brake,3,218.785233,208.785233,218.785233,0.7006999999999834,cal
5711,mitra_t8,data\raw\mitra\Data_T8\T8_DAll.csv,hard_brake,7,338.1378,328.1378,338.1378,0.8675329999999803,cal
5712,mitra_t8,data\raw\mitra\Data_T8\T8_DAll.csv,hard_brake,1,235.602033,225.602033,235.602033,0.8341670000000079,cal
5713,mitra_t8,data\raw\mitra\Data_T8\T8_DAll.csv,hard_brake,2,260.093167,250.093167,260.093167,0.8675329999999803,cal
5714,mitra_t8,data\raw\mitra\Data_T8\T8_DAll.csv,hard_brake,3,262.095167,252.095167,262.095167,0.7006999999999834,cal
5715,mitra_t8,data\raw\mitra\Data_T8\T8_DAll.csv,hard_brake,2,262.8626,252.8626,262.8626,0.7674330000000396,cal
5716,mitra_t8,data\raw\mitra\Data_T8\T8_DAll.csv,hard_brake,3,262.929333,252.929333,262.929333,0.7007000000000403,cal
5717,mitra_t8,data\raw\mitra\Data_T8\T8_DAll.csv,hard_brake,1,236.703133,226.703133,236.703133,0.9008999999999788,cal
5718,mitra_t8,data\raw\mitra\Data_T8\T8_DAll.csv,hard_brake,2,266.532933,256.532933,266.532933,0.7674339999999802,cal
5719,mitra_t8,data\raw\mitra\Data_T8\T8_DAll.csv,hard_brake,3,267.3671,257.3671,267.3671,0.934267000000034,cal
5720,mitra_t8,data\raw\mitra\Data_T8\T8_DAll.csv,hard_brake,3,268.6684,258.6684,268.6684,0.8007999999999811,cal
5721,mitra_t8,data\raw\mitra\Data_T8\T8_DAll.csv,hard_brake,3,270.603667,260.603667,270.603667,0.8675330000000372,cal
5722,mitra_t8,data\raw\mitra\Data_T8\T8_DAll.csv,hard_brake,1,270.536933,260.536933,270.536933,0.767434000000037,cal
5723,mitra_t8,data\raw\mitra\Data_T8\T8_DAll.csv,hard_brake,3,271.938333,261.938333,271.938333,1.0343669999999747,cal
5724,mitra_t8,data\raw\mitra\Data_T8\T8_DAll.csv,hard_brake,2,277.1769,267.1769,277.1769,1.468133000000023,cal
5725,mitra_t8,data\raw\mitra\Data_T8\T8_DAll.csv,hard_brake,3,273.7735,263.7735,273.7735,0.8675329999999803,cal
5726,mitra_t8,data\raw\mitra\Data_T8\T8_DAll.csv,hard_brake,3,275.7755,265.7755,275.7755,0.8675329999999803,cal
5727,mitra_t8,data\raw\mitra\Data_T8\T8_DAll.csv,hard_brake,2,283.349733,273.349733,283.349733,1.6349669999999603,cal
5728,mitra_t8,data\raw\mitra\Data_T8\T8_DAll.csv,hard_brake,3,278.6784,268.6784,278.6784,0.8007999999999811,cal
5729,mitra_t8,data\raw\mitra\Data_T8\T8_DAll.csv,hard_brake,1,273.3731,263.3731,273.3731,0.6673329999999851,cal
5730,mitra_t8,data\raw\mitra\Data_T8\T8_DAll.csv,hard_brake,1,282.5823,272.5823,282.5823,0.8341670000000363,cal
5731,mitra_t8,data\raw\mitra\Data_T8\T8_DAll.csv,hard_brake,2,287.9877,277.9877,287.9877,0.6673329999999851,cal
5732,mitra_t8,data\raw\mitra\Data_T8\T8_DAll.csv,hard_brake,1,286.419467,276.419467,286.419467,0.9008999999999788,cal
5733,mitra_t8,data\raw\mitra\Data_T8\T8_DAll.csv,hard_brake,2,285.285,275.285,285.285,0.8675329999999803,cal
5734,mitra_t8,data\raw\mitra\Data_T8\T8_DAll.csv,hard_brake,2,290.223267,280.223267,290.223267,0.7674329999999827,cal
5735,mitra_t8,data\raw\mitra\Data_T8\T8_DAll.csv,hard_brake,1,259.092167,249.092167,259.092167,0.8675329999999803,cal
5736,mitra_t8,data\raw\mitra\Data_T8\T8_DAll.csv,hard_brake,1,291.824867,281.824867,291.824867,0.8341660000000388,cal
5737,mitra_t8,data\raw\mitra\Data_T8\T8_DAll.csv,hard_brake,3,289.122167,279.122167,289.122167,0.8675330000000372,cal
5738,mitra_t8,data\raw\mitra\Data_T8\T8_DAll.csv,hard_brake,3,284.817867,274.817867,284.817867,1.0010000000000332,cal
5739,mitra_t8,data\raw\mitra\Data_T8\T8_DAll.csv,hard_brake,3,287.320367,277.320367,287.320367,0.6673330000000419,cal
5740,mitra_t8,data\raw\mitra\Data_T8\T8_DAll.csv,hard_brake,1,266.899967,256.899967,266.899967,0.9008999999999788,cal
5741,mitra_t8,data\raw\mitra\Data_T8\T8_DAll.csv,hard_brake,2,292.759133,282.759133,292.759133,0.7340669999999818,cal
5742,mitra_t8,data\raw\mitra\Data_T8\T8_DAll.csv,hard_brake,1,295.128167,285.128167,295.128167,1.7016999999999598,cal
5743,mitra_t8,data\raw\mitra\Data_T8\T8_DAll.csv,hard_brake,3,291.457833,281.457833,291.457833,0.8675340000000347,cal
5744,mitra_t8,data\raw\mitra\Data_T8\T8_DAll.csv,hard_brake,2,268.101167,258.101167,268.101167,0.8675330000000372,cal
5745,mitra_t8,data\raw\mitra\Data_T8\T8_DAll.csv,hard_brake,2,274.507567,264.507567,274.507567,0.5672329999999874,cal
5746,mitra_t8,data\raw\mitra\Data_T8\T8_DAll.csv,hard_brake,1,298.931967,288.931967,298.931967,1.334666000000027,cal
5747,mitra_t8,data\raw\mitra\Data_T8\T8_DAll.csv,hard_brake,3,296.0958,286.0958,296.0958,0.7340669999999818,cal
5748,mitra_t8,data\raw\mitra\Data_T8\T8_DAll.csv,hard_brake,2,301.2009,291.2009,301.2009,0.8008000000000379,cal
5749,mitra_t8,data\raw\mitra\Data_T8\T8_DAll.csv,hard_brake,2,302.468833,292.468833,302.468833,0.8675339999999778,cal
5750,mitra_t8,data\raw\mitra\Data_T8\T8_DAll.csv,hard_brake,1,307.040067,297.040067,307.040067,1.3012999999999693,cal
5751,mitra_t8,data\raw\mitra\Data_T8\T8_DAll.csv,hard_brake,1,271.738133,261.738133,271.738133,0.7340669999999818,cal
5752,mitra_t8,data\raw\mitra\Data_T8\T8_DAll.csv,hard_brake,2,304.9046,294.9046,304.9046,1.2011999999999716,cal
5753,mitra_t8,data\raw\mitra\Data_T8\T8_DAll.csv,hard_brake,3,300.166533,290.166533,300.166533,0.8341669999999795,cal
5754,mitra_t8,data\raw\mitra\Data_T8\T8_DAll.csv,hard_brake,3,302.8025,292.8025,302.8025,0.7006999999999834,cal
5755,mitra_t8,data\raw\mitra\Data_T8\T8_DAll.csv,hard_brake,2,308.374733,298.374733,308.374733,0.9676340000000324,cal
5756,mitra_t8,data\raw\mitra\Data_T8\T8_DAll.csv,hard_brake,7,810.843367,800.843367,810.843367,0.6339660000001004,cal
5757,mitra_t8,data\raw\mitra\Data_T8\T8_DAll.csv,hard_brake,3,245.0448,235.0448,245.0448,1.1678330000000017,cal
5758,mitra_t8,data\raw\mitra\Data_T8\T8_DAll.csv,hard_brake,3,301.467833,291.467833,301.467833,0.8675340000000347,cal
5759,mitra_t8,data\raw\mitra\Data_T8\T8_DAll.csv,hard_brake,2,310.9106,300.9106,310.9106,1.601600000000019,cal
5760,mitra_t8,data\raw\mitra\Data_T8\T8_DAll.csv,hard_brake,1,275.541933,265.541933,275.541933,0.6006000000000427,cal
5761,mitra_t8,data\raw\mitra\Data_T8\T8_DAll.csv,hard_brake,1,310.476833,300.476833,310.476833,0.5338669999999865,cal
5762,mitra_t8,data\raw\mitra\Data_T8\T8_DAll.csv,hard_brake,1,314.0137,304.0137,314.0137,0.633967000000041,cal
5763,mitra_t8,data\raw\mitra\Data_T8\T8_DAll.csv,hard_brake,2,313.1128,303.1128,313.1128,0.9008999999999788,cal
5764,mitra_t8,data\raw\mitra\Data_T8\T8_DAll.csv,hard_brake,1,277.610667,267.610667,277.610667,0.8675330000000372,cal
5765,mitra_t8,data\raw\mitra\Data_T8\T8_DAll.csv,hard_brake,3,250.383467,240.383467,250.383467,0.7674330000000111,cal
5766,mitra_t8,data\raw\mitra\Data_T8\T8_DAll.csv,hard_brake,3,306.2059,296.2059,306.2059,0.633967000000041,cal
5767,mitra_t8,data\raw\mitra\Data_T8\T8_DAll.csv,hard_brake,2,315.5152,305.5152,315.5152,0.8341669999999795,cal
5768,mitra_t8,data\raw\mitra\Data_T8\T8_DAll.csv,hard_brake,2,274.841233,264.841233,274.841233,0.8008000000000379,cal
5769,mitra_t8,data\raw\mitra\Data_T8\T8_DAll.csv,hard_brake,3,308.308,298.308,308.308,0.8675329999999803,cal
5770,mitra_t8,data\raw\mitra\Data_T8\T8_DAll.csv,hard_brake,1,317.583933,307.583933,317.583933,0.7674339999999802,cal
5771,mitra_t8,data\raw\mitra\Data_T8\T8_DAll.csv,hard_brake,3,285.018067,275.018067,285.018067,0.8341660000000388,cal
5772,mitra_t8,data\raw\mitra\Data_T8\T8_DAll.csv,hard_brake,7,360.5602,350.5602,360.5602,0.8007999999999811,cal
5773,mitra_t8,data\raw\mitra\Data_T8\T8_DAll.csv,hard_brake,2,317.9176,307.9176,317.9176,0.934267000000034,cal
5774,mitra_t8,data\raw\mitra\Data_T8\T8_DAll.csv,hard_brake,2,280.1799,270.1799,280.1799,0.8008000000000379,cal
5775,mitra_t8,data\raw\mitra\Data_T8\T8_DAll.csv,hard_brake,1,318.885233,308.885233,318.885233,0.9676339999999756,cal
5776,mitra_t8,data\raw\mitra\Data_T8\T8_DAll.csv,hard_brake,2,320.953967,310.953967,320.953967,0.7340660000000412,cal
5777,mitra_t8,data\raw\mitra\Data_T8\T8_DAll.csv,hard_brake,2,319.585933,309.585933,319.585933,0.9342669999999772,cal
5778,mitra_t8,data\raw\mitra\Data_T8\T8_DAll.csv,hard_brake,3,312.4121,302.4121,312.4121,0.9342669999999772,cal
5779,mitra_t8,data\raw\mitra\Data_T8\T8_DAll.csv,hard_brake,1,284.717767,274.717767,284.717767,0.7674330000000396,cal
5780,mitra_t8,data\raw\mitra\Data_T8\T8_DAll.csv,hard_brake,1,321.5212,311.5212,321.5212,0.8341669999999795,cal
5781,mitra_t8,data\raw\mitra\Data_T8\T8_DAll.csv,hard_brake,0,271.738133,261.738133,271.738133,1.434767000000022,cal
5782,mitra_t8,data\raw\mitra\Data_T8\T8_DAll.csv,hard_brake,3,316.983333,306.983333,316.983333,1.2011999999999716,cal
5783,mitra_t8,data\raw\mitra\Data_T8\T8_DAll.csv,hard_brake,3,318.351367,308.351367,318.351367,1.0010000000000332,cal
5784,mitra_t8,data\raw\mitra\Data_T8\T8_DAll.csv,hard_brake,2,325.992333,315.992333,325.992333,1.2012000000000285,cal
5785,mitra_t8,data\raw\mitra\Data_T8\T8_DAll.csv,hard_brake,2,332.598933,322.598933,332.598933,0.934267000000034,cal
5786,mitra_t8,data\raw\mitra\Data_T8\T8_DAll.csv,hard_brake,3,319.886233,309.886233,319.886233,0.6339669999999842,cal
5787,mitra_t8,data\raw\mitra\Data_T8\T8_DAll.csv,hard_brake,1,324.1238,314.1238,324.1238,0.4671329999999898,cal
5788,mitra_t8,data\raw\mitra\Data_T8\T8_DAll.csv,hard_brake,2,306.939967,296.939967,306.939967,1.0677329999999756,cal
5789,mitra_t8,data\raw\mitra\Data_T8\T8_DAll.csv,hard_brake,2,333.800133,323.800133,333.800133,1.23456699999997,cal
5790,mitra_t8,data\raw\mitra\Data_T8\T8_DAll.csv,hard_brake,3,327.960967,317.960967,327.960967,0.500500000000045,cal
5791,mitra_t8,data\raw\mitra\Data_T8\T8_DAll.csv,hard_brake,3,322.488833,312.488833,322.488833,0.7006999999999834,cal
5792,mitra_t8,data\raw\mitra\Data_T8\T8_DAll.csv,hard_brake,2,336.1358,326.1358,336.1358,0.9008999999999788,cal
5793,mitra_t8,data\raw\mitra\Data_T8\T8_DAll.csv,hard_brake,3,323.690033,313.690033,323.690033,1.0009999999999764,cal
5794,mitra_t8,data\raw\mitra\Data_T8\T8_DAll.csv,hard_brake,2,337.003333,327.003333,337.003333,0.8675339999999778,cal
5795,mitra_t8,data\raw\mitra\Data_T8\T8_DAll.csv,hard_brake,2,338.6383,328.6383,338.6383,0.9008999999999788,cal
5796,mitra_t8,data\raw\mitra\Data_T8\T8_DAll.csv,hard_brake,3,336.069067,326.069067,336.069067,0.4671329999999898,cal
5797,mitra_t8,data\raw\mitra\Data_T8\T8_DAll.csv,hard_brake,1,293.026067,283.026067,293.026067,0.6339659999999867,cal
5798,mitra_t8,data\raw\mitra\Data_T8\T8_DAll.csv,hard_brake,3,331.898233,321.898233,331.898233,0.4671339999999873,cal
5799,mitra_t8,data\raw\mitra\Data_T8\T8_DAll.csv,hard_brake,1,330.4301,320.4301,330.4301,0.8675330000000372,cal
5800,mitra_t8,data\raw\mitra\Data_T8\T8_DAll.csv,hard_brake,1,331.664667,321.664667,331.664667,0.7340659999999843,cal
5801,mitra_t8,data\raw\mitra\Data_T8\T8_DAll.csv,hard_brake,2,340.406733,330.406733,340.406733,0.9676340000000324,cal
5802,mitra_t8,data\raw\mitra\Data_T8\T8_DAll.csv,hard_brake,0,275.7755,265.7755,275.7755,1.6349669999999603,cal
5803,mitra_t8,data\raw\mitra\Data_T8\T8_DAll.csv,hard_brake,2,309.242267,299.242267,309.242267,0.9342659999999796,cal
5804,mitra_t8,data\raw\mitra\Data_T8\T8_DAll.csv,hard_brake,1,332.665667,322.665667,332.665667,0.8675330000000372,cal
5805,mitra_t8,data\raw\mitra\Data_T8\T8_DAll.csv,hard_brake,1,302.168533,292.168533,302.168533,0.8341669999999795,cal
5806,mitra_t8,data\raw\mitra\Data_T8\T8_DAll.csv,hard_brake,2,342.108433,332.108433,342.108433,1.1011000000000308,cal
5807,mitra_t8,data\raw\mitra\Data_T8\T8_DAll.csv,hard_brake,3,344.7444,334.7444,344.7444,0.9676330000000348,cal
5808,mitra_t8,data\raw\mitra\Data_T8\T8_DAll.csv,hard_brake,3,334.867867,324.867867,334.867867,0.6339659999999867,cal
5809,mitra_t8,data\raw\mitra\Data_T8\T8_DAll.csv,hard_brake,1,345.178167,335.178167,345.178167,0.7007000000000403,cal
5810,mitra_t8,data\raw\mitra\Data_T8\T8_DAll.csv,hard_brake,3,337.8375,327.8375,337.8375,0.7007000000000403,cal
5811,mitra_t8,data\raw\mitra\Data_T8\T8_DAll.csv,hard_brake,2,344.4441,334.4441,344.4441,0.7674329999999827,cal
5812,mitra_t8,data\raw\mitra\Data_T8\T8_DAll.csv,hard_brake,1,303.169533,293.169533,303.169533,0.6673339999999826,cal
5813,mitra_t8,data\raw\mitra\Data_T8\T8_DAll.csv,hard_brake,3,338.805133,328.805133,338.805133,0.9008999999999788,cal
5814,mitra_t8,data\raw\mitra\Data_T8\T8_DAll.csv,hard_brake,1,346.979967,336.979967,346.979967,0.7340659999999843,cal
5815,mitra_t8,data\raw\mitra\Data_T8\T8_DAll.csv,hard_brake,3,340.0397,330.0397,340.0397,0.6673330000000419,cal
5816,mitra_t8,data\raw\mitra\Data_T8\T8_DAll.csv,hard_brake,3,342.408733,332.408733,342.408733,0.8008000000000379,cal
5817,mitra_t8,data\raw\mitra\Data_T8\T8_DAll.csv,hard_brake,1,351.984967,341.984967,351.984967,0.9009000000000356,cal
5818,mitra_t8,data\raw\mitra\Data_T8\T8_DAll.csv,hard_brake,7,666.4658,656.4658,666.4658,1.0343670000000884,cal
5819,mitra_t8,data\raw\mitra\Data_T8\T8_DAll.csv,hard_brake,2,345.6453,335.6453,345.6453,0.7340669999999818,cal
5820,mitra_t8,data\raw\mitra\Data_T8\T8_DAll.csv,hard_brake,2,318.685033,308.685033,318.685033,0.5338670000000434,cal
5821,mitra_t8,data\raw\mitra\Data_T8\T8_DAll.csv,hard_brake,3,346.479467,336.479467,346.479467,0.9008999999999788,cal
5822,mitra_t8,data\raw\mitra\Data_T8\T8_DAll.csv,hard_brake,1,334.067067,324.067067,334.067067,0.6339659999999867,cal
5823,mitra_t8,data\raw\mitra\Data_T8\T8_DAll.csv,hard_brake,3,348.181167,338.181167,348.181167,0.8675329999999803,cal
5824,mitra_t8,data\raw\mitra\Data_T8\T8_DAll.csv,hard_brake,1,350.216533,340.216533,350.216533,0.9008999999999788,cal
5825,mitra_t8,data\raw\mitra\Data_T8\T8_DAll.csv,hard_brake,6,325.5252,315.5252,325.5252,0.934267000000034,cal
5826,mitra_t8,data\raw\mitra\Data_T8\T8_DAll.csv,hard_brake,3,350.216533,340.216533,350.216533,0.8341669999999795,cal
5827,mitra_t8,data\raw\mitra\Data_T8\T8_DAll.csv,hard_brake,2,365.7654,355.7654,365.7654,1.2345670000000268,cal
5828,mitra_t8,data\raw\mitra\Data_T8\T8_DAll.csv,hard_brake,1,360.526833,350.526833,360.526833,0.7006999999999834,cal
5829,mitra_t8,data\raw\mitra\Data_T8\T8_DAll.csv,hard_brake,3,351.8515,341.8515,351.8515,0.8675330000000372,cal
5830,mitra_t8,data\raw\mitra\Data_T8\T8_DAll.csv,hard_brake,1,357.890867,347.890867,357.890867,0.834165999999982,cal
5831,mitra_t8,data\raw\mitra\Data_T8\T8_DAll.csv,hard_brake,21,350.416733,340.416733,350.416733,0.6005999999999858,cal
5832,mitra_t8,data\raw\mitra\Data_T8\T8_DAll.csv,hard_brake,2,368.034333,358.034333,368.034333,0.8675339999999778,cal
5833,mitra_t8,data\raw\mitra\Data_T8\T8_DAll.csv,hard_brake,3,353.419733,343.419733,353.419733,0.9676339999999756,cal
5834,mitra_t8,data\raw\mitra\Data_T8\T8_DAll.csv,hard_brake,1,335.068067,325.068067,335.068067,0.6006000000000427,cal
5835,mitra_t8,data\raw\mitra\Data_T8\T8_DAll.csv,hard_brake,3,354.9546,344.9546,354.9546,0.9342669999999772,cal
5836,mitra_t8,data\raw\mitra\Data_T8\T8_DAll.csv,hard_brake,1,367.6673,357.6673,367.6673,0.9008999999999788,cal
5837,mitra_t8,data\raw\mitra\Data_T8\T8_DAll.csv,hard_brake,2,370.503467,360.503467,370.503467,1.0677329999999756,cal
5838,mitra_t8,data\raw\mitra\Data_T8\T8_DAll.csv,hard_brake,2,352.4521,342.4521,352.4521,0.7674330000000396,cal
5839,mitra_t8,data\raw\mitra\Data_T8\T8_DAll.csv,hard_brake,3,357.5572,347.5572,357.5572,0.8341669999999795,cal
5840,mitra_t8,data\raw\mitra\Data_T8\T8_DAll.csv,hard_brake,3,361.0607,351.0607,361.0607,1.0009999999999764,cal
5841,mitra_t8,data\raw\mitra\Data_T8\T8_DAll.csv,hard_brake,1,369.2689,359.2689,369.2689,0.633967000000041,cal
5842,mitra_t8,data\raw\mitra\Data_T8\T8_DAll.csv,hard_brake,1,354.9546,344.9546,354.9546,0.7674329999999827,cal
5843,mitra_t8,data\raw\mitra\Data_T8\T8_DAll.csv,hard_brake,1,361.8615,351.8615,361.8615,0.8675330000000372,cal
5844,mitra_t8,data\raw\mitra\Data_T8\T8_DAll.csv,hard_brake,2,358.7584,348.7584,358.7584,0.967632999999978,cal
5845,mitra_t8,data\raw\mitra\Data_T8\T8_DAll.csv,hard_brake,2,328.0277,318.0277,328.0277,0.8341670000000363,cal
5846,mitra_t8,data\raw\mitra\Data_T8\T8_DAll.csv,hard_brake,3,368.201167,358.201167,368.201167,0.7006999999999834,cal
5847,mitra_t8,data\raw\mitra\Data_T8\T8_DAll.csv,hard_brake,1,374.107067,364.107067,374.107067,0.5338660000000459,cal
5848,mitra_t8,data\raw\mitra\Data_T8\T8_DAll.csv,hard_brake,2,378.9786,368.9786,378.9786,0.934267000000034,cal
5849,mitra_t8,data\raw\mitra\Data_T8\T8_DAll.csv,hard_brake,2,381.0807,371.0807,381.0807,0.8341670000000363,cal
5850,mitra_t8,data\raw\mitra\Data_T8\T8_DAll.csv,hard_brake,3,314.681033,304.681033,314.681033,0.8007999999999811,cal
5851,mitra_t8,data\raw\mitra\Data_T8\T8_DAll.csv,hard_brake,3,370.37,360.37,370.37,0.8675329999999803,cal
5852,mitra_t8,data\raw\mitra\Data_T8\T8_DAll.csv,hard_brake,0,308.675033,298.675033,308.675033,0.4671339999999873,cal
5853,mitra_t8,data\raw\mitra\Data_T8\T8_DAll.csv,hard_brake,2,355.688667,345.688667,355.688667,0.7006999999999834,cal
5854,mitra_t8,data\raw\mitra\Data_T8\T8_DAll.csv,hard_brake,1,337.5372,327.5372,337.5372,0.8341670000000363,cal
5855,mitra_t8,data\raw\mitra\Data_T8\T8_DAll.csv,hard_brake,2,376.342633,366.342633,376.342633,1.2345670000000268,cal
5856,mitra_t8,data\raw\mitra\Data_T8\T8_DAll.csv,hard_brake,1,338.9386,328.9386,338.9386,0.6005999999999858,cal
5857,mitra_t8,data\raw\mitra\Data_T8\T8_DAll.csv,hard_brake,7,664.997667,654.997667,664.997667,0.7340659999999843,cal
5858,mitra_t8,data\raw\mitra\Data_T8\T8_DAll.csv,hard_brake,1,340.006333,330.006333,340.006333,0.5338670000000434,cal
5859,mitra_t8,data\raw\mitra\Data_T8\T8_DAll.csv,hard_brake,2,357.323633,347.323633,357.323633,0.9009000000000356,cal
5860,mitra_t8,data\raw\mitra\Data_T8\T8_DAll.csv,hard_brake,1,341.007333,331.007333,341.007333,0.5338669999999865,cal
5861,mitra_t8,data\raw\mitra\Data_T8\T8_DAll.csv,hard_brake,3,374.140433,364.140433,374.140433,0.934267000000034,cal
5862,mitra_t8,data\raw\mitra\Data_T8\T8_DAll.csv,hard_brake,3,382.014967,372.014967,382.014967,0.9008999999999788,cal
5863,mitra_t8,data\raw\mitra\Data_T8\T8_DAll.csv,hard_brake,3,375.0747,365.0747,375.0747,0.8341669999999795,cal
5864,mitra_t8,data\raw\mitra\Data_T8\T8_DAll.csv,hard_brake,7,314.4141,304.4141,314.4141,1.1344669999999724,cal
5865,mitra_t8,data\raw\mitra\Data_T8\T8_DAll.csv,hard_brake,7,444.8444,434.8444,444.8444,0.6673329999999851,cal
5866,mitra_t8,data\raw\mitra\Data_T8\T8_DAll.csv,hard_brake,1,342.675667,332.675667,342.675667,0.500500000000045,cal
5867,mitra_t8,data\raw\mitra\Data_T8\T8_DAll.csv,hard_brake,2,387.7874,377.7874,387.7874,0.9676330000000348,cal
5868,mitra_t8,data\raw\mitra\Data_T8\T8_DAll.csv,hard_brake,3,377.543833,367.543833,377.543833,1.0343669999999747,cal
5869,mitra_t8,data\raw\mitra\Data_T8\T8_DAll.csv,hard_brake,1,381.347633,371.347633,381.347633,1.06773400000003,cal
5870,mitra_t8,data\raw\mitra\Data_T8\T8_DAll.csv,hard_brake,0,342.175167,332.175167,342.175167,0.9342660000000363,cal
5871,mitra_t8,data\raw\mitra\Data_T8\T8_DAll.csv,hard_brake,0,367.2669,357.2669,367.2669,0.967632999999978,cal
5872,mitra_t8,data\raw\mitra\Data_T8\T8_DAll.csv,hard_brake,1,387.920867,377.920867,387.920867,0.8008000000000379,cal
5873,mitra_t8,data\raw\mitra\Data_T8\T8_DAll.csv,hard_brake,10,367.200167,357.200167,367.200167,0.6673329999999851,cal
5874,mitra_t8,data\raw\mitra\Data_T8\T8_DAll.csv,hard_brake,1,384.317267,374.317267,384.317267,1.2345659999999723,cal
5875,mitra_t8,data\raw\mitra\Data_T8\T8_DAll.csv,hard_brake,1,353.319633,343.319633,353.319633,0.7340669999999818,cal
5876,mitra_t8,data\raw\mitra\Data_T8\T8_DAll.csv,hard_brake,21,352.0517,342.0517,352.0517,0.4671329999999898,cal
5877,mitra_t8,data\raw\mitra\Data_T8\T8_DAll.csv,hard_brake,3,382.849133,372.849133,382.849133,0.7340669999999818,cal
5878,mitra_t8,data\raw\mitra\Data_T8\T8_DAll.csv,hard_brake,2,392.458733,382.458733,392.458733,0.8007999999999811,cal
5879,mitra_t8,data\raw\mitra\Data_T8\T8_DAll.csv,hard_brake,2,388.921867,378.921867,388.921867,0.834165999999982,cal
5880,mitra_t8,data\raw\mitra\Data_T8\T8_DAll.csv,hard_brake,3,387.053333,377.053333,387.053333,0.8675339999999778,cal
5881,mitra_t8,data\raw\mitra\Data_T8\T8_DAll.csv,hard_brake,2,395.0947,385.0947,395.0947,0.5004999999999882,cal
5882,mitra_t8,data\raw\mitra\Data_T8\T8_DAll.csv,hard_brake,3,388.821767,378.821767,388.821767,0.7674329999999827,cal
5883,mitra_t8,data\raw\mitra\Data_T8\T8_DAll.csv,hard_brake,1,391.157433,381.157433,391.157433,0.7674339999999802,cal
5884,mitra_t8,data\raw\mitra\Data_T8\T8_DAll.csv,hard_brake,3,394.727667,384.727667,394.727667,0.5672329999999874,cal
5885,mitra_t8,data\raw\mitra\Data_T8\T8_DAll.csv,hard_brake,3,390.757033,380.757033,390.757033,0.8341670000000363,cal
5886,mitra_t8,data\raw\mitra\Data_T8\T8_DAll.csv,hard_brake,1,396.4961,386.4961,396.4961,1.101099999999974,cal
5887,mitra_t8,data\raw\mitra\Data_T8\T8_DAll.csv,hard_brake,1,366.399367,356.399367,366.399367,0.6673330000000419,cal
5888,mitra_t8,data\raw\mitra\Data_T8\T8_DAll.csv,hard_brake,2,338.104433,328.104433,338.104433,0.7340670000000387,cal
5889,mitra_t8,data\raw\mitra\Data_T8\T8_DAll.csv,hard_brake,2,399.532467,389.532467,399.532467,0.9008999999999788,cal
5890,mitra_t8,data\raw\mitra\Data_T8\T8_DAll.csv,hard_brake,3,398.431367,388.431367,398.431367,1.0009999999999764,cal
5891,mitra_t8,data\raw\mitra\Data_T8\T8_DAll.csv,hard_brake,7,720.252867,710.252867,720.252867,0.5004999999999882,cal
5892,mitra_t8,data\raw\mitra\Data_T8\T8_DAll.csv,hard_brake,2,400.9005,390.9005,400.9005,0.8675329999999803,cal
5893,mitra_t8,data\raw\mitra\Data_T8\T8_DAll.csv,hard_brake,3,397.163433,387.163433,397.163433,0.7674339999999802,cal
5894,mitra_t8,data\raw\mitra\Data_T8\T8_DAll.csv,hard_brake,2,393.1928,383.1928,393.1928,0.9009000000000356,cal
5895,mitra_t8,data\raw\mitra\Data_T8\T8_DAll.csv,hard_brake,1,372.5722,362.5722,372.5722,0.6673329999999851,cal
5896,mitra_t8,data\raw\mitra\Data_T8\T8_DAll.csv,hard_brake,2,402.535467,392.535467,402.535467,0.7340660000000412,cal
5897,mitra_t8,data\raw\mitra\Data_T8\T8_DAll.csv,hard_brake,3,400.1998,390.1998,400.1998,0.9009000000000356,cal
5898,mitra_t8,data\raw\mitra\Data_T8\T8_DAll.csv,hard_brake,7,713.446067,703.446067,713.446067,0.9342659999999796,cal
5899,mitra_t8,data\raw\mitra\Data_T8\T8_DAll.csv,hard_brake,3,402.335267,392.335267,402.335267,0.9342660000000363,cal
5900,mitra_t8,data\raw\mitra\Data_T8\T8_DAll.csv,hard_brake,1,405.9055,395.9055,405.9055,0.8675329999999803,cal
5901,mitra_t8,data\raw\mitra\Data_T8\T8_DAll.csv,hard_brake,1,407.7073,397.7073,407.7073,1.4014000000000235,cal
5902,mitra_t8,data\raw\mitra\Data_T8\T8_DAll.csv,hard_brake,3,403.035967,393.035967,403.035967,0.9008999999999788,cal
5903,mitra_t8,data\raw\mitra\Data_T8\T8_DAll.csv,hard_brake,2,346.012333,336.012333,346.012333,0.8007999999999811,cal
5904,mitra_t8,data\raw\mitra\Data_T8\T8_DAll.csv,hard_brake,7,731.564167,721.564167,731.564167,0.5338659999999891,cal
5905,mitra_t8,data\raw\mitra\Data_T8\T8_DAll.csv,hard_brake,2,372.538833,362.538833,372.538833,0.7340669999999818,cal
5906,mitra_t8,data\raw\mitra\Data_T8\T8_DAll.csv,hard_brake,2,392.392,382.392,392.392,1.0677330000000325,cal
5907,mitra_t8,data\raw\mitra\Data_T8\T8_DAll.csv,hard_brake,1,413.045967,403.045967,413.045967,1.2345659999999723,cal
5908,mitra_t8,data\raw\mitra\Data_T8\T8_DAll.csv,hard_brake,1,415.3149,405.3149,415.3149,0.4671329999999898,cal
5909,mitra_t8,data\raw\mitra\Data_T8\T8_DAll.csv,hard_brake,2,410.543467,400.543467,410.543467,0.8675329999999803,cal
5910,mitra_t8,data\raw\mitra\Data_T8\T8_DAll.csv,hard_brake,3,407.6072,397.6072,407.6072,0.8341670000000363,cal
5911,mitra_t8,data\raw\mitra\Data_T8\T8_DAll.csv,hard_brake,3,412.078333,402.078333,412.078333,0.8675340000000347,cal
5912,mitra_t8,data\raw\mitra\Data_T8\T8_DAll.csv,hard_brake,3,410.743667,400.743667,410.743667,1.0343659999999772,cal
5913,mitra_t8,data\raw\mitra\Data_T8\T8_DAll.csv,hard_brake,1,415.782033,405.782033,415.782033,0.8341669999999795,cal
5914,mitra_t8,data\raw\mitra\Data_T8\T8_DAll.csv,hard_brake,2,415.848767,405.848767,415.848767,0.7674329999999827,cal
5915,mitra_t8,data\raw\mitra\Data_T8\T8_DAll.csv,hard_brake,2,413.980233,403.980233,413.980233,1.4681340000000205,cal
5916,mitra_t8,data\raw\mitra\Data_T8\T8_DAll.csv,hard_brake,7,748.781367,738.781367,748.781367,0.5338659999999891,cal
5917,mitra_t8,data\raw\mitra\Data_T8\T8_DAll.csv,hard_brake,7,929.094833,919.094833,929.094833,0.8341669999999795,cal
5918,mitra_t8,data\raw\mitra\Data_T8\T8_DAll.csv,hard_brake,7,751.083667,741.083667,751.083667,0.6673329999999851,cal
5919,mitra_t8,data\raw\mitra\Data_T8\T8_DAll.csv,hard_brake,3,416.449367,406.449367,416.449367,1.16783300000003,cal
5920,mitra_t8,data\raw\mitra\Data_T8\T8_DAll.csv,hard_brake,2,404.937867,394.937867,404.937867,0.7340660000000412,cal
5921,mitra_t8,data\raw\mitra\Data_T8\T8_DAll.csv,hard_brake,1,418.484733,408.484733,418.484733,1.8018000000000145,cal
5922,mitra_t8,data\raw\mitra\Data_T8\T8_DAll.csv,hard_brake,1,416.6162,406.6162,416.6162,0.8341670000000363,cal
5923,mitra_t8,data\raw\mitra\Data_T8\T8_DAll.csv,hard_brake,1,421.454367,411.454367,421.454367,0.834165999999982,cal
5924,mitra_t8,data\raw\mitra\Data_T8\T8_DAll.csv,hard_brake,2,421.988233,411.988233,421.988233,0.9676340000000324,cal
5925,mitra_t8,data\raw\mitra\Data_T8\T8_DAll.csv,hard_brake,3,419.051967,409.051967,419.051967,0.7340659999999843,cal
5926,mitra_t8,data\raw\mitra\Data_T8\T8_DAll.csv,hard_brake,1,389.322267,379.322267,389.322267,0.7674329999999827,cal
5927,mitra_t8,data\raw\mitra\Data_T8\T8_DAll.csv,hard_brake,7,751.917833,741.917833,751.917833,0.8341669999999795,cal
5928,mitra_t8,data\raw\mitra\Data_T8\T8_DAll.csv,hard_brake,3,419.886133,409.886133,419.886133,1.2345670000000268,cal
5929,mitra_t8,data\raw\mitra\Data_T8\T8_DAll.csv,hard_brake,3,430.9305,420.9305,430.9305,0.8675329999999803,cal
5930,mitra_t8,data\raw\mitra\Data_T8\T8_DAll.csv,hard_brake,7,753.385967,743.385967,753.385967,0.8675329999999803,cal
5931,mitra_t8,data\raw\mitra\Data_T8\T8_DAll.csv,hard_brake,3,421.5211,411.5211,421.5211,0.934267000000034,cal
5932,mitra_t8,data\raw\mitra\Data_T8\T8_DAll.csv,hard_brake,1,422.889133,412.889133,422.889133,0.9008999999999788,cal
5933,mitra_t8,data\raw\mitra\Data_T8\T8_DAll.csv,hard_brake,2,426.0256,416.0256,426.0256,1.1011000000000308,cal
5934,mitra_t8,data\raw\mitra\Data_T8\T8_DAll.csv,hard_brake,7,408.6082,398.6082,408.6082,0.7674329999999827,cal
5935,mitra_t8,data\raw\mitra\Data_T8\T8_DAll.csv,hard_brake,1,427.160067,417.160067,427.160067,1.4681329999999662,cal
5936,mitra_t8,data\raw\mitra\Data_T8\T8_DAll.csv,hard_brake,3,424.8244,414.8244,424.8244,0.8007999999999811,cal
5937,mitra_t8,data\raw\mitra\Data_T8\T8_DAll.csv,hard_brake,3,426.058967,416.058967,426.058967,1.0677330000000325,cal
5938,mitra_t8,data\raw\mitra\Data_T8\T8_DAll.csv,hard_brake,2,430.196433,420.196433,430.196433,0.6005999999999858,cal
5939,mitra_t8,data\raw\mitra\Data_T8\T8_DAll.csv,hard_brake,1,424.3239,414.3239,424.3239,0.9676330000000348,cal
5940,mitra_t8,data\raw\mitra\Data_T8\T8_DAll.csv,hard_brake,3,428.661567,418.661567,428.661567,0.9676330000000348,cal
5941,mitra_t8,data\raw\mitra\Data_T8\T8_DAll.csv,hard_brake,1,397.9976,387.9976,397.9976,1.1011000000000308,cal
5942,mitra_t8,data\raw\mitra\Data_T8\T8_DAll.csv,hard_brake,3,392.9926,382.9926,392.9926,1.0010000000000332,cal
5943,mitra_t8,data\raw\mitra\Data_T8\T8_DAll.csv,hard_brake,3,435.568467,425.568467,435.568467,0.9008999999999788,cal
5944,mitra_t8,data\raw\mitra\Data_T8\T8_DAll.csv,hard_brake,2,431.3309,421.3309,431.3309,0.9676330000000348,cal
5945,mitra_t8,data\raw\mitra\Data_T8\T8_DAll.csv,hard_brake,3,437.770667,427.770667,437.770667,0.8675329999999803,cal
5946,mitra_t8,data\raw\mitra\Data_T8\T8_DAll.csv,hard_brake,1,430.2298,420.2298,430.2298,0.9008999999999788,cal
5947,mitra_t8,data\raw\mitra\Data_T8\T8_DAll.csv,hard_brake,7,933.666067,923.666067,933.666067,0.7674329999999827,cal
5948,mitra_t8,data\raw\mitra\Data_T8\T8_DAll.csv,hard_brake,3,439.7393,429.7393,439.7393,0.7340669999999818,cal
5949,mitra_t8,data\raw\mitra\Data_T8\T8_DAll.csv,hard_brake,3,435.0346,425.0346,435.0346,0.7674329999999827,cal
5950,mitra_t8,data\raw\mitra\Data_T8\T8_DAll.csv,hard_brake,3,444.377267,434.377267,444.377267,0.6005999999999858,cal
5951,mitra_t8,data\raw\mitra\Data_T8\T8_DAll.csv,hard_brake,3,441.0406,431.0406,441.0406,0.7674330000000396,cal
5952,mitra_t8,data\raw\mitra\Data_T8\T8_DAll.csv,hard_brake,1,432.565467,422.565467,432.565467,0.9008999999999788,cal
5953,mitra_t8,data\raw\mitra\Data_T8\T8_DAll.csv,hard_brake,3,443.109333,433.109333,443.109333,0.7006999999999834,cal
5954,mitra_t8,data\raw\mitra\Data_T8\T8_DAll.csv,hard_brake,7,759.525433,749.525433,759.525433,0.9008999999999788,cal
5955,mitra_t8,data\raw\mitra\Data_T8\T8_DAll.csv,hard_brake,2,434.667567,424.667567,434.667567,0.4671329999999898,cal
5956,mitra_t8,data\raw\mitra\Data_T8\T8_DAll.csv,hard_brake,2,443.709933,433.709933,443.709933,1.2679340000000252,cal
5957,mitra_t8,data\raw\mitra\Data_T8\T8_DAll.csv,hard_brake,2,403.269533,393.269533,403.269533,1.0009999999999764,cal
5958,mitra_t8,data\raw\mitra\Data_T8\T8_DAll.csv,hard_brake,3,445.6452,435.6452,445.6452,0.8341670000000363,cal
5959,mitra_t8,data\raw\mitra\Data_T8\T8_DAll.csv,hard_brake,3,408.3079,398.3079,408.3079,0.8007999999999811,cal
5960,mitra_t8,data\raw\mitra\Data_T8\T8_DAll.csv,hard_brake,1,438.204433,428.204433,438.204433,0.7674339999999802,cal
5961,mitra_t8,data\raw\mitra\Data_T8\T8_DAll.csv,hard_brake,3,447.213433,437.213433,447.213433,0.6005999999999858,cal
5962,mitra_t8,data\raw\mitra\Data_T8\T8_DAll.csv,hard_brake,2,445.445,435.445,445.445,0.8675329999999803,cal
5963,mitra_t8,data\raw\mitra\Data_T8\T8_DAll.csv,hard_brake,1,447.713933,437.713933,447.713933,0.9342669999999772,cal
5964,mitra_t8,data\raw\mitra\Data_T8\T8_DAll.csv,hard_brake,3,450.8504,440.8504,450.8504,0.9676330000000348,cal
5965,mitra_t8,data\raw\mitra\Data_T8\T8_DAll.csv,hard_brake,3,452.318533,442.318533,452.318533,0.8341669999999795,cal
5966,mitra_t8,data\raw\mitra\Data_T8\T8_DAll.csv,hard_brake,2,448.8484,438.8484,448.8484,0.967632999999978,cal
5967,mitra_t8,data\raw\mitra\Data_T8\T8_DAll.csv,hard_brake,1,449.2488,439.2488,449.2488,1.23456699999997,cal
5968,mitra_t8,data\raw\mitra\Data_T8\T8_DAll.csv,hard_brake,1,451.3509,441.3509,451.3509,0.8007999999999811,cal
5969,mitra_t8,data\raw\mitra\Data_T8\T8_DAll.csv,hard_brake,2,456.088967,446.088967,456.088967,0.9008999999999788,cal
5970,mitra_t8,data\raw\mitra\Data_T8\T8_DAll.csv,hard_brake,3,456.0556,446.0556,456.0556,0.9342669999999772,cal
5971,mitra_t8,data\raw\mitra\Data_T8\T8_DAll.csv,hard_brake,3,448.9485,438.9485,448.9485,0.8675329999999803,cal
5972,mitra_t8,data\raw\mitra\Data_T8\T8_DAll.csv,hard_brake,2,454.187067,444.187067,454.187067,0.8007999999999811,cal
5973,mitra_t8,data\raw\mitra\Data_T8\T8_DAll.csv,hard_brake,1,453.6532,443.6532,453.6532,1.0009999999999764,cal
5974,mitra_t8,data\raw\mitra\Data_T8\T8_DAll.csv,hard_brake,3,457.423633,447.423633,457.423633,0.9008999999999788,cal
5975,mitra_t8,data\raw\mitra\Data_T8\T8_DAll.csv,hard_brake,10,415.248167,405.248167,415.248167,0.6673329999999851,cal
5976,mitra_t8,data\raw\mitra\Data_T8\T8_DAll.csv,hard_brake,3,458.5581,448.5581,458.5581,0.7674329999999827,cal
5977,mitra_t8,data\raw\mitra\Data_T8\T8_DAll.csv,hard_brake,2,455.0546,445.0546,455.0546,0.934267000000034,cal
5978,mitra_t8,data\raw\mitra\Data_T8\T8_DAll.csv,hard_brake,1,458.2578,448.2578,458.2578,0.9009000000000356,cal
5979,mitra_t8,data\raw\mitra\Data_T8\T8_DAll.csv,hard_brake,2,457.123333,447.123333,457.123333,0.8675339999999778,cal
5980,mitra_t8,data\raw\mitra\Data_T8\T8_DAll.csv,hard_brake,2,458.591467,448.591467,458.591467,0.9008999999999788,cal
5981,mitra_t8,data\raw\mitra\Data_T8\T8_DAll.csv,hard_brake,1,420.353267,410.353267,420.353267,0.7674329999999827,cal
5982,mitra_t8,data\raw\mitra\Data_T8\T8_DAll.csv,hard_brake,1,462.995867,452.995867,462.995867,1.16783300000003,cal
5983,mitra_t8,data\raw\mitra\Data_T8\T8_DAll.csv,hard_brake,3,463.696567,453.696567,463.696567,0.8007999999999811,cal
5984,mitra_t8,data\raw\mitra\Data_T8\T8_DAll.csv,hard_brake,1,466.132333,456.132333,466.132333,1.0343669999999747,cal
5985,mitra_t8,data\raw\mitra\Data_T8\T8_DAll.csv,hard_brake,2,461.727933,451.727933,461.727933,0.9342669999999772,cal
5986,mitra_t8,data\raw\mitra\Data_T8\T8_DAll.csv,hard_brake,7,758.4577,748.4577,758.4577,0.8007999999999811,cal
5987,mitra_t8,data\raw\mitra\Data_T8\T8_DAll.csv,hard_brake,1,467.300167,457.300167,467.300167,0.8675330000000372,cal
5988,mitra_t8,data\raw\mitra\Data_T8\T8_DAll.csv,hard_brake,1,459.292167,449.292167,459.292167,0.8675329999999803,cal
5989,mitra_t8,data\raw\mitra\Data_T8\T8_DAll.csv,hard_brake,1,431.397633,421.397633,431.397633,0.7340670000000387,cal
5990,mitra_t8,data\raw\mitra\Data_T8\T8_DAll.csv,hard_brake,7,762.027933,752.027933,762.027933,1.0677340000000868,cal
5991,mitra_t8,data\raw\mitra\Data_T8\T8_DAll.csv,hard_brake,3,464.9645,454.9645,464.9645,0.8675330000000372,cal
5992,mitra_t8,data\raw\mitra\Data_T8\T8_DAll.csv,hard_brake,1,469.6692,459.6692,469.6692,0.8341670000000363,cal
5993,mitra_t8,data\raw\mitra\Data_T8\T8_DAll.csv,hard_brake,3,467.1667,457.1667,467.1667,1.0010000000000332,cal
5994,mitra_t8,data\raw\mitra\Data_T8\T8_DAll.csv,hard_brake,3,432.064967,422.064967,432.064967,0.4671329999999898,cal
5995,mitra_t8,data\raw\mitra\Data_T8\T8_DAll.csv,hard_brake,3,468.201067,458.201067,468.201067,0.967632999999978,cal
5996,mitra_t8,data\raw\mitra\Data_T8\T8_DAll.csv,hard_brake,2,468.234433,458.234433,468.234433,0.9342669999999772,cal
5997,mitra_t8,data\raw\mitra\Data_T8\T8_DAll.csv,hard_brake,1,435.6352,425.6352,435.6352,0.8341669999999795,cal
5998,mitra_t8,data\raw\mitra\Data_T8\T8_DAll.csv,hard_brake,2,469.6692,459.6692,469.6692,0.5004999999999882,cal
5999,mitra_t8,data\raw\mitra\Data_T8\T8_DAll.csv,hard_brake,1,437.069967,427.069967,437.069967,0.7340659999999843,cal
6000,mitra_t8,data\raw\mitra\Data_T8\T8_DAll.csv,hard_brake,3,471.838033,461.838033,471.838033,0.8341669999999795,cal
6001,mitra_t8,data\raw\mitra\Data_T8\T8_DAll.csv,hard_brake,2,437.303533,427.303533,437.303533,0.7340669999999818,cal
6002,mitra_t8,data\raw\mitra\Data_T8\T8_DAll.csv,hard_brake,3,473.7733,463.7733,473.7733,1.0677329999999756,cal
6003,mitra_t8,data\raw\mitra\Data_T8\T8_DAll.csv,hard_brake,3,477.8774,467.8774,477.8774,0.967632999999978,cal
6004,mitra_t8,data\raw\mitra\Data_T8\T8_DAll.csv,hard_brake,1,473.1727,463.1727,473.1727,0.8341669999999795,cal
6005,mitra_t8,data\raw\mitra\Data_T8\T8_DAll.csv,hard_brake,3,479.9795,469.9795,479.9795,0.5338670000000434,cal
6006,mitra_t8,data\raw\mitra\Data_T8\T8_DAll.csv,hard_brake,1,474.7743,464.7743,474.7743,1.1344670000000292,cal
6007,mitra_t8,data\raw\mitra\Data_T8\T8_DAll.csv,hard_brake,7,919.4185,909.4185,919.4185,0.8341669999999795,cal
6008,mitra_t8,data\raw\mitra\Data_T8\T8_DAll.csv,hard_brake,3,475.541733,465.541733,475.541733,0.8007999999999811,cal
6009,mitra_t8,data\raw\mitra\Data_T8\T8_DAll.csv,hard_brake,2,478.110967,468.110967,478.110967,0.4671329999999898,cal
6010,mitra_t8,data\raw\mitra\Data_T8\T8_DAll.csv,hard_brake,3,482.448633,472.448633,482.448633,0.7340670000000387,cal
6011,mitra_t8,data\raw\mitra\Data_T8\T8_DAll.csv,hard_brake,1,441.774667,431.774667,441.774667,1.0343659999999772,cal
6012,mitra_t8,data\raw\mitra\Data_T8\T8_DAll.csv,hard_brake,3,485.151333,475.151333,485.151333,0.8675339999999778,cal
6013,mitra_t8,data\raw\mitra\Data_T8\T8_DAll.csv,hard_brake,3,440.9405,430.9405,440.9405,0.7007000000000403,cal
6014,mitra_t8,data\raw\mitra\Data_T8\T8_DAll.csv,hard_brake,3,483.7833,473.7833,483.7833,1.0677329999999756,cal
6015,mitra_t8,data\raw\mitra\Data_T8\T8_DAll.csv,hard_brake,7,768.9682,758.9682,768.9682,0.967632999999978,cal
6016,mitra_t8,data\raw\mitra\Data_T8\T8_DAll.csv,hard_brake,2,481.814667,471.814667,481.814667,0.8675330000000372,cal
6017,mitra_t8,data\raw\mitra\Data_T8\T8_DAll.csv,hard_brake,2,476.509367,466.509367,476.509367,0.834165999999982,cal
6018,mitra_t8,data\raw\mitra\Data_T8\T8_DAll.csv,hard_brake,1,444.610833,434.610833,444.610833,0.8675339999999778,cal
6019,mitra_t8,data\raw\mitra\Data_T8\T8_DAll.csv,hard_brake,3,487.9875,477.9875,487.9875,0.8675329999999803,cal
6020,mitra_t8,data\raw\mitra\Data_T8\T8_DAll.csv,hard_brake,2,483.316167,473.316167,483.316167,0.8675329999999803,cal
6021,mitra_t8,data\raw\mitra\Data_T8\T8_DAll.csv,hard_brake,1,445.6452,435.6452,445.6452,0.8341670000000363,cal
6022,mitra_t8,data\raw\mitra\Data_T8\T8_DAll.csv,hard_brake,2,485.051233,475.051233,485.051233,1.1344669999999724,cal
6023,mitra_t8,data\raw\mitra\Data_T8\T8_DAll.csv,hard_brake,1,479.412267,469.412267,479.412267,0.9342660000000363,cal
6024,mitra_t8,data\raw\mitra\Data_T8\T8_DAll.csv,hard_brake,1,446.446,436.446,446.446,0.7006999999999834,cal
6025,mitra_t8,data\raw\mitra\Data_T8\T8_DAll.csv,hard_brake,1,483.616467,473.616467,483.616467,0.9008999999999788,cal
6026,mitra_t8,data\raw\mitra\Data_T8\T8_DAll.csv,hard_brake,1,481.547733,471.547733,481.547733,0.9676340000000324,cal
6027,mitra_t8,data\raw\mitra\Data_T8\T8_DAll.csv,hard_brake,0,447.613833,437.613833,447.613833,0.7006999999999834,cal
6028,mitra_t8,data\raw\mitra\Data_T8\T8_DAll.csv,hard_brake,2,491.257433,481.257433,491.257433,0.6005999999999858,cal
6029,mitra_t8,data\raw\mitra\Data_T8\T8_DAll.csv,hard_brake,3,492.158333,482.158333,492.158333,0.8675339999999778,cal
6030,mitra_t8,data\raw\mitra\Data_T8\T8_DAll.csv,hard_brake,2,489.222067,479.222067,489.222067,0.8008000000000379,cal
6031,mitra_t8,data\raw\mitra\Data_T8\T8_DAll.csv,hard_brake,1,454.620833,444.620833,454.620833,0.5338669999999865,cal
6032,mitra_t8,data\raw\mitra\Data_T8\T8_DAll.csv,hard_brake,1,487.820667,477.820667,487.820667,1.0343659999999772,cal
6033,mitra_t8,data\raw\mitra\Data_T8\T8_DAll.csv,hard_brake,3,493.626467,483.626467,493.626467,0.7340659999999843,cal
6034,mitra_t8,data\raw\mitra\Data_T8\T8_DAll.csv,hard_brake,1,455.6552,445.6552,455.6552,0.6673330000000419,cal
6035,mitra_t8,data\raw\mitra\Data_T8\T8_DAll.csv,hard_brake,2,486.552733,476.552733,486.552733,0.9676340000000324,cal
6036,mitra_t8,data\raw\mitra\Data_T8\T8_DAll.csv,hard_brake,2,494.861033,484.861033,494.861033,0.8341669999999795,cal
6037,mitra_t8,data\raw\mitra\Data_T8\T8_DAll.csv,hard_brake,2,485.852033,475.852033,485.852033,0.6339669999999842,cal
6038,mitra_t8,data\raw\mitra\Data_T8\T8_DAll.csv,hard_brake,7,775.4747,765.4747,775.4747,0.967632999999978,cal
6039,mitra_t8,data\raw\mitra\Data_T8\T8_DAll.csv,hard_brake,1,464.897767,454.897767,464.897767,0.9342660000000363,cal
6040,mitra_t8,data\raw\mitra\Data_T8\T8_DAll.csv,hard_brake,3,499.432267,489.432267,499.432267,0.9008999999999788,cal
6041,mitra_t8,data\raw\mitra\Data_T8\T8_DAll.csv,hard_brake,1,493.726567,483.726567,493.726567,1.301300000000026,cal
6042,mitra_t8,data\raw\mitra\Data_T8\T8_DAll.csv,hard_brake,1,496.7963,486.7963,496.7963,1.4014000000000235,cal
6043,mitra_t8,data\raw\mitra\Data_T8\T8_DAll.csv,hard_brake,1,502.6021,492.6021,502.6021,0.6005999999999858,cal
6044,mitra_t8,data\raw\mitra\Data_T8\T8_DAll.csv,hard_brake,2,498.664833,488.664833,498.664833,0.7007000000000403,cal
6045,mitra_t8,data\raw\mitra\Data_T8\T8_DAll.csv,hard_brake,1,472.104967,462.104967,472.104967,0.9009000000000356,cal
6046,mitra_t8,data\raw\mitra\Data_T8\T8_DAll.csv,hard_brake,3,508.341167,498.341167,508.341167,0.8675330000000372,cal
6047,mitra_t8,data\raw\mitra\Data_T8\T8_DAll.csv,hard_brake,2,501.467633,491.467633,501.467633,1.06773400000003,cal
6048,mitra_t8,data\raw\mitra\Data_T8\T8_DAll.csv,hard_brake,1,504.170333,494.170333,504.170333,1.8685339999999544,cal
6049,mitra_t8,data\raw\mitra\Data_T8\T8_DAll.csv,hard_brake,3,510.142967,500.142967,510.142967,0.7340659999999843,cal
6050,mitra_t8,data\raw\mitra\Data_T8\T8_DAll.csv,hard_brake,2,492.492,482.492,492.492,0.967632999999978,cal
6051,mitra_t8,data\raw\mitra\Data_T8\T8_DAll.csv,hard_brake,2,505.938767,495.938767,505.938767,0.6006000000000427,cal
6052,mitra_t8,data\raw\mitra\Data_T8\T8_DAll.csv,hard_brake,7,781.8811,771.8811,781.8811,0.9009000000000924,cal
6053,mitra_t8,data\raw\mitra\Data_T8\T8_DAll.csv,hard_brake,3,511.944767,501.944767,511.944767,0.7674330000000396,cal
6054,mitra_t8,data\raw\mitra\Data_T8\T8_DAll.csv,hard_brake,3,507.039867,497.039867,507.039867,1.0009999999999764,cal
6055,mitra_t8,data\raw\mitra\Data_T8\T8_DAll.csv,hard_brake,3,512.478633,502.478633,512.478633,1.2345670000000837,cal
6056,mitra_t8,data\raw\mitra\Data_T8\T8_DAll.csv,hard_brake,2,508.975133,498.975133,508.975133,0.7340669999999818,cal
6057,mitra_t8,data\raw\mitra\Data_T8\T8_DAll.csv,hard_brake,3,515.2147,505.2147,515.2147,0.8341669999999795,cal
6058,mitra_t8,data\raw\mitra\Data_T8\T8_DAll.csv,hard_brake,1,508.574733,498.574733,508.574733,0.9676340000000324,cal
6059,mitra_t8,data\raw\mitra\Data_T8\T8_DAll.csv,hard_brake,2,512.378533,502.378533,512.378533,0.8341670000000931,cal
6060,mitra_t8,data\raw\mitra\Data_T8\T8_DAll.csv,hard_brake,2,518.8183,508.8183,518.8183,0.7340669999999818,cal
6061,mitra_t8,data\raw\mitra\Data_T8\T8_DAll.csv,hard_brake,7,782.448333,772.448333,782.448333,1.0009999999999764,cal
6062,mitra_t8,data\raw\mitra\Data_T8\T8_DAll.csv,hard_brake,1,506.839667,496.839667,506.839667,0.7006999999999834,cal
6063,mitra_t8,data\raw\mitra\Data_T8\T8_DAll.csv,hard_brake,3,520.286433,510.286433,520.286433,0.9342669999999772,cal
6064,mitra_t8,data\raw\mitra\Data_T8\T8_DAll.csv,hard_brake,3,521.587733,511.587733,521.587733,0.8008000000000948,cal
6065,mitra_t8,data\raw\mitra\Data_T8\T8_DAll.csv,hard_brake,1,523.155967,513.155967,523.155967,1.401399999999967,cal
6066,mitra_t8,data\raw\mitra\Data_T8\T8_DAll.csv,hard_brake,3,516.949767,506.949767,516.949767,0.7674330000000964,cal
6067,mitra_t8,data\raw\mitra\Data_T8\T8_DAll.csv,hard_brake,2,512.979133,502.9791330000001,512.979133,0.4671339999999873,cal
6068,mitra_t8,data\raw\mitra\Data_T8\T8_DAll.csv,hard_brake,2,514.8143,504.8143,514.8143,0.9008999999999788,cal
6069,mitra_t8,data\raw\mitra\Data_T8\T8_DAll.csv,hard_brake,7,783.6829,773.6829,783.6829,1.0009999999999764,cal
6070,mitra_t8,data\raw\mitra\Data_T8\T8_DAll.csv,hard_brake,3,538.971767,528.971767,538.971767,0.7674329999999827,cal
6071,mitra_t8,data\raw\mitra\Data_T8\T8_DAll.csv,hard_brake,3,535.801933,525.801933,535.801933,0.7674340000000939,cal
6072,mitra_t8,data\raw\mitra\Data_T8\T8_DAll.csv,hard_brake,1,516.516,506.516,516.516,1.5348670000000766,cal
6073,mitra_t8,data\raw\mitra\Data_T8\T8_DAll.csv,hard_brake,3,539.6391,529.6391,539.6391,0.9342669999999772,cal
6074,mitra_t8,data\raw\mitra\Data_T8\T8_DAll.csv,hard_brake,7,768.000567,758.000567,768.000567,0.5004999999999882,cal
6075,mitra_t8,data\raw\mitra\Data_T8\T8_DAll.csv,hard_brake,7,770.035933,760.035933,770.035933,0.5672339999999849,cal
6076,mitra_t8,data\raw\mitra\Data_T8\T8_DAll.csv,hard_brake,2,525.9254,515.9254,525.9254,0.8007999999999811,cal
6077,mitra_t8,data\raw\mitra\Data_T8\T8_DAll.csv,hard_brake,3,540.9404,530.9404,540.9404,0.8008000000000948,cal
6078,mitra_t8,data\raw\mitra\Data_T8\T8_DAll.csv,hard_brake,2,532.198333,522.198333,532.198333,0.7006999999999834,cal
6079,mitra_t8,data\raw\mitra\Data_T8\T8_DAll.csv,hard_brake,3,542.208333,532.208333,542.208333,0.4671339999999873,cal
6080,mitra_t8,data\raw\mitra\Data_T8\T8_DAll.csv,hard_brake,1,499.866033,489.866033,499.866033,0.8341669999999795,cal
6081,mitra_t8,data\raw\mitra\Data_T8\T8_DAll.csv,hard_brake,2,534.066867,524.066867,534.066867,1.3346659999999702,cal
6082,mitra_t8,data\raw\mitra\Data_T8\T8_DAll.csv,hard_brake,2,540.072867,530.072867,540.072867,0.834165999999982,cal
6083,mitra_t8,data\raw\mitra\Data_T8\T8_DAll.csv,hard_brake,2,535.801933,525.801933,535.801933,1.1011000000000877,cal
6084,mitra_t8,data\raw\mitra\Data_T8\T8_DAll.csv,hard_brake,3,547.513633,537.513633,547.513633,0.9008999999999788,cal
6085,mitra_t8,data\raw\mitra\Data_T8\T8_DAll.csv,hard_brake,3,547.713833,537.713833,547.713833,1.2011999999999716,cal
6086,mitra_t8,data\raw\mitra\Data_T8\T8_DAll.csv,hard_brake,1,530.2297,520.2297,530.2297,1.3346669999999676,cal
6087,mitra_t8,data\raw\mitra\Data_T8\T8_DAll.csv,hard_brake,2,538.804933,528.804933,538.804933,1.101099999999974,cal
6088,mitra_t8,data\raw\mitra\Data_T8\T8_DAll.csv,hard_brake,3,498.9985,488.9985,498.9985,0.4671330000000466,cal
6089,mitra_t8,data\raw\mitra\Data_T8\T8_DAll.csv,hard_brake,3,551.217333,541.217333,551.217333,0.8675339999999778,cal
6090,mitra_t8,data\raw\mitra\Data_T8\T8_DAll.csv,hard_brake,2,544.277067,534.277067,544.277067,0.967632999999978,cal
6091,mitra_t8,data\raw\mitra\Data_T8\T8_DAll.csv,hard_brake,3,531.864667,521.864667,531.864667,0.7006999999999834,cal
6092,mitra_t8,data\raw\mitra\Data_T8\T8_DAll.csv,hard_brake,3,551.8513,541.8513,551.8513,0.9008999999999788,cal
6093,mitra_t8,data\raw\mitra\Data_T8\T8_DAll.csv,hard_brake,3,543.576367,533.576367,543.576367,0.834165999999982,cal
6094,mitra_t8,data\raw\mitra\Data_T8\T8_DAll.csv,hard_brake,7,803.969833,793.969833,803.969833,0.8341669999999795,cal
6095,mitra_t8,data\raw\mitra\Data_T8\T8_DAll.csv,hard_brake,3,555.288067,545.288067,555.288067,0.8008000000000948,cal
6096,mitra_t8,data\raw\mitra\Data_T8\T8_DAll.csv,hard_brake,1,535.101233,525.101233,535.101233,0.8007999999999811,cal
6097,mitra_t8,data\raw\mitra\Data_T8\T8_DAll.csv,hard_brake,1,541.307433,531.307433,541.307433,0.9342670000000908,cal
6098,mitra_t8,data\raw\mitra\Data_T8\T8_DAll.csv,hard_brake,7,804.937467,794.937467,804.937467,1.0343659999999772,cal
6099,mitra_t8,data\raw\mitra\Data_T8\T8_DAll.csv,hard_brake,3,557.7572,547.7572,557.7572,1.0009999999999764,cal
6100,mitra_t8,data\raw\mitra\Data_T8\T8_DAll.csv,hard_brake,2,548.8483,538.8483,548.8483,1.0677329999999756,cal
6101,mitra_t8,data\raw\mitra\Data_T8\T8_DAll.csv,hard_brake,2,551.317433,541.317433,551.317433,0.9342669999999772,cal
6102,mitra_t8,data\raw\mitra\Data_T8\T8_DAll.csv,hard_brake,3,563.129233,553.129233,563.129233,0.6339669999999842,cal
6103,mitra_t8,data\raw\mitra\Data_T8\T8_DAll.csv,hard_brake,3,560.3598,550.3598,560.3598,0.5672330000001011,cal
6104,mitra_t8,data\raw\mitra\Data_T8\T8_DAll.csv,hard_brake,1,537.6371,527.6371,537.6371,0.9342669999999772,cal
6105,mitra_t8,data\raw\mitra\Data_T8\T8_DAll.csv,hard_brake,3,564.4639,554.4639,564.4639,0.8007999999999811,cal
6106,mitra_t8,data\raw\mitra\Data_T8\T8_DAll.csv,hard_brake,2,552.218333,542.218333,552.218333,0.6673339999999826,cal
6107,mitra_t8,data\raw\mitra\Data_T8\T8_DAll.csv,hard_brake,2,541.908033,531.908033,541.908033,0.8341669999999795,cal
6108,mitra_t8,data\raw\mitra\Data_T8\T8_DAll.csv,hard_brake,1,512.445267,502.445267,512.445267,0.7674330000000964,cal
6109,mitra_t8,data\raw\mitra\Data_T8\T8_DAll.csv,hard_brake,1,543.609733,533.609733,543.609733,0.8007999999999811,cal
6110,mitra_t8,data\raw\mitra\Data_T8\T8_DAll.csv,hard_brake,21,521.354167,511.354167,521.354167,0.834165999999982,cal
6111,mitra_t8,data\raw\mitra\Data_T8\T8_DAll.csv,hard_brake,2,554.520633,544.520633,554.520633,1.4014000000000806,cal
6112,mitra_t8,data\raw\mitra\Data_T8\T8_DAll.csv,hard_brake,1,553.4529,543.4529,553.4529,1.1344669999999724,cal
6113,mitra_t8,data\raw\mitra\Data_T8\T8_DAll.csv,hard_brake,3,568.134233,558.134233,568.134233,1.0343669999999747,cal
6114,mitra_t8,data\raw\mitra\Data_T8\T8_DAll.csv,hard_brake,2,553.0525,543.0525,553.0525,0.7674329999999827,cal
6115,mitra_t8,data\raw\mitra\Data_T8\T8_DAll.csv,hard_brake,0,489.922767,479.922767,489.922767,1.3012999999999693,cal
6116,mitra_t8,data\raw\mitra\Data_T8\T8_DAll.csv,hard_brake,2,564.0635,554.0635,564.0635,0.8675329999999803,cal
6117,mitra_t8,data\raw\mitra\Data_T8\T8_DAll.csv,hard_brake,21,529.862667,519.862667,529.862667,0.6673329999999851,cal
6118,mitra_t8,data\raw\mitra\Data_T8\T8_DAll.csv,hard_brake,2,566.799567,556.799567,566.799567,0.8007999999999811,cal
6119,mitra_t8,data\raw\mitra\Data_T8\T8_DAll.csv,hard_brake,3,577.4769,567.4769,577.4769,0.8007999999999811,cal
6120,mitra_t8,data\raw\mitra\Data_T8\T8_DAll.csv,hard_brake,2,569.302067,559.302067,569.302067,0.8007999999999811,cal
6121,mitra_t8,data\raw\mitra\Data_T8\T8_DAll.csv,hard_brake,2,571.3708,561.3708,571.3708,0.7340669999999818,cal
6122,mitra_t8,data\raw\mitra\Data_T8\T8_DAll.csv,hard_brake,1,558.8583,548.8583,558.8583,0.9008999999999788,cal
6123,mitra_t8,data\raw\mitra\Data_T8\T8_DAll.csv,hard_brake,2,572.4719,562.4719,572.4719,0.8007999999999811,cal
6124,mitra_t8,data\raw\mitra\Data_T8\T8_DAll.csv,hard_brake,1,528.160967,518.160967,528.160967,1.0677329999999756,cal
6125,mitra_t8,data\raw\mitra\Data_T8\T8_DAll.csv,hard_brake,3,582.0815,572.0815,582.0815,1.0343669999999747,cal
6126,mitra_t8,data\raw\mitra\Data_T8\T8_DAll.csv,hard_brake,1,562.995767,552.995767,562.995767,1.101099999999974,cal
6127,mitra_t8,data\raw\mitra\Data_T8\T8_DAll.csv,hard_brake,2,574.106867,564.106867,574.106867,0.834165999999982,cal
6128,mitra_t8,data\raw\mitra\Data_T8\T8_DAll.csv,hard_brake,1,532.3318,522.3318,532.3318,0.7340669999999818,cal
6129,mitra_t8,data\raw\mitra\Data_T8\T8_DAll.csv,hard_brake,1,561.227333,551.227333,561.227333,0.8675339999999778,cal
6130,mitra_t8,data\raw\mitra\Data_T8\T8_DAll.csv,hard_brake,7,806.071933,796.071933,806.071933,1.2345670000000837,cal
6131,mitra_t8,data\raw\mitra\Data_T8\T8_DAll.csv,hard_brake,3,573.2727,563.2727,573.2727,0.7006999999999834,cal
6132,mitra_t8,data\raw\mitra\Data_T8\T8_DAll.csv,hard_brake,3,586.7862,576.7862,586.7862,0.6673329999999851,cal
6133,mitra_t8,data\raw\mitra\Data_T8\T8_DAll.csv,hard_brake,2,536.669467,526.669467,536.669467,0.9008999999999788,cal
6134,mitra_t8,data\raw\mitra\Data_T8\T8_DAll.csv,hard_brake,3,588.054133,578.054133,588.054133,0.9008999999999788,cal
6135,mitra_t8,data\raw\mitra\Data_T8\T8_DAll.csv,hard_brake,1,539.005133,529.005133,539.005133,0.5672339999999849,cal
6136,mitra_t8,data\raw\mitra\Data_T8\T8_DAll.csv,hard_brake,1,564.3638,554.3638,564.3638,0.9008999999999788,cal
6137,mitra_t8,data\raw\mitra\Data_T8\T8_DAll.csv,hard_brake,3,590.222967,580.222967,590.222967,0.7340659999999843,cal
6138,mitra_t8,data\raw\mitra\Data_T8\T8_DAll.csv,hard_brake,3,595.761833,585.761833,595.761833,0.8675339999999778,cal
6139,mitra_t8,data\raw\mitra\Data_T8\T8_DAll.csv,hard_brake,1,571.103867,561.103867,571.103867,0.834165999999982,cal
6140,mitra_t8,data\raw\mitra\Data_T8\T8_DAll.csv,hard_brake,2,575.575,565.575,575.575,0.7006999999999834,cal
6141,mitra_t8,data\raw\mitra\Data_T8\T8_DAll.csv,hard_brake,2,579.312067,569.312067,579.312067,0.9676330000000916,cal
6142,mitra_t8,data\raw\mitra\Data_T8\T8_DAll.csv,hard_brake,2,577.209967,567.209967,577.209967,0.7340659999999843,cal
6143,mitra_t8,data\raw\mitra\Data_T8\T8_DAll.csv,hard_brake,3,600.232967,590.232967,600.232967,0.5672329999999874,cal
6144,mitra_t8,data\raw\mitra\Data_T8\T8_DAll.csv,hard_brake,2,586.8863,576.8863,586.8863,0.5672329999999874,cal
6145,mitra_t8,data\raw\mitra\Data_T8\T8_DAll.csv,hard_brake,1,580.8803,570.8803,580.8803,0.7340669999999818,cal
6146,mitra_t8,data\raw\mitra\Data_T8\T8_DAll.csv,hard_brake,1,584.550633,574.550633,584.550633,1.2345670000000837,cal
6147,mitra_t8,data\raw\mitra\Data_T8\T8_DAll.csv,hard_brake,3,520.4199,510.4199,520.4199,0.9008999999999788,cal
6148,mitra_t8,data\raw\mitra\Data_T8\T8_DAll.csv,hard_brake,21,560.593367,550.593367,560.593367,0.6339660000001004,cal
6149,mitra_t8,data\raw\mitra\Data_T8\T8_DAll.csv,hard_brake,2,589.121867,579.121867,589.121867,1.5015000000000782,cal
6150,mitra_t8,data\raw\mitra\Data_T8\T8_DAll.csv,hard_brake,1,586.552633,576.552633,586.552633,0.7340669999999818,cal
6151,mitra_t8,data\raw\mitra\Data_T8\T8_DAll.csv,hard_brake,1,592.458533,582.458533,592.458533,0.8341669999999795,cal
6152,mitra_t8,data\raw\mitra\Data_T8\T8_DAll.csv,hard_brake,2,591.157233,581.157233,591.157233,0.8007999999999811,cal
6153,mitra_t8,data\raw\mitra\Data_T8\T8_DAll.csv,hard_brake,21,654.8542,644.8542,654.8542,0.4671329999999898,cal
6154,mitra_t8,data\raw\mitra\Data_T8\T8_DAll.csv,hard_brake,3,603.669733,593.669733,603.669733,0.9676340000000891,cal
6155,mitra_t8,data\raw\mitra\Data_T8\T8_DAll.csv,hard_brake,1,595.461533,585.461533,595.461533,1.0009999999999764,cal
6156,mitra_t8,data\raw\mitra\Data_T8\T8_DAll.csv,hard_brake,1,597.2967,587.2967,597.2967,1.1678329999999733,cal
6157,mitra_t8,data\raw\mitra\Data_T8\T8_DAll.csv,hard_brake,3,609.2086,599.2086,609.2086,0.7674329999999827,cal
6158,mitra_t8,data\raw\mitra\Data_T8\T8_DAll.csv,hard_brake,3,597.063133,587.063133,597.063133,0.7340669999999818,cal
6159,mitra_t8,data\raw\mitra\Data_T8\T8_DAll.csv,hard_brake,1,603.0024,593.0024,603.0024,1.301300000000083,cal
6160,mitra_t8,data\raw\mitra\Data_T8\T8_DAll.csv,hard_brake,2,574.8743,564.8743,574.8743,0.7007000000000971,cal
6161,mitra_t8,data\raw\mitra\Data_T8\T8_DAll.csv,hard_brake,2,601.2006,591.2006,601.2006,0.7674329999999827,cal
6162,mitra_t8,data\raw\mitra\Data_T8\T8_DAll.csv,hard_brake,2,541.8413,531.8413,541.8413,0.6005999999999858,cal
6163,mitra_t8,data\raw\mitra\Data_T8\T8_DAll.csv,hard_brake,2,600.566633,590.566633,600.566633,0.9008999999999788,cal
6164,mitra_t8,data\raw\mitra\Data_T8\T8_DAll.csv,hard_brake,1,567.199967,557.199967,567.199967,0.7340659999999843,cal
6165,mitra_t8,data\raw\mitra\Data_T8\T8_DAll.csv,hard_brake,2,605.605,595.605,605.605,0.7006999999999834,cal
6166,mitra_t8,data\raw\mitra\Data_T8\T8_DAll.csv,hard_brake,3,598.130867,588.130867,598.130867,0.834165999999982,cal
6167,mitra_t8,data\raw\mitra\Data_T8\T8_DAll.csv,hard_brake,3,604.837567,594.837567,604.837567,0.6339659999999867,cal
6168,mitra_t8,data\raw\mitra\Data_T8\T8_DAll.csv,hard_brake,11,558.524633,548.524633,558.524633,0.5338669999999865,cal
6169,mitra_t8,data\raw\mitra\Data_T8\T8_DAll.csv,hard_brake,2,568.634733,558.634733,568.634733,0.6339669999999842,cal
6170,mitra_t8,data\raw\mitra\Data_T8\T8_DAll.csv,hard_brake,3,614.180233,604.180233,614.180233,0.6339669999999842,cal
6171,mitra_t8,data\raw\mitra\Data_T8\T8_DAll.csv,hard_brake,2,607.8072,597.8072,607.8072,0.8341669999999795,cal
6172,mitra_t8,data\raw\mitra\Data_T8\T8_DAll.csv,hard_brake,2,602.668733,592.668733,602.668733,0.8341669999999795,cal
6173,mitra_t8,data\raw\mitra\Data_T8\T8_DAll.csv,hard_brake,2,596.2957,586.2957,596.2957,0.8341669999999795,cal
6174,mitra_t8,data\raw\mitra\Data_T8\T8_DAll.csv,hard_brake,1,613.980033,603.980033,613.980033,1.368033999999966,cal
6175,mitra_t8,data\raw\mitra\Data_T8\T8_DAll.csv,hard_brake,1,577.410167,567.410167,577.410167,0.9008999999999788,cal
6176,mitra_t8,data\raw\mitra\Data_T8\T8_DAll.csv,hard_brake,2,615.681733,605.681733,615.681733,0.9676339999999756,cal
6177,mitra_t8,data\raw\mitra\Data_T8\T8_DAll.csv,hard_brake,1,606.639367,596.639367,606.639367,0.834165999999982,cal
6178,mitra_t8,data\raw\mitra\Data_T8\T8_DAll.csv,hard_brake,1,617.683733,607.683733,617.683733,0.9676340000000891,cal
6179,mitra_t8,data\raw\mitra\Data_T8\T8_DAll.csv,hard_brake,2,618.651367,608.651367,618.651367,0.834165999999982,cal
6180,mitra_t8,data\raw\mitra\Data_T8\T8_DAll.csv,hard_brake,3,618.250967,608.250967,618.250967,0.9009000000000924,cal
6181,mitra_t8,data\raw\mitra\Data_T8\T8_DAll.csv,hard_brake,2,617.683733,607.683733,617.683733,0.8008000000000948,cal
6182,mitra_t8,data\raw\mitra\Data_T8\T8_DAll.csv,hard_brake,2,606.572633,596.572633,606.572633,0.9008999999999788,cal
6183,mitra_t8,data\raw\mitra\Data_T8\T8_DAll.csv,hard_brake,1,630.096133,620.096133,630.096133,0.9676339999999756,cal
6184,mitra_t8,data\raw\mitra\Data_T8\T8_DAll.csv,hard_brake,2,619.852567,609.852567,619.852567,0.8007999999999811,cal
6185,mitra_t8,data\raw\mitra\Data_T8\T8_DAll.csv,hard_brake,3,626.1255,616.1255,626.1255,0.5338669999999865,cal
6186,mitra_t8,data\raw\mitra\Data_T8\T8_DAll.csv,hard_brake,1,619.619,609.619,619.619,0.8675329999999803,cal
6187,mitra_t8,data\raw\mitra\Data_T8\T8_DAll.csv,hard_brake,3,627.259967,617.259967,627.259967,0.7340659999999843,cal
6188,mitra_t8,data\raw\mitra\Data_T8\T8_DAll.csv,hard_brake,1,634.400433,624.400433,634.400433,0.9342669999999772,cal
6189,mitra_t8,data\raw\mitra\Data_T8\T8_DAll.csv,hard_brake,2,620.853567,610.853567,620.853567,0.8007999999999811,cal
6190,mitra_t8,data\raw\mitra\Data_T8\T8_DAll.csv,hard_brake,3,622.9223,612.9223,622.9223,0.9009000000000924,cal
6191,mitra_t8,data\raw\mitra\Data_T8\T8_DAll.csv,hard_brake,3,579.011767,569.011767,579.011767,0.6673329999999851,cal
6192,mitra_t8,data\raw\mitra\Data_T8\T8_DAll.csv,hard_brake,3,628.594633,618.594633,628.594633,1.23456699999997,cal
6193,mitra_t8,data\raw\mitra\Data_T8\T8_DAll.csv,hard_brake,1,635.635,625.635,635.635,0.7006999999999834,cal
6194,mitra_t8,data\raw\mitra\Data_T8\T8_DAll.csv,hard_brake,2,625.8252,615.8252,625.8252,0.6673329999999851,cal
6195,mitra_t8,data\raw\mitra\Data_T8\T8_DAll.csv,hard_brake,0,576.509267,566.509267,576.509267,0.5338659999999891,cal
6196,mitra_t8,data\raw\mitra\Data_T8\T8_DAll.csv,hard_brake,3,635.568267,625.568267,635.568267,0.9342659999999796,cal
6197,mitra_t8,data\raw\mitra\Data_T8\T8_DAll.csv,hard_brake,1,637.1365,627.1365,637.1365,0.867533000000094,cal
6198,mitra_t8,data\raw\mitra\Data_T8\T8_DAll.csv,hard_brake,2,622.9223,612.9223,622.9223,1.5682330000000777,cal
6199,mitra_t8,data\raw\mitra\Data_T8\T8_DAll.csv,hard_brake,1,594.2937,584.2937,594.2937,0.6673330000000988,cal
6200,mitra_t8,data\raw\mitra\Data_T8\T8_DAll.csv,hard_brake,21,613.7131,603.7131,613.7131,0.5672329999999874,cal
6201,mitra_t8,data\raw\mitra\Data_T8\T8_DAll.csv,hard_brake,3,630.896933,620.896933,630.896933,0.9342669999999772,cal
6202,mitra_t8,data\raw\mitra\Data_T8\T8_DAll.csv,hard_brake,2,636.002033,626.002033,636.002033,1.0009999999999764,cal
6203,mitra_t8,data\raw\mitra\Data_T8\T8_DAll.csv,hard_brake,3,637.703733,627.703733,637.703733,0.9676339999999756,cal
6204,mitra_t8,data\raw\mitra\Data_T8\T8_DAll.csv,hard_brake,3,639.0384,629.0384,639.0384,0.6673329999999851,cal
6205,mitra_t8,data\raw\mitra\Data_T8\T8_DAll.csv,hard_brake,2,618.951667,608.951667,618.951667,0.834165999999982,cal
6206,mitra_t8,data\raw\mitra\Data_T8\T8_DAll.csv,hard_brake,1,637.970667,627.970667,637.970667,1.5348659999999654,cal
6207,mitra_t8,data\raw\mitra\Data_T8\T8_DAll.csv,hard_brake,2,626.9263,616.9263,626.9263,0.9008999999999788,cal
6208,mitra_t8,data\raw\mitra\Data_T8\T8_DAll.csv,hard_brake,7,743.275867,733.275867,743.275867,1.2012000000000853,cal
6209,mitra_t8,data\raw\mitra\Data_T8\T8_DAll.csv,hard_brake,2,634.9343,624.9343,634.9343,0.9008999999999788,cal
6210,mitra_t8,data\raw\mitra\Data_T8\T8_DAll.csv,hard_brake,3,642.642,632.642,642.642,1.0343669999999747,cal
6211,mitra_t8,data\raw\mitra\Data_T8\T8_DAll.csv,hard_brake,1,609.442167,599.442167,609.442167,0.7006999999999834,cal
6212,mitra_t8,data\raw\mitra\Data_T8\T8_DAll.csv,hard_brake,3,644.910933,634.910933,644.910933,0.8007999999999811,cal
6213,mitra_t8,data\raw\mitra\Data_T8\T8_DAll.csv,hard_brake,2,610.643367,600.643367,610.643367,0.834165999999982,cal
6214,mitra_t8,data\raw\mitra\Data_T8\T8_DAll.csv,hard_brake,2,642.308333,632.308333,642.308333,0.8675340000000915,cal
6215,mitra_t8,data\raw\mitra\Data_T8\T8_DAll.csv,hard_brake,2,648.581267,638.581267,648.581267,0.9342659999999796,cal
6216,mitra_t8,data\raw\mitra\Data_T8\T8_DAll.csv,hard_brake,3,646.212233,636.212233,646.212233,0.8007999999999811,cal
6217,mitra_t8,data\raw\mitra\Data_T8\T8_DAll.csv,hard_brake,1,612.178233,602.178233,612.178233,0.8007999999999811,cal
6218,mitra_t8,data\raw\mitra\Data_T8\T8_DAll.csv,hard_brake,2,645.8452,635.8452,645.8452,0.6673329999999851,cal
6219,mitra_t8,data\raw\mitra\Data_T8\T8_DAll.csv,hard_brake,1,643.376067,633.376067,643.376067,0.967632999999978,cal
6220,mitra_t8,data\raw\mitra\Data_T8\T8_DAll.csv,hard_brake,2,655.688367,645.688367,655.688367,0.6673329999999851,cal
6221,mitra_t8,data\raw\mitra\Data_T8\T8_DAll.csv,hard_brake,3,647.613633,637.613633,647.613633,0.9008999999999788,cal
6222,mitra_t8,data\raw\mitra\Data_T8\T8_DAll.csv,hard_brake,1,644.5439,634.5439,644.5439,0.967632999999978,cal
6223,mitra_t8,data\raw\mitra\Data_T8\T8_DAll.csv,hard_brake,3,648.8482,638.8482,648.8482,1.3346669999999676,cal
6224,mitra_t8,data\raw\mitra\Data_T8\T8_DAll.csv,hard_brake,21,640.272967,630.272967,640.272967,0.7006999999999834,cal
6225,mitra_t8,data\raw\mitra\Data_T8\T8_DAll.csv,hard_brake,21,621.654367,611.654367,621.654367,0.4671329999999898,cal
6226,mitra_t8,data\raw\mitra\Data_T8\T8_DAll.csv,hard_brake,3,651.083767,641.083767,651.083767,0.9342659999999796,cal
6227,mitra_t8,data\raw\mitra\Data_T8\T8_DAll.csv,hard_brake,2,659.091767,649.091767,659.091767,1.6015999999999622,cal
6228,mitra_t8,data\raw\mitra\Data_T8\T8_DAll.csv,hard_brake,7,601.968033,591.968033,601.968033,0.5672339999999849,cal
6229,mitra_t8,data\raw\mitra\Data_T8\T8_DAll.csv,hard_brake,3,655.388067,645.388067,655.388067,1.1344659999999749,cal
6230,mitra_t8,data\raw\mitra\Data_T8\T8_DAll.csv,hard_brake,1,651.817833,641.817833,651.817833,1.9019000000000688,cal
6231,mitra_t8,data\raw\mitra\Data_T8\T8_DAll.csv,hard_brake,3,656.422433,646.422433,656.422433,1.267934000000082,cal
6232,mitra_t8,data\raw\mitra\Data_T8\T8_DAll.csv,hard_brake,2,666.2656,656.2656,666.2656,0.6006000000000995,cal
6233,mitra_t8,data\raw\mitra\Data_T8\T8_DAll.csv,hard_brake,1,665.197867,655.197867,665.197867,0.6673329999999851,cal
6234,mitra_t8,data\raw\mitra\Data_T8\T8_DAll.csv,hard_brake,3,659.125133,649.125133,659.125133,0.8007999999999811,cal
6235,mitra_t8,data\raw\mitra\Data_T8\T8_DAll.csv,hard_brake,2,658.424433,648.424433,658.424433,0.7674339999999802,cal
6236,mitra_t8,data\raw\mitra\Data_T8\T8_DAll.csv,hard_brake,2,669.8692,659.8692,669.8692,0.8341669999999795,cal
6237,mitra_t8,data\raw\mitra\Data_T8\T8_DAll.csv,hard_brake,3,652.7521,642.7521,652.7521,0.9342669999999772,cal
6238,mitra_t8,data\raw\mitra\Data_T8\T8_DAll.csv,hard_brake,7,750.382967,740.382967,750.382967,0.7674329999999827,cal
6239,mitra_t8,data\raw\mitra\Data_T8\T8_DAll.csv,hard_brake,1,631.664367,621.664367,631.664367,0.834165999999982,cal
6240,mitra_t8,data\raw\mitra\Data_T8\T8_DAll.csv,hard_brake,2,672.938933,662.938933,672.938933,0.7674339999999802,cal
6241,mitra_t8,data\raw\mitra\Data_T8\T8_DAll.csv,hard_brake,2,667.133133,657.133133,667.133133,0.9008999999999788,cal
6242,mitra_t8,data\raw\mitra\Data_T8\T8_DAll.csv,hard_brake,3,660.1595,650.1595,660.1595,0.5004999999999882,cal
6243,mitra_t8,data\raw\mitra\Data_T8\T8_DAll.csv,hard_brake,1,660.526533,650.526533,660.526533,1.334667000000081,cal
6244,mitra_t8,data\raw\mitra\Data_T8\T8_DAll.csv,hard_brake,1,662.1615,652.1615,662.1615,1.2011999999999716,cal
6245,mitra_t8,data\raw\mitra\Data_T8\T8_DAll.csv,hard_brake,2,680.2796,670.2796,680.2796,0.6005999999999858,cal
6246,mitra_t8,data\raw\mitra\Data_T8\T8_DAll.csv,hard_brake,3,660.726733,650.726733,660.726733,0.5672339999999849,cal
6247,mitra_t8,data\raw\mitra\Data_T8\T8_DAll.csv,hard_brake,1,680.446433,670.446433,680.446433,1.4014000000000806,cal
6248,mitra_t8,data\raw\mitra\Data_T8\T8_DAll.csv,hard_brake,3,609.241967,599.241967,609.241967,0.7674329999999827,cal
6249,mitra_t8,data\raw\mitra\Data_T8\T8_DAll.csv,hard_brake,3,663.429433,653.429433,663.429433,1.23456699999997,cal
6250,mitra_t8,data\raw\mitra\Data_T8\T8_DAll.csv,hard_brake,2,683.115767,673.115767,683.115767,0.9342659999999796,cal
6251,mitra_t8,data\raw\mitra\Data_T8\T8_DAll.csv,hard_brake,3,699.031667,689.031667,699.031667,0.7006999999999834,cal
6252,mitra_t8,data\raw\mitra\Data_T8\T8_DAll.csv,hard_brake,1,663.7631,653.7631,663.7631,0.9342669999999772,cal
6253,mitra_t8,data\raw\mitra\Data_T8\T8_DAll.csv,hard_brake,3,689.021667,679.021667,689.021667,1.0009999999999764,cal
6254,mitra_t8,data\raw\mitra\Data_T8\T8_DAll.csv,hard_brake,3,658.691367,648.691367,658.691367,0.5672329999999874,cal
6255,mitra_t8,data\raw\mitra\Data_T8\T8_DAll.csv,hard_brake,3,690.923567,680.923567,690.923567,0.967632999999978,cal
6256,mitra_t8,data\raw\mitra\Data_T8\T8_DAll.csv,hard_brake,7,931.597333,921.597333,931.597333,0.8341669999999795,cal
6257,mitra_t8,data\raw\mitra\Data_T8\T8_DAll.csv,hard_brake,3,695.7951,685.7951,695.7951,0.7674329999999827,cal
6258,mitra_t8,data\raw\mitra\Data_T8\T8_DAll.csv,hard_brake,7,867.933733,857.933733,867.933733,0.6339669999999842,cal
6259,mitra_t8,data\raw\mitra\Data_T8\T8_DAll.csv,hard_brake,3,701.634267,691.634267,701.634267,0.9342659999999796,cal
6260,mitra_t8,data\raw\mitra\Data_T8\T8_DAll.csv,hard_brake,1,667.333333,657.333333,667.333333,1.2011999999999716,cal
6261,mitra_t8,data\raw\mitra\Data_T8\T8_DAll.csv,hard_brake,3,704.036667,694.036667,704.036667,0.6673329999999851,cal
6262,mitra_t8,data\raw\mitra\Data_T8\T8_DAll.csv,hard_brake,1,675.5749,665.5749,675.5749,0.9676330000000916,cal
6263,mitra_t8,data\raw\mitra\Data_T8\T8_DAll.csv,hard_brake,1,649.3487,639.3487,649.3487,1.0009999999999764,cal
6264,mitra_t8,data\raw\mitra\Data_T8\T8_DAll.csv,hard_brake,3,706.1054,696.1054,706.1054,0.8007999999999811,cal
6265,mitra_t8,data\raw\mitra\Data_T8\T8_DAll.csv,hard_brake,3,708.3076,698.3076,708.3076,0.7674329999999827,cal
6266,mitra_t8,data\raw\mitra\Data_T8\T8_DAll.csv,hard_brake,3,711.444067,701.444067,711.444067,0.8007999999999811,cal
6267,mitra_t8,data\raw\mitra\Data_T8\T8_DAll.csv,hard_brake,3,678.2776,668.2776,678.2776,0.9008999999999788,cal
6268,mitra_t8,data\raw\mitra\Data_T8\T8_DAll.csv,hard_brake,3,713.746367,703.746367,713.746367,0.6673329999999851,cal
6269,mitra_t8,data\raw\mitra\Data_T8\T8_DAll.csv,hard_brake,1,678.1775,668.1775,678.1775,1.0343669999999747,cal
6270,mitra_t8,data\raw\mitra\Data_T8\T8_DAll.csv,hard_brake,3,715.448067,705.448067,715.448067,0.8007999999999811,cal
6271,mitra_t8,data\raw\mitra\Data_T8\T8_DAll.csv,hard_brake,1,687.0864,677.0864,687.0864,1.3012999999999693,cal
6272,mitra_t8,data\raw\mitra\Data_T8\T8_DAll.csv,hard_brake,3,717.383333,707.383333,717.383333,0.7006999999999834,cal
6273,mitra_t8,data\raw\mitra\Data_T8\T8_DAll.csv,hard_brake,2,689.922567,679.922567,689.922567,0.9676330000000916,cal
6274,mitra_t8,data\raw\mitra\Data_T8\T8_DAll.csv,hard_brake,1,698.631267,688.631267,698.631267,0.6673329999999851,cal
6275,mitra_t8,data\raw\mitra\Data_T8\T8_DAll.csv,hard_brake,3,720.252867,710.252867,720.252867,0.834165999999982,cal
6276,mitra_t8,data\raw\mitra\Data_T8\T8_DAll.csv,hard_brake,3,721.787733,711.787733,721.787733,0.8007999999999811,cal
6277,mitra_t8,data\raw\mitra\Data_T8\T8_DAll.csv,hard_brake,3,723.289233,713.289233,723.289233,0.8007999999999811,cal
6278,mitra_t8,data\raw\mitra\Data_T8\T8_DAll.csv,hard_brake,2,693.225867,683.225867,693.225867,1.0009999999999764,cal
6279,mitra_t8,data\raw\mitra\Data_T8\T8_DAll.csv,hard_brake,1,704.3036,694.3036,704.3036,0.6005999999999858,cal
6280,mitra_t8,data\raw\mitra\Data_T8\T8_DAll.csv,hard_brake,2,695.695,685.695,695.695,0.8675329999999803,cal
6281,mitra_t8,data\raw\mitra\Data_T8\T8_DAll.csv,hard_brake,2,701.734367,691.734367,701.734367,0.834165999999982,cal
6282,mitra_t8,data\raw\mitra\Data_T8\T8_DAll.csv,hard_brake,3,727.593533,717.593533,727.593533,0.8341669999999795,cal
6283,mitra_t8,data\raw\mitra\Data_T8\T8_DAll.csv,hard_brake,1,710.776733,700.776733,710.776733,0.9676339999999756,cal
6284,mitra_t8,data\raw\mitra\Data_T8\T8_DAll.csv,hard_brake,3,729.962567,719.962567,729.962567,0.8007999999999811,cal
6285,mitra_t8,data\raw\mitra\Data_T8\T8_DAll.csv,hard_brake,1,708.6079,698.6079,708.6079,0.4671329999999898,cal
6286,mitra_t8,data\raw\mitra\Data_T8\T8_DAll.csv,hard_brake,3,733.566167,723.566167,733.566167,0.7007000000000971,cal
6287,mitra_t8,data\raw\mitra\Data_T8\T8_DAll.csv,hard_brake,1,672.638633,662.638633,672.638633,0.9008999999999788,cal
6288,mitra_t8,data\raw\mitra\Data_T8\T8_DAll.csv,hard_brake,2,711.844467,701.844467,711.844467,0.5672329999999874,cal
6289,mitra_t8,data\raw\mitra\Data_T8\T8_DAll.csv,hard_brake,3,735.501433,725.501433,735.501433,0.5672339999999849,cal
6290,mitra_t8,data\raw\mitra\Data_T8\T8_DAll.csv,hard_brake,1,713.6129,703.6129,713.6129,0.6339669999999842,cal
6291,mitra_t8,data\raw\mitra\Data_T8\T8_DAll.csv,hard_brake,2,714.447067,704.447067,714.447067,1.6349660000000767,cal
6292,mitra_t8,data\raw\mitra\Data_T8\T8_DAll.csv,hard_brake,2,717.550167,707.550167,717.550167,0.8675329999999803,cal
6293,mitra_t8,data\raw\mitra\Data_T8\T8_DAll.csv,hard_brake,1,684.350333,674.350333,684.350333,1.067733999999973,cal
6294,mitra_t8,data\raw\mitra\Data_T8\T8_DAll.csv,hard_brake,2,725.391333,715.391333,725.391333,0.7006999999999834,cal
6295,mitra_t8,data\raw\mitra\Data_T8\T8_DAll.csv,hard_brake,1,715.147767,705.147767,715.147767,0.6339659999999867,cal
6296,mitra_t8,data\raw\mitra\Data_T8\T8_DAll.csv,hard_brake,1,690.556533,680.556533,690.556533,0.8675340000000915,cal
6297,mitra_t8,data\raw\mitra\Data_T8\T8_DAll.csv,hard_brake,1,717.883833,707.883833,717.883833,0.7006999999999834,cal
6298,mitra_t8,data\raw\mitra\Data_T8\T8_DAll.csv,hard_brake,2,728.1274,718.1274,728.1274,0.8007999999999811,cal
6299,mitra_t8,data\raw\mitra\Data_T8\T8_DAll.csv,hard_brake,3,661.2606,651.2606,661.2606,0.7674330000000964,cal
6300,mitra_t8,data\raw\mitra\Data_T8\T8_DAll.csv,hard_brake,3,692.024667,682.024667,692.024667,0.5004999999999882,cal
6301,mitra_t8,data\raw\mitra\Data_T8\T8_DAll.csv,hard_brake,0,679.3787,669.3787,679.3787,0.8675329999999803,cal
6302,mitra_t8,data\raw\mitra\Data_T8\T8_DAll.csv,hard_brake,2,731.4307,721.4307,731.4307,0.967632999999978,cal
6303,mitra_t8,data\raw\mitra\Data_T8\T8_DAll.csv,hard_brake,1,731.4307,721.4307,731.4307,0.6673329999999851,cal
6304,mitra_t8,data\raw\mitra\Data_T8\T8_DAll.csv,hard_brake,2,733.4327,723.4327,733.4327,1.00100000000009,cal
6305,mitra_t8,data\raw\mitra\Data_T8\T8_DAll.csv,hard_brake,2,734.800733,724.800733,734.800733,0.9676339999999756,cal
6306,mitra_t8,data\raw\mitra\Data_T8\T8_DAll.csv,hard_brake,3,707.773733,697.773733,707.773733,0.5338669999999865,cal
6307,mitra_t8,data\raw\mitra\Data_T8\T8_DAll.csv,hard_brake,3,747.980567,737.980567,747.980567,0.5005000000001019,cal
6308,mitra_t8,data\raw\mitra\Data_T8\T8_DAll.csv,hard_brake,1,693.826467,683.826467,693.826467,1.0677329999999756,cal
6309,mitra_t8,data\raw\mitra\Data_T8\T8_DAll.csv,hard_brake,2,737.670267,727.670267,737.670267,0.7674329999999827,cal
6310,mitra_t8,data\raw\mitra\Data_T8\T8_DAll.csv,hard_brake,2,743.175767,733.175767,743.175767,0.9342660000000932,cal
6311,mitra_t8,data\raw\mitra\Data_T8\T8_DAll.csv,hard_brake,3,755.488067,745.488067,755.488067,0.5672329999999874,cal
6312,mitra_t8,data\raw\mitra\Data_T8\T8_DAll.csv,hard_brake,3,759.125033,749.125033,759.125033,1.0009999999999764,cal
6313,mitra_t8,data\raw\mitra\Data_T8\T8_DAll.csv,hard_brake,2,745.277867,735.277867,745.277867,0.6673329999999851,cal
6314,mitra_t8,data\raw\mitra\Data_T8\T8_DAll.csv,hard_brake,3,753.686267,743.686267,753.686267,0.5004999999999882,cal
6315,mitra_t8,data\raw\mitra\Data_T8\T8_DAll.csv,hard_brake,3,749.181767,739.181767,749.181767,0.7674329999999827,cal
6316,mitra_t8,data\raw\mitra\Data_T8\T8_DAll.csv,hard_brake,2,747.4467,737.4467,747.4467,0.8341669999999795,cal
6317,mitra_t8,data\raw\mitra\Data_T8\T8_DAll.csv,hard_brake,3,762.228133,752.228133,762.228133,0.7340670000000955,cal
6318,mitra_t8,data\raw\mitra\Data_T8\T8_DAll.csv,hard_brake,1,706.372333,696.372333,706.372333,0.7006999999999834,cal
6319,mitra_t8,data\raw\mitra\Data_T8\T8_DAll.csv,hard_brake,3,768.4677,758.4677,768.4677,0.6673329999999851,cal
6320,mitra_t8,data\raw\mitra\Data_T8\T8_DAll.csv,hard_brake,2,750.182767,740.182767,750.182767,1.2679329999999709,cal
6321,mitra_t8,data\raw\mitra\Data_T8\T8_DAll.csv,hard_brake,3,771.5708,761.5708,771.5708,1.2345670000000837,cal
6322,mitra_t8,data\raw\mitra\Data_T8\T8_DAll.csv,hard_brake,3,769.835733,759.835733,769.835733,0.8007999999999811,cal
6323,mitra_t8,data\raw\mitra\Data_T8\T8_DAll.csv,hard_brake,3,700.1995,690.1995,700.1995,0.8341670000000931,cal
6324,mitra_t8,data\raw\mitra\Data_T8\T8_DAll.csv,hard_brake,1,721.1204,711.1204,721.1204,0.8007999999999811,cal
6325,mitra_t8,data\raw\mitra\Data_T8\T8_DAll.csv,hard_brake,2,752.218133,742.218133,752.218133,0.7340669999999818,cal
6326,mitra_t8,data\raw\mitra\Data_T8\T8_DAll.csv,hard_brake,2,754.8541,744.8541,754.8541,1.101099999999974,cal
6327,mitra_t8,data\raw\mitra\Data_T8\T8_DAll.csv,hard_brake,2,753.018933,743.018933,753.018933,0.7674340000000939,cal
6328,mitra_t8,data\raw\mitra\Data_T8\T8_DAll.csv,hard_brake,2,760.926833,750.926833,760.926833,0.8675339999999778,cal
6329,mitra_t8,data\raw\mitra\Data_T8\T8_DAll.csv,hard_brake,3,775.141033,765.141033,775.141033,0.8341669999999795,cal
6330,mitra_t8,data\raw\mitra\Data_T8\T8_DAll.csv,hard_brake,7,702.4017,692.4017,702.4017,1.0009999999999764,cal
6331,mitra_t8,data\raw\mitra\Data_T8\T8_DAll.csv,hard_brake,2,723.556167,713.556167,723.556167,0.7007000000000971,cal
6332,mitra_t8,data\raw\mitra\Data_T8\T8_DAll.csv,hard_brake,3,774.1734,764.1734,774.1734,0.8007999999999811,cal
6333,mitra_t8,data\raw\mitra\Data_T8\T8_DAll.csv,hard_brake,2,729.895833,719.895833,729.895833,0.7006999999999834,cal
6334,mitra_t8,data\raw\mitra\Data_T8\T8_DAll.csv,hard_brake,1,757.923833,747.923833,757.923833,1.5348670000000766,cal
6335,mitra_t8,data\raw\mitra\Data_T8\T8_DAll.csv,hard_brake,3,777.009567,767.009567,777.009567,0.9676330000000916,cal
6336,mitra_t8,data\raw\mitra\Data_T8\T8_DAll.csv,hard_brake,1,735.968567,725.968567,735.968567,0.4671329999999898,cal
6337,mitra_t8,data\raw\mitra\Data_T8\T8_DAll.csv,hard_brake,7,696.028667,686.028667,696.028667,0.6339659999999867,cal
6338,mitra_t8,data\raw\mitra\Data_T8\T8_DAll.csv,hard_brake,7,698.364333,688.364333,698.364333,0.6339669999999842,cal
6339,mitra_t8,data\raw\mitra\Data_T8\T8_DAll.csv,hard_brake,1,764.530433,754.530433,764.530433,1.7350669999999582,cal
6340,mitra_t8,data\raw\mitra\Data_T8\T8_DAll.csv,hard_brake,2,774.5738,764.5738,774.5738,0.9008999999999788,cal
6341,mitra_t8,data\raw\mitra\Data_T8\T8_DAll.csv,hard_brake,3,779.712267,769.712267,779.712267,0.7674329999999827,cal
6342,mitra_t8,data\raw\mitra\Data_T8\T8_DAll.csv,hard_brake,0,715.848467,705.848467,715.848467,1.101099999999974,cal
6343,mitra_t8,data\raw\mitra\Data_T8\T8_DAll.csv,hard_brake,1,774.5738,764.5738,774.5738,0.7340669999999818,cal
6344,mitra_t8,data\raw\mitra\Data_T8\T8_DAll.csv,hard_brake,2,772.104667,762.104667,772.104667,0.867533000000094,cal
6345,mitra_t8,data\raw\mitra\Data_T8\T8_DAll.csv,hard_brake,3,776.008567,766.008567,776.008567,0.8007999999999811,cal
6346,mitra_t8,data\raw\mitra\Data_T8\T8_DAll.csv,hard_brake,3,786.1854,776.1854,786.1854,0.8008000000000948,cal
6347,mitra_t8,data\raw\mitra\Data_T8\T8_DAll.csv,hard_brake,3,764.096667,754.096667,764.096667,0.8675329999999803,cal
6348,mitra_t8,data\raw\mitra\Data_T8\T8_DAll.csv,hard_brake,2,741.6409,731.6409,741.6409,0.967632999999978,cal
6349,mitra_t8,data\raw\mitra\Data_T8\T8_DAll.csv,hard_brake,1,743.5428,733.5428,743.5428,0.7340669999999818,cal
6350,mitra_t8,data\raw\mitra\Data_T8\T8_DAll.csv,hard_brake,3,790.79,780.79,790.79,0.8675329999999803,cal
6351,mitra_t8,data\raw\mitra\Data_T8\T8_DAll.csv,hard_brake,1,768.000567,758.000567,768.000567,0.8007999999999811,cal
6352,mitra_t8,data\raw\mitra\Data_T8\T8_DAll.csv,hard_brake,2,777.810367,767.810367,777.810367,1.1678329999999733,cal
6353,mitra_t8,data\raw\mitra\Data_T8\T8_DAll.csv,hard_brake,1,776.0753,766.0753,776.0753,0.5338669999999865,cal
6354,mitra_t8,data\raw\mitra\Data_T8\T8_DAll.csv,hard_brake,1,772.2715,762.2715,772.2715,0.867533000000094,cal
6355,mitra_t8,data\raw\mitra\Data_T8\T8_DAll.csv,hard_brake,3,791.857733,781.857733,791.857733,0.8007999999999811,cal
6356,mitra_t8,data\raw\mitra\Data_T8\T8_DAll.csv,hard_brake,2,784.817367,774.817367,784.817367,0.6673329999999851,cal
6357,mitra_t8,data\raw\mitra\Data_T8\T8_DAll.csv,hard_brake,2,786.552433,776.552433,786.552433,0.7674340000000939,cal
6358,mitra_t8,data\raw\mitra\Data_T8\T8_DAll.csv,hard_brake,21,743.2425,733.2425,743.2425,0.6673330000000988,cal
6359,mitra_t8,data\raw\mitra\Data_T8\T8_DAll.csv,hard_brake,3,793.526067,783.526067,793.526067,0.8007999999999811,cal
6360,mitra_t8,data\raw\mitra\Data_T8\T8_DAll.csv,hard_brake,1,775.441333,765.441333,775.441333,0.8675339999999778,cal
6361,mitra_t8,data\raw\mitra\Data_T8\T8_DAll.csv,hard_brake,1,746.112033,736.112033,746.112033,0.6005999999999858,cal
6362,mitra_t8,data\raw\mitra\Data_T8\T8_DAll.csv,hard_brake,3,778.844733,768.844733,778.844733,0.9676339999999756,cal
6363,mitra_t8,data\raw\mitra\Data_T8\T8_DAll.csv,hard_brake,2,787.9872,777.9872,787.9872,0.8341669999999795,cal
6364,mitra_t8,data\raw\mitra\Data_T8\T8_DAll.csv,hard_brake,2,793.2925,783.2925,793.2925,0.8675329999999803,cal
6365,mitra_t8,data\raw\mitra\Data_T8\T8_DAll.csv,hard_brake,2,742.475067,732.475067,742.475067,0.7674329999999827,cal
6366,mitra_t8,data\raw\mitra\Data_T8\T8_DAll.csv,hard_brake,2,797.363233,787.363233,797.363233,0.4671339999999873,cal
6367,mitra_t8,data\raw\mitra\Data_T8\T8_DAll.csv,hard_brake,2,789.522067,779.522067,789.522067,0.5672329999999874,cal
6368,mitra_t8,data\raw\mitra\Data_T8\T8_DAll.csv,hard_brake,3,795.161033,785.161033,795.161033,0.5338669999999865,cal
6369,mitra_t8,data\raw\mitra\Data_T8\T8_DAll.csv,hard_brake,2,795.461333,785.461333,795.461333,0.8675339999999778,cal
6370,mitra_t8,data\raw\mitra\Data_T8\T8_DAll.csv,hard_brake,1,747.413333,737.413333,747.413333,0.8675339999999778,cal
6371,mitra_t8,data\raw\mitra\Data_T8\T8_DAll.csv,hard_brake,21,758.491067,748.491067,758.491067,0.7674329999999827,cal
6372,mitra_t8,data\raw\mitra\Data_T8\T8_DAll.csv,hard_brake,1,782.3816,772.3816,782.3816,1.6015999999999622,cal
6373,mitra_t8,data\raw\mitra\Data_T8\T8_DAll.csv,hard_brake,3,803.803,793.803,803.803,0.8675329999999803,cal
6374,mitra_t8,data\raw\mitra\Data_T8\T8_DAll.csv,hard_brake,2,800.166033,790.166033,800.166033,0.8341669999999795,cal
6375,mitra_t8,data\raw\mitra\Data_T8\T8_DAll.csv,hard_brake,3,798.831367,788.831367,798.831367,0.6673329999999851,cal
6376,mitra_t8,data\raw\mitra\Data_T8\T8_DAll.csv,hard_brake,2,802.668533,792.668533,802.668533,0.6673339999999826,cal
6377,mitra_t8,data\raw\mitra\Data_T8\T8_DAll.csv,hard_brake,2,792.124667,782.124667,792.124667,0.8675329999999803,cal
6378,mitra_t8,data\raw\mitra\Data_T8\T8_DAll.csv,hard_brake,2,804.6038,794.6038,804.6038,0.9008999999999788,cal
6379,mitra_t8,data\raw\mitra\Data_T8\T8_DAll.csv,hard_brake,1,752.9522,742.9522,752.9522,0.8341670000000931,cal
6380,mitra_t8,data\raw\mitra\Data_T8\T8_DAll.csv,hard_brake,1,792.258133,782.258133,792.258133,0.5672339999999849,cal
6381,mitra_t8,data\raw\mitra\Data_T8\T8_DAll.csv,hard_brake,3,807.640167,797.640167,807.640167,0.8675329999999803,cal
6382,mitra_t8,data\raw\mitra\Data_T8\T8_DAll.csv,hard_brake,11,744.1434,734.1434,744.1434,0.6673329999999851,cal
6383,mitra_t8,data\raw\mitra\Data_T8\T8_DAll.csv,hard_brake,2,758.2575,748.2575,758.2575,0.8675329999999803,cal
6384,mitra_t8,data\raw\mitra\Data_T8\T8_DAll.csv,hard_brake,3,811.544067,801.544067,811.544067,0.8007999999999811,cal
6385,mitra_t8,data\raw\mitra\Data_T8\T8_DAll.csv,hard_brake,21,769.802367,759.802367,769.802367,0.6339659999999867,cal
6386,mitra_t8,data\raw\mitra\Data_T8\T8_DAll.csv,hard_brake,1,796.061933,786.061933,796.061933,0.7674340000000939,cal
6387,mitra_t8,data\raw\mitra\Data_T8\T8_DAll.csv,hard_brake,3,815.681533,805.681533,815.681533,0.8341670000000931,cal
6388,mitra_t8,data\raw\mitra\Data_T8\T8_DAll.csv,hard_brake,2,808.1073,798.1073,808.1073,0.9008999999999788,cal
6389,mitra_t8,data\raw\mitra\Data_T8\T8_DAll.csv,hard_brake,1,766.532433,756.532433,766.532433,0.9342669999999772,cal
6390,mitra_t8,data\raw\mitra\Data_T8\T8_DAll.csv,hard_brake,1,801.634167,791.634167,801.634167,1.3680329999999683,cal
6391,mitra_t8,data\raw\mitra\Data_T8\T8_DAll.csv,hard_brake,1,805.671533,795.671533,805.671533,1.00100000000009,cal
6392,mitra_t8,data\raw\mitra\Data_T8\T8_DAll.csv,hard_brake,2,812.178033,802.178033,812.178033,0.8341669999999795,cal
6393,mitra_t8,data\raw\mitra\Data_T8\T8_DAll.csv,hard_brake,3,765.631533,755.631533,765.631533,0.8341669999999795,cal
6394,mitra_t8,data\raw\mitra\Data_T8\T8_DAll.csv,hard_brake,3,819.1183,809.1183,819.1183,0.9008999999999788,cal
6395,mitra_t8,data\raw\mitra\Data_T8\T8_DAll.csv,hard_brake,1,808.274133,798.274133,808.274133,0.9008999999999788,cal
6396,mitra_t8,data\raw\mitra\Data_T8\T8_DAll.csv,hard_brake,1,810.643167,800.643167,810.643167,0.867533000000094,cal
6397,mitra_t8,data\raw\mitra\Data_T8\T8_DAll.csv,hard_brake,1,814.146667,804.146667,814.146667,1.3346659999999702,cal
6398,mitra_t8,data\raw\mitra\Data_T8\T8_DAll.csv,hard_brake,2,770.035933,760.035933,770.035933,0.6673339999999826,cal
6399,mitra_t8,data\raw\mitra\Data_T8\T8_DAll.csv,hard_brake,3,820.486333,810.486333,820.486333,0.8675340000000915,cal
6400,mitra_t8,data\raw\mitra\Data_T8\T8_DAll.csv,hard_brake,2,819.185033,809.185033,819.185033,1.0009999999999764,cal
6401,mitra_t8,data\raw\mitra\Data_T8\T8_DAll.csv,hard_brake,2,772.8721,762.8721,772.8721,0.4671329999999898,cal
6402,mitra_t8,data\raw\mitra\Data_T8\T8_DAll.csv,hard_brake,1,778.110667,768.110667,778.110667,0.7006999999999834,cal
6403,mitra_t8,data\raw\mitra\Data_T8\T8_DAll.csv,hard_brake,2,825.858367,815.858367,825.858367,0.5004999999999882,cal
6404,mitra_t8,data\raw\mitra\Data_T8\T8_DAll.csv,hard_brake,1,779.111667,769.111667,779.111667,0.8675329999999803,cal
6405,mitra_t8,data\raw\mitra\Data_T8\T8_DAll.csv,hard_brake,3,743.743,733.743,743.743,1.0677329999999756,cal
6406,mitra_t8,data\raw\mitra\Data_T8\T8_DAll.csv,hard_brake,3,823.956467,813.956467,823.956467,0.9008999999999788,cal
6407,mitra_t8,data\raw\mitra\Data_T8\T8_DAll.csv,hard_brake,2,829.0282,819.0282,829.0282,0.8341669999999795,cal
6408,mitra_t8,data\raw\mitra\Data_T8\T8_DAll.csv,hard_brake,1,780.813367,770.813367,780.813367,0.6673329999999851,cal
6409,mitra_t8,data\raw\mitra\Data_T8\T8_DAll.csv,hard_brake,3,828.294133,818.294133,828.294133,0.9008999999999788,cal
6410,mitra_t8,data\raw\mitra\Data_T8\T8_DAll.csv,hard_brake,3,830.362867,820.362867,830.362867,1.0009999999999764,cal
6411,mitra_t8,data\raw\mitra\Data_T8\T8_DAll.csv,hard_brake,3,831.597433,821.597433,831.597433,0.7674339999999802,cal
6412,mitra_t8,data\raw\mitra\Data_T8\T8_DAll.csv,hard_brake,1,817.6168,807.6168,817.6168,1.4347669999999653,cal
6413,mitra_t8,data\raw\mitra\Data_T8\T8_DAll.csv,hard_brake,7,962.227933,952.227933,962.227933,0.5672339999999849,cal
6414,mitra_t8,data\raw\mitra\Data_T8\T8_DAll.csv,hard_brake,3,749.582167,739.582167,749.582167,0.8675329999999803,cal
6415,mitra_t8,data\raw\mitra\Data_T8\T8_DAll.csv,hard_brake,3,753.0523,743.0523,753.0523,0.8341670000000931,cal
6416,mitra_t8,data\raw\mitra\Data_T8\T8_DAll.csv,hard_brake,1,787.953833,777.953833,787.953833,1.0009999999999764,cal
6417,mitra_t8,data\raw\mitra\Data_T8\T8_DAll.csv,hard_brake,1,794.059933,784.059933,794.059933,0.7674339999999802,cal
6418,mitra_t8,data\raw\mitra\Data_T8\T8_DAll.csv,hard_brake,2,833.866367,823.866367,833.866367,1.5015000000000782,cal
6419,mitra_t8,data\raw\mitra\Data_T8\T8_DAll.csv,hard_brake,3,844.577067,834.577067,844.577067,0.967632999999978,cal
6420,mitra_t8,data\raw\mitra\Data_T8\T8_DAll.csv,hard_brake,1,822.688533,812.688533,822.688533,1.368033999999966,cal
6421,mitra_t8,data\raw\mitra\Data_T8\T8_DAll.csv,hard_brake,3,835.768267,825.768267,835.768267,0.9342659999999796,cal
6422,mitra_t8,data\raw\mitra\Data_T8\T8_DAll.csv,hard_brake,2,837.3365,827.3365,837.3365,0.8675329999999803,cal
6423,mitra_t8,data\raw\mitra\Data_T8\T8_DAll.csv,hard_brake,2,840.005833,830.005833,840.005833,0.7006999999999834,cal
6424,mitra_t8,data\raw\mitra\Data_T8\T8_DAll.csv,hard_brake,2,824.089933,814.089933,824.089933,1.101099999999974,cal
6425,mitra_t8,data\raw\mitra\Data_T8\T8_DAll.csv,hard_brake,2,840.773267,830.773267,840.773267,0.7674329999999827,cal
6426,mitra_t8,data\raw\mitra\Data_T8\T8_DAll.csv,hard_brake,1,797.2965,787.2965,797.2965,0.8675329999999803,cal
6427,mitra_t8,data\raw\mitra\Data_T8\T8_DAll.csv,hard_brake,3,837.369867,827.369867,837.369867,0.834165999999982,cal
6428,mitra_t8,data\raw\mitra\Data_T8\T8_DAll.csv,hard_brake,2,845.477967,835.477967,845.477967,0.9008999999999788,cal
6429,mitra_t8,data\raw\mitra\Data_T8\T8_DAll.csv,hard_brake,2,840.773267,830.773267,840.773267,1.101099999999974,cal
6430,mitra_t8,data\raw\mitra\Data_T8\T8_DAll.csv,hard_brake,2,848.480967,838.480967,848.480967,0.9009000000000924,cal
6431,mitra_t8,data\raw\mitra\Data_T8\T8_DAll.csv,hard_brake,3,838.4376,828.4376,838.4376,0.6339669999999842,cal
6432,mitra_t8,data\raw\mitra\Data_T8\T8_DAll.csv,hard_brake,3,847.713533,837.713533,847.713533,1.3346669999999676,cal
6433,mitra_t8,data\raw\mitra\Data_T8\T8_DAll.csv,hard_brake,3,843.475967,833.475967,843.475967,0.9008999999999788,cal
6434,mitra_t8,data\raw\mitra\Data_T8\T8_DAll.csv,hard_brake,1,829.495333,819.495333,829.495333,0.8675340000000915,cal
6435,mitra_t8,data\raw\mitra\Data_T8\T8_DAll.csv,hard_brake,2,831.7309,821.7309,831.7309,0.967632999999978,cal
6436,mitra_t8,data\raw\mitra\Data_T8\T8_DAll.csv,hard_brake,3,787.4867,777.4867,787.4867,0.7340669999999818,cal
6437,mitra_t8,data\raw\mitra\Data_T8\T8_DAll.csv,hard_brake,3,849.682167,839.682167,849.682167,1.0343659999999772,cal
6438,mitra_t8,data\raw\mitra\Data_T8\T8_DAll.csv,hard_brake,1,806.972833,796.972833,806.972833,0.8675339999999778,cal
6439,mitra_t8,data\raw\mitra\Data_T8\T8_DAll.csv,hard_brake,1,845.077567,835.077567,845.077567,1.1678329999999733,cal
6440,mitra_t8,data\raw\mitra\Data_T8\T8_DAll.csv,hard_brake,3,853.4526,843.4526,853.4526,1.4681330000000798,cal
6441,mitra_t8,data\raw\mitra\Data_T8\T8_DAll.csv,hard_brake,1,809.809,799.809,809.809,0.8675329999999803,cal
6442,mitra_t8,data\raw\mitra\Data_T8\T8_DAll.csv,hard_brake,1,834.200033,824.200033,834.200033,0.6673339999999826,cal
6443,mitra_t8,data\raw\mitra\Data_T8\T8_DAll.csv,hard_brake,3,775.341233,765.341233,775.341233,1.3346669999999676,cal
6444,mitra_t8,data\raw\mitra\Data_T8\T8_DAll.csv,hard_brake,3,859.859,849.859,859.859,0.8675329999999803,cal
6445,mitra_t8,data\raw\mitra\Data_T8\T8_DAll.csv,hard_brake,3,852.418233,842.418233,852.418233,1.0009999999999764,cal
6446,mitra_t8,data\raw\mitra\Data_T8\T8_DAll.csv,hard_brake,2,815.981833,805.981833,815.981833,0.8675339999999778,cal
6447,mitra_t8,data\raw\mitra\Data_T8\T8_DAll.csv,hard_brake,3,779.044933,769.044933,779.044933,2.168833999999947,cal
6448,mitra_t8,data\raw\mitra\Data_T8\T8_DAll.csv,hard_brake,3,855.187667,845.187667,855.187667,1.4347659999999678,cal
6449,mitra_t8,data\raw\mitra\Data_T8\T8_DAll.csv,hard_brake,3,866.999467,856.999467,866.999467,0.9008999999999788,cal
6450,mitra_t8,data\raw\mitra\Data_T8\T8_DAll.csv,hard_brake,2,850.4496,840.4496,850.4496,0.7674329999999827,cal
6451,mitra_t8,data\raw\mitra\Data_T8\T8_DAll.csv,hard_brake,2,852.284767,842.284767,852.284767,0.7674329999999827,cal
6452,mitra_t8,data\raw\mitra\Data_T8\T8_DAll.csv,hard_brake,21,829.762267,819.762267,829.762267,0.734066000000098,cal
6453,mitra_t8,data\raw\mitra\Data_T8\T8_DAll.csv,hard_brake,21,831.163667,821.163667,831.163667,0.6673329999999851,cal
6454,mitra_t8,data\raw\mitra\Data_T8\T8_DAll.csv,hard_brake,2,855.321133,845.321133,855.321133,1.5682339999999613,cal
6455,mitra_t8,data\raw\mitra\Data_T8\T8_DAll.csv,hard_brake,2,857.857,847.857,857.857,0.7006999999999834,cal
6456,mitra_t8,data\raw\mitra\Data_T8\T8_DAll.csv,hard_brake,21,832.698533,822.698533,832.698533,0.4671339999999873,cal
6457,mitra_t8,data\raw\mitra\Data_T8\T8_DAll.csv,hard_brake,3,829.695533,819.695533,829.695533,1.0677340000000868,cal
6458,mitra_t8,data\raw\mitra\Data_T8\T8_DAll.csv,hard_brake,2,863.229033,853.229033,863.229033,0.8341670000000931,cal
6459,mitra_t8,data\raw\mitra\Data_T8\T8_DAll.csv,hard_brake,3,799.532067,789.532067,799.532067,1.1344659999999749,cal
6460,mitra_t8,data\raw\mitra\Data_T8\T8_DAll.csv,hard_brake,3,858.123933,848.123933,858.123933,0.6339669999999842,cal
6461,mitra_t8,data\raw\mitra\Data_T8\T8_DAll.csv,hard_brake,1,852.685167,842.685167,852.685167,1.3680329999999683,cal
6462,mitra_t8,data\raw\mitra\Data_T8\T8_DAll.csv,hard_brake,2,868.300767,858.300767,868.300767,0.6006000000000995,cal
6463,mitra_t8,data\raw\mitra\Data_T8\T8_DAll.csv,hard_brake,3,859.692167,849.692167,859.692167,1.0343659999999772,cal
6464,mitra_t8,data\raw\mitra\Data_T8\T8_DAll.csv,hard_brake,0,801.367233,791.367233,801.367233,1.0343669999999747,cal
6465,mitra_t8,data\raw\mitra\Data_T8\T8_DAll.csv,hard_brake,1,820.085933,810.085933,820.085933,0.7674340000000939,cal
6466,mitra_t8,data\raw\mitra\Data_T8\T8_DAll.csv,hard_brake,3,854.386867,844.386867,854.386867,1.2345659999999723,cal
6467,mitra_t8,data\raw\mitra\Data_T8\T8_DAll.csv,hard_brake,3,865.698167,855.698167,865.698167,0.7006999999999834,cal
6468,mitra_t8,data\raw\mitra\Data_T8\T8_DAll.csv,hard_brake,3,800.666533,790.666533,800.666533,1.0677340000000868,cal
6469,mitra_t8,data\raw\mitra\Data_T8\T8_DAll.csv,hard_brake,3,855.9551,845.9551,855.9551,1.6349669999999603,cal
6470,mitra_t8,data\raw\mitra\Data_T8\T8_DAll.csv,hard_brake,3,868.701167,858.701167,868.701167,0.8675329999999803,cal
6471,mitra_t8,data\raw\mitra\Data_T8\T8_DAll.csv,hard_brake,2,875.875,865.875,875.875,1.5682329999999638,cal
6472,mitra_t8,data\raw\mitra\Data_T8\T8_DAll.csv,hard_brake,2,854.420233,844.420233,854.420233,0.6339669999999842,cal
6473,mitra_t8,data\raw\mitra\Data_T8\T8_DAll.csv,hard_brake,2,879.3785,869.3785,879.3785,0.9342669999999772,cal
6474,mitra_t8,data\raw\mitra\Data_T8\T8_DAll.csv,hard_brake,3,838.604433,828.604433,838.604433,0.7340669999999818,cal
6475,mitra_t8,data\raw\mitra\Data_T8\T8_DAll.csv,hard_brake,3,820.586433,810.586433,820.586433,0.7006999999999834,cal
6476,mitra_t8,data\raw\mitra\Data_T8\T8_DAll.csv,hard_brake,3,880.713167,870.713167,880.713167,0.6339659999999867,cal
6477,mitra_t8,data\raw\mitra\Data_T8\T8_DAll.csv,hard_brake,2,881.313767,871.313767,881.313767,0.8675329999999803,cal
6478,mitra_t8,data\raw\mitra\Data_T8\T8_DAll.csv,hard_brake,3,872.404867,862.404867,872.404867,0.9008999999999788,cal
6479,mitra_t8,data\raw\mitra\Data_T8\T8_DAll.csv,hard_brake,3,888.454233,878.454233,888.454233,0.8007999999999811,cal
6480,mitra_t8,data\raw\mitra\Data_T8\T8_DAll.csv,hard_brake,2,832.4316,822.4316,832.4316,0.7674329999999827,cal
6481,mitra_t8,data\raw\mitra\Data_T8\T8_DAll.csv,hard_brake,3,892.4916,882.4916,892.4916,0.6006000000000995,cal
6482,mitra_t8,data\raw\mitra\Data_T8\T8_DAll.csv,hard_brake,1,863.9631,853.9631,863.9631,1.4347669999999653,cal
6483,mitra_t8,data\raw\mitra\Data_T8\T8_DAll.csv,hard_brake,1,880.212667,870.212667,880.212667,0.8675329999999803,cal
6484,mitra_t8,data\raw\mitra\Data_T8\T8_DAll.csv,hard_brake,1,872.438233,862.438233,872.438233,0.9676339999999756,cal
6485,mitra_t8,data\raw\mitra\Data_T8\T8_DAll.csv,hard_brake,1,835.1343,825.1343,835.1343,0.9008999999999788,cal
6486,mitra_t8,data\raw\mitra\Data_T8\T8_DAll.csv,hard_brake,1,866.899367,856.899367,866.899367,0.834165999999982,cal
6487,mitra_t8,data\raw\mitra\Data_T8\T8_DAll.csv,hard_brake,3,816.549067,806.549067,816.549067,0.5672329999999874,cal
6488,mitra_t8,data\raw\mitra\Data_T8\T8_DAll.csv,hard_brake,3,875.641433,865.641433,875.641433,1.368033999999966,cal
6489,mitra_t8,data\raw\mitra\Data_T8\T8_DAll.csv,hard_brake,2,886.418867,876.418867,886.418867,1.0009999999999764,cal
6490,mitra_t8,data\raw\mitra\Data_T8\T8_DAll.csv,hard_brake,2,884.250033,874.250033,884.250033,1.0009999999999764,cal
6491,mitra_t8,data\raw\mitra\Data_T8\T8_DAll.csv,hard_brake,3,817.950467,807.950467,817.950467,0.6339659999999867,cal
6492,mitra_t8,data\raw\mitra\Data_T8\T8_DAll.csv,hard_brake,3,876.542333,866.542333,876.542333,1.3012999999999693,cal
6493,mitra_t8,data\raw\mitra\Data_T8\T8_DAll.csv,hard_brake,3,821.987833,811.987833,821.987833,0.7006999999999834,cal
6494,mitra_t8,data\raw\mitra\Data_T8\T8_DAll.csv,hard_brake,2,893.359133,883.359133,893.359133,1.401399999999967,cal
6495,mitra_t8,data\raw\mitra\Data_T8\T8_DAll.csv,hard_brake,3,820.686533,810.686533,820.686533,0.5338669999999865,cal
6496,mitra_t8,data\raw\mitra\Data_T8\T8_DAll.csv,hard_brake,3,908.8079,898.8079,908.8079,0.8007999999999811,cal
6497,mitra_t8,data\raw\mitra\Data_T8\T8_DAll.csv,hard_brake,2,889.154933,879.154933,889.154933,1.4347669999999653,cal
6498,mitra_t8,data\raw\mitra\Data_T8\T8_DAll.csv,hard_brake,3,910.442867,900.442867,910.442867,0.834165999999982,cal
6499,mitra_t8,data\raw\mitra\Data_T8\T8_DAll.csv,hard_brake,2,895.628067,885.628067,895.628067,0.8007999999999811,cal
6500,mitra_t8,data\raw\mitra\Data_T8\T8_DAll.csv,hard_brake,2,897.5967,887.5967,897.5967,0.8341669999999795,cal
6501,mitra_t8,data\raw\mitra\Data_T8\T8_DAll.csv,hard_brake,21,865.831633,855.831633,865.831633,0.5338669999999865,cal
6502,mitra_t8,data\raw\mitra\Data_T8\T8_DAll.csv,hard_brake,2,901.367133,891.367133,901.367133,0.9008999999999788,cal
6503,mitra_t8,data\raw\mitra\Data_T8\T8_DAll.csv,hard_brake,2,869.235033,859.235033,869.235033,0.8341669999999795,cal
6504,mitra_t8,data\raw\mitra\Data_T8\T8_DAll.csv,hard_brake,3,916.081833,906.081833,916.081833,0.8675340000000915,cal
6505,mitra_t8,data\raw\mitra\Data_T8\T8_DAll.csv,hard_brake,1,861.7609,851.7609,861.7609,0.967632999999978,cal
6506,mitra_t8,data\raw\mitra\Data_T8\T8_DAll.csv,hard_brake,1,880.813267,870.813267,880.813267,0.9342659999999796,cal
6507,mitra_t8,data\raw\mitra\Data_T8\T8_DAll.csv,hard_brake,21,872.838633,862.838633,872.838633,0.5338669999999865,cal
6508,mitra_t8,data\raw\mitra\Data_T8\T8_DAll.csv,hard_brake,1,884.450233,874.450233,884.450233,0.9676339999999756,cal
6509,mitra_t8,data\raw\mitra\Data_T8\T8_DAll.csv,hard_brake,2,905.8049,895.8049,905.8049,1.3012999999999693,cal
6510,mitra_t8,data\raw\mitra\Data_T8\T8_DAll.csv,hard_brake,3,829.895733,819.895733,829.895733,1.267934000000082,cal
6511,mitra_t8,data\raw\mitra\Data_T8\T8_DAll.csv,hard_brake,1,892.057833,882.057833,892.057833,0.7007000000000971,cal
6512,mitra_t8,data\raw\mitra\Data_T8\T8_DAll.csv,hard_brake,1,866.432233,856.432233,866.432233,0.8007999999999811,cal
6513,mitra_t8,data\raw\mitra\Data_T8\T8_DAll.csv,hard_brake,7,845.9451,835.9451,845.9451,0.8007999999999811,cal
6514,mitra_t8,data\raw\mitra\Data_T8\T8_DAll.csv,hard_brake,1,913.445867,903.445867,913.445867,0.6673329999999851,cal
6515,mitra_t8,data\raw\mitra\Data_T8\T8_DAll.csv,hard_brake,7,846.9461,836.9461,846.9461,0.8007999999999811,cal
6516,mitra_t8,data\raw\mitra\Data_T8\T8_DAll.csv,hard_brake,7,925.891633,915.891633,925.891633,0.8675340000000915,cal
6517,mitra_t8,data\raw\mitra\Data_T8\T8_DAll.csv,hard_brake,3,903.168933,893.168933,903.168933,0.7340669999999818,cal
6518,mitra_t8,data\raw\mitra\Data_T8\T8_DAll.csv,hard_brake,1,894.827267,884.827267,894.827267,0.7674329999999827,cal
6519,mitra_t8,data\raw\mitra\Data_T8\T8_DAll.csv,hard_brake,3,923.4225,913.4225,923.4225,1.0009999999999764,cal
6520,mitra_t8,data\raw\mitra\Data_T8\T8_DAll.csv,hard_brake,1,879.211667,869.211667,879.211667,0.7006999999999834,cal
6521,mitra_t8,data\raw\mitra\Data_T8\T8_DAll.csv,hard_brake,1,868.9681,858.9681,868.9681,0.7674329999999827,cal
6522,mitra_t8,data\raw\mitra\Data_T8\T8_DAll.csv,hard_brake,2,898.6978,888.6978,898.6978,0.9008999999999788,cal
6523,mitra_t8,data\raw\mitra\Data_T8\T8_DAll.csv,hard_brake,2,917.383133,907.383133,917.383133,1.5682339999999613,cal
6524,mitra_t8,data\raw\mitra\Data_T8\T8_DAll.csv,hard_brake,2,870.0692,860.0692,870.0692,1.0009999999999764,cal
6525,mitra_t8,data\raw\mitra\Data_T8\T8_DAll.csv,hard_brake,1,907.773533,897.773533,907.773533,1.0009999999999764,cal
6526,mitra_t8,data\raw\mitra\Data_T8\T8_DAll.csv,hard_brake,3,927.493233,917.493233,927.493233,0.9676339999999756,cal
6527,mitra_t8,data\raw\mitra\Data_T8\T8_DAll.csv,hard_brake,1,921.754167,911.754167,921.754167,0.8675329999999803,cal
6528,mitra_t8,data\raw\mitra\Data_T8\T8_DAll.csv,hard_brake,1,903.669433,893.669433,903.669433,0.7674339999999802,cal
6529,mitra_t8,data\raw\mitra\Data_T8\T8_DAll.csv,hard_brake,3,929.662067,919.662067,929.662067,0.7340659999999843,cal
6530,mitra_t8,data\raw\mitra\Data_T8\T8_DAll.csv,hard_brake,2,925.958367,915.958367,925.958367,0.8341660000000957,cal
6531,mitra_t8,data\raw\mitra\Data_T8\T8_DAll.csv,hard_brake,2,909.0081,899.0081,909.0081,0.9342669999999772,cal
6532,mitra_t8,data\raw\mitra\Data_T8\T8_DAll.csv,hard_brake,1,910.843267,900.843267,910.843267,0.9342659999999796,cal
6533,mitra_t8,data\raw\mitra\Data_T8\T8_DAll.csv,hard_brake,1,905.671433,895.671433,905.671433,0.7674339999999802,cal
6534,mitra_t8,data\raw\mitra\Data_T8\T8_DAll.csv,hard_brake,3,931.697433,921.697433,931.697433,0.7674339999999802,cal
6535,mitra_t8,data\raw\mitra\Data_T8\T8_DAll.csv,hard_brake,3,941.874267,931.874267,941.874267,0.9342659999999796,cal
6536,mitra_t8,data\raw\mitra\Data_T8\T8_DAll.csv,hard_brake,3,913.779533,903.779533,913.779533,0.8341669999999795,cal
6537,mitra_t8,data\raw\mitra\Data_T8\T8_DAll.csv,hard_brake,2,931.997733,921.997733,931.997733,1.1344669999999724,cal
6538,mitra_t8,data\raw\mitra\Data_T8\T8_DAll.csv,hard_brake,1,919.985733,909.985733,919.985733,0.8007999999999811,cal
6539,mitra_t8,data\raw\mitra\Data_T8\T8_DAll.csv,hard_brake,2,912.144567,902.144567,912.144567,1.2679329999999709,cal
6540,mitra_t8,data\raw\mitra\Data_T8\T8_DAll.csv,hard_brake,1,882.314767,872.314767,882.314767,0.9342660000000932,cal
6541,mitra_t8,data\raw\mitra\Data_T8\T8_DAll.csv,hard_brake,3,943.943,933.943,943.943,0.8675329999999803,cal
6542,mitra_t8,data\raw\mitra\Data_T8\T8_DAll.csv,hard_brake,0,871.3705,861.3705,871.3705,0.5338669999999865,cal
6543,mitra_t8,data\raw\mitra\Data_T8\T8_DAll.csv,hard_brake,2,936.502233,926.502233,936.502233,0.8007999999999811,cal
6544,mitra_t8,data\raw\mitra\Data_T8\T8_DAll.csv,hard_brake,3,913.646067,903.646067,913.646067,0.6005999999999858,cal
6545,mitra_t8,data\raw\mitra\Data_T8\T8_DAll.csv,hard_brake,2,930.6297,920.6297,930.6297,0.8341670000000931,cal
6546,mitra_t8,data\raw\mitra\Data_T8\T8_DAll.csv,hard_brake,2,924.089833,914.089833,924.089833,0.8675339999999778,cal
6547,mitra_t8,data\raw\mitra\Data_T8\T8_DAll.csv,hard_brake,3,946.3454,936.3454,946.3454,0.8007999999999811,cal
6548,mitra_t8,data\raw\mitra\Data_T8\T8_DAll.csv,hard_brake,2,938.6377,928.6377,938.6377,0.8341669999999795,cal
6549,mitra_t8,data\raw\mitra\Data_T8\T8_DAll.csv,hard_brake,3,950.8499,940.8499,950.8499,0.8007999999999811,cal
6550,mitra_t8,data\raw\mitra\Data_T8\T8_DAll.csv,hard_brake,2,928.360767,918.360767,928.360767,1.2345659999999723,cal
6551,mitra_t8,data\raw\mitra\Data_T8\T8_DAll.csv,hard_brake,1,936.769167,926.769167,936.769167,0.7006999999999834,cal
6552,mitra_t8,data\raw\mitra\Data_T8\T8_DAll.csv,hard_brake,3,940.005733,930.005733,940.005733,0.8007999999999811,cal
6553,mitra_t8,data\raw\mitra\Data_T8\T8_DAll.csv,hard_brake,3,954.119833,944.119833,954.119833,0.8675339999999778,cal
6554,mitra_t8,data\raw\mitra\Data_T8\T8_DAll.csv,hard_brake,1,898.364133,888.364133,898.364133,0.9008999999999788,cal
6555,mitra_t8,data\raw\mitra\Data_T8\T8_DAll.csv,hard_brake,3,955.120833,945.120833,955.120833,0.7007000000000971,cal
6556,mitra_t8,data\raw\mitra\Data_T8\T8_DAll.csv,hard_brake,2,916.148567,906.148567,916.148567,0.5338659999999891,cal
6557,mitra_t8,data\raw\mitra\Data_T8\T8_DAll.csv,hard_brake,2,943.609333,933.609333,943.609333,0.8675339999999778,cal
6558,mitra_t8,data\raw\mitra\Data_T8\T8_DAll.csv,hard_brake,1,937.202933,927.202933,937.202933,1.4347669999999653,cal
6559,mitra_t8,data\raw\mitra\Data_T8\T8_DAll.csv,hard_brake,1,904.370133,894.370133,904.370133,0.9008999999999788,cal
6560,mitra_t8,data\raw\mitra\Data_T8\T8_DAll.csv,hard_brake,2,948.514233,938.514233,948.514233,0.9342669999999772,cal
6561,mitra_t8,data\raw\mitra\Data_T8\T8_DAll.csv,hard_brake,1,906.5056,896.5056,906.5056,0.9342670000000908,cal
6562,mitra_t8,data\raw\mitra\Data_T8\T8_DAll.csv,hard_brake,1,947.813533,937.813533,947.813533,0.6673339999999826,cal
6563,mitra_t8,data\raw\mitra\Data_T8\T8_DAll.csv,hard_brake,2,955.5546,945.5546,955.5546,0.9342669999999772,cal
6564,mitra_t8,data\raw\mitra\Data_T8\T8_DAll.csv,hard_brake,2,951.517233,941.517233,951.517233,1.1344669999999724,cal
6565,mitra_t8,data\raw\mitra\Data_T8\T8_DAll.csv,hard_brake,3,963.295667,953.295667,963.295667,0.7006999999999834,cal
6566,mitra_t8,data\raw\mitra\Data_T8\T8_DAll.csv,hard_brake,1,915.581333,905.581333,915.581333,0.8675339999999778,cal
6567,mitra_t8,data\raw\mitra\Data_T8\T8_DAll.csv,hard_brake,2,950.8499,940.8499,950.8499,0.8007999999999811,cal
6568,mitra_t8,data\raw\mitra\Data_T8\T8_DAll.csv,hard_brake,3,959.525233,949.525233,959.525233,0.9342670000000908,cal
6569,mitra_t8,data\raw\mitra\Data_T8\T8_DAll.csv,hard_brake,1,916.3154,906.3154,916.3154,0.8008000000000948,cal
6570,mitra_t8,data\raw\mitra\Data_T8\T8_DAll.csv,hard_brake,2,952.952,942.952,952.952,0.5672329999999874,cal
6571,mitra_t8,data\raw\mitra\Data_T8\T8_DAll.csv,hard_brake,3,966.598967,956.598967,966.598967,0.7340659999999843,cal
6572,mitra_t8,data\raw\mitra\Data_T8\T8_DAll.csv,hard_brake,2,956.7558,946.7558,956.7558,0.7340669999999818,cal
6573,mitra_t8,data\raw\mitra\Data_T8\T8_DAll.csv,hard_brake,2,958.390767,948.390767,958.390767,0.9342659999999796,cal
6574,mitra_t8,data\raw\mitra\Data_T8\T8_DAll.csv,hard_brake,3,964.129833,954.129833,964.129833,0.7006999999999834,cal
6575,mitra_t8,data\raw\mitra\Data_T8\T8_DAll.csv,hard_brake,21,990.356033,980.356033,990.356033,0.4671339999999873,cal
6576,mitra_t8,data\raw\mitra\Data_T8\T8_DAll.csv,hard_brake,1,927.8269,917.8269,927.8269,0.6339669999999842,cal
6577,mitra_t8,data\raw\mitra\Data_T8\T8_DAll.csv,hard_brake,1,954.8539,944.8539,954.8539,0.8008000000000948,cal
6578,mitra_t8,data\raw\mitra\Data_T8\T8_DAll.csv,hard_brake,1,928.928,918.928,928.928,0.5338669999999865,cal
6579,mitra_t8,data\raw\mitra\Data_T8\T8_DAll.csv,hard_brake,2,964.296667,954.296667,964.296667,1.5348660000000791,cal
6580,mitra_t8,data\raw\mitra\Data_T8\T8_DAll.csv,hard_brake,1,929.929,919.929,929.929,0.8675329999999803,cal
6581,mitra_t8,data\raw\mitra\Data_T8\T8_DAll.csv,hard_brake,21,928.360767,918.360767,928.360767,0.5672329999999874,cal
6582,mitra_t8,data\raw\mitra\Data_T8\T8_DAll.csv,hard_brake,1,931.5306,921.5306,931.5306,0.7674329999999827,cal
6583,mitra_t8,data\raw\mitra\Data_T8\T8_DAll.csv,hard_brake,21,930.296033,920.296033,930.296033,0.8007999999999811,cal
6584,mitra_t8,data\raw\mitra\Data_T8\T8_DAll.csv,hard_brake,3,971.036733,961.036733,971.036733,0.8007999999999811,cal
6585,mitra_t8,data\raw\mitra\Data_T8\T8_DAll.csv,hard_brake,1,966.298667,956.298667,966.298667,1.5348659999999654,cal
6586,mitra_t8,data\raw\mitra\Data_T8\T8_DAll.csv,hard_brake,3,976.141833,966.141833,976.141833,0.7006999999999834,cal
6587,mitra_t8,data\raw\mitra\Data_T8\T8_DAll.csv,hard_brake,3,984.049733,974.049733,984.049733,0.6339670000000979,cal
6588,mitra_t8,data\raw\mitra\Data_T8\T8_DAll.csv,hard_brake,3,975.207567,965.207567,975.207567,0.8007999999999811,cal
6589,mitra_t8,data\raw\mitra\Data_T8\T8_DAll.csv,hard_brake,1,940.0391,930.0391,940.0391,0.7674329999999827,cal
6590,mitra_t8,data\raw\mitra\Data_T8\T8_DAll.csv,hard_brake,1,970.736433,960.736433,970.736433,0.9342669999999772,cal
6591,mitra_t8,data\raw\mitra\Data_T8\T8_DAll.csv,hard_brake,1,940.7398,930.7398,940.7398,0.9009000000000924,cal
6592,mitra_t8,data\raw\mitra\Data_T8\T8_DAll.csv,hard_brake,2,943.4425,933.4425,943.4425,0.5672329999999874,cal
6593,mitra_t8,data\raw\mitra\Data_T8\T8_DAll.csv,hard_brake,2,969.201567,959.201567,969.201567,0.4671329999999898,cal
6594,mitra_t8,data\raw\mitra\Data_T8\T8_DAll.csv,hard_brake,3,949.214933,939.214933,949.214933,1.267934000000082,cal
6595,mitra_t8,data\raw\mitra\Data_T8\T8_DAll.csv,hard_brake,3,985.050733,975.050733,985.050733,0.9676339999999756,cal
6596,mitra_t8,data\raw\mitra\Data_T8\T8_DAll.csv,hard_brake,1,944.977367,934.977367,944.977367,0.8341660000000957,cal
6597,mitra_t8,data\raw\mitra\Data_T8\T8_DAll.csv,hard_brake,3,950.082467,940.082467,950.082467,0.867533000000094,cal
6598,mitra_t8,data\raw\mitra\Data_T8\T8_DAll.csv,hard_brake,3,987.553233,977.553233,987.553233,0.8007999999999811,cal
6599,mitra_t8,data\raw\mitra\Data_T8\T8_DAll.csv,hard_brake,2,976.508867,966.508867,976.508867,0.834165999999982,cal
6600,mitra_t8,data\raw\mitra\Data_T8\T8_DAll.csv,hard_brake,3,951.083467,941.083467,951.083467,0.9008999999999788,cal
6601,mitra_t8,data\raw\mitra\Data_T8\T8_DAll.csv,hard_brake,1,975.841533,965.841533,975.841533,0.8341669999999795,cal
6602,mitra_t8,data\raw\mitra\Data_T8\T8_DAll.csv,hard_brake,2,977.5766,967.5766,977.5766,0.9342669999999772,cal
6603,mitra_t8,data\raw\mitra\Data_T8\T8_DAll.csv,hard_brake,1,950.182567,940.182567,950.182567,0.9676330000000916,cal
6604,mitra_t8,data\raw\mitra\Data_T8\T8_DAll.csv,hard_brake,3,953.185567,943.185567,953.185567,1.0343659999999772,cal
6605,mitra_t8,data\raw\mitra\Data_T8\T8_DAll.csv,hard_brake,2,978.8779,968.8779,978.8779,0.5338670000001002,cal
6606,mitra_t8,data\raw\mitra\Data_T8\T8_DAll.csv,hard_brake,1,953.953,943.953,953.953,0.7006999999999834,cal
6607,mitra_t8,data\raw\mitra\Data_T8\T8_DAll.csv,hard_brake,3,953.085467,943.085467,953.085467,1.0009999999999764,cal
6608,mitra_t8,data\raw\mitra\Data_T8\T8_DAll.csv,hard_brake,1,956.789167,946.789167,956.789167,0.7006999999999834,cal
6609,mitra_t8,data\raw\mitra\Data_T8\T8_DAll.csv,hard_brake,1,984.650333,974.650333,984.650333,1.368033999999966,cal
6610,mitra_t8,data\raw\mitra\Data_T8\T8_DAll.csv,hard_brake,1,957.589967,947.589967,957.589967,0.7340659999999843,cal
6611,mitra_t8,data\raw\mitra\Data_T8\T8_DAll.csv,hard_brake,2,981.947633,971.947633,981.947633,1.401399999999967,cal
6612,mitra_t8,data\raw\mitra\Data_T8\T8_DAll.csv,hard_brake,2,987.953633,977.953633,987.953633,0.9008999999999788,cal
6613,mitra_t8,data\raw\mitra\Data_T8\T8_DAll.csv,hard_brake,1,958.991367,948.991367,958.991367,1.0009999999999764,cal
6614,mitra_t8,data\raw\mitra\Data_T8\T8_DAll.csv,hard_brake,21,965.197567,955.197567,965.197567,0.6005999999999858,cal
6615,mitra_t8,data\raw\mitra\Data_T8\T8_DAll.csv,hard_brake,1,990.456133,980.456133,990.456133,0.5004999999999882,cal
6616,mitra_t8,data\raw\mitra\Data_T8\T8_DAll.csv,hard_brake,2,985.6847,975.6847,985.6847,1.0009999999999764,cal
6617,mitra_t8,data\raw\mitra\Data_T8\T8_DAll.csv,hard_brake,1,961.327033,951.327033,961.327033,0.8341669999999795,cal
6618,mitra_t8,data\raw\mitra\Data_T8\T8_DAll.csv,hard_brake,0,938.4375,928.4375,938.4375,0.5004999999999882,cal
6619,mitra_t8,data\raw\mitra\Data_T8\T8_DAll.csv,hard_brake,2,938.804533,928.804533,938.804533,0.6005999999999858,cal
6620,mitra_t8,data\raw\mitra\Data_T8\T8_DAll.csv,hard_brake,2,986.986,976.986,986.986,0.7006999999999834,cal
6621,mitra_t8,data\raw\mitra\Data_T8\T8_DAll.csv,hard_brake,2,961.794167,951.794167,961.794167,0.8675329999999803,cal
6622,mitra_t8,data\raw\mitra\Data_T8\T8_DAll.csv,hard_brake,2,989.254933,979.254933,989.254933,0.6005999999999858,cal
6623,mitra_t8,data\raw\mitra\Data_T8\T8_DAll.csv,hard_brake,3,989.3884,979.3884,989.3884,0.8007999999999811,cal
6624,mitra_t8,data\raw\mitra\Data_T8\T8_DAll.csv,hard_brake,3,968.901267,958.901267,968.901267,0.7674329999999827,cal
6625,mitra_t8,data\raw\mitra\Data_T8\T8_DAll.csv,hard_brake,3,969.902267,959.902267,969.902267,1.3680329999999683,cal
6626,mitra_t8,data\raw\mitra\Data_T8\T8_DAll.csv,hard_brake,2,980.946633,970.946633,980.946633,0.7340669999999818,cal
6627,mitra_t8,data\raw\mitra\Data_T8\T8_DAll.csv,hard_brake,3,972.8719,962.8719,972.8719,0.9008999999999788,cal
6628,mitra_t8,data\raw\mitra\Data_T8\T8_DAll.csv,hard_brake,7,961.093467,951.093467,961.093467,0.9008999999999788,cal
6629,mitra_t8,data\raw\mitra\Data_T8\T8_DAll.csv,hard_brake,3,990.255933,980.255933,990.255933,0.5672339999999849,cal
6630,mitra_t8,data\raw\mitra\Data_T8\T8_DAll.csv,hard_brake,10,973.973,963.973,973.973,1.5015000000000782,cal
6631,mitra_t8,data\raw\mitra\Data_T8\T8_DAll.csv,hard_brake,2,990.255933,980.255933,990.255933,0.5672339999999849,cal
6632,mitra_t8,data\raw\mitra\Data_T8\T8_DAll.csv,hard_brake,1,990.322667,980.322667,990.322667,0.5004999999999882,cal
6633,mitra_t8,data\raw\mitra\Data_T8\T8_DAll.csv,hard_brake,1,986.552233,976.552233,986.552233,0.5672339999999849,cal
6634,mitra_t8,data\raw\mitra\Data_T8\T8_DAll.csv,hard_brake,2,989.355033,979.355033,989.355033,1.0009999999999764,cal
6635,mitra_t8,data\raw\mitra\Data_T8\T8_DAll.csv,hard_brake,2,990.322667,980.322667,990.322667,0.5004999999999882,cal
6636,mitra_t8,data\raw\mitra\Data_T8\T8_DAll.csv,hard_brake,3,990.255933,980.255933,990.255933,0.5672339999999849,cal
6637,mitra_t8,data\raw\mitra\Data_T8\T8_DAll.csv,hard_brake,20,990.155833,980.155833,990.155833,0.6673339999999826,cal
6638,mitra_t8,data\raw\mitra\Data_T8\T8_DAll.csv,hard_brake,20,989.7888,979.7888,989.7888,1.0343669999999747,cal
6639,mitra_t8,data\raw\mitra\Data_T8\T8_DAll.csv,hard_brake,0,990.4895,980.4895,990.4895,0.4671329999999898,cal
6640,mitra_t8,data\raw\mitra\Data_T8\T8_DAll.csv,hard_brake,11,990.1892,980.1892,990.1892,0.6339669999999842,cal
6641,mitra_t9,data\raw\mitra\Data_T9\T9_DAll.csv,queue,0,15.115111,5.115111000000001,15.115111,14.714711,holdout
6642,mitra_t9,data\raw\mitra\Data_T9\T9_DAll.csv,queue,0,162.262219,152.262219,162.262219,27.19385300000002,holdout
6643,mitra_t9,data\raw\mitra\Data_T9\T9_DAll.csv,queue,0,249.68295,239.68295,249.68295,29.72972199999998,holdout
6644,mitra_t9,data\raw\mitra\Data_T9\T9_DAll.csv,queue,10,156.122748,146.122748,156.122748,10.543873999999988,holdout
6645,mitra_t9,data\raw\mitra\Data_T9\T9_DAll.csv,queue,10,185.085036,175.085036,185.085036,47.947935,holdout
6646,mitra_t9,data\raw\mitra\Data_T9\T9_DAll.csv,queue,10,437.937821,427.937821,437.937821,45.17850000000004,holdout
6647,mitra_t9,data\raw\mitra\Data_T9\T9_DAll.csv,queue,10,515.515378,505.51537800000006,515.515378,12.278942999999911,holdout
6648,mitra_t9,data\raw\mitra\Data_T9\T9_DAll.csv,queue,10,596.429604,586.429604,596.429604,6.80680499999994,holdout
6649,mitra_t9,data\raw\mitra\Data_T9\T9_DAll.csv,queue,10,613.246417,603.246417,613.246417,7.307305000000042,holdout
6650,mitra_t9,data\raw\mitra\Data_T9\T9_DAll.csv,queue,10,632.599098,622.599098,632.599098,54.05403899999999,holdout
6651,mitra_t9,data\raw\mitra\Data_T9\T9_DAll.csv,queue,10,712.278756,702.278756,712.278756,42.17549799999995,holdout
6652,mitra_t9,data\raw\mitra\Data_T9\T9_DAll.csv,queue,3,289.389312,279.389312,289.389312,39.77309600000001,holdout
6653,mitra_t9,data\raw\mitra\Data_T9\T9_DAll.csv,queue,3,352.118692,342.118692,352.118692,22.989649999999983,holdout
6654,mitra_t9,data\raw\mitra\Data_T9\T9_DAll.csv,queue,3,440.57379,430.57379,440.57379,28.862188000000003,holdout
6655,mitra_t9,data\raw\mitra\Data_T9\T9_DAll.csv,queue,3,538.171362,528.171362,538.171362,12.012007999999923,holdout
6656,mitra_t9,data\raw\mitra\Data_T9\T9_DAll.csv,queue,3,814.948065,804.948065,814.948065,42.64263099999994,holdout
6657,mitra_t9,data\raw\mitra\Data_T9\T9_DAll.csv,queue,2,277.043637,267.043637,277.043637,13.747075999999993,holdout
6658,mitra_t9,data\raw\mitra\Data_T9\T9_DAll.csv,queue,2,529.963156,519.963156,529.963156,6.439770999999951,holdout
6659,mitra_t9,data\raw\mitra\Data_T9\T9_DAll.csv,queue,20,552.118638,542.118638,552.118638,31.064390000000003,holdout
6660,mitra_t9,data\raw\mitra\Data_T9\T9_DAll.csv,queue,20,650.517011,640.517011,650.517011,24.991650999999933,holdout
6661,mitra_t9,data\raw\mitra\Data_T9\T9_DAll.csv,hard_brake,5,502.535735,492.535735,502.535735,0.5672339999999849,holdout
6662,mitra_t9,data\raw\mitra\Data_T9\T9_DAll.csv,hard_brake,4,500.433634,490.433634,500.433634,0.6673340000000394,holdout
6663,mitra_t9,data\raw\mitra\Data_T9\T9_DAll.csv,hard_brake,7,507.740939,497.740939,507.740939,0.5338669999999865,holdout
6664,mitra_t9,data\raw\mitra\Data_T9\T9_DAll.csv,hard_brake,7,544.978167,534.978167,544.978167,0.8341669999999795,holdout
6665,mitra_t9,data\raw\mitra\Data_T9\T9_DAll.csv,hard_brake,5,522.55575,512.55575,522.55575,0.5672339999999849,holdout
6666,mitra_t9,data\raw\mitra\Data_T9\T9_DAll.csv,hard_brake,7,498.698566,488.698566,498.698566,0.7340669999999818,holdout
6667,mitra_t9,data\raw\mitra\Data_T9\T9_DAll.csv,hard_brake,7,490.757293,480.757293,490.757293,0.6339679999999817,holdout
6668,mitra_t9,data\raw\mitra\Data_T9\T9_DAll.csv,hard_brake,7,504.437637,494.437637,504.437637,0.5004999999999882,holdout
6669,mitra_t9,data\raw\mitra\Data_T9\T9_DAll.csv,hard_brake,3,166.032655,156.032655,166.032655,0.6673339999999826,holdout
6670,mitra_t9,data\raw\mitra\Data_T9\T9_DAll.csv,hard_brake,7,516.115979,506.115979,516.115979,0.6673339999999826,holdout
6671,mitra_t9,data\raw\mitra\Data_T9\T9_DAll.csv,hard_brake,1,239.305909,229.305909,239.305909,0.8008009999999786,holdout
6672,mitra_t9,data\raw\mitra\Data_T9\T9_DAll.csv,hard_brake,1,257.090355,247.090355,257.090355,0.8675340000000347,holdout
6673,mitra_t9,data\raw\mitra\Data_T9\T9_DAll.csv,hard_brake,3,174.007294,164.007294,174.007294,1.0343680000000006,holdout
6674,mitra_t9,data\raw\mitra\Data_T9\T9_DAll.csv,hard_brake,2,246.045981,236.045981,246.045981,0.7340669999999818,holdout
6675,mitra_t9,data\raw\mitra\Data_T9\T9_DAll.csv,hard_brake,2,209.14242,199.14242,209.14242,0.7674340000000086,holdout
6676,mitra_t9,data\raw\mitra\Data_T9\T9_DAll.csv,hard_brake,3,179.312598,169.312598,179.312598,0.9009010000000046,holdout
6677,mitra_t9,data\raw\mitra\Data_T9\T9_DAll.csv,hard_brake,2,259.55949,249.55949,259.55949,0.7340680000000361,holdout
6678,mitra_t9,data\raw\mitra\Data_T9\T9_DAll.csv,hard_brake,3,169.002291,159.002291,169.002291,0.5672329999999874,holdout
6679,mitra_t9,data\raw\mitra\Data_T9\T9_DAll.csv,hard_brake,3,162.929553,152.929553,162.929553,0.9342670000000056,holdout
6680,mitra_t9,data\raw\mitra\Data_T9\T9_DAll.csv,hard_brake,3,158.32495,148.32495,158.32495,0.8675330000000088,holdout
6681,mitra_t9,data\raw\mitra\Data_T9\T9_DAll.csv,hard_brake,3,156.790082,146.790082,156.790082,0.7340669999999818,holdout
6682,mitra_t9,data\raw\mitra\Data_T9\T9_DAll.csv,hard_brake,2,183.183134,173.183134,183.183134,0.8675340000000062,holdout
6683,mitra_t9,data\raw\mitra\Data_T9\T9_DAll.csv,hard_brake,2,181.548167,171.548167,181.548167,0.8341669999999795,holdout
6684,mitra_t9,data\raw\mitra\Data_T9\T9_DAll.csv,hard_brake,2,179.913199,169.913199,179.913199,0.4671330000000182,holdout
6685,mitra_t9,data\raw\mitra\Data_T9\T9_DAll.csv,hard_brake,3,153.820446,143.820446,153.820446,0.8675340000000062,holdout
6686,mitra_t9,data\raw\mitra\Data_T9\T9_DAll.csv,hard_brake,2,240.073343,230.073343,240.073343,0.5005000000000166,holdout
6687,mitra_t9,data\raw\mitra\Data_T9\T9_DAll.csv,hard_brake,3,178.745364,168.745364,178.745364,0.7007010000000093,holdout
6688,mitra_t9,data\raw\mitra\Data_T9\T9_DAll.csv,hard_brake,3,213.646923,203.646923,213.646923,0.8675340000000062,holdout
6689,mitra_t9,data\raw\mitra\Data_T9\T9_DAll.csv,hard_brake,7,509.843041,499.843041,509.843041,0.7674339999999802,holdout
6690,mitra_t9,data\raw\mitra\Data_T9\T9_DAll.csv,hard_brake,7,509.008873,499.008873,509.008873,0.6006009999999833,holdout
6691,mitra_t9,data\raw\mitra\Data_T9\T9_DAll.csv,hard_brake,7,511.911776,501.911776,511.911776,0.8675340000000347,holdout
6692,mitra_t9,data\raw\mitra\Data_T9\T9_DAll.csv,hard_brake,7,562.762613,552.762613,562.762613,0.5672339999999849,holdout
6693,mitra_t9,data\raw\mitra\Data_T9\T9_DAll.csv,hard_brake,7,537.070261,527.070261,537.070261,1.9019010000000665,holdout
6694,mitra_t9,data\raw\mitra\Data_T9\T9_DAll.csv,hard_brake,3,17.283946,7.283946,17.283946,0.8341670000000008,holdout
6695,mitra_t9,data\raw\mitra\Data_T9\T9_DAll.csv,hard_brake,1,262.228826,252.22882600000003,262.228826,0.5004999999999882,holdout
6696,mitra_t9,data\raw\mitra\Data_T9\T9_DAll.csv,hard_brake,6,471.604813,461.604813,471.604813,0.8008000000000379,holdout
6697,mitra_t9,data\raw\mitra\Data_T9\T9_DAll.csv,hard_brake,5,468.134677,458.134677,468.134677,0.6005999999999858,holdout
6698,mitra_t9,data\raw\mitra\Data_T9\T9_DAll.csv,hard_brake,1,264.798061,254.798061,264.798061,0.8341669999999795,holdout
6699,mitra_t9,data\raw\mitra\Data_T9\T9_DAll.csv,hard_brake,1,268.001263,258.001263,268.001263,0.6339669999999842,holdout
6700,mitra_t9,data\raw\mitra\Data_T9\T9_DAll.csv,hard_brake,3,256.990255,246.990255,256.990255,0.8008010000000354,holdout
6701,mitra_t9,data\raw\mitra\Data_T9\T9_DAll.csv,hard_brake,2,250.784051,240.784051,250.784051,0.8341670000000079,holdout
6702,mitra_t9,data\raw\mitra\Data_T9\T9_DAll.csv,hard_brake,2,255.088354,245.088354,255.088354,0.7006999999999834,holdout
6703,mitra_t9,data\raw\mitra\Data_T9\T9_DAll.csv,hard_brake,3,227.4941,217.4941,227.4941,0.6339669999999842,holdout
6704,mitra_t9,data\raw\mitra\Data_T9\T9_DAll.csv,hard_brake,2,253.319919,243.319919,253.319919,0.800801000000007,holdout
6705,mitra_t9,data\raw\mitra\Data_T9\T9_DAll.csv,hard_brake,2,261.194458,251.194458,261.194458,0.7674339999999802,holdout
6706,mitra_t9,data\raw\mitra\Data_T9\T9_DAll.csv,hard_brake,2,257.056989,247.056989,257.056989,0.5672329999999874,holdout
6707,mitra_t9,data\raw\mitra\Data_T9\T9_DAll.csv,hard_brake,3,293.927182,283.927182,293.927182,0.9009009999999762,holdout
6708,mitra_t9,data\raw\mitra\Data_T9\T9_DAll.csv,hard_brake,3,268.13473,258.13473,268.13473,0.8341670000000363,holdout
6709,mitra_t9,data\raw\mitra\Data_T9\T9_DAll.csv,hard_brake,3,267.233829,257.233829,267.233829,0.9009009999999762,holdout
6710,mitra_t9,data\raw\mitra\Data_T9\T9_DAll.csv,hard_brake,3,246.212814,236.212814,246.212814,0.9009010000000046,holdout
6711,mitra_t9,data\raw\mitra\Data_T9\T9_DAll.csv,hard_brake,3,244.043979,234.043979,244.043979,0.9009010000000046,holdout
6712,mitra_t9,data\raw\mitra\Data_T9\T9_DAll.csv,hard_brake,3,249.88315,239.88315,249.88315,0.9009010000000046,holdout
6713,mitra_t9,data\raw\mitra\Data_T9\T9_DAll.csv,hard_brake,3,255.355287,245.355287,255.355287,0.7674340000000086,holdout
6714,mitra_t9,data\raw\mitra\Data_T9\T9_DAll.csv,hard_brake,1,286.48641,276.48641,286.48641,0.5005010000000425,holdout
6715,mitra_t9,data\raw\mitra\Data_T9\T9_DAll.csv,hard_brake,3,264.431027,254.431027,264.431027,0.8675340000000347,holdout
6716,mitra_t9,data\raw\mitra\Data_T9\T9_DAll.csv,hard_brake,1,293.827082,283.827082,293.827082,0.7674339999999802,holdout
6717,mitra_t9,data\raw\mitra\Data_T9\T9_DAll.csv,hard_brake,3,273.706967,263.706967,273.706967,0.7674339999999802,holdout
6718,mitra_t9,data\raw\mitra\Data_T9\T9_DAll.csv,hard_brake,3,270.270198,260.270198,270.270198,0.7007009999999809,holdout
6719,mitra_t9,data\raw\mitra\Data_T9\T9_DAll.csv,hard_brake,1,289.789713,279.789713,289.789713,0.8675339999999778,holdout
6720,mitra_t9,data\raw\mitra\Data_T9\T9_DAll.csv,hard_brake,1,298.331586,288.331586,298.331586,0.8341669999999795,holdout
6721,mitra_t9,data\raw\mitra\Data_T9\T9_DAll.csv,hard_brake,1,300.366954,290.366954,300.366954,0.6673339999999826,holdout
6722,mitra_t9,data\raw\mitra\Data_T9\T9_DAll.csv,hard_brake,2,293.026282,283.026282,293.026282,0.8008000000000379,holdout
6723,mitra_t9,data\raw\mitra\Data_T9\T9_DAll.csv,hard_brake,3,277.844437,267.844437,277.844437,0.6339669999999842,holdout
6724,mitra_t9,data\raw\mitra\Data_T9\T9_DAll.csv,hard_brake,1,307.640892,297.640892,307.640892,0.8675339999999778,holdout
6725,mitra_t9,data\raw\mitra\Data_T9\T9_DAll.csv,hard_brake,2,297.697618,287.697618,297.697618,0.8008010000000354,holdout
6726,mitra_t9,data\raw\mitra\Data_T9\T9_DAll.csv,hard_brake,7,28.261587,18.261587,28.261587,0.5338670000000008,holdout
6727,mitra_t9,data\raw\mitra\Data_T9\T9_DAll.csv,hard_brake,4,98.465106,88.465106,98.465106,0.734066999999996,holdout
6728,mitra_t9,data\raw\mitra\Data_T9\T9_DAll.csv,hard_brake,1,311.044295,301.044295,311.044295,0.8008000000000379,holdout
6729,mitra_t9,data\raw\mitra\Data_T9\T9_DAll.csv,hard_brake,1,317.817733,307.817733,317.817733,0.8675340000000347,holdout
6730,mitra_t9,data\raw\mitra\Data_T9\T9_DAll.csv,hard_brake,1,309.47606,299.47606,309.47606,0.8675339999999778,holdout
6731,mitra_t9,data\raw\mitra\Data_T9\T9_DAll.csv,hard_brake,2,306.239491,296.239491,306.239491,0.5005009999999857,holdout
6732,mitra_t9,data\raw\mitra\Data_T9\T9_DAll.csv,hard_brake,1,312.979563,302.979563,312.979563,0.8675340000000347,holdout
6733,mitra_t9,data\raw\mitra\Data_T9\T9_DAll.csv,hard_brake,3,308.108026,298.108026,308.108026,0.7340669999999818,holdout
6734,mitra_t9,data\raw\mitra\Data_T9\T9_DAll.csv,hard_brake,4,94.694669,84.694669,94.694669,0.5005009999999999,holdout
6735,mitra_t9,data\raw\mitra\Data_T9\T9_DAll.csv,hard_brake,7,668.601757,658.601757,668.601757,0.7007009999999809,holdout
6736,mitra_t9,data\raw\mitra\Data_T9\T9_DAll.csv,hard_brake,7,625.091592,615.091592,625.091592,1.4681339999999636,holdout
6737,mitra_t9,data\raw\mitra\Data_T9\T9_DAll.csv,hard_brake,7,617.85102,607.85102,617.85102,0.8675340000000915,holdout
6738,mitra_t9,data\raw\mitra\Data_T9\T9_DAll.csv,hard_brake,6,180.447066,170.447066,180.447066,1.0343670000000031,holdout
6739,mitra_t9,data\raw\mitra\Data_T9\T9_DAll.csv,hard_brake,7,614.781284,604.781284,614.781284,1.0343679999999722,holdout
6740,mitra_t9,data\raw\mitra\Data_T9\T9_DAll.csv,hard_brake,7,620.119955,610.119955,620.119955,0.6005999999999858,holdout
6741,mitra_t9,data\raw\mitra\Data_T9\T9_DAll.csv,hard_brake,1,37.570894,27.570894000000003,37.570894,0.8341679999999982,holdout
6742,mitra_t9,data\raw\mitra\Data_T9\T9_DAll.csv,hard_brake,1,15.949278,5.949278,15.949278,0.600601000000001,holdout
6743,mitra_t9,data\raw\mitra\Data_T9\T9_DAll.csv,hard_brake,1,103.470109,93.470109,103.470109,0.5005009999999999,holdout
6744,mitra_t9,data\raw\mitra\Data_T9\T9_DAll.csv,hard_brake,3,125.392025,115.392025,125.392025,0.934268000000003,holdout
6745,mitra_t9,data\raw\mitra\Data_T9\T9_DAll.csv,hard_brake,1,45.945934,35.945934,45.945934,0.6339669999999984,holdout
6746,mitra_t9,data\raw\mitra\Data_T9\T9_DAll.csv,hard_brake,3,7.407405,-2.592595,7.407405,0.8008010000000008,holdout
6747,mitra_t9,data\raw\mitra\Data_T9\T9_DAll.csv,hard_brake,1,50.51717,40.51717,50.51717,0.5672339999999991,holdout
6748,mitra_t9,data\raw\mitra\Data_T9\T9_DAll.csv,hard_brake,2,133.666965,123.666965,133.666965,0.5004999999999882,holdout
6749,mitra_t9,data\raw\mitra\Data_T9\T9_DAll.csv,hard_brake,1,18.885547,8.885546999999999,18.885547,0.8341670000000008,holdout
6750,mitra_t9,data\raw\mitra\Data_T9\T9_DAll.csv,hard_brake,7,485.385256,475.385256,485.385256,0.7007009999999809,holdout
6751,mitra_t9,data\raw\mitra\Data_T9\T9_DAll.csv,hard_brake,7,671.90506,661.90506,671.90506,1.1678339999999707,holdout
6752,mitra_t9,data\raw\mitra\Data_T9\T9_DAll.csv,hard_brake,7,689.422573,679.422573,689.422573,0.7006999999999834,holdout
6753,mitra_t9,data\raw\mitra\Data_T9\T9_DAll.csv,hard_brake,7,603.136309,593.136309,603.136309,1.1678339999999707,holdout
6754,mitra_t9,data\raw\mitra\Data_T9\T9_DAll.csv,hard_brake,7,551.017538,541.017538,551.017538,0.4671330000001035,holdout
6755,mitra_t9,data\raw\mitra\Data_T9\T9_DAll.csv,hard_brake,21,214.948224,204.948224,214.948224,0.7674339999999802,holdout
6756,mitra_t9,data\raw\mitra\Data_T9\T9_DAll.csv,hard_brake,7,543.476665,533.476665,543.476665,0.5005009999999857,holdout
6757,mitra_t9,data\raw\mitra\Data_T9\T9_DAll.csv,hard_brake,7,546.279467,536.279467,546.279467,0.6339680000000953,holdout
6758,mitra_t9,data\raw\mitra\Data_T9\T9_DAll.csv,hard_brake,1,187.454071,177.454071,187.454071,0.6006000000000142,holdout
6759,mitra_t9,data\raw\mitra\Data_T9\T9_DAll.csv,hard_brake,1,162.562519,152.562519,162.562519,0.8008009999999786,holdout
6760,mitra_t9,data\raw\mitra\Data_T9\T9_DAll.csv,hard_brake,1,182.916201,172.916201,182.916201,0.8008000000000095,holdout
6761,mitra_t9,data\raw\mitra\Data_T9\T9_DAll.csv,hard_brake,1,114.080717,104.080717,114.080717,0.5672339999999991,holdout
6762,mitra_t9,data\raw\mitra\Data_T9\T9_DAll.csv,hard_brake,3,143.910539,133.910539,143.910539,0.7674340000000086,holdout
6763,mitra_t9,data\raw\mitra\Data_T9\T9_DAll.csv,hard_brake,2,150.45041,140.45041,150.45041,0.7340680000000077,holdout
6764,mitra_t9,data\raw\mitra\Data_T9\T9_DAll.csv,hard_brake,3,140.640603,130.640603,140.640603,0.533867000000015,holdout
6765,mitra_t9,data\raw\mitra\Data_T9\T9_DAll.csv,hard_brake,7,529.529389,519.529389,529.529389,0.7674329999999827,holdout
6766,mitra_t9,data\raw\mitra\Data_T9\T9_DAll.csv,hard_brake,7,630.263429,620.263429,630.263429,0.8008009999999786,holdout
6767,mitra_t9,data\raw\mitra\Data_T9\T9_DAll.csv,hard_brake,7,631.698197,621.698197,631.698197,0.8675339999999778,holdout
6768,mitra_t9,data\raw\mitra\Data_T9\T9_DAll.csv,hard_brake,7,595.695537,585.695537,595.695537,0.5005000000001019,holdout
6769,mitra_t9,data\raw\mitra\Data_T9\T9_DAll.csv,hard_brake,7,569.869718,559.869718,569.869718,0.8008009999999786,holdout
6770,mitra_t9,data\raw\mitra\Data_T9\T9_DAll.csv,hard_brake,7,574.140655,564.140655,574.140655,0.7006999999999834,holdout
6771,mitra_t9,data\raw\mitra\Data_T9\T9_DAll.csv,hard_brake,6,513.48001,503.48001,513.48001,0.6339669999999842,holdout
6772,mitra_t9,data\raw\mitra\Data_T9\T9_DAll.csv,hard_brake,6,373.039607,363.039607,373.039607,0.8675340000000347,holdout
6773,mitra_t9,data\raw\mitra\Data_T9\T9_DAll.csv,hard_brake,4,615.548718,605.548718,615.548718,0.6673339999999826,holdout
6774,mitra_t9,data\raw\mitra\Data_T9\T9_DAll.csv,hard_brake,6,522.622483,512.622483,522.622483,0.8341679999999769,holdout
6775,mitra_t9,data\raw\mitra\Data_T9\T9_DAll.csv,hard_brake,7,550.984171,540.984171,550.984171,0.8341670000000931,holdout
6776,mitra_t9,data\raw\mitra\Data_T9\T9_DAll.csv,hard_brake,21,192.459075,182.459075,192.459075,0.7340669999999818,holdout
6777,mitra_t9,data\raw\mitra\Data_T9\T9_DAll.csv,hard_brake,21,178.044664,168.044664,178.044664,0.6339669999999842,holdout
6778,mitra_t9,data\raw\mitra\Data_T9\T9_DAll.csv,hard_brake,21,157.991283,147.991283,157.991283,0.6673329999999851,holdout
6779,mitra_t9,data\raw\mitra\Data_T9\T9_DAll.csv,hard_brake,1,98.865506,88.865506,98.865506,0.6006,holdout
6780,mitra_t9,data\raw\mitra\Data_T9\T9_DAll.csv,hard_brake,0,4.23757,-5.76243,4.23757,0.5338669999999999,holdout
6781,mitra_t9,data\raw\mitra\Data_T9\T9_DAll.csv,hard_brake,6,43.643632,33.643632,43.643632,0.8008009999999999,holdout
6782,mitra_t9,data\raw\mitra\Data_T9\T9_DAll.csv,hard_brake,2,317.083666,307.083666,317.083666,0.900901000000033,holdout
6783,mitra_t9,data\raw\mitra\Data_T9\T9_DAll.csv,hard_brake,1,121.354656,111.354656,121.354656,0.6339669999999984,holdout
6784,mitra_t9,data\raw\mitra\Data_T9\T9_DAll.csv,hard_brake,4,757.357156,747.357156,757.357156,0.5004999999999882,holdout
6785,mitra_t9,data\raw\mitra\Data_T9\T9_DAll.csv,hard_brake,3,282.649241,272.649241,282.649241,1.0009999999999764,holdout
6786,mitra_t9,data\raw\mitra\Data_T9\T9_DAll.csv,hard_brake,1,100.700674,90.700674,100.700674,0.6006,holdout
6787,mitra_t9,data\raw\mitra\Data_T9\T9_DAll.csv,hard_brake,3,279.079005,269.079005,279.079005,0.6005999999999858,holdout
6788,mitra_t9,data\raw\mitra\Data_T9\T9_DAll.csv,hard_brake,3,300.700621,290.700621,300.700621,0.8007999999999811,holdout
6789,mitra_t9,data\raw\mitra\Data_T9\T9_DAll.csv,hard_brake,21,71.971953,61.971953,71.971953,0.7674339999999944,holdout
6790,mitra_t9,data\raw\mitra\Data_T9\T9_DAll.csv,hard_brake,1,105.605577,95.605577,105.605577,0.7007010000000093,holdout
6791,mitra_t9,data\raw\mitra\Data_T9\T9_DAll.csv,hard_brake,7,531.965157,521.965157,531.965157,0.5004999999999882,holdout
6792,mitra_t9,data\raw\mitra\Data_T9\T9_DAll.csv,hard_brake,3,291.491414,281.491414,291.491414,0.8341669999999795,holdout
6793,mitra_t9,data\raw\mitra\Data_T9\T9_DAll.csv,hard_brake,1,126.393026,116.393026,126.393026,0.6006009999999975,holdout
6794,mitra_t9,data\raw\mitra\Data_T9\T9_DAll.csv,hard_brake,3,301.634888,291.634888,301.634888,0.7007010000000378,holdout
6795,mitra_t9,data\raw\mitra\Data_T9\T9_DAll.csv,hard_brake,2,315.648898,305.648898,315.648898,1.201201000000026,holdout
6796,mitra_t9,data\raw\mitra\Data_T9\T9_DAll.csv,hard_brake,3,311.678262,301.678262,311.678262,0.6673339999999826,holdout
6797,mitra_t9,data\raw\mitra\Data_T9\T9_DAll.csv,hard_brake,3,316.416332,306.416332,316.416332,0.9342679999999746,holdout
6798,mitra_t9,data\raw\mitra\Data_T9\T9_DAll.csv,hard_brake,2,333.700278,323.700278,333.700278,0.8341669999999795,holdout
6799,mitra_t9,data\raw\mitra\Data_T9\T9_DAll.csv,hard_brake,0,86.753397,76.753397,86.753397,0.4671339999999873,holdout
6800,mitra_t9,data\raw\mitra\Data_T9\T9_DAll.csv,hard_brake,10,125.859159,115.859159,125.859159,0.5004999999999882,holdout
6801,mitra_t9,data\raw\mitra\Data_T9\T9_DAll.csv,hard_brake,7,587.520698,577.520698,587.520698,0.5004999999999882,holdout
6802,mitra_t9,data\raw\mitra\Data_T9\T9_DAll.csv,hard_brake,3,257.757689,247.75768900000003,257.757689,0.5672339999999849,holdout
6803,mitra_t9,data\raw\mitra\Data_T9\T9_DAll.csv,hard_brake,3,291.925181,281.925181,291.925181,1.0343669999999747,holdout
6804,mitra_t9,data\raw\mitra\Data_T9\T9_DAll.csv,hard_brake,0,101.034341,91.034341,101.034341,0.6006,holdout
6805,mitra_t9,data\raw\mitra\Data_T9\T9_DAll.csv,hard_brake,1,339.572816,329.572816,339.572816,0.8008000000000379,holdout
6806,mitra_t9,data\raw\mitra\Data_T9\T9_DAll.csv,hard_brake,3,295.829084,285.829084,295.829084,0.8341669999999795,holdout
6807,mitra_t9,data\raw\mitra\Data_T9\T9_DAll.csv,hard_brake,2,330.730643,320.730643,330.730643,0.8008000000000379,holdout
6808,mitra_t9,data\raw\mitra\Data_T9\T9_DAll.csv,hard_brake,1,331.56481,321.56481,331.56481,0.8008009999999786,holdout
6809,mitra_t9,data\raw\mitra\Data_T9\T9_DAll.csv,hard_brake,1,332.732644,322.732644,332.732644,0.6339669999999842,holdout
6810,mitra_t9,data\raw\mitra\Data_T9\T9_DAll.csv,hard_brake,1,337.270514,327.270514,337.270514,0.934267000000034,holdout
6811,mitra_t9,data\raw\mitra\Data_T9\T9_DAll.csv,hard_brake,21,424.357578,414.357578,424.357578,0.5672339999999849,holdout
6812,mitra_t9,data\raw\mitra\Data_T9\T9_DAll.csv,hard_brake,2,301.601521,291.601521,301.601521,0.6006009999999833,holdout
6813,mitra_t9,data\raw\mitra\Data_T9\T9_DAll.csv,hard_brake,3,319.886468,309.886468,319.886468,0.8008010000000354,holdout
6814,mitra_t9,data\raw\mitra\Data_T9\T9_DAll.csv,hard_brake,3,346.412988,336.412988,346.412988,0.8008000000000379,holdout
6815,mitra_t9,data\raw\mitra\Data_T9\T9_DAll.csv,hard_brake,2,348.047955,338.047955,348.047955,0.5005009999999857,holdout
6816,mitra_t9,data\raw\mitra\Data_T9\T9_DAll.csv,hard_brake,1,137.537501,127.537501,137.537501,0.4671340000000157,holdout
6817,mitra_t9,data\raw\mitra\Data_T9\T9_DAll.csv,hard_brake,1,283.416675,273.416675,283.416675,0.7340669999999818,holdout
6818,mitra_t9,data\raw\mitra\Data_T9\T9_DAll.csv,hard_brake,10,215.648925,205.648925,215.648925,0.9009010000000046,holdout
6819,mitra_t9,data\raw\mitra\Data_T9\T9_DAll.csv,hard_brake,3,316.649899,306.649899,316.649899,0.6673339999999826,holdout
6820,mitra_t9,data\raw\mitra\Data_T9\T9_DAll.csv,hard_brake,3,342.809385,332.809385,342.809385,0.7340669999999818,holdout
6821,mitra_t9,data\raw\mitra\Data_T9\T9_DAll.csv,hard_brake,3,344.110686,334.110686,344.110686,0.934267000000034,holdout
6822,mitra_t9,data\raw\mitra\Data_T9\T9_DAll.csv,hard_brake,7,123.289924,113.289924,123.289924,0.7006999999999977,holdout
6823,mitra_t9,data\raw\mitra\Data_T9\T9_DAll.csv,hard_brake,1,177.844464,167.844464,177.844464,0.533867000000015,holdout
6824,mitra_t9,data\raw\mitra\Data_T9\T9_DAll.csv,hard_brake,1,355.989228,345.989228,355.989228,1.067733999999973,holdout
6825,mitra_t9,data\raw\mitra\Data_T9\T9_DAll.csv,hard_brake,3,345.345253,335.345253,345.345253,0.8675339999999778,holdout
6826,mitra_t9,data\raw\mitra\Data_T9\T9_DAll.csv,hard_brake,1,167.867823,157.867823,167.867823,0.667334000000011,holdout
6827,mitra_t9,data\raw\mitra\Data_T9\T9_DAll.csv,hard_brake,0,163.696987,153.696987,163.696987,0.8341669999999795,holdout
6828,mitra_t9,data\raw\mitra\Data_T9\T9_DAll.csv,hard_brake,10,162.062019,152.062019,162.062019,1.1678339999999992,holdout
6829,mitra_t9,data\raw\mitra\Data_T9\T9_DAll.csv,hard_brake,10,164.16412,154.16412,164.16412,1.101101,holdout
6830,mitra_t9,data\raw\mitra\Data_T9\T9_DAll.csv,hard_brake,2,354.721294,344.721294,354.721294,1.0009999999999764,holdout
6831,mitra_t9,data\raw\mitra\Data_T9\T9_DAll.csv,hard_brake,3,350.550457,340.550457,350.550457,1.001001000000031,holdout
6832,mitra_t9,data\raw\mitra\Data_T9\T9_DAll.csv,hard_brake,3,352.085325,342.085325,352.085325,0.8008009999999786,holdout
6833,mitra_t9,data\raw\mitra\Data_T9\T9_DAll.csv,hard_brake,10,160.660618,150.660618,160.660618,0.8341670000000079,holdout
6834,mitra_t9,data\raw\mitra\Data_T9\T9_DAll.csv,hard_brake,10,162.262219,152.262219,162.262219,0.5672340000000133,holdout
6835,mitra_t9,data\raw\mitra\Data_T9\T9_DAll.csv,hard_brake,10,164.731354,154.731354,164.731354,1.1344679999999985,holdout
6836,mitra_t9,data\raw\mitra\Data_T9\T9_DAll.csv,hard_brake,2,353.386626,343.386626,353.386626,0.500500000000045,holdout
6837,mitra_t9,data\raw\mitra\Data_T9\T9_DAll.csv,hard_brake,2,358.49173,348.49173,358.49173,0.7340669999999818,holdout
6838,mitra_t9,data\raw\mitra\Data_T9\T9_DAll.csv,hard_brake,3,360.026598,350.026598,360.026598,0.8675330000000372,holdout
6839,mitra_t9,data\raw\mitra\Data_T9\T9_DAll.csv,hard_brake,3,357.690929,347.690929,357.690929,0.7007010000000378,holdout
6840,mitra_t9,data\raw\mitra\Data_T9\T9_DAll.csv,hard_brake,7,554.154007,544.154007,554.154007,0.6005999999999858,holdout
6841,mitra_t9,data\raw\mitra\Data_T9\T9_DAll.csv,hard_brake,3,359.29253,349.29253,359.29253,0.7674339999999802,holdout
6842,mitra_t9,data\raw\mitra\Data_T9\T9_DAll.csv,hard_brake,7,597.897739,587.897739,597.897739,0.6339669999999842,holdout
6843,mitra_t9,data\raw\mitra\Data_T9\T9_DAll.csv,hard_brake,7,144.544506,134.544506,144.544506,0.5672339999999849,holdout
6844,mitra_t9,data\raw\mitra\Data_T9\T9_DAll.csv,hard_brake,7,146.913541,136.913541,146.913541,0.5672339999999849,holdout
6845,mitra_t9,data\raw\mitra\Data_T9\T9_DAll.csv,hard_brake,7,545.4453,535.4453,545.4453,0.7007009999999809,holdout
6846,mitra_t9,data\raw\mitra\Data_T9\T9_DAll.csv,hard_brake,3,362.629199,352.629199,362.629199,0.9342679999999746,holdout
6847,mitra_t9,data\raw\mitra\Data_T9\T9_DAll.csv,hard_brake,1,207.707652,197.707652,207.707652,0.4671340000000157,holdout
6848,mitra_t9,data\raw\mitra\Data_T9\T9_DAll.csv,hard_brake,2,366.032602,356.032602,366.032602,0.8675339999999778,holdout
6849,mitra_t9,data\raw\mitra\Data_T9\T9_DAll.csv,hard_brake,21,198.698646,188.698646,198.698646,0.667334000000011,holdout
6850,mitra_t9,data\raw\mitra\Data_T9\T9_DAll.csv,hard_brake,7,612.545716,602.545716,612.545716,0.6673339999999826,holdout
6851,mitra_t9,data\raw\mitra\Data_T9\T9_DAll.csv,hard_brake,1,209.709654,199.709654,209.709654,0.8675340000000062,holdout
6852,mitra_t9,data\raw\mitra\Data_T9\T9_DAll.csv,hard_brake,11,185.118402,175.118402,185.118402,0.667334000000011,holdout
6853,mitra_t9,data\raw\mitra\Data_T9\T9_DAll.csv,hard_brake,1,221.721663,211.721663,221.721663,0.5338669999999865,holdout
6854,mitra_t9,data\raw\mitra\Data_T9\T9_DAll.csv,hard_brake,7,707.006819,697.006819,707.006819,0.8008000000000948,holdout
6855,mitra_t9,data\raw\mitra\Data_T9\T9_DAll.csv,hard_brake,3,373.573474,363.573474,373.573474,1.001001000000031,holdout
6856,mitra_t9,data\raw\mitra\Data_T9\T9_DAll.csv,hard_brake,0,215.749025,205.749025,215.749025,0.8341670000000079,holdout
6857,mitra_t9,data\raw\mitra\Data_T9\T9_DAll.csv,hard_brake,1,236.202807,226.202807,236.202807,0.7340669999999818,holdout
6858,mitra_t9,data\raw\mitra\Data_T9\T9_DAll.csv,hard_brake,2,373.973874,363.973874,373.973874,0.7674339999999802,holdout
6859,mitra_t9,data\raw\mitra\Data_T9\T9_DAll.csv,hard_brake,3,376.876777,366.876777,376.876777,0.8675339999999778,holdout
6860,mitra_t9,data\raw\mitra\Data_T9\T9_DAll.csv,hard_brake,21,233.233171,223.233171,233.233171,0.667334000000011,holdout
6861,mitra_t9,data\raw\mitra\Data_T9\T9_DAll.csv,hard_brake,2,375.041609,365.041609,375.041609,0.8675329999999803,holdout
6862,mitra_t9,data\raw\mitra\Data_T9\T9_DAll.csv,hard_brake,3,356.256161,346.256161,356.256161,0.8008009999999786,holdout
6863,mitra_t9,data\raw\mitra\Data_T9\T9_DAll.csv,hard_brake,1,249.18245,239.18245,249.18245,0.7674330000000111,holdout
6864,mitra_t9,data\raw\mitra\Data_T9\T9_DAll.csv,hard_brake,3,382.582481,372.582481,382.582481,0.6673340000000394,holdout
6865,mitra_t9,data\raw\mitra\Data_T9\T9_DAll.csv,hard_brake,2,385.71895,375.71895,385.71895,0.7006999999999834,holdout
6866,mitra_t9,data\raw\mitra\Data_T9\T9_DAll.csv,hard_brake,3,383.983882,373.983882,383.983882,0.934267000000034,holdout
6867,mitra_t9,data\raw\mitra\Data_T9\T9_DAll.csv,hard_brake,3,364.497734,354.497734,364.497734,0.7340670000000387,holdout
6868,mitra_t9,data\raw\mitra\Data_T9\T9_DAll.csv,hard_brake,1,375.708942,365.708942,375.708942,0.8675340000000347,holdout
6869,mitra_t9,data\raw\mitra\Data_T9\T9_DAll.csv,hard_brake,1,254.92152,244.92152,254.92152,0.7007010000000093,holdout
6870,mitra_t9,data\raw\mitra\Data_T9\T9_DAll.csv,hard_brake,3,384.984882,374.984882,384.984882,0.9342679999999746,holdout
6871,mitra_t9,data\raw\mitra\Data_T9\T9_DAll.csv,hard_brake,3,314.347597,304.347597,314.347597,1.0010009999999738,holdout
6872,mitra_t9,data\raw\mitra\Data_T9\T9_DAll.csv,hard_brake,1,260.126724,250.126724,260.126724,0.6006009999999833,holdout
6873,mitra_t9,data\raw\mitra\Data_T9\T9_DAll.csv,hard_brake,2,384.150715,374.150715,384.150715,0.9342680000000314,holdout
6874,mitra_t9,data\raw\mitra\Data_T9\T9_DAll.csv,hard_brake,3,392.225454,382.225454,392.225454,0.8675339999999778,holdout
6875,mitra_t9,data\raw\mitra\Data_T9\T9_DAll.csv,hard_brake,0,233.566838,223.566838,233.566838,0.667334000000011,holdout
6876,mitra_t9,data\raw\mitra\Data_T9\T9_DAll.csv,hard_brake,2,377.177077,367.177077,377.177077,0.7340669999999818,holdout
6877,mitra_t9,data\raw\mitra\Data_T9\T9_DAll.csv,hard_brake,0,258.65859,248.65859,258.65859,0.9342669999999772,holdout
6878,mitra_t9,data\raw\mitra\Data_T9\T9_DAll.csv,hard_brake,2,380.246812,370.246812,380.246812,0.8341680000000338,holdout
6879,mitra_t9,data\raw\mitra\Data_T9\T9_DAll.csv,hard_brake,1,287.821078,277.821078,287.821078,0.6673339999999826,holdout
6880,mitra_t9,data\raw\mitra\Data_T9\T9_DAll.csv,hard_brake,1,394.79469,384.79469,394.79469,0.8007999999999811,holdout
6881,mitra_t9,data\raw\mitra\Data_T9\T9_DAll.csv,hard_brake,1,295.528784,285.528784,295.528784,0.8008000000000379,holdout
6882,mitra_t9,data\raw\mitra\Data_T9\T9_DAll.csv,hard_brake,3,394.961523,384.961523,394.961523,0.8008009999999786,holdout
6883,mitra_t9,data\raw\mitra\Data_T9\T9_DAll.csv,hard_brake,1,303.803723,293.803723,303.803723,0.5338669999999865,holdout
6884,mitra_t9,data\raw\mitra\Data_T9\T9_DAll.csv,hard_brake,0,298.231485,288.231485,298.231485,0.8341679999999769,holdout
6885,mitra_t9,data\raw\mitra\Data_T9\T9_DAll.csv,hard_brake,0,359.19243,349.19243,359.19243,0.5338669999999865,holdout
6886,mitra_t9,data\raw\mitra\Data_T9\T9_DAll.csv,hard_brake,3,396.362924,386.362924,396.362924,1.067733999999973,holdout
6887,mitra_t9,data\raw\mitra\Data_T9\T9_DAll.csv,hard_brake,2,307.340592,297.340592,307.340592,0.8341669999999795,holdout
6888,mitra_t9,data\raw\mitra\Data_T9\T9_DAll.csv,hard_brake,2,311.611529,301.611529,311.611529,0.5672329999999874,holdout
6889,mitra_t9,data\raw\mitra\Data_T9\T9_DAll.csv,hard_brake,3,400.066627,390.066627,400.066627,0.8675340000000347,holdout
6890,mitra_t9,data\raw\mitra\Data_T9\T9_DAll.csv,hard_brake,3,312.512429,302.512429,312.512429,0.4671339999999873,holdout
6891,mitra_t9,data\raw\mitra\Data_T9\T9_DAll.csv,hard_brake,3,406.306198,396.306198,406.306198,0.9676340000000324,holdout
6892,mitra_t9,data\raw\mitra\Data_T9\T9_DAll.csv,hard_brake,21,503.036236,493.036236,503.036236,0.8008000000000379,holdout
6893,mitra_t9,data\raw\mitra\Data_T9\T9_DAll.csv,hard_brake,3,407.674232,397.674232,407.674232,0.7674339999999802,holdout
6894,mitra_t9,data\raw\mitra\Data_T9\T9_DAll.csv,hard_brake,21,523.456651,513.456651,523.456651,0.5338669999999865,holdout
6895,mitra_t9,data\raw\mitra\Data_T9\T9_DAll.csv,hard_brake,7,623.456624,613.456624,623.456624,0.7674339999999802,holdout
6896,mitra_t9,data\raw\mitra\Data_T9\T9_DAll.csv,hard_brake,1,325.191772,315.191772,325.191772,0.5004999999999882,holdout
6897,mitra_t9,data\raw\mitra\Data_T9\T9_DAll.csv,hard_brake,3,413.24647,403.24647,413.24647,0.7007000000000403,holdout
6898,mitra_t9,data\raw\mitra\Data_T9\T9_DAll.csv,hard_brake,3,415.982539,405.982539,415.982539,0.8008000000000379,holdout
6899,mitra_t9,data\raw\mitra\Data_T9\T9_DAll.csv,hard_brake,1,390.490387,380.490387,390.490387,0.8341669999999795,holdout
6900,mitra_t9,data\raw\mitra\Data_T9\T9_DAll.csv,hard_brake,3,371.971873,361.971873,371.971873,0.7674339999999802,holdout
6901,mitra_t9,data\raw\mitra\Data_T9\T9_DAll.csv,hard_brake,21,321.755003,311.755003,321.755003,0.5672339999999849,holdout
6902,mitra_t9,data\raw\mitra\Data_T9\T9_DAll.csv,hard_brake,1,309.142393,299.142393,309.142393,0.5672339999999849,holdout
6903,mitra_t9,data\raw\mitra\Data_T9\T9_DAll.csv,hard_brake,1,406.473032,396.473032,406.473032,0.8008000000000379,holdout
6904,mitra_t9,data\raw\mitra\Data_T9\T9_DAll.csv,hard_brake,21,331.297876,321.297876,331.297876,0.7007010000000378,holdout
6905,mitra_t9,data\raw\mitra\Data_T9\T9_DAll.csv,hard_brake,3,420.854075,410.854075,420.854075,0.6006009999999833,holdout
6906,mitra_t9,data\raw\mitra\Data_T9\T9_DAll.csv,hard_brake,1,407.807699,397.807699,407.807699,0.9676339999999756,holdout
6907,mitra_t9,data\raw\mitra\Data_T9\T9_DAll.csv,hard_brake,7,775.141602,765.141602,775.141602,0.7340669999999818,holdout
6908,mitra_t9,data\raw\mitra\Data_T9\T9_DAll.csv,hard_brake,1,409.3092,399.3092,409.3092,0.633967000000041,holdout
6909,mitra_t9,data\raw\mitra\Data_T9\T9_DAll.csv,hard_brake,1,334.267512,324.267512,334.267512,0.7674339999999802,holdout
6910,mitra_t9,data\raw\mitra\Data_T9\T9_DAll.csv,hard_brake,2,407.674232,397.674232,407.674232,0.9342679999999746,holdout
6911,mitra_t9,data\raw\mitra\Data_T9\T9_DAll.csv,hard_brake,1,354.85476,344.85476,354.85476,0.8675339999999778,holdout
6912,mitra_t9,data\raw\mitra\Data_T9\T9_DAll.csv,hard_brake,3,427.627514,417.627514,427.627514,0.8341669999999795,holdout
6913,mitra_t9,data\raw\mitra\Data_T9\T9_DAll.csv,hard_brake,1,353.253159,343.253159,353.253159,0.8008010000000354,holdout
6914,mitra_t9,data\raw\mitra\Data_T9\T9_DAll.csv,hard_brake,2,415.081638,405.081638,415.081638,0.5338669999999865,holdout
6915,mitra_t9,data\raw\mitra\Data_T9\T9_DAll.csv,hard_brake,1,357.991229,347.991229,357.991229,0.900901000000033,holdout
6916,mitra_t9,data\raw\mitra\Data_T9\T9_DAll.csv,hard_brake,2,419.352574,409.352574,419.352574,0.9342679999999746,holdout
6917,mitra_t9,data\raw\mitra\Data_T9\T9_DAll.csv,hard_brake,1,359.425997,349.425997,359.425997,0.6339669999999842,holdout
6918,mitra_t9,data\raw\mitra\Data_T9\T9_DAll.csv,hard_brake,3,422.956177,412.956177,422.956177,0.8341669999999795,holdout
6919,mitra_t9,data\raw\mitra\Data_T9\T9_DAll.csv,hard_brake,2,424.023911,414.023911,424.023911,0.9342669999999772,holdout
6920,mitra_t9,data\raw\mitra\Data_T9\T9_DAll.csv,hard_brake,2,420.987542,410.987542,420.987542,0.8008009999999786,holdout
6921,mitra_t9,data\raw\mitra\Data_T9\T9_DAll.csv,hard_brake,1,364.497734,354.497734,364.497734,0.633967000000041,holdout
6922,mitra_t9,data\raw\mitra\Data_T9\T9_DAll.csv,hard_brake,1,414.914804,404.914804,414.914804,0.533867999999984,holdout
6923,mitra_t9,data\raw\mitra\Data_T9\T9_DAll.csv,hard_brake,3,430.330216,420.330216,430.330216,0.9676339999999756,holdout
6924,mitra_t9,data\raw\mitra\Data_T9\T9_DAll.csv,hard_brake,1,374.140708,364.140708,374.140708,0.6005999999999858,holdout
6925,mitra_t9,data\raw\mitra\Data_T9\T9_DAll.csv,hard_brake,21,360.960865,350.960865,360.960865,0.9009009999999762,holdout
6926,mitra_t9,data\raw\mitra\Data_T9\T9_DAll.csv,hard_brake,1,424.224111,414.224111,424.224111,0.900901000000033,holdout
6927,mitra_t9,data\raw\mitra\Data_T9\T9_DAll.csv,hard_brake,7,335.568813,325.568813,335.568813,1.2345670000000268,holdout
6928,mitra_t9,data\raw\mitra\Data_T9\T9_DAll.csv,hard_brake,0,417.417306,407.417306,417.417306,0.7007009999999809,holdout
6929,mitra_t9,data\raw\mitra\Data_T9\T9_DAll.csv,hard_brake,2,433.299851,423.299851,433.299851,1.1678340000000276,holdout
6930,mitra_t9,data\raw\mitra\Data_T9\T9_DAll.csv,hard_brake,1,418.418307,408.418307,418.418307,0.8675339999999778,holdout
6931,mitra_t9,data\raw\mitra\Data_T9\T9_DAll.csv,hard_brake,3,432.398951,422.398951,432.398951,0.7340669999999818,holdout
6932,mitra_t9,data\raw\mitra\Data_T9\T9_DAll.csv,hard_brake,1,380.580479,370.580479,380.580479,0.8341679999999769,holdout
6933,mitra_t9,data\raw\mitra\Data_T9\T9_DAll.csv,hard_brake,3,437.504054,427.504054,437.504054,0.8008009999999786,holdout
6934,mitra_t9,data\raw\mitra\Data_T9\T9_DAll.csv,hard_brake,1,431.09765,421.09765,431.09765,0.7007000000000403,holdout
6935,mitra_t9,data\raw\mitra\Data_T9\T9_DAll.csv,hard_brake,21,375.875776,365.875776,375.875776,0.633967000000041,holdout
6936,mitra_t9,data\raw\mitra\Data_T9\T9_DAll.csv,hard_brake,1,385.985883,375.985883,385.985883,0.7674339999999802,holdout
6937,mitra_t9,data\raw\mitra\Data_T9\T9_DAll.csv,hard_brake,3,440.17339,430.17339,440.17339,0.8008000000000379,holdout
6938,mitra_t9,data\raw\mitra\Data_T9\T9_DAll.csv,hard_brake,7,579.345858,569.345858,579.345858,0.8341679999999769,holdout
6939,mitra_t9,data\raw\mitra\Data_T9\T9_DAll.csv,hard_brake,2,353.75366,343.75366,353.75366,0.8675339999999778,holdout
6940,mitra_t9,data\raw\mitra\Data_T9\T9_DAll.csv,hard_brake,3,431.264483,421.264483,431.264483,0.8675340000000347,holdout
6941,mitra_t9,data\raw\mitra\Data_T9\T9_DAll.csv,hard_brake,3,449.482696,439.482696,449.482696,0.8341680000000338,holdout
6942,mitra_t9,data\raw\mitra\Data_T9\T9_DAll.csv,hard_brake,3,442.809358,432.809358,442.809358,0.8341680000000338,holdout
6943,mitra_t9,data\raw\mitra\Data_T9\T9_DAll.csv,hard_brake,1,453.9872,443.9872,453.9872,0.8341670000000363,holdout
6944,mitra_t9,data\raw\mitra\Data_T9\T9_DAll.csv,hard_brake,1,397.297192,387.297192,397.297192,0.5004999999999882,holdout
6945,mitra_t9,data\raw\mitra\Data_T9\T9_DAll.csv,hard_brake,1,450.650531,440.650531,450.650531,0.8341669999999795,holdout
6946,mitra_t9,data\raw\mitra\Data_T9\T9_DAll.csv,hard_brake,2,455.088301,445.088301,455.088301,0.7340669999999818,holdout
6947,mitra_t9,data\raw\mitra\Data_T9\T9_DAll.csv,hard_brake,3,401.668228,391.668228,401.668228,0.6339669999999842,holdout
6948,mitra_t9,data\raw\mitra\Data_T9\T9_DAll.csv,hard_brake,3,455.221767,445.221767,455.221767,0.7674339999999802,holdout
6949,mitra_t9,data\raw\mitra\Data_T9\T9_DAll.csv,hard_brake,21,394.060622,384.060622,394.060622,0.6673339999999826,holdout
6950,mitra_t9,data\raw\mitra\Data_T9\T9_DAll.csv,hard_brake,3,445.178393,435.178393,445.178393,0.4671339999999873,holdout
6951,mitra_t9,data\raw\mitra\Data_T9\T9_DAll.csv,hard_brake,3,463.596807,453.596807,463.596807,0.7340669999999818,holdout
6952,mitra_t9,data\raw\mitra\Data_T9\T9_DAll.csv,hard_brake,2,450.450331,440.450331,450.450331,0.8007999999999811,holdout
6953,mitra_t9,data\raw\mitra\Data_T9\T9_DAll.csv,hard_brake,21,402.435662,392.435662,402.435662,0.8008010000000354,holdout
6954,mitra_t9,data\raw\mitra\Data_T9\T9_DAll.csv,hard_brake,21,404.804697,394.804697,404.804697,0.5338670000000434,holdout
6955,mitra_t9,data\raw\mitra\Data_T9\T9_DAll.csv,hard_brake,3,467.80101,457.80101,467.80101,0.7006999999999834,holdout
6956,mitra_t9,data\raw\mitra\Data_T9\T9_DAll.csv,hard_brake,3,409.275834,399.275834,409.275834,0.5672330000000443,holdout
6957,mitra_t9,data\raw\mitra\Data_T9\T9_DAll.csv,hard_brake,3,465.331875,455.331875,465.331875,0.7674339999999802,holdout
6958,mitra_t9,data\raw\mitra\Data_T9\T9_DAll.csv,hard_brake,3,472.23878,462.23878,472.23878,0.7674339999999802,holdout
6959,mitra_t9,data\raw\mitra\Data_T9\T9_DAll.csv,hard_brake,2,468.668544,458.668544,468.668544,0.8341669999999795,holdout
6960,mitra_t9,data\raw\mitra\Data_T9\T9_DAll.csv,hard_brake,3,470.804012,460.804012,470.804012,0.8675339999999778,holdout
6961,mitra_t9,data\raw\mitra\Data_T9\T9_DAll.csv,hard_brake,3,476.57645,466.57645,476.57645,0.7674339999999802,holdout
6962,mitra_t9,data\raw\mitra\Data_T9\T9_DAll.csv,hard_brake,2,471.371246,461.371246,471.371246,0.8008000000000379,holdout
6963,mitra_t9,data\raw\mitra\Data_T9\T9_DAll.csv,hard_brake,1,455.355234,445.355234,455.355234,0.9676340000000324,holdout
6964,mitra_t9,data\raw\mitra\Data_T9\T9_DAll.csv,hard_brake,7,687.754238,677.754238,687.754238,0.5338669999999865,holdout
6965,mitra_t9,data\raw\mitra\Data_T9\T9_DAll.csv,hard_brake,2,473.173047,463.173047,473.173047,0.8341669999999795,holdout
6966,mitra_t9,data\raw\mitra\Data_T9\T9_DAll.csv,hard_brake,3,478.945485,468.945485,478.945485,0.7340669999999818,holdout
6967,mitra_t9,data\raw\mitra\Data_T9\T9_DAll.csv,hard_brake,0,437.337221,427.337221,437.337221,0.8007999999999811,holdout
6968,mitra_t9,data\raw\mitra\Data_T9\T9_DAll.csv,hard_brake,2,442.809358,432.809358,442.809358,0.5672340000000418,holdout
6969,mitra_t9,data\raw\mitra\Data_T9\T9_DAll.csv,hard_brake,1,452.185398,442.185398,452.185398,0.8008009999999786,holdout
6970,mitra_t9,data\raw\mitra\Data_T9\T9_DAll.csv,hard_brake,3,482.849388,472.849388,482.849388,0.6673330000000419,holdout
6971,mitra_t9,data\raw\mitra\Data_T9\T9_DAll.csv,hard_brake,7,722.889364,712.889364,722.889364,0.6005999999999858,holdout
6972,mitra_t9,data\raw\mitra\Data_T9\T9_DAll.csv,hard_brake,7,390.723953,380.723953,390.723953,0.6006009999999833,holdout
6973,mitra_t9,data\raw\mitra\Data_T9\T9_DAll.csv,hard_brake,3,430.597149,420.597149,430.597149,0.8008009999999786,holdout
6974,mitra_t9,data\raw\mitra\Data_T9\T9_DAll.csv,hard_brake,2,479.345885,469.345885,479.345885,0.8341669999999795,holdout
6975,mitra_t9,data\raw\mitra\Data_T9\T9_DAll.csv,hard_brake,3,486.55309,476.55309,486.55309,0.8008009999999786,holdout
6976,mitra_t9,data\raw\mitra\Data_T9\T9_DAll.csv,hard_brake,1,468.067943,458.067943,468.067943,0.9342679999999746,holdout
6977,mitra_t9,data\raw\mitra\Data_T9\T9_DAll.csv,hard_brake,3,488.021225,478.021225,488.021225,0.8341669999999795,holdout
6978,mitra_t9,data\raw\mitra\Data_T9\T9_DAll.csv,hard_brake,1,425.091645,415.091645,425.091645,0.8675339999999778,holdout
6979,mitra_t9,data\raw\mitra\Data_T9\T9_DAll.csv,hard_brake,1,472.705914,462.705914,472.705914,0.4671329999999898,holdout
6980,mitra_t9,data\raw\mitra\Data_T9\T9_DAll.csv,hard_brake,1,427.794347,417.794347,427.794347,0.9342679999999746,holdout
6981,mitra_t9,data\raw\mitra\Data_T9\T9_DAll.csv,hard_brake,2,478.311518,468.311518,478.311518,0.7007000000000403,holdout
6982,mitra_t9,data\raw\mitra\Data_T9\T9_DAll.csv,hard_brake,7,697.363845,687.363845,697.363845,0.7674339999999802,holdout
6983,mitra_t9,data\raw\mitra\Data_T9\T9_DAll.csv,hard_brake,7,767.70083,757.70083,767.70083,0.6673339999999826,holdout
6984,mitra_t9,data\raw\mitra\Data_T9\T9_DAll.csv,hard_brake,2,484.217422,474.217422,484.217422,0.9676339999999756,holdout
6985,mitra_t9,data\raw\mitra\Data_T9\T9_DAll.csv,hard_brake,3,489.522726,479.522726,489.522726,0.8341670000000363,holdout
6986,mitra_t9,data\raw\mitra\Data_T9\T9_DAll.csv,hard_brake,1,438.605155,428.605155,438.605155,0.5338669999999865,holdout
6987,mitra_t9,data\raw\mitra\Data_T9\T9_DAll.csv,hard_brake,3,493.126328,483.126328,493.126328,0.9009009999999762,holdout
6988,mitra_t9,data\raw\mitra\Data_T9\T9_DAll.csv,hard_brake,1,475.775649,465.775649,475.775649,0.7340670000000387,holdout
6989,mitra_t9,data\raw\mitra\Data_T9\T9_DAll.csv,hard_brake,3,496.930131,486.930131,496.930131,0.7674339999999802,holdout
6990,mitra_t9,data\raw\mitra\Data_T9\T9_DAll.csv,hard_brake,7,769.469265,759.469265,769.469265,0.9009000000000924,holdout
6991,mitra_t9,data\raw\mitra\Data_T9\T9_DAll.csv,hard_brake,3,495.361897,485.361897,495.361897,0.8341669999999795,holdout
6992,mitra_t9,data\raw\mitra\Data_T9\T9_DAll.csv,hard_brake,1,484.651189,474.651189,484.651189,0.7007000000000403,holdout
6993,mitra_t9,data\raw\mitra\Data_T9\T9_DAll.csv,hard_brake,2,491.724927,481.724927,491.724927,0.8008010000000354,holdout
6994,mitra_t9,data\raw\mitra\Data_T9\T9_DAll.csv,hard_brake,2,489.956493,479.956493,489.956493,0.5672339999999849,holdout
6995,mitra_t9,data\raw\mitra\Data_T9\T9_DAll.csv,hard_brake,3,438.972189,428.972189,438.972189,0.6673339999999826,holdout
6996,mitra_t9,data\raw\mitra\Data_T9\T9_DAll.csv,hard_brake,1,485.819023,475.819023,485.819023,0.8675339999999778,holdout
6997,mitra_t9,data\raw\mitra\Data_T9\T9_DAll.csv,hard_brake,2,495.361897,485.361897,495.361897,0.6673339999999826,holdout
6998,mitra_t9,data\raw\mitra\Data_T9\T9_DAll.csv,hard_brake,1,486.986857,476.986857,486.986857,0.8675340000000347,holdout
6999,mitra_t9,data\raw\mitra\Data_T9\T9_DAll.csv,hard_brake,3,503.136336,493.136336,503.136336,0.7340670000000387,holdout
7000,mitra_t9,data\raw\mitra\Data_T9\T9_DAll.csv,hard_brake,2,501.067601,491.067601,501.067601,0.8008009999999786,holdout
7001,mitra_t9,data\raw\mitra\Data_T9\T9_DAll.csv,hard_brake,3,504.80467,494.80467,504.80467,0.900901000000033,holdout
7002,mitra_t9,data\raw\mitra\Data_T9\T9_DAll.csv,hard_brake,2,502.669202,492.669202,502.669202,1.034368000000029,holdout
7003,mitra_t9,data\raw\mitra\Data_T9\T9_DAll.csv,hard_brake,1,491.024227,481.024227,491.024227,0.8341669999999795,holdout
7004,mitra_t9,data\raw\mitra\Data_T9\T9_DAll.csv,hard_brake,3,506.439638,496.439638,506.439638,0.7674339999999802,holdout
7005,mitra_t9,data\raw\mitra\Data_T9\T9_DAll.csv,hard_brake,3,490.89076,480.89076,490.89076,0.4671339999999873,holdout
7006,mitra_t9,data\raw\mitra\Data_T9\T9_DAll.csv,hard_brake,7,783.116241,773.116241,783.116241,0.7674340000000939,holdout
7007,mitra_t9,data\raw\mitra\Data_T9\T9_DAll.csv,hard_brake,3,507.674206,497.674206,507.674206,1.0343669999999747,holdout
7008,mitra_t9,data\raw\mitra\Data_T9\T9_DAll.csv,hard_brake,3,509.108974,499.108974,509.108974,0.7674329999999827,holdout
7009,mitra_t9,data\raw\mitra\Data_T9\T9_DAll.csv,hard_brake,2,505.405271,495.405271,505.405271,0.4671339999999873,holdout
7010,mitra_t9,data\raw\mitra\Data_T9\T9_DAll.csv,hard_brake,3,510.143341,500.143341,510.143341,0.7340669999999818,holdout
7011,mitra_t9,data\raw\mitra\Data_T9\T9_DAll.csv,hard_brake,3,457.323869,447.323869,457.323869,0.5004999999999882,holdout
7012,mitra_t9,data\raw\mitra\Data_T9\T9_DAll.csv,hard_brake,3,511.044242,501.044242,511.044242,0.8341669999999795,holdout
7013,mitra_t9,data\raw\mitra\Data_T9\T9_DAll.csv,hard_brake,2,507.273806,497.273806,507.273806,0.934267000000034,holdout
7014,mitra_t9,data\raw\mitra\Data_T9\T9_DAll.csv,hard_brake,3,479.779652,469.779652,479.779652,0.5338669999999865,holdout
7015,mitra_t9,data\raw\mitra\Data_T9\T9_DAll.csv,hard_brake,3,520.453649,510.453649,520.453649,1.101099999999974,holdout
7016,mitra_t9,data\raw\mitra\Data_T9\T9_DAll.csv,hard_brake,3,518.685214,508.685214,518.685214,0.7006999999999834,holdout
7017,mitra_t9,data\raw\mitra\Data_T9\T9_DAll.csv,hard_brake,2,508.808673,498.808673,508.808673,0.7340679999999793,holdout
7018,mitra_t9,data\raw\mitra\Data_T9\T9_DAll.csv,hard_brake,2,512.178709,502.178709,512.178709,0.5338669999999865,holdout
7019,mitra_t9,data\raw\mitra\Data_T9\T9_DAll.csv,hard_brake,7,777.043503,767.043503,777.043503,0.6673339999999826,holdout
7020,mitra_t9,data\raw\mitra\Data_T9\T9_DAll.csv,hard_brake,1,504.537737,494.537737,504.537737,0.6673339999999826,holdout
7021,mitra_t9,data\raw\mitra\Data_T9\T9_DAll.csv,hard_brake,2,513.012876,503.012876,513.012876,0.8675339999999778,holdout
7022,mitra_t9,data\raw\mitra\Data_T9\T9_DAll.csv,hard_brake,3,525.959153,515.959153,525.959153,0.7674329999999827,holdout
7023,mitra_t9,data\raw\mitra\Data_T9\T9_DAll.csv,hard_brake,2,518.885414,508.885414,518.885414,0.8341669999999795,holdout
7024,mitra_t9,data\raw\mitra\Data_T9\T9_DAll.csv,hard_brake,2,516.015879,506.015879,516.015879,0.8675339999999778,holdout
7025,mitra_t9,data\raw\mitra\Data_T9\T9_DAll.csv,hard_brake,3,527.727587,517.727587,527.727587,0.8341669999999795,holdout
7026,mitra_t9,data\raw\mitra\Data_T9\T9_DAll.csv,hard_brake,3,529.095622,519.095622,529.095622,0.6339669999999842,holdout
7027,mitra_t9,data\raw\mitra\Data_T9\T9_DAll.csv,hard_brake,21,506.206071,496.206071,506.206071,0.5338669999999865,holdout
7028,mitra_t9,data\raw\mitra\Data_T9\T9_DAll.csv,hard_brake,1,507.640839,497.640839,507.640839,0.9009009999999762,holdout
7029,mitra_t9,data\raw\mitra\Data_T9\T9_DAll.csv,hard_brake,3,532.398924,522.398924,532.398924,1.0010010000000875,holdout
7030,mitra_t9,data\raw\mitra\Data_T9\T9_DAll.csv,hard_brake,21,475.975849,465.975849,475.975849,0.8341680000000338,holdout
7031,mitra_t9,data\raw\mitra\Data_T9\T9_DAll.csv,hard_brake,21,485.685556,475.685556,485.685556,0.6339679999999817,holdout
7032,mitra_t9,data\raw\mitra\Data_T9\T9_DAll.csv,hard_brake,1,510.810675,500.810675,510.810675,0.7340669999999818,holdout
7033,mitra_t9,data\raw\mitra\Data_T9\T9_DAll.csv,hard_brake,3,533.933792,523.933792,533.933792,0.8007999999999811,holdout
7034,mitra_t9,data\raw\mitra\Data_T9\T9_DAll.csv,hard_brake,7,678.578398,668.578398,678.578398,1.0343669999999747,holdout
7035,mitra_t9,data\raw\mitra\Data_T9\T9_DAll.csv,hard_brake,7,749.34915,739.34915,749.34915,0.6673339999999826,holdout
7036,mitra_t9,data\raw\mitra\Data_T9\T9_DAll.csv,hard_brake,1,515.882412,505.882412,515.882412,0.8341669999999795,holdout
7037,mitra_t9,data\raw\mitra\Data_T9\T9_DAll.csv,hard_brake,2,482.348887,472.348887,482.348887,0.8341680000000338,holdout
7038,mitra_t9,data\raw\mitra\Data_T9\T9_DAll.csv,hard_brake,1,530.797323,520.797323,530.797323,0.9342669999999772,holdout
7039,mitra_t9,data\raw\mitra\Data_T9\T9_DAll.csv,hard_brake,3,537.437294,527.437294,537.437294,0.8008010000000922,holdout
7040,mitra_t9,data\raw\mitra\Data_T9\T9_DAll.csv,hard_brake,7,756.789922,746.789922,756.789922,0.9009009999999762,holdout
7041,mitra_t9,data\raw\mitra\Data_T9\T9_DAll.csv,hard_brake,1,488.321525,478.321525,488.321525,0.7006999999999834,holdout
7042,mitra_t9,data\raw\mitra\Data_T9\T9_DAll.csv,hard_brake,3,516.249445,506.249445,516.249445,0.6339679999999817,holdout
7043,mitra_t9,data\raw\mitra\Data_T9\T9_DAll.csv,hard_brake,3,546.212734,536.212734,546.212734,0.8675340000000915,holdout
7044,mitra_t9,data\raw\mitra\Data_T9\T9_DAll.csv,hard_brake,1,532.966158,522.966158,532.966158,0.9342670000000908,holdout
7045,mitra_t9,data\raw\mitra\Data_T9\T9_DAll.csv,hard_brake,2,531.297823,521.297823,531.297823,0.7674339999999802,holdout
7046,mitra_t9,data\raw\mitra\Data_T9\T9_DAll.csv,hard_brake,2,539.105629,529.105629,539.105629,0.8007999999999811,holdout
7047,mitra_t9,data\raw\mitra\Data_T9\T9_DAll.csv,hard_brake,3,549.949804,539.949804,549.949804,0.8007999999999811,holdout
7048,mitra_t9,data\raw\mitra\Data_T9\T9_DAll.csv,hard_brake,2,493.660196,483.660196,493.660196,0.7007000000000403,holdout
7049,mitra_t9,data\raw\mitra\Data_T9\T9_DAll.csv,hard_brake,2,534.901426,524.901426,534.901426,0.8341669999999795,holdout
7050,mitra_t9,data\raw\mitra\Data_T9\T9_DAll.csv,hard_brake,3,552.852706,542.852706,552.852706,0.9008999999999788,holdout
7051,mitra_t9,data\raw\mitra\Data_T9\T9_DAll.csv,hard_brake,1,499.232433,489.232433,499.232433,0.8008009999999786,holdout
7052,mitra_t9,data\raw\mitra\Data_T9\T9_DAll.csv,hard_brake,3,535.335193,525.335193,535.335193,0.7340669999999818,holdout
7053,mitra_t9,data\raw\mitra\Data_T9\T9_DAll.csv,hard_brake,3,556.089275,546.089275,556.089275,1.0009999999999764,holdout
7054,mitra_t9,data\raw\mitra\Data_T9\T9_DAll.csv,hard_brake,2,555.088274,545.088274,555.088274,0.6673340000000962,holdout
7055,mitra_t9,data\raw\mitra\Data_T9\T9_DAll.csv,hard_brake,1,502.001868,492.001868,502.001868,0.8675339999999778,holdout
7056,mitra_t9,data\raw\mitra\Data_T9\T9_DAll.csv,hard_brake,1,534.334192,524.334192,534.334192,0.9009009999999762,holdout
7057,mitra_t9,data\raw\mitra\Data_T9\T9_DAll.csv,hard_brake,3,565.331848,555.331848,565.331848,0.9342669999999772,holdout
7058,mitra_t9,data\raw\mitra\Data_T9\T9_DAll.csv,hard_brake,3,564.464314,554.464314,564.464314,0.8008010000000922,holdout
7059,mitra_t9,data\raw\mitra\Data_T9\T9_DAll.csv,hard_brake,2,503.536736,493.536736,503.536736,0.6673339999999826,holdout
7060,mitra_t9,data\raw\mitra\Data_T9\T9_DAll.csv,hard_brake,3,562.295479,552.295479,562.295479,0.8008009999999786,holdout
7061,mitra_t9,data\raw\mitra\Data_T9\T9_DAll.csv,hard_brake,2,561.261112,551.261112,561.261112,0.8341669999999795,holdout
7062,mitra_t9,data\raw\mitra\Data_T9\T9_DAll.csv,hard_brake,3,568.401584,558.401584,568.401584,0.7007000000000971,holdout
7063,mitra_t9,data\raw\mitra\Data_T9\T9_DAll.csv,hard_brake,3,572.639154,562.639154,572.639154,0.8007999999999811,holdout
7064,mitra_t9,data\raw\mitra\Data_T9\T9_DAll.csv,hard_brake,3,551.618138,541.618138,551.618138,0.6339669999999842,holdout
7065,mitra_t9,data\raw\mitra\Data_T9\T9_DAll.csv,hard_brake,3,574.541055,564.541055,574.541055,0.9009009999999762,holdout
7066,mitra_t9,data\raw\mitra\Data_T9\T9_DAll.csv,hard_brake,3,579.045558,569.045558,579.045558,0.7340669999999818,holdout
7067,mitra_t9,data\raw\mitra\Data_T9\T9_DAll.csv,hard_brake,2,566.332849,556.332849,566.332849,0.7674339999999802,holdout
7068,mitra_t9,data\raw\mitra\Data_T9\T9_DAll.csv,hard_brake,3,582.315494,572.315494,582.315494,0.8008010000000922,holdout
7069,mitra_t9,data\raw\mitra\Data_T9\T9_DAll.csv,hard_brake,1,560.226744,550.226744,560.226744,0.8675339999999778,holdout
7070,mitra_t9,data\raw\mitra\Data_T9\T9_DAll.csv,hard_brake,7,734.334139,724.334139,734.334139,0.8341669999999795,holdout
7071,mitra_t9,data\raw\mitra\Data_T9\T9_DAll.csv,hard_brake,3,542.175364,532.175364,542.175364,0.7674340000000939,holdout
7072,mitra_t9,data\raw\mitra\Data_T9\T9_DAll.csv,hard_brake,3,569.669518,559.669518,569.669518,0.7007009999999809,holdout
7073,mitra_t9,data\raw\mitra\Data_T9\T9_DAll.csv,hard_brake,3,500.2668,490.2668,500.2668,0.767434000000037,holdout
7074,mitra_t9,data\raw\mitra\Data_T9\T9_DAll.csv,hard_brake,3,585.68553,575.68553,585.68553,0.9342669999999772,holdout
7075,mitra_t9,data\raw\mitra\Data_T9\T9_DAll.csv,hard_brake,7,685.31847,675.31847,685.31847,0.6339669999999842,holdout
7076,mitra_t9,data\raw\mitra\Data_T9\T9_DAll.csv,hard_brake,2,574.407588,564.407588,574.407588,0.5338669999999865,holdout
7077,mitra_t9,data\raw\mitra\Data_T9\T9_DAll.csv,hard_brake,21,528.228088,518.228088,528.228088,0.6339670000000979,holdout
7078,mitra_t9,data\raw\mitra\Data_T9\T9_DAll.csv,hard_brake,2,577.343857,567.343857,577.343857,1.1011010000000852,holdout
7079,mitra_t9,data\raw\mitra\Data_T9\T9_DAll.csv,hard_brake,3,588.788632,578.788632,588.788632,1.1678339999999707,holdout
7080,mitra_t9,data\raw\mitra\Data_T9\T9_DAll.csv,hard_brake,2,579.078925,569.078925,579.078925,0.7006999999999834,holdout
7081,mitra_t9,data\raw\mitra\Data_T9\T9_DAll.csv,hard_brake,2,575.141655,565.141655,575.141655,0.9676339999999756,holdout
7082,mitra_t9,data\raw\mitra\Data_T9\T9_DAll.csv,hard_brake,1,523.456651,513.456651,523.456651,0.7674339999999802,holdout
7083,mitra_t9,data\raw\mitra\Data_T9\T9_DAll.csv,hard_brake,2,564.597781,554.597781,564.597781,0.8341669999999795,holdout
7084,mitra_t9,data\raw\mitra\Data_T9\T9_DAll.csv,hard_brake,3,590.390233,580.390233,590.390233,0.90090100000009,holdout
7085,mitra_t9,data\raw\mitra\Data_T9\T9_DAll.csv,hard_brake,1,567.200383,557.200383,567.200383,0.9009009999999762,holdout
7086,mitra_t9,data\raw\mitra\Data_T9\T9_DAll.csv,hard_brake,2,580.94746,570.94746,580.94746,0.6673329999999851,holdout
7087,mitra_t9,data\raw\mitra\Data_T9\T9_DAll.csv,hard_brake,3,591.591434,581.591434,591.591434,0.8675339999999778,holdout
7088,mitra_t9,data\raw\mitra\Data_T9\T9_DAll.csv,hard_brake,3,507.407272,497.407272,507.407272,0.6006010000000401,holdout
7089,mitra_t9,data\raw\mitra\Data_T9\T9_DAll.csv,hard_brake,2,582.682528,572.682528,582.682528,0.9342669999999772,holdout
7090,mitra_t9,data\raw\mitra\Data_T9\T9_DAll.csv,hard_brake,2,589.822999,579.822999,589.822999,0.8008009999999786,holdout
7091,mitra_t9,data\raw\mitra\Data_T9\T9_DAll.csv,hard_brake,2,592.826002,582.826002,592.826002,0.8007999999999811,holdout
7092,mitra_t9,data\raw\mitra\Data_T9\T9_DAll.csv,hard_brake,2,594.494336,584.494336,594.494336,0.8008009999999786,holdout
7093,mitra_t9,data\raw\mitra\Data_T9\T9_DAll.csv,hard_brake,2,596.796638,586.796638,596.796638,0.8341669999999795,holdout
7094,mitra_t9,data\raw\mitra\Data_T9\T9_DAll.csv,hard_brake,3,596.596438,586.596438,596.596438,0.8675339999999778,holdout
7095,mitra_t9,data\raw\mitra\Data_T9\T9_DAll.csv,hard_brake,2,583.850362,573.850362,583.850362,0.9342669999999772,holdout
7096,mitra_t9,data\raw\mitra\Data_T9\T9_DAll.csv,hard_brake,3,600.30014,590.30014,600.30014,0.8341679999999769,holdout
7097,mitra_t9,data\raw\mitra\Data_T9\T9_DAll.csv,hard_brake,1,582.482327,572.482327,582.482327,0.8008009999999786,holdout
7098,mitra_t9,data\raw\mitra\Data_T9\T9_DAll.csv,hard_brake,2,598.798639,588.798639,598.798639,1.0010009999999738,holdout
7099,mitra_t9,data\raw\mitra\Data_T9\T9_DAll.csv,hard_brake,3,602.669176,592.669176,602.669176,0.9676339999999756,holdout
7100,mitra_t9,data\raw\mitra\Data_T9\T9_DAll.csv,hard_brake,3,604.03721,594.03721,604.03721,0.9342670000000908,holdout
7101,mitra_t9,data\raw\mitra\Data_T9\T9_DAll.csv,hard_brake,2,601.434608,591.434608,601.434608,0.7006999999999834,holdout
7102,mitra_t9,data\raw\mitra\Data_T9\T9_DAll.csv,hard_brake,3,608.508346,598.508346,608.508346,0.6339680000000953,holdout
7103,mitra_t9,data\raw\mitra\Data_T9\T9_DAll.csv,hard_brake,3,520.053248,510.05324800000005,520.053248,0.6006009999999833,holdout
7104,mitra_t9,data\raw\mitra\Data_T9\T9_DAll.csv,hard_brake,3,610.844015,600.844015,610.844015,0.8007999999999811,holdout
7105,mitra_t9,data\raw\mitra\Data_T9\T9_DAll.csv,hard_brake,2,607.040212,597.040212,607.040212,0.7674339999999802,holdout
7106,mitra_t9,data\raw\mitra\Data_T9\T9_DAll.csv,hard_brake,2,608.508346,598.508346,608.508346,0.9676350000000866,holdout
7107,mitra_t9,data\raw\mitra\Data_T9\T9_DAll.csv,hard_brake,1,580.180026,570.180026,580.180026,0.7674339999999802,holdout
7108,mitra_t9,data\raw\mitra\Data_T9\T9_DAll.csv,hard_brake,2,610.109948,600.109948,610.109948,0.5338669999999865,holdout
7109,mitra_t9,data\raw\mitra\Data_T9\T9_DAll.csv,hard_brake,3,576.91009,566.91009,576.91009,0.5338669999999865,holdout
7110,mitra_t9,data\raw\mitra\Data_T9\T9_DAll.csv,hard_brake,1,596.729905,586.729905,596.729905,0.9008999999999788,holdout
7111,mitra_t9,data\raw\mitra\Data_T9\T9_DAll.csv,hard_brake,3,604.904744,594.904744,604.904744,0.5672339999999849,holdout
7112,mitra_t9,data\raw\mitra\Data_T9\T9_DAll.csv,hard_brake,3,607.207046,597.207046,607.207046,0.9342669999999772,holdout
7113,mitra_t9,data\raw\mitra\Data_T9\T9_DAll.csv,hard_brake,3,616.149319,606.149319,616.149319,0.7340669999999818,holdout
7114,mitra_t9,data\raw\mitra\Data_T9\T9_DAll.csv,hard_brake,3,611.878382,601.878382,611.878382,0.9342679999999746,holdout
7115,mitra_t9,data\raw\mitra\Data_T9\T9_DAll.csv,hard_brake,2,604.938111,594.938111,604.938111,0.8675339999999778,holdout
7116,mitra_t9,data\raw\mitra\Data_T9\T9_DAll.csv,hard_brake,7,703.937083,693.937083,703.937083,1.0343679999999722,holdout
7117,mitra_t9,data\raw\mitra\Data_T9\T9_DAll.csv,hard_brake,1,602.402242,592.402242,602.402242,0.7340669999999818,holdout
7118,mitra_t9,data\raw\mitra\Data_T9\T9_DAll.csv,hard_brake,3,618.818654,608.818654,618.818654,0.8341669999999795,holdout
7119,mitra_t9,data\raw\mitra\Data_T9\T9_DAll.csv,hard_brake,2,591.558067,581.558067,591.558067,0.7340679999999793,holdout
7120,mitra_t9,data\raw\mitra\Data_T9\T9_DAll.csv,hard_brake,2,612.61245,602.61245,612.61245,1.0343670000000884,holdout
7121,mitra_t9,data\raw\mitra\Data_T9\T9_DAll.csv,hard_brake,6,659.559384,649.559384,659.559384,0.6005999999999858,holdout
7122,mitra_t9,data\raw\mitra\Data_T9\T9_DAll.csv,hard_brake,3,599.232406,589.232406,599.232406,0.7340679999999793,holdout
7123,mitra_t9,data\raw\mitra\Data_T9\T9_DAll.csv,hard_brake,1,599.99984,589.99984,599.99984,0.9676340000000891,holdout
7124,mitra_t9,data\raw\mitra\Data_T9\T9_DAll.csv,hard_brake,1,618.418254,608.418254,618.418254,0.5672339999999849,holdout
7125,mitra_t9,data\raw\mitra\Data_T9\T9_DAll.csv,hard_brake,21,585.552063,575.552063,585.552063,0.8675339999999778,holdout
7126,mitra_t9,data\raw\mitra\Data_T9\T9_DAll.csv,hard_brake,1,577.31049,567.31049,577.31049,0.8008010000000922,holdout
7127,mitra_t9,data\raw\mitra\Data_T9\T9_DAll.csv,hard_brake,7,633.666832,623.666832,633.666832,1.3013009999999667,holdout
7128,mitra_t9,data\raw\mitra\Data_T9\T9_DAll.csv,hard_brake,7,693.193009,683.193009,693.193009,0.7340670000000955,holdout
7129,mitra_t9,data\raw\mitra\Data_T9\T9_DAll.csv,hard_brake,2,621.855023,611.855023,621.855023,0.9676340000000891,holdout
7130,mitra_t9,data\raw\mitra\Data_T9\T9_DAll.csv,hard_brake,3,620.353522,610.353522,620.353522,0.8007999999999811,holdout
7131,mitra_t9,data\raw\mitra\Data_T9\T9_DAll.csv,hard_brake,3,623.356524,613.356524,623.356524,0.8008009999999786,holdout
7132,mitra_t9,data\raw\mitra\Data_T9\T9_DAll.csv,hard_brake,2,624.924759,614.924759,624.924759,0.7340669999999818,holdout
7133,mitra_t9,data\raw\mitra\Data_T9\T9_DAll.csv,hard_brake,2,633.766932,623.766932,633.766932,0.7340669999999818,holdout
7134,mitra_t9,data\raw\mitra\Data_T9\T9_DAll.csv,hard_brake,1,599.29914,589.29914,599.29914,1.00100000000009,holdout
7135,mitra_t9,data\raw\mitra\Data_T9\T9_DAll.csv,hard_brake,2,634.567732,624.567732,634.567732,0.6006009999999833,holdout
7136,mitra_t9,data\raw\mitra\Data_T9\T9_DAll.csv,hard_brake,2,636.069233,626.069233,636.069233,0.6006009999999833,holdout
7137,mitra_t9,data\raw\mitra\Data_T9\T9_DAll.csv,hard_brake,3,625.792293,615.792293,625.792293,0.7340669999999818,holdout
7138,mitra_t9,data\raw\mitra\Data_T9\T9_DAll.csv,hard_brake,3,626.92676,616.92676,626.92676,0.6673340000000962,holdout
7139,mitra_t9,data\raw\mitra\Data_T9\T9_DAll.csv,hard_brake,2,626.893393,616.893393,626.893393,0.600601000000097,holdout
7140,mitra_t9,data\raw\mitra\Data_T9\T9_DAll.csv,hard_brake,1,614.113951,604.113951,614.113951,0.7006999999999834,holdout
7141,mitra_t9,data\raw\mitra\Data_T9\T9_DAll.csv,hard_brake,1,635.301799,625.301799,635.301799,0.8675340000000915,holdout
7142,mitra_t9,data\raw\mitra\Data_T9\T9_DAll.csv,hard_brake,21,696.763245,686.763245,696.763245,0.7674329999999827,holdout
7143,mitra_t9,data\raw\mitra\Data_T9\T9_DAll.csv,hard_brake,1,645.111607,635.111607,645.111607,0.9008999999999788,holdout
7144,mitra_t9,data\raw\mitra\Data_T9\T9_DAll.csv,hard_brake,1,636.703201,626.703201,636.703201,0.8007999999999811,holdout
7145,mitra_t9,data\raw\mitra\Data_T9\T9_DAll.csv,hard_brake,3,632.098597,622.098597,632.098597,0.9009009999999762,holdout
7146,mitra_t9,data\raw\mitra\Data_T9\T9_DAll.csv,hard_brake,3,638.304802,628.304802,638.304802,0.8675339999999778,holdout
7147,mitra_t9,data\raw\mitra\Data_T9\T9_DAll.csv,hard_brake,7,732.432237,722.432237,732.432237,0.7340679999999793,holdout
7148,mitra_t9,data\raw\mitra\Data_T9\T9_DAll.csv,hard_brake,2,620.553722,610.553722,620.553722,0.7674339999999802,holdout
7149,mitra_t9,data\raw\mitra\Data_T9\T9_DAll.csv,hard_brake,3,640.44027,630.44027,640.44027,0.9009009999999762,holdout
7150,mitra_t9,data\raw\mitra\Data_T9\T9_DAll.csv,hard_brake,2,643.943772,633.943772,643.943772,0.9009009999999762,holdout
7151,mitra_t9,data\raw\mitra\Data_T9\T9_DAll.csv,hard_brake,2,647.981142,637.981142,647.981142,0.7007009999999809,holdout
7152,mitra_t9,data\raw\mitra\Data_T9\T9_DAll.csv,hard_brake,7,850.650424,840.650424,850.650424,0.6339669999999842,holdout
7153,mitra_t9,data\raw\mitra\Data_T9\T9_DAll.csv,hard_brake,3,641.107604,631.107604,641.107604,0.9008999999999788,holdout
7154,mitra_t9,data\raw\mitra\Data_T9\T9_DAll.csv,hard_brake,3,641.808304,631.808304,641.808304,0.8675339999999778,holdout
7155,mitra_t9,data\raw\mitra\Data_T9\T9_DAll.csv,hard_brake,3,643.743572,633.743572,643.743572,0.9342679999999746,holdout
7156,mitra_t9,data\raw\mitra\Data_T9\T9_DAll.csv,hard_brake,1,624.390891,614.390891,624.390891,0.7674339999999802,holdout
7157,mitra_t9,data\raw\mitra\Data_T9\T9_DAll.csv,hard_brake,3,648.548376,638.548376,648.548376,0.9676340000000891,holdout
7158,mitra_t9,data\raw\mitra\Data_T9\T9_DAll.csv,hard_brake,3,651.417911,641.417911,651.417911,0.7674339999999802,holdout
7159,mitra_t9,data\raw\mitra\Data_T9\T9_DAll.csv,hard_brake,2,660.293451,650.293451,660.293451,0.7340669999999818,holdout
7160,mitra_t9,data\raw\mitra\Data_T9\T9_DAll.csv,hard_brake,1,662.262086,652.262086,662.262086,0.7674340000000939,holdout
7161,mitra_t9,data\raw\mitra\Data_T9\T9_DAll.csv,hard_brake,3,653.820313,643.820313,653.820313,0.7007009999999809,holdout
7162,mitra_t9,data\raw\mitra\Data_T9\T9_DAll.csv,hard_brake,1,634.167332,624.167332,634.167332,1.0010009999999738,holdout
7163,mitra_t9,data\raw\mitra\Data_T9\T9_DAll.csv,hard_brake,1,670.270092,660.270092,670.270092,0.9342669999999772,holdout
7164,mitra_t9,data\raw\mitra\Data_T9\T9_DAll.csv,hard_brake,1,663.73022,653.73022,663.73022,0.9676339999999756,holdout
7165,mitra_t9,data\raw\mitra\Data_T9\T9_DAll.csv,hard_brake,3,655.989148,645.989148,655.989148,0.8675339999999778,holdout
7166,mitra_t9,data\raw\mitra\Data_T9\T9_DAll.csv,hard_brake,2,664.430921,654.430921,664.430921,0.7674339999999802,holdout
7167,mitra_t9,data\raw\mitra\Data_T9\T9_DAll.csv,hard_brake,1,672.90606,662.90606,672.90606,0.6006009999999833,holdout
7168,mitra_t9,data\raw\mitra\Data_T9\T9_DAll.csv,hard_brake,2,669.569391,659.569391,669.569391,0.8008009999999786,holdout
7169,mitra_t9,data\raw\mitra\Data_T9\T9_DAll.csv,hard_brake,7,739.572709,729.572709,739.572709,0.7674339999999802,holdout
7170,mitra_t9,data\raw\mitra\Data_T9\T9_DAll.csv,hard_brake,3,666.599756,656.599756,666.599756,0.9342670000000908,holdout
7171,mitra_t9,data\raw\mitra\Data_T9\T9_DAll.csv,hard_brake,3,663.963787,653.963787,663.963787,0.7340669999999818,holdout
7172,mitra_t9,data\raw\mitra\Data_T9\T9_DAll.csv,hard_brake,7,746.412881,736.412881,746.412881,0.7674339999999802,holdout
7173,mitra_t9,data\raw\mitra\Data_T9\T9_DAll.csv,hard_brake,1,653.95378,643.95378,653.95378,0.7340669999999818,holdout
7174,mitra_t9,data\raw\mitra\Data_T9\T9_DAll.csv,hard_brake,2,671.871693,661.871693,671.871693,0.8341669999999795,holdout
7175,mitra_t9,data\raw\mitra\Data_T9\T9_DAll.csv,hard_brake,3,668.535024,658.535024,668.535024,0.8341669999999795,holdout
7176,mitra_t9,data\raw\mitra\Data_T9\T9_DAll.csv,hard_brake,3,672.138627,662.138627,672.138627,0.7340669999999818,holdout
7177,mitra_t9,data\raw\mitra\Data_T9\T9_DAll.csv,hard_brake,1,678.845331,668.845331,678.845331,0.8675339999999778,holdout
7178,mitra_t9,data\raw\mitra\Data_T9\T9_DAll.csv,hard_brake,3,676.54303,666.54303,676.54303,1.0009999999999764,holdout
7179,mitra_t9,data\raw\mitra\Data_T9\T9_DAll.csv,hard_brake,2,654.487647,644.487647,654.487647,0.8675339999999778,holdout
7180,mitra_t9,data\raw\mitra\Data_T9\T9_DAll.csv,hard_brake,3,673.106261,663.106261,673.106261,0.7674329999999827,holdout
7181,mitra_t9,data\raw\mitra\Data_T9\T9_DAll.csv,hard_brake,7,753.78692,743.78692,753.78692,0.9008999999999788,holdout
7182,mitra_t9,data\raw\mitra\Data_T9\T9_DAll.csv,hard_brake,1,680.046532,670.046532,680.046532,0.6673340000000962,holdout
7183,mitra_t9,data\raw\mitra\Data_T9\T9_DAll.csv,hard_brake,1,659.893051,649.893051,659.893051,0.6673339999999826,holdout
7184,mitra_t9,data\raw\mitra\Data_T9\T9_DAll.csv,hard_brake,21,684.317469,674.317469,684.317469,0.5338669999999865,holdout
7185,mitra_t9,data\raw\mitra\Data_T9\T9_DAll.csv,hard_brake,7,770.236698,760.236698,770.236698,0.6339679999999817,holdout
7186,mitra_t9,data\raw\mitra\Data_T9\T9_DAll.csv,hard_brake,3,684.384202,674.384202,684.384202,0.6673340000000962,holdout
7187,mitra_t9,data\raw\mitra\Data_T9\T9_DAll.csv,hard_brake,3,680.013166,670.013166,680.013166,0.8675340000000915,holdout
7188,mitra_t9,data\raw\mitra\Data_T9\T9_DAll.csv,hard_brake,3,650.617111,640.617111,650.617111,0.8675339999999778,holdout
7189,mitra_t9,data\raw\mitra\Data_T9\T9_DAll.csv,hard_brake,3,652.919412,642.919412,652.919412,0.4671339999999873,holdout
7190,mitra_t9,data\raw\mitra\Data_T9\T9_DAll.csv,hard_brake,3,661.060885,651.060885,661.060885,0.7340669999999818,holdout
7191,mitra_t9,data\raw\mitra\Data_T9\T9_DAll.csv,hard_brake,7,793.092882,783.092882,793.092882,0.8008009999999786,holdout
7192,mitra_t9,data\raw\mitra\Data_T9\T9_DAll.csv,hard_brake,2,690.123273,680.123273,690.123273,0.9009009999999762,holdout
7193,mitra_t9,data\raw\mitra\Data_T9\T9_DAll.csv,hard_brake,21,695.49531,685.49531,695.49531,0.5338669999999865,holdout
7194,mitra_t9,data\raw\mitra\Data_T9\T9_DAll.csv,hard_brake,1,672.038526,662.038526,672.038526,0.8341679999999769,holdout
7195,mitra_t9,data\raw\mitra\Data_T9\T9_DAll.csv,hard_brake,1,677.310464,667.310464,677.310464,0.9008999999999788,holdout
7196,mitra_t9,data\raw\mitra\Data_T9\T9_DAll.csv,hard_brake,2,696.696511,686.696511,696.696511,0.8675339999999778,holdout
7197,mitra_t9,data\raw\mitra\Data_T9\T9_DAll.csv,hard_brake,3,695.69551,685.69551,695.69551,1.0343679999999722,holdout
7198,mitra_t9,data\raw\mitra\Data_T9\T9_DAll.csv,hard_brake,1,698.798613,688.798613,698.798613,0.7674339999999802,holdout
7199,mitra_t9,data\raw\mitra\Data_T9\T9_DAll.csv,hard_brake,3,677.14363,667.14363,677.14363,0.9009009999999762,holdout
7200,mitra_t9,data\raw\mitra\Data_T9\T9_DAll.csv,hard_brake,3,693.092909,683.092909,693.092909,0.9676340000000891,holdout
7201,mitra_t9,data\raw\mitra\Data_T9\T9_DAll.csv,hard_brake,2,704.904717,694.904717,704.904717,0.8341679999999769,holdout
7202,mitra_t9,data\raw\mitra\Data_T9\T9_DAll.csv,hard_brake,3,696.863345,686.863345,696.863345,0.7006999999999834,holdout
7203,mitra_t9,data\raw\mitra\Data_T9\T9_DAll.csv,hard_brake,3,705.338484,695.338484,705.338484,0.9009009999999762,holdout
7204,mitra_t9,data\raw\mitra\Data_T9\T9_DAll.csv,hard_brake,1,680.8807,670.8807,680.8807,0.8341669999999795,holdout
7205,mitra_t9,data\raw\mitra\Data_T9\T9_DAll.csv,hard_brake,1,682.916068,672.916068,682.916068,0.9676339999999756,holdout
7206,mitra_t9,data\raw\mitra\Data_T9\T9_DAll.csv,hard_brake,3,700.066547,690.066547,700.066547,0.6673339999999826,holdout
7207,mitra_t9,data\raw\mitra\Data_T9\T9_DAll.csv,hard_brake,7,754.954754,744.954754,754.954754,0.5672339999999849,holdout
7208,mitra_t9,data\raw\mitra\Data_T9\T9_DAll.csv,hard_brake,3,704.237383,694.237383,704.237383,1.0010009999999738,holdout
7209,mitra_t9,data\raw\mitra\Data_T9\T9_DAll.csv,hard_brake,1,712.94609,702.94609,712.94609,0.8007999999999811,holdout
7210,mitra_t9,data\raw\mitra\Data_T9\T9_DAll.csv,hard_brake,1,719.085561,709.085561,719.085561,0.8341669999999795,holdout
7211,mitra_t9,data\raw\mitra\Data_T9\T9_DAll.csv,hard_brake,3,706.506318,696.506318,706.506318,0.90090100000009,holdout
7212,mitra_t9,data\raw\mitra\Data_T9\T9_DAll.csv,hard_brake,1,693.793609,683.793609,693.793609,0.8675340000000915,holdout
7213,mitra_t9,data\raw\mitra\Data_T9\T9_DAll.csv,hard_brake,3,708.441586,698.441586,708.441586,1.1344679999999698,holdout
7214,mitra_t9,data\raw\mitra\Data_T9\T9_DAll.csv,hard_brake,1,723.356497,713.356497,723.356497,0.9009009999999762,holdout
7215,mitra_t9,data\raw\mitra\Data_T9\T9_DAll.csv,hard_brake,1,697.530678,687.530678,697.530678,0.7007009999999809,holdout
7216,mitra_t9,data\raw\mitra\Data_T9\T9_DAll.csv,hard_brake,2,712.178656,702.178656,712.178656,0.9009009999999762,holdout
7217,mitra_t9,data\raw\mitra\Data_T9\T9_DAll.csv,hard_brake,3,709.876354,699.876354,709.876354,0.7007009999999809,holdout
7218,mitra_t9,data\raw\mitra\Data_T9\T9_DAll.csv,hard_brake,2,716.849993,706.849993,716.849993,0.9008999999999788,holdout
7219,mitra_t9,data\raw\mitra\Data_T9\T9_DAll.csv,hard_brake,2,717.850993,707.850993,717.850993,1.0677349999999706,holdout
7220,mitra_t9,data\raw\mitra\Data_T9\T9_DAll.csv,hard_brake,2,719.052194,709.052194,719.052194,0.7007009999999809,holdout
7221,mitra_t9,data\raw\mitra\Data_T9\T9_DAll.csv,hard_brake,3,714.247391,704.247391,714.247391,0.6673339999999826,holdout
7222,mitra_t9,data\raw\mitra\Data_T9\T9_DAll.csv,hard_brake,7,762.262059,752.262059,762.262059,0.7674339999999802,holdout
7223,mitra_t9,data\raw\mitra\Data_T9\T9_DAll.csv,hard_brake,3,716.883359,706.883359,716.883359,0.7007009999999809,holdout
7224,mitra_t9,data\raw\mitra\Data_T9\T9_DAll.csv,hard_brake,2,722.989464,712.989464,722.989464,0.7674339999999802,holdout
7225,mitra_t9,data\raw\mitra\Data_T9\T9_DAll.csv,hard_brake,3,718.351494,708.351494,718.351494,0.9008999999999788,holdout
7226,mitra_t9,data\raw\mitra\Data_T9\T9_DAll.csv,hard_brake,3,719.118928,709.118928,719.118928,0.9676339999999756,holdout
7227,mitra_t9,data\raw\mitra\Data_T9\T9_DAll.csv,hard_brake,1,701.034181,691.034181,701.034181,0.7007009999999809,holdout
7228,mitra_t9,data\raw\mitra\Data_T9\T9_DAll.csv,hard_brake,3,720.086562,710.086562,720.086562,0.8341670000000931,holdout
7229,mitra_t9,data\raw\mitra\Data_T9\T9_DAll.csv,hard_brake,1,705.705518,695.705518,705.705518,0.7006999999999834,holdout
7230,mitra_t9,data\raw\mitra\Data_T9\T9_DAll.csv,hard_brake,2,729.629435,719.629435,729.629435,0.8008010000000922,holdout
7231,mitra_t9,data\raw\mitra\Data_T9\T9_DAll.csv,hard_brake,2,728.428234,718.428234,728.428234,1.167835000000082,holdout
7232,mitra_t9,data\raw\mitra\Data_T9\T9_DAll.csv,hard_brake,1,707.307119,697.307119,707.307119,0.7674340000000939,holdout
7233,mitra_t9,data\raw\mitra\Data_T9\T9_DAll.csv,hard_brake,7,827.260374,817.260374,827.260374,0.8341670000000931,holdout
7234,mitra_t9,data\raw\mitra\Data_T9\T9_DAll.csv,hard_brake,2,724.224031,714.224031,724.224031,0.8675339999999778,holdout
7235,mitra_t9,data\raw\mitra\Data_T9\T9_DAll.csv,hard_brake,3,726.025833,716.025833,726.025833,1.067733999999973,holdout
7236,mitra_t9,data\raw\mitra\Data_T9\T9_DAll.csv,hard_brake,1,737.871008,727.871008,737.871008,0.7340670000000955,holdout
7237,mitra_t9,data\raw\mitra\Data_T9\T9_DAll.csv,hard_brake,2,733.600072,723.600072,733.600072,0.8341670000000931,holdout
7238,mitra_t9,data\raw\mitra\Data_T9\T9_DAll.csv,hard_brake,2,734.100572,724.100572,734.100572,1.0010009999999738,holdout
7239,mitra_t9,data\raw\mitra\Data_T9\T9_DAll.csv,hard_brake,3,728.995468,718.995468,728.995468,0.7674340000000939,holdout
7240,mitra_t9,data\raw\mitra\Data_T9\T9_DAll.csv,hard_brake,2,735.969107,725.969107,735.969107,0.9676339999999756,holdout
7241,mitra_t9,data\raw\mitra\Data_T9\T9_DAll.csv,hard_brake,2,736.769907,726.769907,736.769907,0.8341679999999769,holdout
7242,mitra_t9,data\raw\mitra\Data_T9\T9_DAll.csv,hard_brake,3,731.331137,721.331137,731.331137,0.9342669999999772,holdout
7243,mitra_t9,data\raw\mitra\Data_T9\T9_DAll.csv,hard_brake,7,791.09088,781.09088,791.09088,0.8008009999999786,holdout
7244,mitra_t9,data\raw\mitra\Data_T9\T9_DAll.csv,hard_brake,1,720.286762,710.286762,720.286762,0.8008000000000948,holdout
7245,mitra_t9,data\raw\mitra\Data_T9\T9_DAll.csv,hard_brake,3,732.732538,722.732538,732.732538,0.8675339999999778,holdout
7246,mitra_t9,data\raw\mitra\Data_T9\T9_DAll.csv,hard_brake,2,748.081216,738.081216,748.081216,0.8675339999999778,holdout
7247,mitra_t9,data\raw\mitra\Data_T9\T9_DAll.csv,hard_brake,2,746.312781,736.312781,746.312781,0.8008009999999786,holdout
7248,mitra_t9,data\raw\mitra\Data_T9\T9_DAll.csv,hard_brake,3,737.103574,727.103574,737.103574,0.6673339999999826,holdout
7249,mitra_t9,data\raw\mitra\Data_T9\T9_DAll.csv,hard_brake,3,748.915383,738.915383,748.915383,0.8675339999999778,holdout
7250,mitra_t9,data\raw\mitra\Data_T9\T9_DAll.csv,hard_brake,2,750.083217,740.083217,750.083217,0.8675339999999778,holdout
7251,mitra_t9,data\raw\mitra\Data_T9\T9_DAll.csv,hard_brake,1,748.214682,738.214682,748.214682,0.9009009999999762,holdout
7252,mitra_t9,data\raw\mitra\Data_T9\T9_DAll.csv,hard_brake,3,738.638442,728.638442,738.638442,0.8008009999999786,holdout
7253,mitra_t9,data\raw\mitra\Data_T9\T9_DAll.csv,hard_brake,3,741.574711,731.574711,741.574711,0.8675339999999778,holdout
7254,mitra_t9,data\raw\mitra\Data_T9\T9_DAll.csv,hard_brake,3,739.97311,729.97311,739.97311,0.6339669999999842,holdout
7255,mitra_t9,data\raw\mitra\Data_T9\T9_DAll.csv,hard_brake,1,754.120587,744.120587,754.120587,0.8341669999999795,holdout
7256,mitra_t9,data\raw\mitra\Data_T9\T9_DAll.csv,hard_brake,3,744.110579,734.110579,744.110579,1.0010009999999738,holdout
7257,mitra_t9,data\raw\mitra\Data_T9\T9_DAll.csv,hard_brake,7,798.331452,788.331452,798.331452,0.9009009999999762,holdout
7258,mitra_t9,data\raw\mitra\Data_T9\T9_DAll.csv,hard_brake,3,743.543346,733.543346,743.543346,0.9008999999999788,holdout
7259,mitra_t9,data\raw\mitra\Data_T9\T9_DAll.csv,hard_brake,2,752.318785,742.318785,752.318785,0.9676339999999756,holdout
7260,mitra_t9,data\raw\mitra\Data_T9\T9_DAll.csv,hard_brake,2,753.98712,743.98712,753.98712,0.8007999999999811,holdout
7261,mitra_t9,data\raw\mitra\Data_T9\T9_DAll.csv,hard_brake,1,761.527992,751.527992,761.527992,0.9342669999999772,holdout
7262,mitra_t9,data\raw\mitra\Data_T9\T9_DAll.csv,hard_brake,2,759.859658,749.859658,759.859658,0.9342669999999772,holdout
7263,mitra_t9,data\raw\mitra\Data_T9\T9_DAll.csv,hard_brake,2,758.458257,748.458257,758.458257,1.0009999999999764,holdout
7264,mitra_t9,data\raw\mitra\Data_T9\T9_DAll.csv,hard_brake,21,748.815283,738.815283,748.815283,0.6005999999999858,holdout
7265,mitra_t9,data\raw\mitra\Data_T9\T9_DAll.csv,hard_brake,2,756.556355,746.556355,756.556355,0.7340669999999818,holdout
7266,mitra_t9,data\raw\mitra\Data_T9\T9_DAll.csv,hard_brake,3,752.552352,742.552352,752.552352,1.067733999999973,holdout
7267,mitra_t9,data\raw\mitra\Data_T9\T9_DAll.csv,hard_brake,3,753.78692,743.78692,753.78692,1.1678339999999707,holdout
7268,mitra_t9,data\raw\mitra\Data_T9\T9_DAll.csv,hard_brake,1,736.53634,726.53634,736.53634,0.7340679999999793,holdout
7269,mitra_t9,data\raw\mitra\Data_T9\T9_DAll.csv,hard_brake,1,767.767563,757.767563,767.767563,0.8675339999999778,holdout
7270,mitra_t9,data\raw\mitra\Data_T9\T9_DAll.csv,hard_brake,3,755.655454,745.655454,755.655454,1.1344680000000835,holdout
7271,mitra_t9,data\raw\mitra\Data_T9\T9_DAll.csv,hard_brake,3,756.623089,746.623089,756.623089,1.0009999999999764,holdout
7272,mitra_t9,data\raw\mitra\Data_T9\T9_DAll.csv,hard_brake,2,766.232696,756.232696,766.232696,0.7340669999999818,holdout
7273,mitra_t9,data\raw\mitra\Data_T9\T9_DAll.csv,hard_brake,3,757.724189,747.724189,757.724189,0.9009009999999762,holdout
7274,mitra_t9,data\raw\mitra\Data_T9\T9_DAll.csv,hard_brake,3,760.660458,750.660458,760.660458,0.9676340000000891,holdout
7275,mitra_t9,data\raw\mitra\Data_T9\T9_DAll.csv,hard_brake,1,772.972767,762.972767,772.972767,1.1678339999999707,holdout
7276,mitra_t9,data\raw\mitra\Data_T9\T9_DAll.csv,hard_brake,2,770.637099,760.637099,770.637099,0.8341669999999795,holdout
7277,mitra_t9,data\raw\mitra\Data_T9\T9_DAll.csv,hard_brake,1,744.677813,734.677813,744.677813,0.9342669999999772,holdout
7278,mitra_t9,data\raw\mitra\Data_T9\T9_DAll.csv,hard_brake,3,763.46326,753.46326,763.46326,0.8341669999999795,holdout
7279,mitra_t9,data\raw\mitra\Data_T9\T9_DAll.csv,hard_brake,3,765.999129,755.999129,765.999129,1.368033999999966,holdout
7280,mitra_t9,data\raw\mitra\Data_T9\T9_DAll.csv,hard_brake,3,764.297427,754.297427,764.297427,1.3346680000000788,holdout
7281,mitra_t9,data\raw\mitra\Data_T9\T9_DAll.csv,hard_brake,2,760.627091,750.627091,760.627091,0.9342680000000884,holdout
7282,mitra_t9,data\raw\mitra\Data_T9\T9_DAll.csv,hard_brake,2,772.272067,762.272067,772.272067,1.0343669999999747,holdout
7283,mitra_t9,data\raw\mitra\Data_T9\T9_DAll.csv,hard_brake,3,765.398528,755.398528,765.398528,1.2345679999999677,holdout
7284,mitra_t9,data\raw\mitra\Data_T9\T9_DAll.csv,hard_brake,2,777.510637,767.510637,777.510637,0.8008009999999786,holdout
7285,mitra_t9,data\raw\mitra\Data_T9\T9_DAll.csv,hard_brake,21,766.032495,756.032495,766.032495,0.5672339999999849,holdout
7286,mitra_t9,data\raw\mitra\Data_T9\T9_DAll.csv,hard_brake,2,775.108235,765.108235,775.108235,0.8675339999999778,holdout
7287,mitra_t9,data\raw\mitra\Data_T9\T9_DAll.csv,hard_brake,21,769.102231,759.102231,769.102231,0.6673339999999826,holdout
7288,mitra_t9,data\raw\mitra\Data_T9\T9_DAll.csv,hard_brake,3,771.404533,761.404533,771.404533,1.067733999999973,holdout
7289,mitra_t9,data\raw\mitra\Data_T9\T9_DAll.csv,hard_brake,1,777.47727,767.47727,777.47727,0.8341679999999769,holdout
7290,mitra_t9,data\raw\mitra\Data_T9\T9_DAll.csv,hard_brake,2,781.447907,771.447907,781.447907,1.0343669999999747,holdout
7291,mitra_t9,data\raw\mitra\Data_T9\T9_DAll.csv,hard_brake,3,775.875669,765.875669,775.875669,1.1011009999999717,holdout
7292,mitra_t9,data\raw\mitra\Data_T9\T9_DAll.csv,hard_brake,3,772.872667,762.872667,772.872667,1.2679339999999684,holdout
7293,mitra_t9,data\raw\mitra\Data_T9\T9_DAll.csv,hard_brake,0,725.692166,715.692166,725.692166,1.1678339999999707,holdout
7294,mitra_t9,data\raw\mitra\Data_T9\T9_DAll.csv,hard_brake,3,763.329793,753.329793,763.329793,0.6339679999999817,holdout
7295,mitra_t9,data\raw\mitra\Data_T9\T9_DAll.csv,hard_brake,2,784.384176,774.384176,784.384176,0.7674329999999827,holdout
7296,mitra_t9,data\raw\mitra\Data_T9\T9_DAll.csv,hard_brake,3,774.107235,764.107235,774.107235,0.7340670000000955,holdout
7297,mitra_t9,data\raw\mitra\Data_T9\T9_DAll.csv,hard_brake,3,774.641102,764.641102,774.641102,1.067733999999973,holdout
7298,mitra_t9,data\raw\mitra\Data_T9\T9_DAll.csv,hard_brake,21,775.408536,765.408536,775.408536,0.7006999999999834,holdout
7299,mitra_t9,data\raw\mitra\Data_T9\T9_DAll.csv,hard_brake,2,787.854311,777.854311,787.854311,0.9676339999999756,holdout
7300,mitra_t9,data\raw\mitra\Data_T9\T9_DAll.csv,hard_brake,1,781.147607,771.147607,781.147607,0.8341669999999795,holdout
7301,mitra_t9,data\raw\mitra\Data_T9\T9_DAll.csv,hard_brake,3,774.707835,764.707835,774.707835,0.5004999999999882,holdout
7302,mitra_t9,data\raw\mitra\Data_T9\T9_DAll.csv,hard_brake,3,782.081874,772.081874,782.081874,0.9009009999999762,holdout
7303,mitra_t9,data\raw\mitra\Data_T9\T9_DAll.csv,hard_brake,3,785.35181,775.35181,785.35181,0.7674329999999827,holdout
7304,mitra_t9,data\raw\mitra\Data_T9\T9_DAll.csv,hard_brake,2,790.356813,780.356813,790.356813,0.8008009999999786,holdout
7305,mitra_t9,data\raw\mitra\Data_T9\T9_DAll.csv,hard_brake,2,792.759215,782.759215,792.759215,0.7340669999999818,holdout
7306,mitra_t9,data\raw\mitra\Data_T9\T9_DAll.csv,hard_brake,3,779.779572,769.779572,779.779572,0.6673339999999826,holdout
7307,mitra_t9,data\raw\mitra\Data_T9\T9_DAll.csv,hard_brake,3,788.955412,778.955412,788.955412,0.8675339999999778,holdout
7308,mitra_t9,data\raw\mitra\Data_T9\T9_DAll.csv,hard_brake,3,790.757214,780.757214,790.757214,0.9008999999999788,holdout
7309,mitra_t9,data\raw\mitra\Data_T9\T9_DAll.csv,hard_brake,1,788.421545,778.421545,788.421545,0.7007009999999809,holdout
7310,mitra_t9,data\raw\mitra\Data_T9\T9_DAll.csv,hard_brake,1,770.637099,760.637099,770.637099,0.8341669999999795,holdout
7311,mitra_t9,data\raw\mitra\Data_T9\T9_DAll.csv,hard_brake,1,792.625748,782.625748,792.625748,0.7007009999999809,holdout
7312,mitra_t9,data\raw\mitra\Data_T9\T9_DAll.csv,hard_brake,2,798.531653,788.531653,798.531653,0.8007999999999811,holdout
7313,mitra_t9,data\raw\mitra\Data_T9\T9_DAll.csv,hard_brake,3,782.282074,772.282074,782.282074,1.2012010000000828,holdout
7314,mitra_t9,data\raw\mitra\Data_T9\T9_DAll.csv,hard_brake,1,796.696485,786.696485,796.696485,0.8007999999999811,holdout
7315,mitra_t9,data\raw\mitra\Data_T9\T9_DAll.csv,hard_brake,2,800.667121,790.667121,800.667121,0.8341670000000931,holdout
7316,mitra_t9,data\raw\mitra\Data_T9\T9_DAll.csv,hard_brake,3,783.216341,773.216341,783.216341,1.067733999999973,holdout
7317,mitra_t9,data\raw\mitra\Data_T9\T9_DAll.csv,hard_brake,3,797.530652,787.530652,797.530652,0.6005999999999858,holdout
7318,mitra_t9,data\raw\mitra\Data_T9\T9_DAll.csv,hard_brake,1,800.433554,790.433554,800.433554,0.7340670000000955,holdout
7319,mitra_t9,data\raw\mitra\Data_T9\T9_DAll.csv,hard_brake,3,811.377829,801.377829,811.377829,0.6339669999999842,holdout
7320,mitra_t9,data\raw\mitra\Data_T9\T9_DAll.csv,hard_brake,3,784.717842,774.717842,784.717842,0.4671339999999873,holdout
7321,mitra_t9,data\raw\mitra\Data_T9\T9_DAll.csv,hard_brake,3,800.633754,790.633754,800.633754,0.7007010000000946,holdout
7322,mitra_t9,data\raw\mitra\Data_T9\T9_DAll.csv,hard_brake,2,804.938057,794.938057,804.938057,0.7340670000000955,holdout
7323,mitra_t9,data\raw\mitra\Data_T9\T9_DAll.csv,hard_brake,3,804.70449,794.70449,804.70449,0.7007009999999809,holdout
7324,mitra_t9,data\raw\mitra\Data_T9\T9_DAll.csv,hard_brake,1,801.701488,791.701488,801.701488,0.9676339999999756,holdout
7325,mitra_t9,data\raw\mitra\Data_T9\T9_DAll.csv,hard_brake,1,784.117242,774.117242,784.117242,0.7007009999999809,holdout
7326,mitra_t9,data\raw\mitra\Data_T9\T9_DAll.csv,hard_brake,2,806.539658,796.539658,806.539658,0.6339679999999817,holdout
7327,mitra_t9,data\raw\mitra\Data_T9\T9_DAll.csv,hard_brake,3,807.774226,797.774226,807.774226,0.5672339999999849,holdout
7328,mitra_t9,data\raw\mitra\Data_T9\T9_DAll.csv,hard_brake,2,811.444562,801.444562,811.444562,0.7340669999999818,holdout
7329,mitra_t9,data\raw\mitra\Data_T9\T9_DAll.csv,hard_brake,3,813.27973,803.27973,813.27973,0.7340669999999818,holdout
7330,mitra_t9,data\raw\mitra\Data_T9\T9_DAll.csv,hard_brake,21,792.125248,782.125248,792.125248,0.4671339999999873,holdout
7331,mitra_t9,data\raw\mitra\Data_T9\T9_DAll.csv,hard_brake,3,819.018801,809.018801,819.018801,0.8341669999999795,holdout
7332,mitra_t9,data\raw\mitra\Data_T9\T9_DAll.csv,hard_brake,3,816.249366,806.249366,816.249366,0.7674329999999827,holdout
7333,mitra_t9,data\raw\mitra\Data_T9\T9_DAll.csv,hard_brake,21,799.933054,789.933054,799.933054,0.7006999999999834,holdout
7334,mitra_t9,data\raw\mitra\Data_T9\T9_DAll.csv,hard_brake,1,809.375827,799.375827,809.375827,0.8008010000000922,holdout
7335,mitra_t9,data\raw\mitra\Data_T9\T9_DAll.csv,hard_brake,1,812.378829,802.378829,812.378829,0.8008009999999786,holdout
7336,mitra_t9,data\raw\mitra\Data_T9\T9_DAll.csv,hard_brake,3,823.556671,813.556671,823.556671,0.8008009999999786,holdout
7337,mitra_t9,data\raw\mitra\Data_T9\T9_DAll.csv,hard_brake,1,816.249366,806.249366,816.249366,0.7674329999999827,holdout
7338,mitra_t9,data\raw\mitra\Data_T9\T9_DAll.csv,hard_brake,2,823.223004,813.223004,823.223004,0.8008010000000922,holdout
7339,mitra_t9,data\raw\mitra\Data_T9\T9_DAll.csv,hard_brake,1,822.121903,812.121903,822.121903,0.9009009999999762,holdout
7340,mitra_t9,data\raw\mitra\Data_T9\T9_DAll.csv,hard_brake,2,816.316099,806.316099,816.316099,0.8675339999999778,holdout
7341,mitra_t9,data\raw\mitra\Data_T9\T9_DAll.csv,hard_brake,2,825.825606,815.825606,825.825606,0.8675339999999778,holdout
7342,mitra_t9,data\raw\mitra\Data_T9\T9_DAll.csv,hard_brake,2,830.630409,820.630409,830.630409,0.7340679999999793,holdout
7343,mitra_t9,data\raw\mitra\Data_T9\T9_DAll.csv,hard_brake,3,801.034154,791.034154,801.034154,0.9676340000000891,holdout
7344,mitra_t9,data\raw\mitra\Data_T9\T9_DAll.csv,hard_brake,2,832.232011,822.232011,832.232011,0.6339669999999842,holdout
7345,mitra_t9,data\raw\mitra\Data_T9\T9_DAll.csv,hard_brake,3,804.637757,794.637757,804.637757,1.1678340000000844,holdout
7346,mitra_t9,data\raw\mitra\Data_T9\T9_DAll.csv,hard_brake,3,835.802247,825.802247,835.802247,0.9008999999999788,holdout
7347,mitra_t9,data\raw\mitra\Data_T9\T9_DAll.csv,hard_brake,3,847.146922,837.146922,847.146922,1.067733999999973,holdout
7348,mitra_t9,data\raw\mitra\Data_T9\T9_DAll.csv,hard_brake,3,804.837957,794.837957,804.837957,1.3346680000000788,holdout
7349,mitra_t9,data\raw\mitra\Data_T9\T9_DAll.csv,hard_brake,3,843.710152,833.710152,843.710152,1.0010009999999738,holdout
7350,mitra_t9,data\raw\mitra\Data_T9\T9_DAll.csv,hard_brake,3,840.373483,830.373483,840.373483,0.8341680000000906,holdout
7351,mitra_t9,data\raw\mitra\Data_T9\T9_DAll.csv,hard_brake,1,831.965077,821.965077,831.965077,0.90090100000009,holdout
7352,mitra_t9,data\raw\mitra\Data_T9\T9_DAll.csv,hard_brake,3,857.357129,847.357129,857.357129,0.8675339999999778,holdout
7353,mitra_t9,data\raw\mitra\Data_T9\T9_DAll.csv,hard_brake,1,839.672783,829.672783,839.672783,0.7006999999999834,holdout
7354,mitra_t9,data\raw\mitra\Data_T9\T9_DAll.csv,hard_brake,2,845.945721,835.945721,845.945721,0.9342669999999772,holdout
7355,mitra_t9,data\raw\mitra\Data_T9\T9_DAll.csv,hard_brake,1,840.940717,830.940717,840.940717,0.9342670000000908,holdout
7356,mitra_t9,data\raw\mitra\Data_T9\T9_DAll.csv,hard_brake,3,861.995099,851.995099,861.995099,0.7340669999999818,holdout
7357,mitra_t9,data\raw\mitra\Data_T9\T9_DAll.csv,hard_brake,1,845.178287,835.178287,845.178287,0.7007000000000971,holdout
7358,mitra_t9,data\raw\mitra\Data_T9\T9_DAll.csv,hard_brake,2,847.347122,837.347122,847.347122,1.0343669999999747,holdout
7359,mitra_t9,data\raw\mitra\Data_T9\T9_DAll.csv,hard_brake,3,860.159931,850.159931,860.159931,0.7340669999999818,holdout
7360,mitra_t9,data\raw\mitra\Data_T9\T9_DAll.csv,hard_brake,1,821.321103,811.321103,821.321103,0.7006999999999834,holdout
7361,mitra_t9,data\raw\mitra\Data_T9\T9_DAll.csv,hard_brake,3,879.012112,869.012112,879.012112,0.7340669999999818,holdout
7362,mitra_t9,data\raw\mitra\Data_T9\T9_DAll.csv,hard_brake,1,825.491939,815.491939,825.491939,0.8675339999999778,holdout
7363,mitra_t9,data\raw\mitra\Data_T9\T9_DAll.csv,hard_brake,1,793.026149,783.026149,793.026149,0.6673329999999851,holdout
7364,mitra_t9,data\raw\mitra\Data_T9\T9_DAll.csv,hard_brake,2,796.729851,786.729851,796.729851,0.6339669999999842,holdout
7365,mitra_t9,data\raw\mitra\Data_T9\T9_DAll.csv,hard_brake,7,792.592382,782.592382,792.592382,0.8675339999999778,holdout
7366,mitra_t9,data\raw\mitra\Data_T9\T9_DAll.csv,hard_brake,21,839.472583,829.472583,839.472583,0.7006999999999834,holdout
7367,mitra_t9,data\raw\mitra\Data_T9\T9_DAll.csv,hard_brake,2,854.254027,844.254027,854.254027,0.8008000000000948,holdout
7368,mitra_t9,data\raw\mitra\Data_T9\T9_DAll.csv,hard_brake,3,825.291739,815.291739,825.291739,0.6673339999999826,holdout
7369,mitra_t9,data\raw\mitra\Data_T9\T9_DAll.csv,hard_brake,3,869.569338,859.569338,869.569338,0.6673339999999826,holdout
7370,mitra_t9,data\raw\mitra\Data_T9\T9_DAll.csv,hard_brake,3,888.021118,878.021118,888.021118,0.5672339999999849,holdout
7371,mitra_t9,data\raw\mitra\Data_T9\T9_DAll.csv,hard_brake,2,859.559331,849.559331,859.559331,0.8341669999999795,holdout
7372,mitra_t9,data\raw\mitra\Data_T9\T9_DAll.csv,hard_brake,2,861.160932,851.160932,861.160932,0.7340669999999818,holdout
7373,mitra_t9,data\raw\mitra\Data_T9\T9_DAll.csv,hard_brake,2,868.001104,858.001104,868.001104,0.9008999999999788,holdout
7374,mitra_t9,data\raw\mitra\Data_T9\T9_DAll.csv,hard_brake,1,829.529309,819.529309,829.529309,0.6673329999999851,holdout
7375,mitra_t9,data\raw\mitra\Data_T9\T9_DAll.csv,hard_brake,2,863.563334,853.563334,863.563334,0.8341669999999795,holdout
7376,mitra_t9,data\raw\mitra\Data_T9\T9_DAll.csv,hard_brake,3,873.506608,863.506608,873.506608,0.9008999999999788,holdout
7377,mitra_t9,data\raw\mitra\Data_T9\T9_DAll.csv,hard_brake,2,857.357129,847.357129,857.357129,0.8675339999999778,holdout
7378,mitra_t9,data\raw\mitra\Data_T9\T9_DAll.csv,hard_brake,3,898.531626,888.531626,898.531626,0.90090100000009,holdout
7379,mitra_t9,data\raw\mitra\Data_T9\T9_DAll.csv,hard_brake,2,871.537973,861.537973,871.537973,0.5338669999999865,holdout
7380,mitra_t9,data\raw\mitra\Data_T9\T9_DAll.csv,hard_brake,3,891.524621,881.524621,891.524621,0.7340669999999818,holdout
7381,mitra_t9,data\raw\mitra\Data_T9\T9_DAll.csv,hard_brake,2,875.275042,865.275042,875.275042,0.8008009999999786,holdout
7382,mitra_t9,data\raw\mitra\Data_T9\T9_DAll.csv,hard_brake,3,882.749181,872.749181,882.749181,0.8341669999999795,holdout
7383,mitra_t9,data\raw\mitra\Data_T9\T9_DAll.csv,hard_brake,21,849.549323,839.549323,849.549323,0.4671339999999873,holdout
7384,mitra_t9,data\raw\mitra\Data_T9\T9_DAll.csv,hard_brake,3,897.163592,887.163592,897.163592,0.9342669999999772,holdout
7385,mitra_t9,data\raw\mitra\Data_T9\T9_DAll.csv,hard_brake,2,879.279045,869.279045,879.279045,0.6339669999999842,holdout
7386,mitra_t9,data\raw\mitra\Data_T9\T9_DAll.csv,hard_brake,21,880.446879,870.446879,880.446879,0.6339669999999842,holdout
7387,mitra_t9,data\raw\mitra\Data_T9\T9_DAll.csv,hard_brake,2,869.836272,859.836272,869.836272,0.9008999999999788,holdout
7388,mitra_t9,data\raw\mitra\Data_T9\T9_DAll.csv,hard_brake,1,871.237673,861.237673,871.237673,0.6673329999999851,holdout
7389,mitra_t9,data\raw\mitra\Data_T9\T9_DAll.csv,hard_brake,7,861.694799,851.694799,861.694799,0.6339669999999842,holdout
7390,mitra_t9,data\raw\mitra\Data_T9\T9_DAll.csv,hard_brake,21,873.072841,863.072841,873.072841,0.6339669999999842,holdout
7391,mitra_t9,data\raw\mitra\Data_T9\T9_DAll.csv,hard_brake,3,901.401161,891.401161,901.401161,0.8675339999999778,holdout
7392,mitra_t9,data\raw\mitra\Data_T9\T9_DAll.csv,hard_brake,2,882.448881,872.448881,882.448881,0.9676339999999756,holdout
7393,mitra_t9,data\raw\mitra\Data_T9\T9_DAll.csv,hard_brake,3,902.302062,892.302062,902.302062,0.6339669999999842,holdout
7394,mitra_t9,data\raw\mitra\Data_T9\T9_DAll.csv,hard_brake,2,883.983749,873.983749,883.983749,0.9342669999999772,holdout
7395,mitra_t9,data\raw\mitra\Data_T9\T9_DAll.csv,hard_brake,3,905.571998,895.571998,905.571998,0.8675339999999778,holdout
7396,mitra_t9,data\raw\mitra\Data_T9\T9_DAll.csv,hard_brake,1,882.815914,872.815914,882.815914,0.7674339999999802,holdout
7397,mitra_t9,data\raw\mitra\Data_T9\T9_DAll.csv,hard_brake,3,907.540633,897.540633,907.540633,0.5672329999999874,holdout
7398,mitra_t9,data\raw\mitra\Data_T9\T9_DAll.csv,hard_brake,21,877.510611,867.510611,877.510611,0.5338669999999865,holdout
7399,mitra_t9,data\raw\mitra\Data_T9\T9_DAll.csv,hard_brake,2,888.454885,878.454885,888.454885,0.8008009999999786,holdout
7400,mitra_t9,data\raw\mitra\Data_T9\T9_DAll.csv,hard_brake,3,907.473899,897.473899,907.473899,0.6339669999999842,holdout
7401,mitra_t9,data\raw\mitra\Data_T9\T9_DAll.csv,hard_brake,3,891.758188,881.758188,891.758188,0.6339669999999842,holdout
7402,mitra_t9,data\raw\mitra\Data_T9\T9_DAll.csv,hard_brake,2,851.284391,841.284391,851.284391,0.7674339999999802,holdout
7403,mitra_t9,data\raw\mitra\Data_T9\T9_DAll.csv,hard_brake,1,883.850282,873.850282,883.850282,0.9009009999999762,holdout
7404,mitra_t9,data\raw\mitra\Data_T9\T9_DAll.csv,hard_brake,1,865.531968,855.531968,865.531968,0.8675339999999778,holdout
7405,mitra_t9,data\raw\mitra\Data_T9\T9_DAll.csv,hard_brake,2,891.391154,881.391154,891.391154,0.7007009999999809,holdout
7406,mitra_t9,data\raw\mitra\Data_T9\T9_DAll.csv,hard_brake,1,864.530968,854.530968,864.530968,0.7006999999999834,holdout
7407,mitra_t9,data\raw\mitra\Data_T9\T9_DAll.csv,hard_brake,2,895.528624,885.528624,895.528624,0.9008999999999788,holdout
7408,mitra_t9,data\raw\mitra\Data_T9\T9_DAll.csv,hard_brake,3,892.558988,882.558988,892.558988,0.8675339999999778,holdout
7409,mitra_t9,data\raw\mitra\Data_T9\T9_DAll.csv,hard_brake,3,893.893656,883.893656,893.893656,0.8675340000000915,holdout
7410,mitra_t9,data\raw\mitra\Data_T9\T9_DAll.csv,hard_brake,2,903.569996,893.569996,903.569996,0.7007010000000946,holdout
7411,mitra_t9,data\raw\mitra\Data_T9\T9_DAll.csv,hard_brake,1,889.889653,879.889653,889.889653,0.8675340000000915,holdout
7412,mitra_t9,data\raw\mitra\Data_T9\T9_DAll.csv,hard_brake,2,900.233327,890.233327,900.233327,0.7007009999999809,holdout
7413,mitra_t9,data\raw\mitra\Data_T9\T9_DAll.csv,hard_brake,3,907.740833,897.740833,907.740833,0.6673340000000962,holdout
7414,mitra_t9,data\raw\mitra\Data_T9\T9_DAll.csv,hard_brake,1,842.742518,832.742518,842.742518,0.7674339999999802,holdout
7415,mitra_t9,data\raw\mitra\Data_T9\T9_DAll.csv,hard_brake,1,906.673099,896.673099,906.673099,0.5004999999999882,holdout
7416,mitra_t9,data\raw\mitra\Data_T9\T9_DAll.csv,hard_brake,1,907.373799,897.373799,907.373799,0.7340669999999818,holdout
7417,mitra_t9,data\raw\mitra\Data_T9\T9_DAll.csv,hard_brake,2,907.440533,897.440533,907.440533,0.6673329999999851,holdout
7418,mitra_t9,data\raw\mitra\Data_T9\T9_DAll.csv,hard_brake,2,899.632727,889.632727,899.632727,0.8007999999999811,holdout
7419,mitra_t9,data\raw\mitra\Data_T9\T9_DAll.csv,hard_brake,2,876.643077,866.643077,876.643077,0.7674330000000964,holdout
7420,mitra_t9,data\raw\mitra\Data_T9\T9_DAll.csv,hard_brake,1,907.440533,897.440533,907.440533,0.6673329999999851,holdout
7421,mitra_t9,data\raw\mitra\Data_T9\T9_DAll.csv,hard_brake,1,886.019117,876.019117,886.019117,0.7340669999999818,holdout
7422,mitra_t9,data\raw\mitra\Data_T9\T9_DAll.csv,hard_brake,1,907.807566,897.807566,907.807566,0.600601000000097,holdout
7423,mitra_t9,data\raw\mitra\Data_T9\T9_DAll.csv,hard_brake,2,907.640733,897.640733,907.640733,0.7674340000000939,holdout
7424,mitra_t9,data\raw\mitra\Data_T9\T9_DAll.csv,hard_brake,1,892.158588,882.158588,892.158588,0.7674339999999802,holdout
7425,mitra_t9,data\raw\mitra\Data_T9\T9_DAll.csv,hard_brake,3,884.350782,874.350782,884.350782,1.067733999999973,holdout
7426,mitra_t9,data\raw\mitra\Data_T9\T9_DAll.csv,hard_brake,3,907.640733,897.640733,907.640733,0.5005000000001019,holdout
7427,mitra_t9,data\raw\mitra\Data_T9\T9_DAll.csv,hard_brake,1,894.694456,884.694456,894.694456,0.90090100000009,holdout
7428,mitra_t9,data\raw\mitra\Data_T9\T9_DAll.csv,hard_brake,2,907.707466,897.707466,907.707466,0.7007010000000946,holdout
7429,mitra_t9,data\raw\mitra\Data_T9\T9_DAll.csv,hard_brake,1,907.774199,897.774199,907.774199,0.6339680000000953,holdout
7430,mitra_t9,data\raw\mitra\Data_T9\T9_DAll.csv,hard_brake,2,907.774199,897.774199,907.774199,0.6339680000000953,holdout
7431,mitra_t9,data\raw\mitra\Data_T9\T9_DAll.csv,hard_brake,2,907.006766,897.006766,907.006766,0.9342669999999772,holdout
7432,mitra_t9,data\raw\mitra\Data_T9\T9_DAll.csv,hard_brake,2,907.073499,897.073499,907.073499,1.0677340000000868,holdout
7433,mitra_t9,data\raw\mitra\Data_T9\T9_DAll.csv,hard_brake,21,907.674099,897.674099,907.674099,0.734068000000093,holdout
7434,mitra_t9,data\raw\mitra\Data_T9\T9_DAll.csv,hard_brake,2,886.48625,876.48625,886.48625,0.5005009999999857,holdout
7435,mitra_t9,data\raw\mitra\Data_T9\T9_DAll.csv,hard_brake,2,907.340432,897.340432,907.340432,0.6006009999999833,holdout
7436,mitra_t9,data\raw\mitra\Data_T9\T9_DAll.csv,hard_brake,3,906.572999,896.572999,906.572999,0.5672329999999874,holdout
7437,mitra_t9,data\raw\mitra\Data_T9\T9_DAll.csv,hard_brake,3,907.307066,897.307066,907.307066,0.6673339999999826,holdout
7438,mitra_t9,data\raw\mitra\Data_T9\T9_DAll.csv,hard_brake,11,907.674099,897.674099,907.674099,0.734068000000093,holdout
7439,mitra_t9,data\raw\mitra\Data_T9\T9_DAll.csv,hard_brake,1,906.906665,896.906665,906.906665,1.1011009999999717,holdout
7440,mitra_t9,data\raw\mitra\Data_T9\T9_DAll.csv,hard_brake,20,907.874299,897.874299,907.874299,0.5338680000000977,holdout
7441,mitra_t9,data\raw\mitra\Data_T9\T9_DAll.csv,hard_brake,2,907.373799,897.373799,907.373799,0.6339669999999842,holdout
