event_id,lane_id,start_time_s,end_time_s,duration_s,max_vehicle_count,y_m,type,dataset_source,source_file,vehicle_id,min_acc_ms2
0,5,1113433822.7,1113433839.8,17.09999990463257,4.0,28.884684565404434,queue,ngsim_i-80_0400pm-0415pm,data\raw\ngsim\I-80\vehicle-trajectory-data\0400pm-0415pm\trajectories-0400-0415.csv,,
1,5,1113433890.5,1113433913.4,22.90000009536743,5.0,370.27529479759687,queue,ngsim_i-80_0400pm-0415pm,data\raw\ngsim\I-80\vehicle-trajectory-data\0400pm-0415pm\trajectories-0400-0415.csv,,
2,6,1113433689.0,1113433718.2,29.200000047683716,5.0,138.47024410380266,queue,ngsim_i-80_0400pm-0415pm,data\raw\ngsim\I-80\vehicle-trajectory-data\0400pm-0415pm\trajectories-0400-0415.csv,,
3,6,1113433790.5,1113433838.6,48.09999990463257,5.0,32.210342687370826,queue,ngsim_i-80_0400pm-0415pm,data\raw\ngsim\I-80\vehicle-trajectory-data\0400pm-0415pm\trajectories-0400-0415.csv,,
4,2,1113433390.1,1113433432.7,42.60000014305115,4.0,108.9424078700263,queue,ngsim_i-80_0400pm-0415pm,data\raw\ngsim\I-80\vehicle-trajectory-data\0400pm-0415pm\trajectories-0400-0415.csv,,
5,2,1113433744.1,1113433775.6,31.5,4.0,181.48526405672166,queue,ngsim_i-80_0400pm-0415pm,data\raw\ngsim\I-80\vehicle-trajectory-data\0400pm-0415pm\trajectories-0400-0415.csv,,
6,7,1113433842.8,1113433849.7,6.900000095367432,4.0,153.8562443749277,queue,ngsim_i-80_0400pm-0415pm,data\raw\ngsim\I-80\vehicle-trajectory-data\0400pm-0415pm\trajectories-0400-0415.csv,,
7,7,1113433936.7,1113433952.6,15.899999856948853,4.0,184.9882373330055,queue,ngsim_i-80_0400pm-0415pm,data\raw\ngsim\I-80\vehicle-trajectory-data\0400pm-0415pm\trajectories-0400-0415.csv,,
8,4,1113436876.8,1113436903.6,26.799999952316284,4.0,320.63681129895673,queue,ngsim_i-80_0500pm-0515pm,data\raw\ngsim\I-80\vehicle-trajectory-data\0500pm-0515pm\trajectories-0500-0515.csv,,
9,4,1113437205.3,1113437228.0,22.700000047683716,5.0,140.29582088359126,queue,ngsim_i-80_0500pm-0515pm,data\raw\ngsim\I-80\vehicle-trajectory-data\0500pm-0515pm\trajectories-0500-0515.csv,,
10,4,1113437235.7,1113437246.9,11.200000047683716,4.0,39.33956920783485,queue,ngsim_i-80_0500pm-0515pm,data\raw\ngsim\I-80\vehicle-trajectory-data\0500pm-0515pm\trajectories-0500-0515.csv,,
11,5,1113436840.7,1113436856.0,15.299999952316284,4.0,326.4463513485465,queue,ngsim_i-80_0500pm-0515pm,data\raw\ngsim\I-80\vehicle-trajectory-data\0500pm-0515pm\trajectories-0500-0515.csv,,
12,5,1113437345.6,1113437358.9,13.300000190734863,4.0,244.93344774382348,queue,ngsim_i-80_0500pm-0515pm,data\raw\ngsim\I-80\vehicle-trajectory-data\0500pm-0515pm\trajectories-0500-0515.csv,,
13,5,1113437378.2,1113437393.3,15.099999904632568,5.0,107.5205956250291,queue,ngsim_i-80_0500pm-0515pm,data\raw\ngsim\I-80\vehicle-trajectory-data\0500pm-0515pm\trajectories-0500-0515.csv,,
14,5,1113437526.1,1113437532.1,6.0,4.0,419.3494982469947,queue,ngsim_i-80_0500pm-0515pm,data\raw\ngsim\I-80\vehicle-trajectory-data\0500pm-0515pm\trajectories-0500-0515.csv,,
15,2,1113436920.7,1113436940.1,19.399999856948853,4.0,407.4099357424791,queue,ngsim_i-80_0500pm-0515pm,data\raw\ngsim\I-80\vehicle-trajectory-data\0500pm-0515pm\trajectories-0500-0515.csv,,
16,2,1113436953.0,1113436995.2,42.200000047683716,4.0,187.42148327408606,queue,ngsim_i-80_0500pm-0515pm,data\raw\ngsim\I-80\vehicle-trajectory-data\0500pm-0515pm\trajectories-0500-0515.csv,,
17,2,1113437087.1,1113437119.4,32.30000019073486,4.0,190.57668998648563,queue,ngsim_i-80_0500pm-0515pm,data\raw\ngsim\I-80\vehicle-trajectory-data\0500pm-0515pm\trajectories-0500-0515.csv,,
18,2,1113437157.6,1113437188.2,30.600000143051147,5.0,380.46572175152875,queue,ngsim_i-80_0500pm-0515pm,data\raw\ngsim\I-80\vehicle-trajectory-data\0500pm-0515pm\trajectories-0500-0515.csv,,
19,2,1113437326.9,1113437358.6,31.699999809265137,5.0,297.05820200955554,queue,ngsim_i-80_0500pm-0515pm,data\raw\ngsim\I-80\vehicle-trajectory-data\0500pm-0515pm\trajectories-0500-0515.csv,,
20,2,1113437491.6,1113437498.0,6.400000095367432,5.0,360.0476194999907,queue,ngsim_i-80_0500pm-0515pm,data\raw\ngsim\I-80\vehicle-trajectory-data\0500pm-0515pm\trajectories-0500-0515.csv,,
21,2,1113437508.6,1113437525.5,16.90000009536743,5.0,443.9329725279555,queue,ngsim_i-80_0500pm-0515pm,data\raw\ngsim\I-80\vehicle-trajectory-data\0500pm-0515pm\trajectories-0500-0515.csv,,
22,3,1113437461.3,1113437467.6,6.299999952316284,4.0,424.4883040947909,queue,ngsim_i-80_0500pm-0515pm,data\raw\ngsim\I-80\vehicle-trajectory-data\0500pm-0515pm\trajectories-0500-0515.csv,,
23,6,1113436898.7,1113436922.6,23.899999856948853,4.0,182.33573069818465,queue,ngsim_i-80_0500pm-0515pm,data\raw\ngsim\I-80\vehicle-trajectory-data\0500pm-0515pm\trajectories-0500-0515.csv,,
24,6,1113437041.9,1113437063.4,21.5,5.0,352.78397379515957,queue,ngsim_i-80_0500pm-0515pm,data\raw\ngsim\I-80\vehicle-trajectory-data\0500pm-0515pm\trajectories-0500-0515.csv,,
25,6,1113437136.1,1113437149.0,12.900000095367432,4.0,83.1181463202359,queue,ngsim_i-80_0500pm-0515pm,data\raw\ngsim\I-80\vehicle-trajectory-data\0500pm-0515pm\trajectories-0500-0515.csv,,
26,7,1113437083.9,1113437102.2,18.299999952316284,5.0,156.686546014096,queue,ngsim_i-80_0500pm-0515pm,data\raw\ngsim\I-80\vehicle-trajectory-data\0500pm-0515pm\trajectories-0500-0515.csv,,
27,3,1113437711.4,1113437727.6,16.199999809265137,5.0,164.01335262126128,queue,ngsim_i-80_0515pm-0530pm,data\raw\ngsim\I-80\vehicle-trajectory-data\0515pm-0530pm\trajectories-0515-0530.csv,,
28,4,1113437589.6,1113437609.1,19.5,5.0,41.96864589756517,queue,ngsim_i-80_0515pm-0530pm,data\raw\ngsim\I-80\vehicle-trajectory-data\0515pm-0530pm\trajectories-0515-0530.csv,,
29,4,1113437790.2,1113437813.3,23.09999990463257,4.0,30.5252213160135,queue,ngsim_i-80_0515pm-0530pm,data\raw\ngsim\I-80\vehicle-trajectory-data\0515pm-0530pm\trajectories-0515-0530.csv,,
30,5,1113437679.4,1113437703.4,24.0,4.0,143.38998537810176,queue,ngsim_i-80_0515pm-0530pm,data\raw\ngsim\I-80\vehicle-trajectory-data\0515pm-0530pm\trajectories-0515-0530.csv,,
31,5,1113437913.4,1113437923.1,9.699999809265137,4.0,39.046895362987186,queue,ngsim_i-80_0515pm-0530pm,data\raw\ngsim\I-80\vehicle-trajectory-data\0515pm-0530pm\trajectories-0515-0530.csv,,
32,6,1113437772.4,1113437800.6,28.199999809265137,4.0,133.53045352173132,queue,ngsim_i-80_0515pm-0530pm,data\raw\ngsim\I-80\vehicle-trajectory-data\0515pm-0530pm\trajectories-0515-0530.csv,,
33,6,1113437935.0,1113437960.7,25.700000047683716,3.0,154.3005782013184,queue,ngsim_i-80_0515pm-0530pm,data\raw\ngsim\I-80\vehicle-trajectory-data\0515pm-0530pm\trajectories-0515-0530.csv,,
34,7,1113437646.6,1113437666.8,20.200000047683716,4.0,153.5851969999258,queue,ngsim_i-80_0515pm-0530pm,data\raw\ngsim\I-80\vehicle-trajectory-data\0515pm-0530pm\trajectories-0515-0530.csv,,
35,7,1113437697.6,1113437707.2,9.600000143051147,4.0,119.88141729205998,queue,ngsim_i-80_0515pm-0530pm,data\raw\ngsim\I-80\vehicle-trajectory-data\0515pm-0530pm\trajectories-0515-0530.csv,,
36,2,1113438066.6,1113438085.8,19.200000047683716,4.0,105.1217474220348,queue,ngsim_i-80_0515pm-0530pm,data\raw\ngsim\I-80\vehicle-trajectory-data\0515pm-0530pm\trajectories-0515-0530.csv,,
37,1,1118847110.8,1118847125.3,14.5,4.0,19.5560742817167,queue,ngsim_us-101_0750am-0805am,data\raw\ngsim\US-101\vehicle-trajectory-data\0750am-0805am\trajectories-0750am-0805am.csv,,
38,1,1118847233.2,1118847252.7,19.5,4.0,172.7806326663394,queue,ngsim_us-101_0750am-0805am,data\raw\ngsim\US-101\vehicle-trajectory-data\0750am-0805am\trajectories-0750am-0805am.csv,,
39,1,1118847359.5,1118847380.3,20.799999952316284,4.0,167.0113119462008,queue,ngsim_us-101_0750am-0805am,data\raw\ngsim\US-101\vehicle-trajectory-data\0750am-0805am\trajectories-0750am-0805am.csv,,
40,1,1118847494.9,1118847504.1,9.199999809265137,5.0,24.457389372673653,queue,ngsim_us-101_0750am-0805am,data\raw\ngsim\US-101\vehicle-trajectory-data\0750am-0805am\trajectories-0750am-0805am.csv,,
41,1,1118847572.8,1118847608.3,35.5,4.0,105.61731611901428,queue,ngsim_us-101_0750am-0805am,data\raw\ngsim\US-101\vehicle-trajectory-data\0750am-0805am\trajectories-0750am-0805am.csv,,
42,1,1118847689.3,1118847743.8,54.5,5.0,24.854074095015246,queue,ngsim_us-101_0750am-0805am,data\raw\ngsim\US-101\vehicle-trajectory-data\0750am-0805am\trajectories-0750am-0805am.csv,,
43,1,1118847749.3,1118847777.7,28.40000009536743,4.0,503.02322886105065,queue,ngsim_us-101_0750am-0805am,data\raw\ngsim\US-101\vehicle-trajectory-data\0750am-0805am\trajectories-0750am-0805am.csv,,
44,5,1118847765.5,1118847789.8,24.299999952316284,4.0,374.55045113595565,queue,ngsim_us-101_0750am-0805am,data\raw\ngsim\US-101\vehicle-trajectory-data\0750am-0805am\trajectories-0750am-0805am.csv,,
45,1,1118847856.9,1118847869.5,12.599999904632568,4.0,32.224079405073894,queue,ngsim_us-101_0805am-0820am,data\raw\ngsim\US-101\vehicle-trajectory-data\0805am-0820am\trajectories-0805am-0820am.csv,,
46,1,1118848130.3,1118848143.7,13.400000095367432,5.0,169.94157603986363,queue,ngsim_us-101_0805am-0820am,data\raw\ngsim\US-101\vehicle-trajectory-data\0805am-0820am\trajectories-0805am-0820am.csv,,
47,1,1118848193.3,1118848283.1,89.79999995231628,5.0,29.06988874337296,queue,ngsim_us-101_0805am-0820am,data\raw\ngsim\US-101\vehicle-trajectory-data\0805am-0820am\trajectories-0805am-0820am.csv,,
48,1,1118848463.0,1118848480.7,17.700000047683716,4.0,208.14054295962012,queue,ngsim_us-101_0805am-0820am,data\raw\ngsim\US-101\vehicle-trajectory-data\0805am-0820am\trajectories-0805am-0820am.csv,,
49,1,1118848564.2,1118848574.8,10.599999904632568,4.0,416.8045437840678,queue,ngsim_us-101_0805am-0820am,data\raw\ngsim\US-101\vehicle-trajectory-data\0805am-0820am\trajectories-0805am-0820am.csv,,
50,2,1118848052.3,1118848070.2,17.90000009536743,4.0,608.9986831561072,queue,ngsim_us-101_0805am-0820am,data\raw\ngsim\US-101\vehicle-trajectory-data\0805am-0820am\trajectories-0805am-0820am.csv,,
51,3,1118848092.4,1118848099.9,7.5,4.0,331.63327957082777,queue,ngsim_us-101_0805am-0820am,data\raw\ngsim\US-101\vehicle-trajectory-data\0805am-0820am\trajectories-0805am-0820am.csv,,
52,3,1118848110.0,1118848129.7,19.700000047683716,4.0,203.56295045894092,queue,ngsim_us-101_0805am-0820am,data\raw\ngsim\US-101\vehicle-trajectory-data\0805am-0820am\trajectories-0805am-0820am.csv,,
53,3,1118848238.7,1118848264.5,25.799999952316284,5.0,37.794463587826755,queue,ngsim_us-101_0805am-0820am,data\raw\ngsim\US-101\vehicle-trajectory-data\0805am-0820am\trajectories-0805am-0820am.csv,,
54,5,1118848131.4,1118848163.3,31.899999856948853,5.0,509.3010754630551,queue,ngsim_us-101_0805am-0820am,data\raw\ngsim\US-101\vehicle-trajectory-data\0805am-0820am\trajectories-0805am-0820am.csv,,
55,5,1118848199.3,1118848218.4,19.100000143051147,4.0,213.41036666057528,queue,ngsim_us-101_0805am-0820am,data\raw\ngsim\US-101\vehicle-trajectory-data\0805am-0820am\trajectories-0805am-0820am.csv,,
56,5,1118848238.4,1118848250.8,12.399999856948853,5.0,38.026792726338904,queue,ngsim_us-101_0805am-0820am,data\raw\ngsim\US-101\vehicle-trajectory-data\0805am-0820am\trajectories-0805am-0820am.csv,,
57,4,1118848176.5,1118848200.8,24.299999952316284,5.0,331.4256739464055,queue,ngsim_us-101_0805am-0820am,data\raw\ngsim\US-101\vehicle-trajectory-data\0805am-0820am\trajectories-0805am-0820am.csv,,
58,4,1118848237.5,1118848249.9,12.400000095367432,4.0,33.35148408610137,queue,ngsim_us-101_0805am-0820am,data\raw\ngsim\US-101\vehicle-trajectory-data\0805am-0820am\trajectories-0805am-0820am.csv,,
59,4,1118849084.1,1118849097.7,13.600000143051147,3.0,534.5869494391704,queue,ngsim_us-101_0820am-0835am,data\raw\ngsim\US-101\vehicle-trajectory-data\0820am-0835am\trajectories-0820am-0835am.csv,,
60,4,1118849287.9,1118849300.3,12.399999856948853,5.0,552.074201885673,queue,ngsim_us-101_0820am-0835am,data\raw\ngsim\US-101\vehicle-trajectory-data\0820am-0835am\trajectories-0820am-0835am.csv,,
61,4,1118849426.8,1118849435.2,8.400000095367432,4.0,413.2193956793577,queue,ngsim_us-101_0820am-0835am,data\raw\ngsim\US-101\vehicle-trajectory-data\0820am-0835am\trajectories-0820am-0835am.csv,,
62,1,1118848891.7,1118848909.9,18.200000047683716,4.0,559.7360307213127,queue,ngsim_us-101_0820am-0835am,data\raw\ngsim\US-101\vehicle-trajectory-data\0820am-0835am\trajectories-0820am-0835am.csv,,
63,1,1118848973.5,1118848993.4,19.90000009536743,4.0,134.98540256990103,queue,ngsim_us-101_0820am-0835am,data\raw\ngsim\US-101\vehicle-trajectory-data\0820am-0835am\trajectories-0820am-0835am.csv,,
64,1,1118849106.9,1118849144.8,37.89999985694885,5.0,202.92308937071354,queue,ngsim_us-101_0820am-0835am,data\raw\ngsim\US-101\vehicle-trajectory-data\0820am-0835am\trajectories-0820am-0835am.csv,,
65,1,1118849194.7,1118849222.0,27.299999952316284,4.0,30.727360439186864,queue,ngsim_us-101_0820am-0835am,data\raw\ngsim\US-101\vehicle-trajectory-data\0820am-0835am\trajectories-0820am-0835am.csv,,
66,2,1118849277.8,1118849308.2,30.40000009536743,5.0,520.4543597334649,queue,ngsim_us-101_0820am-0835am,data\raw\ngsim\US-101\vehicle-trajectory-data\0820am-0835am\trajectories-0820am-0835am.csv,,
67,2,1118849358.5,1118849371.8,13.299999952316284,4.0,199.85695875854105,queue,ngsim_us-101_0820am-0835am,data\raw\ngsim\US-101\vehicle-trajectory-data\0820am-0835am\trajectories-0820am-0835am.csv,,
68,2,1118849433.7,1118849445.6,11.899999856948853,5.0,444.2142777253718,queue,ngsim_us-101_0820am-0835am,data\raw\ngsim\US-101\vehicle-trajectory-data\0820am-0835am\trajectories-0820am-0835am.csv,,
69,3,1118848967.0,1118848978.9,11.900000095367432,5.0,216.88945120285456,queue,ngsim_us-101_0820am-0835am,data\raw\ngsim\US-101\vehicle-trajectory-data\0820am-0835am\trajectories-0820am-0835am.csv,,
70,3,1118849130.3,1118849149.8,19.5,5.0,157.95681904919974,queue,ngsim_us-101_0820am-0835am,data\raw\ngsim\US-101\vehicle-trajectory-data\0820am-0835am\trajectories-0820am-0835am.csv,,
71,3,1118849165.4,1118849173.0,7.599999904632568,4.0,41.625891203706374,queue,ngsim_us-101_0820am-0835am,data\raw\ngsim\US-101\vehicle-trajectory-data\0820am-0835am\trajectories-0820am-0835am.csv,,
72,3,1118849281.5,1118849294.8,13.299999952316284,5.0,601.4533909467173,queue,ngsim_us-101_0820am-0835am,data\raw\ngsim\US-101\vehicle-trajectory-data\0820am-0835am\trajectories-0820am-0835am.csv,,
73,3,1118849396.3,1118849438.1,41.799999952316284,4.0,439.04818856445513,queue,ngsim_us-101_0820am-0835am,data\raw\ngsim\US-101\vehicle-trajectory-data\0820am-0835am\trajectories-0820am-0835am.csv,,
74,5,1118848917.2,1118848926.6,9.399999856948853,4.0,256.120087258604,queue,ngsim_us-101_0820am-0835am,data\raw\ngsim\US-101\vehicle-trajectory-data\0820am-0835am\trajectories-0820am-0835am.csv,,
75,5,1118848978.7,1118848998.1,19.399999856948853,4.0,30.65060561452905,queue,ngsim_us-101_0820am-0835am,data\raw\ngsim\US-101\vehicle-trajectory-data\0820am-0835am\trajectories-0820am-0835am.csv,,
76,5,1118849373.7,1118849387.2,13.5,4.0,117.83095518361256,queue,ngsim_us-101_0820am-0835am,data\raw\ngsim\US-101\vehicle-trajectory-data\0820am-0835am\trajectories-0820am-0835am.csv,,
77,5,1118849401.6,1118849414.2,12.600000143051147,4.0,587.802574250634,queue,ngsim_us-101_0820am-0835am,data\raw\ngsim\US-101\vehicle-trajectory-data\0820am-0835am\trajectories-0820am-0835am.csv,,
78,10,55.288575,69.86981,14.581235,5.0,5026466.514031149,queue,mitra_t4,data\raw\mitra\Data_T4\T4_DAll.csv,,
79,10,359.258952,386.085756,26.82680399999998,6.0,5026441.636821441,queue,mitra_t4,data\raw\mitra\Data_T4\T4_DAll.csv,,
80,10,621.721191,632.331792,10.610600999999974,5.0,5026474.3141523795,queue,mitra_t4,data\raw\mitra\Data_T4\T4_DAll.csv,,
81,4,2.5025,22.589237,20.086737,9.0,5026649.30042848,queue,mitra_t4,data\raw\mitra\Data_T4\T4_DAll.csv,,
82,4,160.99419,209.209031,48.21484100000001,8.0,5026292.024652864,queue,mitra_t4,data\raw\mitra\Data_T4\T4_DAll.csv,,
83,4,327.026748,338.137849,11.11110100000002,9.0,5026662.234192706,queue,mitra_t4,data\raw\mitra\Data_T4\T4_DAll.csv,,
84,4,376.642988,407.540526,30.897537999999997,10.0,5026514.181607015,queue,mitra_t4,data\raw\mitra\Data_T4\T4_DAll.csv,,
85,4,422.155128,432.16513,10.010001999999986,4.0,5026465.900737407,queue,mitra_t4,data\raw\mitra\Data_T4\T4_DAll.csv,,
86,4,443.776732,463.930201,20.15346900000003,9.0,5026633.3335620165,queue,mitra_t4,data\raw\mitra\Data_T4\T4_DAll.csv,,
87,4,585.084585,621.020491,35.935906000000045,9.0,5026527.084833854,queue,mitra_t4,data\raw\mitra\Data_T4\T4_DAll.csv,,
88,4,775.174513,818.684653,43.51013999999998,9.0,5026389.348559146,queue,mitra_t4,data\raw\mitra\Data_T4\T4_DAll.csv,,
89,4,826.158787,836.702656,10.543869000000086,4.0,5026309.780765785,queue,mitra_t4,data\raw\mitra\Data_T4\T4_DAll.csv,,
90,5,37.837806,106.139382,68.301576,8.0,5026553.850062106,queue,mitra_t4,data\raw\mitra\Data_T4\T4_DAll.csv,,
91,5,119.452684,139.205754,19.753070000000008,5.0,5026405.516777554,queue,mitra_t4,data\raw\mitra\Data_T4\T4_DAll.csv,,
92,5,522.655543,635.134593,112.47905000000003,9.0,5026493.209176362,queue,mitra_t4,data\raw\mitra\Data_T4\T4_DAll.csv,,
93,3,81.748345,109.542783,27.794438,7.0,5026640.756832008,queue,mitra_t4,data\raw\mitra\Data_T4\T4_DAll.csv,,
94,21,150.717255,160.527057,9.809802000000019,4.0,5026591.265013004,queue,mitra_t4,data\raw\mitra\Data_T4\T4_DAll.csv,,
95,6,645.811928,692.224968,46.413040000000024,6.0,5026355.699999999,queue,mitra_t4,data\raw\mitra\Data_T4\T4_DAll.csv,,
96,1,33.666972,34.868172,1.2012,,,hard_brake,mitra_t4,data\raw\mitra\Data_T4\T4_DAll.csv,18.0,-13.850325
97,6,48.982274,49.482774,0.5005000000000024,,,hard_brake,mitra_t4,data\raw\mitra\Data_T4\T4_DAll.csv,19.0,-5.9051375
98,3,46.880174,47.71434,0.8341660000000033,,,hard_brake,mitra_t4,data\raw\mitra\Data_T4\T4_DAll.csv,21.0,-6.7626375
99,2,47.547507,48.21484,0.6673329999999993,,,hard_brake,mitra_t4,data\raw\mitra\Data_T4\T4_DAll.csv,22.0,-7.3482875
100,1,39.272572,40.874173,1.6016010000000023,,,hard_brake,mitra_t4,data\raw\mitra\Data_T4\T4_DAll.csv,24.0,-11.331646666666668
101,3,40.807439,41.541506,0.734066999999996,,,hard_brake,mitra_t4,data\raw\mitra\Data_T4\T4_DAll.csv,27.0,-12.203799999999998
102,3,48.581874,49.049007,0.467133000000004,,,hard_brake,mitra_t4,data\raw\mitra\Data_T4\T4_DAll.csv,28.0,-6.5680375
103,3,35.168472,36.036005,0.8675330000000017,,,hard_brake,mitra_t4,data\raw\mitra\Data_T4\T4_DAll.csv,33.0,-20.922137499999998
104,3,39.506139,40.373673,0.8675339999999991,,,hard_brake,mitra_t4,data\raw\mitra\Data_T4\T4_DAll.csv,34.0,-19.8387375
105,3,45.745707,46.379673,0.6339659999999938,,,hard_brake,mitra_t4,data\raw\mitra\Data_T4\T4_DAll.csv,37.0,-7.935112499999999
106,2,45.71234,46.21284,0.5005000000000024,,,hard_brake,mitra_t4,data\raw\mitra\Data_T4\T4_DAll.csv,39.0,-6.7037125
107,1,42.776073,43.543506,0.767433000000004,,,hard_brake,mitra_t4,data\raw\mitra\Data_T4\T4_DAll.csv,40.0,-19.4019625
108,6,32.198838,33.133105,0.9342669999999984,,,hard_brake,mitra_t4,data\raw\mitra\Data_T4\T4_DAll.csv,44.0,-7.118219999999999
109,4,79.712978,80.346945,0.6339669999999984,,,hard_brake,mitra_t4,data\raw\mitra\Data_T4\T4_DAll.csv,47.0,-8.4926
110,3,42.742706,43.877173,1.1344670000000008,,,hard_brake,mitra_t4,data\raw\mitra\Data_T4\T4_DAll.csv,49.0,-8.29432
111,5,73.673611,74.174111,0.5005000000000024,,,hard_brake,mitra_t4,data\raw\mitra\Data_T4\T4_DAll.csv,50.0,-6.8304
112,6,42.375673,43.143106,0.767433000000004,,,hard_brake,mitra_t4,data\raw\mitra\Data_T4\T4_DAll.csv,55.0,-10.24595
113,4,18.685336,19.252569,0.5672330000000017,,,hard_brake,mitra_t4,data\raw\mitra\Data_T4\T4_DAll.csv,56.0,-4.1903266666666665
114,4,83.817079,84.517779,0.7006999999999977,,,hard_brake,mitra_t4,data\raw\mitra\Data_T4\T4_DAll.csv,56.0,-8.4329
115,1,47.247207,47.881174,0.6339669999999984,,,hard_brake,mitra_t4,data\raw\mitra\Data_T4\T4_DAll.csv,59.0,-9.408212500000001
116,1,35.702339,36.202839,0.5004999999999953,,,hard_brake,mitra_t4,data\raw\mitra\Data_T4\T4_DAll.csv,61.0,-6.815687499999999
117,3,18.885536,19.85317,0.9676340000000003,,,hard_brake,mitra_t4,data\raw\mitra\Data_T4\T4_DAll.csv,64.0,-17.0735125
118,4,91.091013,91.691613,0.6006,,,hard_brake,mitra_t4,data\raw\mitra\Data_T4\T4_DAll.csv,66.0,-6.727100000000001
119,4,27.861171,29.262571,1.4014000000000024,,,hard_brake,mitra_t4,data\raw\mitra\Data_T4\T4_DAll.csv,69.0,-4.7503866666666665
120,2,24.090737,24.691337,0.6006,,,hard_brake,mitra_t4,data\raw\mitra\Data_T4\T4_DAll.csv,72.0,-7.831525000000001
121,2,19.85317,20.987636,1.1344659999999998,,,hard_brake,mitra_t4,data\raw\mitra\Data_T4\T4_DAll.csv,74.0,-7.841746666666666
122,2,25.55887,26.359671,0.8008009999999999,,,hard_brake,mitra_t4,data\raw\mitra\Data_T4\T4_DAll.csv,77.0,-14.39585
123,1,28.661971,29.529504,0.8675329999999981,,,hard_brake,mitra_t4,data\raw\mitra\Data_T4\T4_DAll.csv,81.0,-14.0256375
124,2,30.797438,31.698338,0.9009,,,hard_brake,mitra_t4,data\raw\mitra\Data_T4\T4_DAll.csv,82.0,-5.462526666666666
125,3,24.324304,25.191837,0.8675329999999981,,,hard_brake,mitra_t4,data\raw\mitra\Data_T4\T4_DAll.csv,84.0,-15.731137499999999
126,3,27.594237,28.194837,0.6006,,,hard_brake,mitra_t4,data\raw\mitra\Data_T4\T4_DAll.csv,85.0,-9.525387499999999
127,2,32.665971,33.199838,0.5338670000000008,,,hard_brake,mitra_t4,data\raw\mitra\Data_T4\T4_DAll.csv,86.0,-8.502425
128,6,64.497776,64.998276,0.5005000000000024,,,hard_brake,mitra_t4,data\raw\mitra\Data_T4\T4_DAll.csv,88.0,-6.599337499999999
129,7,53.086374,53.820441,0.7340670000000031,,,hard_brake,mitra_t4,data\raw\mitra\Data_T4\T4_DAll.csv,91.0,-19.123512499999997
130,4,26.726704,27.260571,0.5338669999999972,,,hard_brake,mitra_t4,data\raw\mitra\Data_T4\T4_DAll.csv,92.0,-4.17106
131,4,28.161471,28.862171,0.7007000000000012,,,hard_brake,mitra_t4,data\raw\mitra\Data_T4\T4_DAll.csv,92.0,-4.7326999999999995
132,4,94.12738,94.861447,0.734066999999996,,,hard_brake,mitra_t4,data\raw\mitra\Data_T4\T4_DAll.csv,92.0,-5.068873333333333
133,4,28.261571,29.029004,0.7674330000000005,,,hard_brake,mitra_t4,data\raw\mitra\Data_T4\T4_DAll.csv,94.0,-5.037226666666666
134,3,11.444768,12.178835,0.7340669999999996,,,hard_brake,mitra_t4,data\raw\mitra\Data_T4\T4_DAll.csv,95.0,-9.676525
135,5,76.743345,77.343945,0.6006,,,hard_brake,mitra_t4,data\raw\mitra\Data_T4\T4_DAll.csv,96.0,-8.7159125
136,4,29.295938,30.330304,1.0343660000000021,,,hard_brake,mitra_t4,data\raw\mitra\Data_T4\T4_DAll.csv,97.0,-4.701473333333333
137,6,58.525142,59.993275,1.4681329999999946,,,hard_brake,mitra_t4,data\raw\mitra\Data_T4\T4_DAll.csv,99.0,-9.401133333333332
138,2,17.751069,18.518503,0.767433999999998,,,hard_brake,mitra_t4,data\raw\mitra\Data_T4\T4_DAll.csv,102.0,-21.84395
139,3,14.347669,15.015002,0.6673330000000011,,,hard_brake,mitra_t4,data\raw\mitra\Data_T4\T4_DAll.csv,108.0,-9.515475
140,3,3.169834,4.004001,0.8341669999999999,,,hard_brake,mitra_t4,data\raw\mitra\Data_T4\T4_DAll.csv,110.0,-8.0459625
141,3,6.673334,7.507501,0.8341670000000008,,,hard_brake,mitra_t4,data\raw\mitra\Data_T4\T4_DAll.csv,111.0,-15.00255
142,1,12.045368,13.013002,0.9676340000000003,,,hard_brake,mitra_t4,data\raw\mitra\Data_T4\T4_DAll.csv,112.0,-17.2863125
143,1,15.081736,16.516502,1.4347659999999998,,,hard_brake,mitra_t4,data\raw\mitra\Data_T4\T4_DAll.csv,114.0,-8.732806666666667
144,1,5.638967,6.840168,1.2012010000000002,,,hard_brake,mitra_t4,data\raw\mitra\Data_T4\T4_DAll.csv,116.0,-6.734413333333333
145,2,54.654608,55.555508,0.9009,,,hard_brake,mitra_t4,data\raw\mitra\Data_T4\T4_DAll.csv,118.0,-5.84336
146,2,6.673334,7.340668,0.6673340000000003,,,hard_brake,mitra_t4,data\raw\mitra\Data_T4\T4_DAll.csv,120.0,-12.6285875
147,3,8.341668,9.175835,0.834166999999999,,,hard_brake,mitra_t4,data\raw\mitra\Data_T4\T4_DAll.csv,122.0,-29.06125
148,3,5.071734,6.006001,0.9342670000000002,,,hard_brake,mitra_t4,data\raw\mitra\Data_T4\T4_DAll.csv,123.0,-6.816986666666666
149,1,21.621603,22.35567,0.7340669999999996,,,hard_brake,mitra_t4,data\raw\mitra\Data_T4\T4_DAll.csv,124.0,-12.150750000000002
150,1,8.408401,9.676335,1.2679340000000003,,,hard_brake,mitra_t4,data\raw\mitra\Data_T4\T4_DAll.csv,125.0,-4.9596599999999995
151,2,13.446769,14.180835,0.7340660000000003,,,hard_brake,mitra_t4,data\raw\mitra\Data_T4\T4_DAll.csv,126.0,-6.398649999999999
152,3,10.010001,10.677335,0.6673339999999985,,,hard_brake,mitra_t4,data\raw\mitra\Data_T4\T4_DAll.csv,127.0,-10.326299999999998
153,7,48.882174,49.649607,0.767433000000004,,,hard_brake,mitra_t4,data\raw\mitra\Data_T4\T4_DAll.csv,129.0,-18.847862499999998
154,7,50.016641,50.817441,0.8008000000000024,,,hard_brake,mitra_t4,data\raw\mitra\Data_T4\T4_DAll.csv,130.0,-10.946912500000002
155,4,27.961271,29.696338,1.7350670000000008,,,hard_brake,mitra_t4,data\raw\mitra\Data_T4\T4_DAll.csv,131.0,-5.791366666666666
156,5,8.308301,9.109101,0.8008000000000006,,,hard_brake,mitra_t4,data\raw\mitra\Data_T4\T4_DAll.csv,139.0,-5.066
157,2,64.030643,65.231843,1.2012,,,hard_brake,mitra_t4,data\raw\mitra\Data_T4\T4_DAll.csv,140.0,-12.082625
158,2,62.562509,63.396676,0.8341670000000008,,,hard_brake,mitra_t4,data\raw\mitra\Data_T4\T4_DAll.csv,144.0,-6.23138
159,3,61.027642,61.895176,0.8675339999999991,,,hard_brake,mitra_t4,data\raw\mitra\Data_T4\T4_DAll.csv,146.0,-24.175225
160,7,4.070734,4.938267,0.8675329999999999,,,hard_brake,mitra_t4,data\raw\mitra\Data_T4\T4_DAll.csv,147.0,-15.368162500000002
161,2,67.26721,68.06801,0.8007999999999953,,,hard_brake,mitra_t4,data\raw\mitra\Data_T4\T4_DAll.csv,148.0,-7.447187499999999
162,1,56.856808,58.058008,1.2012,,,hard_brake,mitra_t4,data\raw\mitra\Data_T4\T4_DAll.csv,149.0,-10.421513333333333
163,2,58.925542,59.459409,0.5338670000000008,,,hard_brake,mitra_t4,data\raw\mitra\Data_T4\T4_DAll.csv,150.0,-4.65392
164,3,56.156108,56.890175,0.734066999999996,,,hard_brake,mitra_t4,data\raw\mitra\Data_T4\T4_DAll.csv,151.0,-13.085075
165,3,54.821441,55.555508,0.7340670000000031,,,hard_brake,mitra_t4,data\raw\mitra\Data_T4\T4_DAll.csv,154.0,-12.724575
166,5,4.971634,5.772434,0.8007999999999997,,,hard_brake,mitra_t4,data\raw\mitra\Data_T4\T4_DAll.csv,157.0,-15.273087499999999
167,7,7.841168,8.608601,0.7674330000000005,,,hard_brake,mitra_t4,data\raw\mitra\Data_T4\T4_DAll.csv,158.0,-16.2642375
168,6,13.513502,14.280935,0.7674329999999987,,,hard_brake,mitra_t4,data\raw\mitra\Data_T4\T4_DAll.csv,159.0,-12.783387500000002
169,2,80.246845,81.081012,0.8341670000000079,,,hard_brake,mitra_t4,data\raw\mitra\Data_T4\T4_DAll.csv,163.0,-4.710139999999999
170,3,76.743345,77.577511,0.8341659999999962,,,hard_brake,mitra_t4,data\raw\mitra\Data_T4\T4_DAll.csv,164.0,-14.76715
171,7,5.705701,6.773434,1.0677329999999996,,,hard_brake,mitra_t4,data\raw\mitra\Data_T4\T4_DAll.csv,165.0,-16.364075
172,6,3.036367,4.104101,1.0677340000000002,,,hard_brake,mitra_t4,data\raw\mitra\Data_T4\T4_DAll.csv,166.0,-11.11785
173,7,10.710702,11.611602,0.9009,,,hard_brake,mitra_t4,data\raw\mitra\Data_T4\T4_DAll.csv,167.0,-15.577675
174,3,79.546145,80.246845,0.7006999999999977,,,hard_brake,mitra_t4,data\raw\mitra\Data_T4\T4_DAll.csv,168.0,-5.395762500000001
175,1,74.974911,76.076011,1.1010999999999882,,,hard_brake,mitra_t4,data\raw\mitra\Data_T4\T4_DAll.csv,170.0,-6.8435266666666665
176,2,26.226204,27.160471,0.934267000000002,,,hard_brake,mitra_t4,data\raw\mitra\Data_T4\T4_DAll.csv,171.0,-7.305626666666666
177,1,73.973911,74.574511,0.6006,,,hard_brake,mitra_t4,data\raw\mitra\Data_T4\T4_DAll.csv,171.0,-9.1380625
178,3,71.17111,71.738344,0.5672339999999991,,,hard_brake,mitra_t4,data\raw\mitra\Data_T4\T4_DAll.csv,172.0,-6.6123625
179,1,66.16611,66.733343,0.5672330000000017,,,hard_brake,mitra_t4,data\raw\mitra\Data_T4\T4_DAll.csv,174.0,-7.0910875
180,2,91.12438,91.758347,0.6339669999999984,,,hard_brake,mitra_t4,data\raw\mitra\Data_T4\T4_DAll.csv,176.0,-10.0080125
181,1,79.079012,79.746345,0.6673329999999993,,,hard_brake,mitra_t4,data\raw\mitra\Data_T4\T4_DAll.csv,177.0,-19.276525
182,2,78.645245,79.412678,0.7674329999999969,,,hard_brake,mitra_t4,data\raw\mitra\Data_T4\T4_DAll.csv,178.0,-11.143375
183,3,73.039644,73.907177,0.8675330000000088,,,hard_brake,mitra_t4,data\raw\mitra\Data_T4\T4_DAll.csv,180.0,-21.6756875
184,3,70.336944,70.904177,0.5672330000000017,,,hard_brake,mitra_t4,data\raw\mitra\Data_T4\T4_DAll.csv,182.0,-9.4048375
185,3,5.505501,6.172834,0.6673330000000002,,,hard_brake,mitra_t4,data\raw\mitra\Data_T4\T4_DAll.csv,183.0,-6.991553333333333
186,3,63.396676,64.064009,0.6673329999999993,,,hard_brake,mitra_t4,data\raw\mitra\Data_T4\T4_DAll.csv,183.0,-13.500237499999999
187,2,69.36931,70.737344,1.3680339999999944,,,hard_brake,mitra_t4,data\raw\mitra\Data_T4\T4_DAll.csv,184.0,-6.81346
188,3,59.993275,60.727342,0.7340670000000031,,,hard_brake,mitra_t4,data\raw\mitra\Data_T4\T4_DAll.csv,185.0,-8.1916
189,2,15.615602,16.349669,0.7340669999999978,,,hard_brake,mitra_t4,data\raw\mitra\Data_T4\T4_DAll.csv,186.0,-5.98952
190,3,87.620879,88.42168,0.8008009999999928,,,hard_brake,mitra_t4,data\raw\mitra\Data_T4\T4_DAll.csv,186.0,-21.7296625
191,3,86.119379,86.920179,0.8008000000000095,,,hard_brake,mitra_t4,data\raw\mitra\Data_T4\T4_DAll.csv,187.0,-13.112874999999999
192,3,82.916179,83.583512,0.6673329999999993,,,hard_brake,mitra_t4,data\raw\mitra\Data_T4\T4_DAll.csv,188.0,-16.0796125
193,2,84.150746,84.751346,0.6006,,,hard_brake,mitra_t4,data\raw\mitra\Data_T4\T4_DAll.csv,192.0,-7.9689749999999995
194,3,78.945545,79.579512,0.6339669999999984,,,hard_brake,mitra_t4,data\raw\mitra\Data_T4\T4_DAll.csv,193.0,-4.445939999999999
195,1,71.504777,72.572511,1.0677340000000015,,,hard_brake,mitra_t4,data\raw\mitra\Data_T4\T4_DAll.csv,194.0,-7.178753333333333
196,2,73.440044,74.240844,0.8007999999999953,,,hard_brake,mitra_t4,data\raw\mitra\Data_T4\T4_DAll.csv,196.0,-16.6984875
197,2,71.104377,71.738344,0.6339669999999984,,,hard_brake,mitra_t4,data\raw\mitra\Data_T4\T4_DAll.csv,199.0,-4.8332
198,1,52.485774,53.353308,0.8675339999999991,,,hard_brake,mitra_t4,data\raw\mitra\Data_T4\T4_DAll.csv,205.0,-21.597625
199,2,57.891175,58.892175,1.0010000000000048,,,hard_brake,mitra_t4,data\raw\mitra\Data_T4\T4_DAll.csv,206.0,-6.459466666666667
200,1,50.450407,51.718341,1.267934000000004,,,hard_brake,mitra_t4,data\raw\mitra\Data_T4\T4_DAll.csv,207.0,-6.210446666666667
201,7,25.35867,26.126104,0.7674340000000015,,,hard_brake,mitra_t4,data\raw\mitra\Data_T4\T4_DAll.csv,211.0,-6.132737500000001
202,7,14.314302,15.115102,0.8008000000000006,,,hard_brake,mitra_t4,data\raw\mitra\Data_T4\T4_DAll.csv,218.0,-17.741525000000003
203,5,13.580235,14.381035,0.8008000000000006,,,hard_brake,mitra_t4,data\raw\mitra\Data_T4\T4_DAll.csv,219.0,-5.76246
204,6,20.787436,21.45477,0.6673340000000003,,,hard_brake,mitra_t4,data\raw\mitra\Data_T4\T4_DAll.csv,222.0,-5.2701125
205,7,18.885536,19.786436,0.9009,,,hard_brake,mitra_t4,data\raw\mitra\Data_T4\T4_DAll.csv,223.0,-12.809225000000001
206,7,16.316302,16.950269,0.6339669999999984,,,hard_brake,mitra_t4,data\raw\mitra\Data_T4\T4_DAll.csv,224.0,-10.8562375
207,5,17.584236,18.451769,0.8675329999999981,,,hard_brake,mitra_t4,data\raw\mitra\Data_T4\T4_DAll.csv,226.0,-6.2312666666666665
208,5,15.315302,16.282936,0.9676339999999986,,,hard_brake,mitra_t4,data\raw\mitra\Data_T4\T4_DAll.csv,228.0,-9.404162499999998
209,7,9.509501,10.276935,0.7674339999999997,,,hard_brake,mitra_t4,data\raw\mitra\Data_T4\T4_DAll.csv,237.0,-9.186525
210,5,9.843168,10.610602,0.7674339999999997,,,hard_brake,mitra_t4,data\raw\mitra\Data_T4\T4_DAll.csv,239.0,-7.357124999999999
211,5,80.146745,81.014279,0.8675340000000062,,,hard_brake,mitra_t4,data\raw\mitra\Data_T4\T4_DAll.csv,240.0,-6.2372000000000005
212,5,32.966271,33.466772,0.5005009999999999,,,hard_brake,mitra_t4,data\raw\mitra\Data_T4\T4_DAll.csv,248.0,-4.3648533333333335
213,6,44.21084,44.81144,0.6006,,,hard_brake,mitra_t4,data\raw\mitra\Data_T4\T4_DAll.csv,248.0,-5.412212499999999
214,4,32.766071,34.134105,1.3680340000000015,,,hard_brake,mitra_t4,data\raw\mitra\Data_T4\T4_DAll.csv,250.0,-4.48464
215,1,41.608239,42.20884,0.6006010000000046,,,hard_brake,mitra_t4,data\raw\mitra\Data_T4\T4_DAll.csv,252.0,-8.990949999999998
216,5,89.656246,90.356947,0.7007010000000093,,,hard_brake,mitra_t4,data\raw\mitra\Data_T4\T4_DAll.csv,253.0,-9.813649999999999
217,4,34.367672,36.002639,1.6349670000000032,,,hard_brake,mitra_t4,data\raw\mitra\Data_T4\T4_DAll.csv,255.0,-5.770713333333333
218,1,92.892814,93.593514,0.7006999999999977,,,hard_brake,mitra_t4,data\raw\mitra\Data_T4\T4_DAll.csv,257.0,-31.52215
219,4,33.400038,34.968272,1.5682339999999968,,,hard_brake,mitra_t4,data\raw\mitra\Data_T4\T4_DAll.csv,258.0,-5.364693333333333
220,1,100.567148,101.768348,1.2012,,,hard_brake,mitra_t4,data\raw\mitra\Data_T4\T4_DAll.csv,259.0,-9.095706666666667
221,1,47.91454,48.71534,0.8007999999999953,,,hard_brake,mitra_t4,data\raw\mitra\Data_T4\T4_DAll.csv,266.0,-12.9948625
222,3,94.461047,95.428681,0.9676340000000039,,,hard_brake,mitra_t4,data\raw\mitra\Data_T4\T4_DAll.csv,268.0,-10.5926625
223,4,37.337305,38.138106,0.8008009999999999,,,hard_brake,mitra_t4,data\raw\mitra\Data_T4\T4_DAll.csv,269.0,-4.49554
224,5,110.543783,111.211116,0.6673329999999993,,,hard_brake,mitra_t4,data\raw\mitra\Data_T4\T4_DAll.csv,269.0,-12.180599999999998
225,1,102.936182,103.937182,1.0010000000000048,,,hard_brake,mitra_t4,data\raw\mitra\Data_T4\T4_DAll.csv,270.0,-9.6180375
226,2,98.064648,98.932181,0.8675329999999946,,,hard_brake,mitra_t4,data\raw\mitra\Data_T4\T4_DAll.csv,271.0,-18.521825
227,4,35.602239,37.537505,1.9352660000000057,,,hard_brake,mitra_t4,data\raw\mitra\Data_T4\T4_DAll.csv,273.0,-5.676213333333333
228,3,99.632881,100.433681,0.8008000000000095,,,hard_brake,mitra_t4,data\raw\mitra\Data_T4\T4_DAll.csv,274.0,-10.839187499999998
229,3,95.862447,96.763347,0.9008999999999929,,,hard_brake,mitra_t4,data\raw\mitra\Data_T4\T4_DAll.csv,275.0,-9.277025
230,4,113.346583,113.88045,0.5338670000000008,,,hard_brake,mitra_t4,data\raw\mitra\Data_T4\T4_DAll.csv,276.0,-5.5439
231,1,55.889175,56.556508,0.6673329999999993,,,hard_brake,mitra_t4,data\raw\mitra\Data_T4\T4_DAll.csv,280.0,-7.7189749999999995
232,1,105.071649,106.272849,1.2012,,,hard_brake,mitra_t4,data\raw\mitra\Data_T4\T4_DAll.csv,282.0,-7.493506666666667
233,5,102.702615,103.369948,0.6673329999999993,,,hard_brake,mitra_t4,data\raw\mitra\Data_T4\T4_DAll.csv,283.0,-7.01695
234,7,89.189113,90.02328,0.8341669999999937,,,hard_brake,mitra_t4,data\raw\mitra\Data_T4\T4_DAll.csv,284.0,-10.277637499999999
235,4,118.218117,119.052284,0.8341669999999937,,,hard_brake,mitra_t4,data\raw\mitra\Data_T4\T4_DAll.csv,285.0,-10.138950000000001
236,1,58.591875,59.225842,0.6339669999999984,,,hard_brake,mitra_t4,data\raw\mitra\Data_T4\T4_DAll.csv,287.0,-7.8513125
237,3,105.338582,106.272849,0.9342669999999913,,,hard_brake,mitra_t4,data\raw\mitra\Data_T4\T4_DAll.csv,290.0,-12.322462499999999
238,4,121.754984,122.555785,0.800801000000007,,,hard_brake,mitra_t4,data\raw\mitra\Data_T4\T4_DAll.csv,292.0,-24.113299999999995
239,7,88.455046,89.189113,0.7340670000000102,,,hard_brake,mitra_t4,data\raw\mitra\Data_T4\T4_DAll.csv,295.0,-13.4301
240,4,124.924818,125.558785,0.6339669999999984,,,hard_brake,mitra_t4,data\raw\mitra\Data_T4\T4_DAll.csv,296.0,-11.438075
241,2,102.469048,103.770348,1.3012999999999977,,,hard_brake,mitra_t4,data\raw\mitra\Data_T4\T4_DAll.csv,297.0,-6.977613333333334
242,21,30.697338,31.264571,0.5672330000000017,,,hard_brake,mitra_t4,data\raw\mitra\Data_T4\T4_DAll.csv,298.0,-5.535946666666666
243,4,126.493052,127.227119,0.734066999999996,,,hard_brake,mitra_t4,data\raw\mitra\Data_T4\T4_DAll.csv,299.0,-10.591737499999999
244,0,28.728704,29.596238,0.8675339999999991,,,hard_brake,mitra_t4,data\raw\mitra\Data_T4\T4_DAll.csv,300.0,-11.016613333333334
245,0,31.031005,31.698338,0.6673329999999993,,,hard_brake,mitra_t4,data\raw\mitra\Data_T4\T4_DAll.csv,300.0,-9.01802
246,10,35.201838,35.769072,0.5672339999999991,,,hard_brake,mitra_t4,data\raw\mitra\Data_T4\T4_DAll.csv,300.0,-5.1856
247,3,36.136105,36.703339,0.5672339999999991,,,hard_brake,mitra_t4,data\raw\mitra\Data_T4\T4_DAll.csv,304.0,-4.609633333333333
248,1,111.17775,112.27885,1.1011000000000024,,,hard_brake,mitra_t4,data\raw\mitra\Data_T4\T4_DAll.csv,308.0,-11.244
249,4,135.468686,136.23612,0.7674340000000086,,,hard_brake,mitra_t4,data\raw\mitra\Data_T4\T4_DAll.csv,309.0,-11.954162499999999
250,4,137.23712,138.071287,0.8341670000000079,,,hard_brake,mitra_t4,data\raw\mitra\Data_T4\T4_DAll.csv,311.0,-13.0364875
251,5,112.37895,113.213117,0.8341669999999937,,,hard_brake,mitra_t4,data\raw\mitra\Data_T4\T4_DAll.csv,312.0,-25.344974999999998
252,3,109.075649,109.943183,0.8675340000000062,,,hard_brake,mitra_t4,data\raw\mitra\Data_T4\T4_DAll.csv,315.0,-24.403000000000002
253,1,64.264209,65.06501,0.800801000000007,,,hard_brake,mitra_t4,data\raw\mitra\Data_T4\T4_DAll.csv,320.0,-21.4058875
254,1,67.934543,68.56851,0.6339669999999984,,,hard_brake,mitra_t4,data\raw\mitra\Data_T4\T4_DAll.csv,323.0,-4.696349999999999
255,6,115.949184,116.950184,1.0009999999999906,,,hard_brake,mitra_t4,data\raw\mitra\Data_T4\T4_DAll.csv,325.0,-8.12658
256,3,113.947183,114.78135,0.8341670000000079,,,hard_brake,mitra_t4,data\raw\mitra\Data_T4\T4_DAll.csv,326.0,-10.1189875
257,2,100.300215,101.000915,0.7007000000000119,,,hard_brake,mitra_t4,data\raw\mitra\Data_T4\T4_DAll.csv,329.0,-7.964986666666666
258,2,107.574149,108.908816,1.334666999999996,,,hard_brake,mitra_t4,data\raw\mitra\Data_T4\T4_DAll.csv,329.0,-12.024866666666668
259,7,109.609516,110.210116,0.6006,,,hard_brake,mitra_t4,data\raw\mitra\Data_T4\T4_DAll.csv,331.0,-8.7200875
260,4,140.273487,141.074287,0.8008000000000095,,,hard_brake,mitra_t4,data\raw\mitra\Data_T4\T4_DAll.csv,334.0,-17.703712499999998
261,5,145.545421,146.246121,0.7006999999999834,,,hard_brake,mitra_t4,data\raw\mitra\Data_T4\T4_DAll.csv,335.0,-4.542933333333333
262,5,120.053284,121.387951,1.334666999999996,,,hard_brake,mitra_t4,data\raw\mitra\Data_T4\T4_DAll.csv,336.0,-8.144686666666667
263,1,117.417317,117.951184,0.5338670000000008,,,hard_brake,mitra_t4,data\raw\mitra\Data_T4\T4_DAll.csv,338.0,-9.2732375
264,7,110.743983,111.37795,0.6339669999999984,,,hard_brake,mitra_t4,data\raw\mitra\Data_T4\T4_DAll.csv,343.0,-19.115375
265,3,116.249484,116.950184,0.7006999999999977,,,hard_brake,mitra_t4,data\raw\mitra\Data_T4\T4_DAll.csv,345.0,-8.891987499999999
266,7,111.344583,112.212116,0.8675329999999946,,,hard_brake,mitra_t4,data\raw\mitra\Data_T4\T4_DAll.csv,347.0,-17.826124999999998
267,7,118.384951,118.885451,0.5005000000000024,,,hard_brake,mitra_t4,data\raw\mitra\Data_T4\T4_DAll.csv,355.0,-4.2833499999999995
268,2,119.586151,121.121018,1.5348670000000055,,,hard_brake,mitra_t4,data\raw\mitra\Data_T4\T4_DAll.csv,356.0,-10.254475
269,5,125.191752,125.725618,0.5338660000000033,,,hard_brake,mitra_t4,data\raw\mitra\Data_T4\T4_DAll.csv,358.0,-8.077475
270,5,141.241121,142.075287,0.8341660000000104,,,hard_brake,mitra_t4,data\raw\mitra\Data_T4\T4_DAll.csv,359.0,-22.239137500000002
271,4,144.310854,145.078288,0.7674339999999802,,,hard_brake,mitra_t4,data\raw\mitra\Data_T4\T4_DAll.csv,360.0,-7.5097249999999995
272,1,119.252484,120.120018,0.8675340000000062,,,hard_brake,mitra_t4,data\raw\mitra\Data_T4\T4_DAll.csv,363.0,-15.4532625
273,2,122.088651,123.456685,1.3680339999999944,,,hard_brake,mitra_t4,data\raw\mitra\Data_T4\T4_DAll.csv,364.0,-11.46438
274,5,127.227119,128.061285,0.8341659999999962,,,hard_brake,mitra_t4,data\raw\mitra\Data_T4\T4_DAll.csv,365.0,-27.5211125
275,7,120.520418,121.221118,0.7006999999999977,,,hard_brake,mitra_t4,data\raw\mitra\Data_T4\T4_DAll.csv,367.0,-10.4652875
276,5,128.528419,129.395952,0.8675329999999803,,,hard_brake,mitra_t4,data\raw\mitra\Data_T4\T4_DAll.csv,368.0,-10.214825000000001
277,2,124.357585,124.958185,0.6006,,,hard_brake,mitra_t4,data\raw\mitra\Data_T4\T4_DAll.csv,370.0,-10.7488875
278,1,81.981912,82.749345,0.7674330000000111,,,hard_brake,mitra_t4,data\raw\mitra\Data_T4\T4_DAll.csv,371.0,-13.15075
279,3,128.661885,129.295852,0.6339669999999842,,,hard_brake,mitra_t4,data\raw\mitra\Data_T4\T4_DAll.csv,372.0,-8.169475
280,3,126.159385,126.960185,0.8007999999999953,,,hard_brake,mitra_t4,data\raw\mitra\Data_T4\T4_DAll.csv,374.0,-15.1458375
281,4,149.349222,150.083289,0.7340670000000102,,,hard_brake,mitra_t4,data\raw\mitra\Data_T4\T4_DAll.csv,375.0,-17.117487500000003
282,5,129.762986,130.230119,0.4671329999999898,,,hard_brake,mitra_t4,data\raw\mitra\Data_T4\T4_DAll.csv,376.0,-8.125187500000001
283,4,71.77171,72.405677,0.6339669999999984,,,hard_brake,mitra_t4,data\raw\mitra\Data_T4\T4_DAll.csv,378.0,-4.147306666666667
284,6,125.458685,126.226118,0.7674329999999969,,,hard_brake,mitra_t4,data\raw\mitra\Data_T4\T4_DAll.csv,379.0,-9.9655125
285,4,153.419956,154.087289,0.6673329999999851,,,hard_brake,mitra_t4,data\raw\mitra\Data_T4\T4_DAll.csv,380.0,-7.188187499999999
286,1,123.389951,124.791352,1.401401000000007,,,hard_brake,mitra_t4,data\raw\mitra\Data_T4\T4_DAll.csv,381.0,-11.628526666666666
287,3,127.427319,127.961185,0.5338660000000033,,,hard_brake,mitra_t4,data\raw\mitra\Data_T4\T4_DAll.csv,382.0,-8.9868125
288,7,123.656885,124.390952,0.734066999999996,,,hard_brake,mitra_t4,data\raw\mitra\Data_T4\T4_DAll.csv,383.0,-15.475650000000002
289,6,127.494052,128.228119,0.734066999999996,,,hard_brake,mitra_t4,data\raw\mitra\Data_T4\T4_DAll.csv,386.0,-6.376625000000001
290,4,154.621156,155.255123,0.6339669999999842,,,hard_brake,mitra_t4,data\raw\mitra\Data_T4\T4_DAll.csv,387.0,-7.276725
291,5,136.669887,137.403953,0.7340660000000128,,,hard_brake,mitra_t4,data\raw\mitra\Data_T4\T4_DAll.csv,390.0,-7.0547249999999995
292,1,126.960185,128.161385,1.2012,,,hard_brake,mitra_t4,data\raw\mitra\Data_T4\T4_DAll.csv,391.0,-8.355979999999999
293,4,156.89009,157.59079,0.7007000000000119,,,hard_brake,mitra_t4,data\raw\mitra\Data_T4\T4_DAll.csv,392.0,-13.090175
294,7,124.424318,125.225118,0.8007999999999953,,,hard_brake,mitra_t4,data\raw\mitra\Data_T4\T4_DAll.csv,393.0,-9.150400000000001
295,5,138.73862,139.23912,0.5005000000000166,,,hard_brake,mitra_t4,data\raw\mitra\Data_T4\T4_DAll.csv,395.0,-6.234725000000001
296,21,67.734343,68.334943,0.6006,,,hard_brake,mitra_t4,data\raw\mitra\Data_T4\T4_DAll.csv,396.0,-5.81604
297,4,71.871811,72.439044,0.5672330000000017,,,hard_brake,mitra_t4,data\raw\mitra\Data_T4\T4_DAll.csv,397.0,-4.181633333333333
298,4,72.605877,74.074011,1.468133999999992,,,hard_brake,mitra_t4,data\raw\mitra\Data_T4\T4_DAll.csv,399.0,-4.671386666666667
299,7,136.269487,137.23712,0.9676330000000064,,,hard_brake,mitra_t4,data\raw\mitra\Data_T4\T4_DAll.csv,399.0,-15.5203125
300,7,127.694252,128.561785,0.8675329999999803,,,hard_brake,mitra_t4,data\raw\mitra\Data_T4\T4_DAll.csv,401.0,-11.6658875
301,4,73.339944,75.041644,1.7017000000000024,,,hard_brake,mitra_t4,data\raw\mitra\Data_T4\T4_DAll.csv,402.0,-4.956486666666667
302,5,148.681888,149.415955,0.7340670000000102,,,hard_brake,mitra_t4,data\raw\mitra\Data_T4\T4_DAll.csv,403.0,-4.7997733333333334
303,2,130.096652,131.631519,1.5348669999999913,,,hard_brake,mitra_t4,data\raw\mitra\Data_T4\T4_DAll.csv,405.0,-10.132125
304,3,134.067286,134.801353,0.7340670000000102,,,hard_brake,mitra_t4,data\raw\mitra\Data_T4\T4_DAll.csv,406.0,-10.1655875
305,4,164.797991,165.598791,0.8008000000000095,,,hard_brake,mitra_t4,data\raw\mitra\Data_T4\T4_DAll.csv,407.0,-20.201187499999996
306,2,132.098653,132.932819,0.834165999999982,,,hard_brake,mitra_t4,data\raw\mitra\Data_T4\T4_DAll.csv,409.0,-4.808686666666666
307,2,69.235843,69.803077,0.5672339999999991,,,hard_brake,mitra_t4,data\raw\mitra\Data_T4\T4_DAll.csv,410.0,-6.5723666666666665
308,3,133.066286,133.566786,0.5005000000000166,,,hard_brake,mitra_t4,data\raw\mitra\Data_T4\T4_DAll.csv,411.0,-4.254346666666667
309,7,131.264486,132.065286,0.8007999999999811,,,hard_brake,mitra_t4,data\raw\mitra\Data_T4\T4_DAll.csv,414.0,-9.232074999999998
310,5,125.658885,126.126018,0.467133000000004,,,hard_brake,mitra_t4,data\raw\mitra\Data_T4\T4_DAll.csv,416.0,-4.66046
311,6,141.975187,142.642521,0.6673339999999826,,,hard_brake,mitra_t4,data\raw\mitra\Data_T4\T4_DAll.csv,417.0,-4.83108
312,4,166.566424,167.267124,0.7006999999999834,,,hard_brake,mitra_t4,data\raw\mitra\Data_T4\T4_DAll.csv,418.0,-13.3061
313,3,69.936544,70.503777,0.5672330000000017,,,hard_brake,mitra_t4,data\raw\mitra\Data_T4\T4_DAll.csv,420.0,-4.6535866666666665
314,2,125.458685,126.292852,0.8341669999999937,,,hard_brake,mitra_t4,data\raw\mitra\Data_T4\T4_DAll.csv,420.0,-24.379112499999998
315,6,132.532419,133.233119,0.7006999999999834,,,hard_brake,mitra_t4,data\raw\mitra\Data_T4\T4_DAll.csv,421.0,-21.713612499999996
316,1,101.534782,102.435682,0.9008999999999929,,,hard_brake,mitra_t4,data\raw\mitra\Data_T4\T4_DAll.csv,422.0,-6.546119999999999
317,4,80.647245,81.581512,0.9342670000000055,,,hard_brake,mitra_t4,data\raw\mitra\Data_T4\T4_DAll.csv,423.0,-4.907506666666666
318,4,167.433958,168.268125,0.8341670000000079,,,hard_brake,mitra_t4,data\raw\mitra\Data_T4\T4_DAll.csv,423.0,-29.991612500000002
319,1,132.732619,133.466686,0.7340670000000102,,,hard_brake,mitra_t4,data\raw\mitra\Data_T4\T4_DAll.csv,427.0,-4.277873333333334
320,4,169.402591,170.270125,0.8675340000000062,,,hard_brake,mitra_t4,data\raw\mitra\Data_T4\T4_DAll.csv,428.0,-13.100812500000002
321,5,155.155023,155.755623,0.6006000000000142,,,hard_brake,mitra_t4,data\raw\mitra\Data_T4\T4_DAll.csv,430.0,-8.4938875
322,5,134.601153,135.401953,0.8007999999999811,,,hard_brake,mitra_t4,data\raw\mitra\Data_T4\T4_DAll.csv,433.0,-6.9471750000000005
323,1,133.366586,135.13502,1.768433999999985,,,hard_brake,mitra_t4,data\raw\mitra\Data_T4\T4_DAll.csv,434.0,-11.022986666666666
324,4,83.483412,84.684612,1.2012,,,hard_brake,mitra_t4,data\raw\mitra\Data_T4\T4_DAll.csv,436.0,-4.4252
325,4,168.535058,169.269125,0.7340670000000102,,,hard_brake,mitra_t4,data\raw\mitra\Data_T4\T4_DAll.csv,436.0,-7.4968
326,3,82.816079,83.283212,0.467133000000004,,,hard_brake,mitra_t4,data\raw\mitra\Data_T4\T4_DAll.csv,437.0,-4.223473333333334
327,3,140.306854,140.807354,0.5005000000000166,,,hard_brake,mitra_t4,data\raw\mitra\Data_T4\T4_DAll.csv,437.0,-5.34305
328,2,138.805354,139.973187,1.1678330000000017,,,hard_brake,mitra_t4,data\raw\mitra\Data_T4\T4_DAll.csv,438.0,-10.511433333333335
329,4,84.517779,85.318579,0.8007999999999953,,,hard_brake,mitra_t4,data\raw\mitra\Data_T4\T4_DAll.csv,441.0,-4.171826666666666
330,6,161.928457,162.762624,0.8341669999999795,,,hard_brake,mitra_t4,data\raw\mitra\Data_T4\T4_DAll.csv,441.0,-31.4231625
331,4,86.586513,87.253846,0.6673329999999993,,,hard_brake,mitra_t4,data\raw\mitra\Data_T4\T4_DAll.csv,447.0,-4.086526666666667
332,21,87.153746,87.620879,0.467133000000004,,,hard_brake,mitra_t4,data\raw\mitra\Data_T4\T4_DAll.csv,448.0,-5.482873333333333
333,1,136.43632,136.970187,0.533867000000015,,,hard_brake,mitra_t4,data\raw\mitra\Data_T4\T4_DAll.csv,449.0,-4.586474999999999
334,5,161.29449,162.262124,0.9676340000000039,,,hard_brake,mitra_t4,data\raw\mitra\Data_T4\T4_DAll.csv,450.0,-11.821062500000002
335,1,141.674887,142.642521,0.9676339999999755,,,hard_brake,mitra_t4,data\raw\mitra\Data_T4\T4_DAll.csv,454.0,-5.537266666666667
336,5,163.296491,163.930457,0.6339659999999867,,,hard_brake,mitra_t4,data\raw\mitra\Data_T4\T4_DAll.csv,455.0,-6.799299999999999
337,7,149.082288,149.749622,0.6673339999999826,,,hard_brake,mitra_t4,data\raw\mitra\Data_T4\T4_DAll.csv,458.0,-5.6411125
338,5,166.065924,166.933458,0.8675340000000062,,,hard_brake,mitra_t4,data\raw\mitra\Data_T4\T4_DAll.csv,459.0,-14.072225000000001
339,6,157.624156,158.59179,0.9676340000000039,,,hard_brake,mitra_t4,data\raw\mitra\Data_T4\T4_DAll.csv,461.0,-14.188737500000002
340,2,141.541421,142.976188,1.4347669999999937,,,hard_brake,mitra_t4,data\raw\mitra\Data_T4\T4_DAll.csv,464.0,-10.177486666666665
341,4,155.522056,156.256123,0.7340670000000102,,,hard_brake,mitra_t4,data\raw\mitra\Data_T4\T4_DAll.csv,466.0,-7.649987500000001
342,3,147.480688,148.148022,0.667334000000011,,,hard_brake,mitra_t4,data\raw\mitra\Data_T4\T4_DAll.csv,468.0,-6.806700000000001
343,7,155.588789,156.923456,1.334666999999996,,,hard_brake,mitra_t4,data\raw\mitra\Data_T4\T4_DAll.csv,469.0,-14.386506666666666
344,4,179.045559,179.94646,0.9009010000000046,,,hard_brake,mitra_t4,data\raw\mitra\Data_T4\T4_DAll.csv,470.0,-17.067875
345,1,138.43832,139.305854,0.8675340000000062,,,hard_brake,mitra_t4,data\raw\mitra\Data_T4\T4_DAll.csv,471.0,-32.3944625
346,7,159.025557,160.226757,1.2012,,,hard_brake,mitra_t4,data\raw\mitra\Data_T4\T4_DAll.csv,473.0,-8.24752
347,2,143.810354,144.310854,0.5005000000000166,,,hard_brake,mitra_t4,data\raw\mitra\Data_T4\T4_DAll.csv,474.0,-7.677412499999999
348,5,167.233758,167.934458,0.7007000000000119,,,hard_brake,mitra_t4,data\raw\mitra\Data_T4\T4_DAll.csv,475.0,-9.890399999999998
349,5,173.473325,173.940459,0.4671340000000157,,,hard_brake,mitra_t4,data\raw\mitra\Data_T4\T4_DAll.csv,477.0,-6.0180750000000005
350,6,157.09029,157.757623,0.6673329999999851,,,hard_brake,mitra_t4,data\raw\mitra\Data_T4\T4_DAll.csv,479.0,-13.339949999999998
351,2,151.351222,151.985189,0.6339669999999842,,,hard_brake,mitra_t4,data\raw\mitra\Data_T4\T4_DAll.csv,482.0,-7.8297125
352,1,146.513055,147.814355,1.3012999999999977,,,hard_brake,mitra_t4,data\raw\mitra\Data_T4\T4_DAll.csv,486.0,-10.05502
353,4,101.468048,102.102015,0.6339669999999984,,,hard_brake,mitra_t4,data\raw\mitra\Data_T4\T4_DAll.csv,488.0,-4.323493333333333
354,3,151.518055,152.318856,0.800801000000007,,,hard_brake,mitra_t4,data\raw\mitra\Data_T4\T4_DAll.csv,489.0,-11.432425
355,2,155.421956,156.322856,0.9009000000000071,,,hard_brake,mitra_t4,data\raw\mitra\Data_T4\T4_DAll.csv,492.0,-16.4475625
356,3,152.952822,153.653522,0.7007000000000119,,,hard_brake,mitra_t4,data\raw\mitra\Data_T4\T4_DAll.csv,494.0,-6.244875
357,4,188.555061,189.289128,0.7340670000000102,,,hard_brake,mitra_t4,data\raw\mitra\Data_T4\T4_DAll.csv,497.0,-10.27405
358,7,138.571787,139.23912,0.6673330000000135,,,hard_brake,mitra_t4,data\raw\mitra\Data_T4\T4_DAll.csv,498.0,-5.405200000000001
359,2,157.69089,159.159023,1.4681329999999946,,,hard_brake,mitra_t4,data\raw\mitra\Data_T4\T4_DAll.csv,500.0,-15.682825
360,7,166.199391,166.933458,0.7340670000000102,,,hard_brake,mitra_t4,data\raw\mitra\Data_T4\T4_DAll.csv,501.0,-12.4044875
361,3,154.721256,155.655523,0.9342669999999771,,,hard_brake,mitra_t4,data\raw\mitra\Data_T4\T4_DAll.csv,502.0,-12.87405
362,4,191.090928,191.958461,0.8675330000000088,,,hard_brake,mitra_t4,data\raw\mitra\Data_T4\T4_DAll.csv,503.0,-26.641174999999997
363,5,182.882727,183.616793,0.7340660000000128,,,hard_brake,mitra_t4,data\raw\mitra\Data_T4\T4_DAll.csv,505.0,-4.894913333333333
364,3,157.49069,158.324856,0.8341660000000104,,,hard_brake,mitra_t4,data\raw\mitra\Data_T4\T4_DAll.csv,510.0,-12.716062499999998
365,4,108.575149,109.209116,0.6339669999999984,,,hard_brake,mitra_t4,data\raw\mitra\Data_T4\T4_DAll.csv,513.0,-4.460993333333334
366,4,194.861362,195.628795,0.7674329999999827,,,hard_brake,mitra_t4,data\raw\mitra\Data_T4\T4_DAll.csv,513.0,-13.68525
367,3,94.761347,95.328581,0.5672339999999991,,,hard_brake,mitra_t4,data\raw\mitra\Data_T4\T4_DAll.csv,515.0,-4.30434
368,7,168.902091,169.602791,0.7006999999999834,,,hard_brake,mitra_t4,data\raw\mitra\Data_T4\T4_DAll.csv,516.0,-9.1851625
369,5,190.390228,191.624795,1.2345669999999984,,,hard_brake,mitra_t4,data\raw\mitra\Data_T4\T4_DAll.csv,518.0,-15.753140000000002
370,1,152.886089,153.353222,0.4671329999999898,,,hard_brake,mitra_t4,data\raw\mitra\Data_T4\T4_DAll.csv,522.0,-4.560053333333333
371,7,188.922094,189.789628,0.8675340000000062,,,hard_brake,mitra_t4,data\raw\mitra\Data_T4\T4_DAll.csv,523.0,-34.07325
372,1,159.626157,161.161024,1.5348669999999913,,,hard_brake,mitra_t4,data\raw\mitra\Data_T4\T4_DAll.csv,524.0,-17.2840625
373,5,185.35186,185.952461,0.6006010000000117,,,hard_brake,mitra_t4,data\raw\mitra\Data_T4\T4_DAll.csv,525.0,-8.128800000000002
374,5,191.658161,192.458961,0.8007999999999811,,,hard_brake,mitra_t4,data\raw\mitra\Data_T4\T4_DAll.csv,526.0,-19.444812499999998
375,3,159.225757,160.160023,0.934266000000008,,,hard_brake,mitra_t4,data\raw\mitra\Data_T4\T4_DAll.csv,527.0,-33.7834875
376,5,194.527695,195.461962,0.9342670000000055,,,hard_brake,mitra_t4,data\raw\mitra\Data_T4\T4_DAll.csv,528.0,-12.305374999999998
377,3,165.231757,165.832358,0.6006010000000117,,,hard_brake,mitra_t4,data\raw\mitra\Data_T4\T4_DAll.csv,530.0,-6.467524999999999
378,1,162.19539,162.99619,0.8008000000000095,,,hard_brake,mitra_t4,data\raw\mitra\Data_T4\T4_DAll.csv,534.0,-11.404337499999999
379,6,176.743259,178.077926,1.334666999999996,,,hard_brake,mitra_t4,data\raw\mitra\Data_T4\T4_DAll.csv,535.0,-13.782526666666667
380,4,199.532696,200.466963,0.9342670000000055,,,hard_brake,mitra_t4,data\raw\mitra\Data_T4\T4_DAll.csv,536.0,-12.3475
381,1,163.129657,164.497691,1.3680339999999944,,,hard_brake,mitra_t4,data\raw\mitra\Data_T4\T4_DAll.csv,538.0,-11.402886666666666
382,4,201.134296,202.135296,1.0010000000000048,,,hard_brake,mitra_t4,data\raw\mitra\Data_T4\T4_DAll.csv,539.0,-10.432277777777777
383,3,101.134381,102.302215,1.1678339999999992,,,hard_brake,mitra_t4,data\raw\mitra\Data_T4\T4_DAll.csv,540.0,-6.329266666666667
384,3,167.333858,168.168025,0.8341670000000079,,,hard_brake,mitra_t4,data\raw\mitra\Data_T4\T4_DAll.csv,540.0,-12.824387499999998
385,6,178.278126,179.112293,0.8341670000000079,,,hard_brake,mitra_t4,data\raw\mitra\Data_T4\T4_DAll.csv,541.0,-34.529424999999996
386,5,195.862362,196.629795,0.7674330000000111,,,hard_brake,mitra_t4,data\raw\mitra\Data_T4\T4_DAll.csv,543.0,-18.0336375
387,3,169.636158,170.170025,0.533867000000015,,,hard_brake,mitra_t4,data\raw\mitra\Data_T4\T4_DAll.csv,544.0,-4.34974
388,5,201.968463,202.969463,1.0009999999999764,,,hard_brake,mitra_t4,data\raw\mitra\Data_T4\T4_DAll.csv,547.0,-6.088400000000001
389,7,180.180026,180.780626,0.6006000000000142,,,hard_brake,mitra_t4,data\raw\mitra\Data_T4\T4_DAll.csv,548.0,-9.0933375
390,5,199.032196,199.832996,0.8008000000000095,,,hard_brake,mitra_t4,data\raw\mitra\Data_T4\T4_DAll.csv,549.0,-5.030633333333333
391,2,109.943183,110.710616,0.7674329999999969,,,hard_brake,mitra_t4,data\raw\mitra\Data_T4\T4_DAll.csv,550.0,-8.540466666666667
392,4,203.169663,203.970463,0.8007999999999811,,,hard_brake,mitra_t4,data\raw\mitra\Data_T4\T4_DAll.csv,551.0,-13.16245
393,3,172.438959,173.173025,0.7340659999999843,,,hard_brake,mitra_t4,data\raw\mitra\Data_T4\T4_DAll.csv,552.0,-15.71165
394,5,200.366863,201.134296,0.7674330000000111,,,hard_brake,mitra_t4,data\raw\mitra\Data_T4\T4_DAll.csv,553.0,-7.4399625
395,4,205.772263,206.80663,1.0343670000000031,,,hard_brake,mitra_t4,data\raw\mitra\Data_T4\T4_DAll.csv,556.0,-13.6433875
396,2,180.780626,181.514693,0.7340669999999818,,,hard_brake,mitra_t4,data\raw\mitra\Data_T4\T4_DAll.csv,559.0,-19.130275
397,3,174.474325,175.175026,0.7007010000000093,,,hard_brake,mitra_t4,data\raw\mitra\Data_T4\T4_DAll.csv,561.0,-5.430822222222222
398,2,185.618794,186.519694,0.9008999999999787,,,hard_brake,mitra_t4,data\raw\mitra\Data_T4\T4_DAll.csv,567.0,-24.467637500000002
399,6,165.765624,166.599791,0.8341670000000079,,,hard_brake,mitra_t4,data\raw\mitra\Data_T4\T4_DAll.csv,568.0,-13.586350000000001
400,1,183.316493,184.517694,1.2012009999999975,,,hard_brake,mitra_t4,data\raw\mitra\Data_T4\T4_DAll.csv,570.0,-10.490593333333333
401,7,186.819994,187.620794,0.8007999999999811,,,hard_brake,mitra_t4,data\raw\mitra\Data_T4\T4_DAll.csv,571.0,-5.622750000000001
402,3,179.078926,179.84636,0.7674340000000086,,,hard_brake,mitra_t4,data\raw\mitra\Data_T4\T4_DAll.csv,573.0,-18.271275000000003
403,3,177.143659,178.011193,0.8675339999999778,,,hard_brake,mitra_t4,data\raw\mitra\Data_T4\T4_DAll.csv,576.0,-13.8319375
404,3,180.180026,180.680526,0.5004999999999882,,,hard_brake,mitra_t4,data\raw\mitra\Data_T4\T4_DAll.csv,577.0,-4.325193333333333
405,1,186.252761,187.353861,1.1011000000000024,,,hard_brake,mitra_t4,data\raw\mitra\Data_T4\T4_DAll.csv,581.0,-9.131553333333333
406,3,182.215393,183.183027,0.9676340000000039,,,hard_brake,mitra_t4,data\raw\mitra\Data_T4\T4_DAll.csv,582.0,-16.278725
407,2,188.755261,189.522694,0.7674330000000111,,,hard_brake,mitra_t4,data\raw\mitra\Data_T4\T4_DAll.csv,583.0,-12.933075
408,2,189.622794,190.523695,0.9009010000000046,,,hard_brake,mitra_t4,data\raw\mitra\Data_T4\T4_DAll.csv,584.0,-15.58645
409,1,189.088928,190.023194,0.9342659999999796,,,hard_brake,mitra_t4,data\raw\mitra\Data_T4\T4_DAll.csv,586.0,-24.260712500000004
410,3,190.590428,191.357861,0.7674330000000111,,,hard_brake,mitra_t4,data\raw\mitra\Data_T4\T4_DAll.csv,592.0,-13.53185
411,5,206.10593,206.973464,0.8675340000000062,,,hard_brake,mitra_t4,data\raw\mitra\Data_T4\T4_DAll.csv,593.0,-7.2202874999999995
412,3,184.95146,185.85236,0.9009000000000071,,,hard_brake,mitra_t4,data\raw\mitra\Data_T4\T4_DAll.csv,594.0,-26.672375
413,7,178.077926,178.945459,0.8675330000000088,,,hard_brake,mitra_t4,data\raw\mitra\Data_T4\T4_DAll.csv,595.0,-8.240755555555555
414,2,193.660162,194.527695,0.8675329999999803,,,hard_brake,mitra_t4,data\raw\mitra\Data_T4\T4_DAll.csv,598.0,-12.802924999999998
415,1,197.497329,198.865362,1.368032999999997,,,hard_brake,mitra_t4,data\raw\mitra\Data_T4\T4_DAll.csv,599.0,-11.268
416,5,177.410593,178.111293,0.7006999999999834,,,hard_brake,mitra_t4,data\raw\mitra\Data_T4\T4_DAll.csv,600.0,-11.567087500000001
417,3,186.853361,187.687527,0.834165999999982,,,hard_brake,mitra_t4,data\raw\mitra\Data_T4\T4_DAll.csv,601.0,-17.97915
418,2,153.887089,154.487689,0.6005999999999858,,,hard_brake,mitra_t4,data\raw\mitra\Data_T4\T4_DAll.csv,605.0,-7.572925
419,5,208.60843,209.309131,0.7007010000000093,,,hard_brake,mitra_t4,data\raw\mitra\Data_T4\T4_DAll.csv,606.0,-8.944487500000001
420,4,215.848998,216.649798,0.8008000000000095,,,hard_brake,mitra_t4,data\raw\mitra\Data_T4\T4_DAll.csv,608.0,-11.4894875
421,2,195.728895,196.529695,0.8008000000000095,,,hard_brake,mitra_t4,data\raw\mitra\Data_T4\T4_DAll.csv,609.0,-14.643725
422,3,187.720894,188.521694,0.8008000000000095,,,hard_brake,mitra_t4,data\raw\mitra\Data_T4\T4_DAll.csv,610.0,-19.673375
423,6,206.30613,207.140297,0.8341670000000079,,,hard_brake,mitra_t4,data\raw\mitra\Data_T4\T4_DAll.csv,611.0,-5.2482066666666665
424,1,199.732896,200.533696,0.8007999999999811,,,hard_brake,mitra_t4,data\raw\mitra\Data_T4\T4_DAll.csv,613.0,-28.0255375
425,5,209.576064,210.310131,0.7340670000000102,,,hard_brake,mitra_t4,data\raw\mitra\Data_T4\T4_DAll.csv,614.0,-11.8087125
426,3,188.555061,189.355861,0.8008000000000095,,,hard_brake,mitra_t4,data\raw\mitra\Data_T4\T4_DAll.csv,615.0,-17.417575
427,6,210.410231,211.978464,1.5682329999999922,,,hard_brake,mitra_t4,data\raw\mitra\Data_T4\T4_DAll.csv,616.0,-14.85525
428,4,218.618432,219.485965,0.8675329999999803,,,hard_brake,mitra_t4,data\raw\mitra\Data_T4\T4_DAll.csv,617.0,-23.292699999999996
429,3,196.829995,197.363862,0.533867000000015,,,hard_brake,mitra_t4,data\raw\mitra\Data_T4\T4_DAll.csv,618.0,-4.441346666666666
430,4,220.053199,220.653799,0.6005999999999858,,,hard_brake,mitra_t4,data\raw\mitra\Data_T4\T4_DAll.csv,620.0,-6.106475
431,1,155.722256,156.322856,0.6006000000000142,,,hard_brake,mitra_t4,data\raw\mitra\Data_T4\T4_DAll.csv,622.0,-9.373637500000001
432,4,221.588066,222.155299,0.5672330000000159,,,hard_brake,mitra_t4,data\raw\mitra\Data_T4\T4_DAll.csv,624.0,-6.2082749999999995
433,1,200.700529,202.20203,1.5015010000000188,,,hard_brake,mitra_t4,data\raw\mitra\Data_T4\T4_DAll.csv,625.0,-19.25525
434,6,182.24876,183.116293,0.8675330000000088,,,hard_brake,mitra_t4,data\raw\mitra\Data_T4\T4_DAll.csv,626.0,-6.5483
435,7,213.513331,214.314131,0.8008000000000095,,,hard_brake,mitra_t4,data\raw\mitra\Data_T4\T4_DAll.csv,627.0,-11.66
436,4,222.622433,223.489966,0.8675330000000088,,,hard_brake,mitra_t4,data\raw\mitra\Data_T4\T4_DAll.csv,629.0,-16.0163375
437,1,202.30213,203.369863,1.067733000000004,,,hard_brake,mitra_t4,data\raw\mitra\Data_T4\T4_DAll.csv,631.0,-7.56084
438,7,185.25176,186.119294,0.8675340000000062,,,hard_brake,mitra_t4,data\raw\mitra\Data_T4\T4_DAll.csv,633.0,-14.7819
439,4,224.691166,225.325133,0.6339669999999842,,,hard_brake,mitra_t4,data\raw\mitra\Data_T4\T4_DAll.csv,634.0,-4.6759625
440,3,193.326495,194.027195,0.7007000000000119,,,hard_brake,mitra_t4,data\raw\mitra\Data_T4\T4_DAll.csv,635.0,-12.113025
441,4,225.925733,226.826633,0.9008999999999787,,,hard_brake,mitra_t4,data\raw\mitra\Data_T4\T4_DAll.csv,637.0,-18.566575
442,1,204.971463,205.70553,0.7340670000000102,,,hard_brake,mitra_t4,data\raw\mitra\Data_T4\T4_DAll.csv,638.0,-15.98165
443,6,220.820632,222.322132,1.5015000000000214,,,hard_brake,mitra_t4,data\raw\mitra\Data_T4\T4_DAll.csv,639.0,-9.372686666666665
444,2,200.633796,201.367863,0.7340670000000102,,,hard_brake,mitra_t4,data\raw\mitra\Data_T4\T4_DAll.csv,640.0,-16.40155
445,7,216.649798,217.317132,0.6673339999999826,,,hard_brake,mitra_t4,data\raw\mitra\Data_T4\T4_DAll.csv,642.0,-11.8744625
446,4,208.174664,208.875364,0.7006999999999834,,,hard_brake,mitra_t4,data\raw\mitra\Data_T4\T4_DAll.csv,644.0,-4.966433333333333
447,5,217.250398,217.984465,0.7340670000000102,,,hard_brake,mitra_t4,data\raw\mitra\Data_T4\T4_DAll.csv,648.0,-11.126287499999998
448,1,208.074564,209.209031,1.1344670000000008,,,hard_brake,mitra_t4,data\raw\mitra\Data_T4\T4_DAll.csv,651.0,-22.6107875
449,4,230.3635,231.1643,0.8008000000000095,,,hard_brake,mitra_t4,data\raw\mitra\Data_T4\T4_DAll.csv,652.0,-22.6343
450,2,203.836996,204.70453,0.8675340000000062,,,hard_brake,mitra_t4,data\raw\mitra\Data_T4\T4_DAll.csv,656.0,-7.4955375
451,5,234.868001,235.835634,0.9676330000000064,,,hard_brake,mitra_t4,data\raw\mitra\Data_T4\T4_DAll.csv,658.0,-21.406487499999997
452,7,230.396867,231.1643,0.7674330000000111,,,hard_brake,mitra_t4,data\raw\mitra\Data_T4\T4_DAll.csv,660.0,-9.589574999999998
453,6,235.468601,237.003468,1.5348669999999913,,,hard_brake,mitra_t4,data\raw\mitra\Data_T4\T4_DAll.csv,662.0,-14.419646666666667
454,3,199.232396,200.200029,0.9676330000000064,,,hard_brake,mitra_t4,data\raw\mitra\Data_T4\T4_DAll.csv,663.0,-29.9844625
455,4,231.731534,232.665801,0.9342669999999771,,,hard_brake,mitra_t4,data\raw\mitra\Data_T4\T4_DAll.csv,664.0,-15.303450000000002
456,5,148.081288,148.882088,0.8008000000000095,,,hard_brake,mitra_t4,data\raw\mitra\Data_T4\T4_DAll.csv,665.0,-4.801986666666666
457,2,207.373864,208.20803,0.8341660000000104,,,hard_brake,mitra_t4,data\raw\mitra\Data_T4\T4_DAll.csv,666.0,-7.071199999999999
458,3,204.871363,205.538697,0.667334000000011,,,hard_brake,mitra_t4,data\raw\mitra\Data_T4\T4_DAll.csv,669.0,-7.089012499999999
459,2,212.045198,212.879364,0.8341660000000104,,,hard_brake,mitra_t4,data\raw\mitra\Data_T4\T4_DAll.csv,674.0,-24.463275
460,4,233.499967,234.334134,0.8341670000000079,,,hard_brake,mitra_t4,data\raw\mitra\Data_T4\T4_DAll.csv,675.0,-4.732950000000001
461,1,212.845998,213.713531,0.8675329999999803,,,hard_brake,mitra_t4,data\raw\mitra\Data_T4\T4_DAll.csv,676.0,-4.899793333333333
462,3,201.935096,202.869363,0.9342670000000055,,,hard_brake,mitra_t4,data\raw\mitra\Data_T4\T4_DAll.csv,677.0,-20.355324999999997
463,6,240.940735,242.675802,1.735067000000015,,,hard_brake,mitra_t4,data\raw\mitra\Data_T4\T4_DAll.csv,678.0,-11.979140000000001
464,5,226.9601,228.328133,1.368032999999997,,,hard_brake,mitra_t4,data\raw\mitra\Data_T4\T4_DAll.csv,680.0,-14.516486666666669
465,7,145.945821,146.579788,0.6339670000000126,,,hard_brake,mitra_t4,data\raw\mitra\Data_T4\T4_DAll.csv,681.0,-4.532026666666667
466,6,199.832996,200.633796,0.8007999999999811,,,hard_brake,mitra_t4,data\raw\mitra\Data_T4\T4_DAll.csv,683.0,-16.6714375
467,3,203.70353,204.370863,0.6673330000000135,,,hard_brake,mitra_t4,data\raw\mitra\Data_T4\T4_DAll.csv,685.0,-8.496699999999999
468,5,232.565701,233.099567,0.5338660000000175,,,hard_brake,mitra_t4,data\raw\mitra\Data_T4\T4_DAll.csv,686.0,-4.8279733333333334
469,6,201.234396,202.135296,0.9009000000000071,,,hard_brake,mitra_t4,data\raw\mitra\Data_T4\T4_DAll.csv,688.0,-11.5979625
470,7,147.547422,148.781988,1.234566000000001,,,hard_brake,mitra_t4,data\raw\mitra\Data_T4\T4_DAll.csv,689.0,-5.508813333333333
471,21,191.758261,192.425595,0.6673339999999826,,,hard_brake,mitra_t4,data\raw\mitra\Data_T4\T4_DAll.csv,689.0,-6.100822222222222
472,4,236.936735,237.670801,0.7340660000000128,,,hard_brake,mitra_t4,data\raw\mitra\Data_T4\T4_DAll.csv,690.0,-12.5468375
473,5,238.972102,240.206668,1.234566000000001,,,hard_brake,mitra_t4,data\raw\mitra\Data_T4\T4_DAll.csv,691.0,-8.558580000000001
474,4,240.240035,241.007469,0.7674339999999802,,,hard_brake,mitra_t4,data\raw\mitra\Data_T4\T4_DAll.csv,692.0,-8.8587375
475,1,214.214031,215.548698,1.334666999999996,,,hard_brake,mitra_t4,data\raw\mitra\Data_T4\T4_DAll.csv,695.0,-13.943053333333332
476,3,217.150298,217.884365,0.7340670000000102,,,hard_brake,mitra_t4,data\raw\mitra\Data_T4\T4_DAll.csv,696.0,-8.069424999999999
477,5,242.041835,242.842635,0.8008000000000095,,,hard_brake,mitra_t4,data\raw\mitra\Data_T4\T4_DAll.csv,697.0,-10.780925000000002
478,3,208.942097,209.709531,0.7674340000000086,,,hard_brake,mitra_t4,data\raw\mitra\Data_T4\T4_DAll.csv,698.0,-24.188125000000003
479,4,244.410869,245.178302,0.7674330000000111,,,hard_brake,mitra_t4,data\raw\mitra\Data_T4\T4_DAll.csv,699.0,-6.024350000000001
480,3,218.117932,218.885365,0.7674330000000111,,,hard_brake,mitra_t4,data\raw\mitra\Data_T4\T4_DAll.csv,700.0,-5.614699999999999
481,2,196.429595,197.197029,0.7674339999999802,,,hard_brake,mitra_t4,data\raw\mitra\Data_T4\T4_DAll.csv,701.0,-5.235219999999999
482,7,243.276402,244.510969,1.2345669999999984,,,hard_brake,mitra_t4,data\raw\mitra\Data_T4\T4_DAll.csv,702.0,-9.745346666666668
483,4,245.912369,246.512969,0.6005999999999858,,,hard_brake,mitra_t4,data\raw\mitra\Data_T4\T4_DAll.csv,703.0,-6.1254625
484,5,245.378503,245.845636,0.46713300000001823,,,hard_brake,mitra_t4,data\raw\mitra\Data_T4\T4_DAll.csv,705.0,-8.2670125
485,1,215.548698,217.150298,1.6015999999999906,,,hard_brake,mitra_t4,data\raw\mitra\Data_T4\T4_DAll.csv,706.0,-13.242999999999999
486,4,154.254123,155.054923,0.8008000000000095,,,hard_brake,mitra_t4,data\raw\mitra\Data_T4\T4_DAll.csv,708.0,-5.0227466666666665
487,4,247.113569,247.847636,0.7340669999999818,,,hard_brake,mitra_t4,data\raw\mitra\Data_T4\T4_DAll.csv,708.0,-8.6048625
488,7,193.459962,194.027195,0.5672330000000159,,,hard_brake,mitra_t4,data\raw\mitra\Data_T4\T4_DAll.csv,709.0,-4.63548
489,1,217.450598,218.918732,1.468133999999992,,,hard_brake,mitra_t4,data\raw\mitra\Data_T4\T4_DAll.csv,710.0,-9.237546666666667
490,3,215.582065,216.216032,0.6339670000000126,,,hard_brake,mitra_t4,data\raw\mitra\Data_T4\T4_DAll.csv,711.0,-8.2507125
491,1,187.887727,188.588428,0.7007009999999809,,,hard_brake,mitra_t4,data\raw\mitra\Data_T4\T4_DAll.csv,715.0,-5.053533333333333
492,0,167.901091,168.568425,0.6673339999999826,,,hard_brake,mitra_t4,data\raw\mitra\Data_T4\T4_DAll.csv,716.0,-6.426266666666667
493,7,244.844636,245.678803,0.8341669999999795,,,hard_brake,mitra_t4,data\raw\mitra\Data_T4\T4_DAll.csv,718.0,-9.949399999999999
494,3,170.537058,171.337858,0.8008000000000095,,,hard_brake,mitra_t4,data\raw\mitra\Data_T4\T4_DAll.csv,720.0,-8.229766666666666
495,3,216.316132,217.050198,0.7340659999999843,,,hard_brake,mitra_t4,data\raw\mitra\Data_T4\T4_DAll.csv,720.0,-15.7802375
496,6,219.485965,220.320132,0.8341670000000079,,,hard_brake,mitra_t4,data\raw\mitra\Data_T4\T4_DAll.csv,721.0,-24.243375000000004
497,2,223.890366,224.557699,0.6673330000000135,,,hard_brake,mitra_t4,data\raw\mitra\Data_T4\T4_DAll.csv,724.0,-15.220137500000002
498,4,253.987104,254.854637,0.8675330000000088,,,hard_brake,mitra_t4,data\raw\mitra\Data_T4\T4_DAll.csv,726.0,-15.057075000000001
499,7,224.157299,224.824633,0.667334000000011,,,hard_brake,mitra_t4,data\raw\mitra\Data_T4\T4_DAll.csv,727.0,-10.180025
500,1,220.954099,222.055199,1.101099999999974,,,hard_brake,mitra_t4,data\raw\mitra\Data_T4\T4_DAll.csv,729.0,-5.343986666666666
501,0,171.004192,171.838358,0.8341660000000104,,,hard_brake,mitra_t4,data\raw\mitra\Data_T4\T4_DAll.csv,732.0,-5.539586666666667
502,10,182.882727,184.217394,1.3346670000000245,,,hard_brake,mitra_t4,data\raw\mitra\Data_T4\T4_DAll.csv,732.0,-6.839953333333333
503,3,220.954099,221.888366,0.9342669999999771,,,hard_brake,mitra_t4,data\raw\mitra\Data_T4\T4_DAll.csv,733.0,-25.1691625
504,3,224.123933,225.0582,0.9342670000000055,,,hard_brake,mitra_t4,data\raw\mitra\Data_T4\T4_DAll.csv,736.0,-18.081850000000003
505,3,229.295767,230.230034,0.9342669999999771,,,hard_brake,mitra_t4,data\raw\mitra\Data_T4\T4_DAll.csv,737.0,-27.216499999999996
506,6,224.324133,225.1583,0.8341670000000079,,,hard_brake,mitra_t4,data\raw\mitra\Data_T4\T4_DAll.csv,738.0,-26.7326375
507,3,222.188666,222.889366,0.7006999999999834,,,hard_brake,mitra_t4,data\raw\mitra\Data_T4\T4_DAll.csv,739.0,-10.31755
508,4,257.724171,258.691804,0.967632999999978,,,hard_brake,mitra_t4,data\raw\mitra\Data_T4\T4_DAll.csv,740.0,-12.913250000000001
509,2,222.021832,222.889366,0.8675340000000062,,,hard_brake,mitra_t4,data\raw\mitra\Data_T4\T4_DAll.csv,741.0,-20.040287499999998
510,1,226.86,228.228033,1.368032999999997,,,hard_brake,mitra_t4,data\raw\mitra\Data_T4\T4_DAll.csv,742.0,-13.287073333333334
511,4,258.992105,259.859638,0.8675330000000372,,,hard_brake,mitra_t4,data\raw\mitra\Data_T4\T4_DAll.csv,743.0,-11.3399125
512,5,247.280403,248.51497,1.2345669999999984,,,hard_brake,mitra_t4,data\raw\mitra\Data_T4\T4_DAll.csv,744.0,-15.02135
513,6,263.029472,264.530972,1.5015000000000214,,,hard_brake,mitra_t4,data\raw\mitra\Data_T4\T4_DAll.csv,745.0,-15.6027875
514,3,205.638797,206.30613,0.6673329999999851,,,hard_brake,mitra_t4,data\raw\mitra\Data_T4\T4_DAll.csv,746.0,-4.505393333333333
515,3,226.9601,227.727533,0.7674329999999827,,,hard_brake,mitra_t4,data\raw\mitra\Data_T4\T4_DAll.csv,746.0,-5.984249999999999
516,7,270.77054,272.37214,1.601600000000019,,,hard_brake,mitra_t4,data\raw\mitra\Data_T4\T4_DAll.csv,748.0,-11.493206666666667
517,2,231.731534,232.565701,0.8341669999999795,,,hard_brake,mitra_t4,data\raw\mitra\Data_T4\T4_DAll.csv,749.0,-10.542425
518,4,261.394505,262.195305,0.8008000000000379,,,hard_brake,mitra_t4,data\raw\mitra\Data_T4\T4_DAll.csv,751.0,-7.791925
519,3,209.475964,210.043197,0.5672329999999874,,,hard_brake,mitra_t4,data\raw\mitra\Data_T4\T4_DAll.csv,752.0,-4.136526666666667
520,3,231.631434,232.398867,0.7674329999999827,,,hard_brake,mitra_t4,data\raw\mitra\Data_T4\T4_DAll.csv,752.0,-6.663599999999999
521,1,228.995467,229.729534,0.7340670000000102,,,hard_brake,mitra_t4,data\raw\mitra\Data_T4\T4_DAll.csv,753.0,-10.7503875
522,7,247.747536,249.182303,1.4347669999999937,,,hard_brake,mitra_t4,data\raw\mitra\Data_T4\T4_DAll.csv,754.0,-15.069812500000001
523,4,262.762538,264.030472,1.2679339999999684,,,hard_brake,mitra_t4,data\raw\mitra\Data_T4\T4_DAll.csv,755.0,-5.570186666666667
524,7,236.836635,237.337135,0.5004999999999882,,,hard_brake,mitra_t4,data\raw\mitra\Data_T4\T4_DAll.csv,757.0,-4.152146666666667
525,2,233.733534,234.901368,1.1678339999999992,,,hard_brake,mitra_t4,data\raw\mitra\Data_T4\T4_DAll.csv,761.0,-9.957473333333333
526,1,230.864,231.731534,0.8675340000000062,,,hard_brake,mitra_t4,data\raw\mitra\Data_T4\T4_DAll.csv,763.0,-12.966024999999998
527,1,234.133934,235.235034,1.1011000000000024,,,hard_brake,mitra_t4,data\raw\mitra\Data_T4\T4_DAll.csv,764.0,-12.229155555555556
528,3,237.437235,238.238035,0.8008000000000095,,,hard_brake,mitra_t4,data\raw\mitra\Data_T4\T4_DAll.csv,766.0,-6.121955555555556
529,4,264.197305,264.931372,0.7340670000000387,,,hard_brake,mitra_t4,data\raw\mitra\Data_T4\T4_DAll.csv,767.0,-5.29908
530,3,240.707169,241.741535,1.0343660000000057,,,hard_brake,mitra_t4,data\raw\mitra\Data_T4\T4_DAll.csv,770.0,-15.601462500000002
531,4,248.381503,249.182303,0.8007999999999811,,,hard_brake,mitra_t4,data\raw\mitra\Data_T4\T4_DAll.csv,771.0,-17.4473125
532,5,268.968739,269.702806,0.7340669999999818,,,hard_brake,mitra_t4,data\raw\mitra\Data_T4\T4_DAll.csv,772.0,-11.326037500000002
533,3,238.404868,239.405868,1.0010000000000048,,,hard_brake,mitra_t4,data\raw\mitra\Data_T4\T4_DAll.csv,774.0,-21.312937499999997
534,2,235.568701,236.236035,0.6673339999999826,,,hard_brake,mitra_t4,data\raw\mitra\Data_T4\T4_DAll.csv,775.0,-10.002600000000001
535,5,251.651437,252.51897,0.8675330000000088,,,hard_brake,mitra_t4,data\raw\mitra\Data_T4\T4_DAll.csv,776.0,-22.542537499999998
536,1,242.275402,243.576702,1.3012999999999977,,,hard_brake,mitra_t4,data\raw\mitra\Data_T4\T4_DAll.csv,779.0,-9.57952
537,1,238.037835,239.572702,1.5348669999999913,,,hard_brake,mitra_t4,data\raw\mitra\Data_T4\T4_DAll.csv,783.0,-14.284426666666667
538,3,245.612069,246.412869,0.8008000000000095,,,hard_brake,mitra_t4,data\raw\mitra\Data_T4\T4_DAll.csv,784.0,-24.837812500000002
539,7,276.910007,277.710807,0.8007999999999811,,,hard_brake,mitra_t4,data\raw\mitra\Data_T4\T4_DAll.csv,785.0,-19.8215
540,3,249.148936,250.083203,0.9342670000000055,,,hard_brake,mitra_t4,data\raw\mitra\Data_T4\T4_DAll.csv,791.0,-22.813175
541,5,255.255037,256.689804,1.4347669999999937,,,hard_brake,mitra_t4,data\raw\mitra\Data_T4\T4_DAll.csv,792.0,-14.546946666666665
542,7,283.416508,284.717808,1.3012999999999693,,,hard_brake,mitra_t4,data\raw\mitra\Data_T4\T4_DAll.csv,793.0,-8.701046666666665
543,1,246.045836,246.913369,0.8675329999999803,,,hard_brake,mitra_t4,data\raw\mitra\Data_T4\T4_DAll.csv,795.0,-5.181886666666667
544,5,259.792905,260.693805,0.9008999999999787,,,hard_brake,mitra_t4,data\raw\mitra\Data_T4\T4_DAll.csv,798.0,-23.5729125
545,2,243.843636,244.577702,0.7340659999999843,,,hard_brake,mitra_t4,data\raw\mitra\Data_T4\T4_DAll.csv,799.0,-9.4781
546,4,270.803906,271.537973,0.7340670000000387,,,hard_brake,mitra_t4,data\raw\mitra\Data_T4\T4_DAll.csv,801.0,-4.850626666666667
547,7,275.642074,276.37614,0.7340660000000412,,,hard_brake,mitra_t4,data\raw\mitra\Data_T4\T4_DAll.csv,802.0,-12.790225000000001
548,2,248.21467,249.41587,1.2012,,,hard_brake,mitra_t4,data\raw\mitra\Data_T4\T4_DAll.csv,803.0,-14.048762499999999
549,3,255.054837,255.922371,0.8675340000000062,,,hard_brake,mitra_t4,data\raw\mitra\Data_T4\T4_DAll.csv,806.0,-21.811875
550,3,213.813631,214.414231,0.6006000000000142,,,hard_brake,mitra_t4,data\raw\mitra\Data_T4\T4_DAll.csv,807.0,-6.73714
551,3,221.487966,222.222032,0.7340660000000128,,,hard_brake,mitra_t4,data\raw\mitra\Data_T4\T4_DAll.csv,807.0,-7.3061533333333335
552,1,255.622071,256.256037,0.6339659999999867,,,hard_brake,mitra_t4,data\raw\mitra\Data_T4\T4_DAll.csv,808.0,-5.7753
553,2,195.695529,196.196029,0.5005000000000166,,,hard_brake,mitra_t4,data\raw\mitra\Data_T4\T4_DAll.csv,812.0,-5.4821333333333335
554,2,197.564062,198.398229,0.8341669999999795,,,hard_brake,mitra_t4,data\raw\mitra\Data_T4\T4_DAll.csv,812.0,-12.084486666666665
555,2,251.784903,253.086204,1.3013009999999952,,,hard_brake,mitra_t4,data\raw\mitra\Data_T4\T4_DAll.csv,812.0,-14.411686666666666
556,3,256.856638,257.590704,0.7340660000000412,,,hard_brake,mitra_t4,data\raw\mitra\Data_T4\T4_DAll.csv,813.0,-16.2164125
557,6,291.257676,292.725809,1.468133000000023,,,hard_brake,mitra_t4,data\raw\mitra\Data_T4\T4_DAll.csv,814.0,-14.928946666666667
558,1,223.590066,224.557699,0.9676330000000064,,,hard_brake,mitra_t4,data\raw\mitra\Data_T4\T4_DAll.csv,815.0,-15.538912500000002
559,3,263.529972,264.430872,0.9009000000000356,,,hard_brake,mitra_t4,data\raw\mitra\Data_T4\T4_DAll.csv,818.0,-19.99935
560,2,255.588704,256.589704,1.0009999999999764,,,hard_brake,mitra_t4,data\raw\mitra\Data_T4\T4_DAll.csv,819.0,-17.233325
561,6,250.283403,250.850637,0.5672340000000133,,,hard_brake,mitra_t4,data\raw\mitra\Data_T4\T4_DAll.csv,821.0,-4.26033
562,7,280.313408,281.047474,0.7340660000000412,,,hard_brake,mitra_t4,data\raw\mitra\Data_T4\T4_DAll.csv,823.0,-10.780875
563,3,266.699806,267.600706,0.9008999999999787,,,hard_brake,mitra_t4,data\raw\mitra\Data_T4\T4_DAll.csv,828.0,-6.01926
564,4,265.565339,266.532972,0.967632999999978,,,hard_brake,mitra_t4,data\raw\mitra\Data_T4\T4_DAll.csv,831.0,-17.530974999999998
565,2,265.632072,266.432872,0.8007999999999811,,,hard_brake,mitra_t4,data\raw\mitra\Data_T4\T4_DAll.csv,834.0,-15.300262500000002
566,3,267.800906,268.601706,0.8007999999999811,,,hard_brake,mitra_t4,data\raw\mitra\Data_T4\T4_DAll.csv,835.0,-8.185175
567,1,236.336135,237.237035,0.9008999999999787,,,hard_brake,mitra_t4,data\raw\mitra\Data_T4\T4_DAll.csv,836.0,-16.441450000000003
568,3,260.059838,260.526971,0.4671329999999898,,,hard_brake,mitra_t4,data\raw\mitra\Data_T4\T4_DAll.csv,837.0,-4.578213333333334
569,3,269.102206,270.103206,1.0009999999999764,,,hard_brake,mitra_t4,data\raw\mitra\Data_T4\T4_DAll.csv,839.0,-10.693066666666665
570,7,297.93101,299.13221,1.2011999999999716,,,hard_brake,mitra_t4,data\raw\mitra\Data_T4\T4_DAll.csv,841.0,-11.41048
571,5,272.739173,273.539973,0.8007999999999811,,,hard_brake,mitra_t4,data\raw\mitra\Data_T4\T4_DAll.csv,842.0,-30.7905625
572,2,237.036835,237.570701,0.5338660000000175,,,hard_brake,mitra_t4,data\raw\mitra\Data_T4\T4_DAll.csv,844.0,-4.845750000000001
573,3,270.67044,271.604706,0.9342660000000365,,,hard_brake,mitra_t4,data\raw\mitra\Data_T4\T4_DAll.csv,846.0,-30.495175
574,4,256.422871,257.190304,0.7674330000000396,,,hard_brake,mitra_t4,data\raw\mitra\Data_T4\T4_DAll.csv,847.0,-16.366062499999998
575,1,262.762538,263.429872,0.6673339999999826,,,hard_brake,mitra_t4,data\raw\mitra\Data_T4\T4_DAll.csv,848.0,-16.2942625
576,4,276.17594,277.043474,0.8675339999999778,,,hard_brake,mitra_t4,data\raw\mitra\Data_T4\T4_DAll.csv,850.0,-8.50255
577,2,274.107207,274.941374,0.8341669999999795,,,hard_brake,mitra_t4,data\raw\mitra\Data_T4\T4_DAll.csv,851.0,-25.389737500000003
578,6,299.866277,301.234311,1.368033999999966,,,hard_brake,mitra_t4,data\raw\mitra\Data_T4\T4_DAll.csv,852.0,-16.2611375
579,3,272.07184,272.939373,0.8675329999999803,,,hard_brake,mitra_t4,data\raw\mitra\Data_T4\T4_DAll.csv,854.0,-12.4514625
580,2,266.933372,267.767539,0.8341669999999795,,,hard_brake,mitra_t4,data\raw\mitra\Data_T4\T4_DAll.csv,855.0,-7.368475
581,3,273.57334,274.440873,0.8675330000000372,,,hard_brake,mitra_t4,data\raw\mitra\Data_T4\T4_DAll.csv,856.0,-6.940799999999999
582,5,276.67644,277.377141,0.7007009999999809,,,hard_brake,mitra_t4,data\raw\mitra\Data_T4\T4_DAll.csv,859.0,-7.9281250000000005
583,6,274.807907,275.541974,0.7340669999999818,,,hard_brake,mitra_t4,data\raw\mitra\Data_T4\T4_DAll.csv,860.0,-24.572975
584,2,276.209307,276.943374,0.7340669999999818,,,hard_brake,mitra_t4,data\raw\mitra\Data_T4\T4_DAll.csv,861.0,-5.42852
585,6,276.709807,277.543974,0.8341669999999795,,,hard_brake,mitra_t4,data\raw\mitra\Data_T4\T4_DAll.csv,862.0,-6.655525
586,1,270.270039,270.937373,0.6673339999999826,,,hard_brake,mitra_t4,data\raw\mitra\Data_T4\T4_DAll.csv,863.0,-13.875762499999999
587,3,275.241674,276.27604,1.034366000000034,,,hard_brake,mitra_t4,data\raw\mitra\Data_T4\T4_DAll.csv,865.0,-7.548246666666667
588,1,274.77454,275.608707,0.8341669999999795,,,hard_brake,mitra_t4,data\raw\mitra\Data_T4\T4_DAll.csv,866.0,-23.53155
589,2,278.478241,279.279041,0.8007999999999811,,,hard_brake,mitra_t4,data\raw\mitra\Data_T4\T4_DAll.csv,867.0,-18.4210375
590,5,291.624709,292.558976,0.9342669999999771,,,hard_brake,mitra_t4,data\raw\mitra\Data_T4\T4_DAll.csv,868.0,-13.088425
591,4,279.746174,280.380141,0.6339669999999842,,,hard_brake,mitra_t4,data\raw\mitra\Data_T4\T4_DAll.csv,869.0,-5.9729125
592,1,277.911007,278.778541,0.8675340000000347,,,hard_brake,mitra_t4,data\raw\mitra\Data_T4\T4_DAll.csv,870.0,-23.621662499999996
593,6,266.332772,267.033472,0.7007000000000403,,,hard_brake,mitra_t4,data\raw\mitra\Data_T4\T4_DAll.csv,871.0,-21.1300875
594,2,257.523971,258.424871,0.9008999999999787,,,hard_brake,mitra_t4,data\raw\mitra\Data_T4\T4_DAll.csv,872.0,-16.980287500000003
595,2,279.579341,280.113208,0.5338669999999865,,,hard_brake,mitra_t4,data\raw\mitra\Data_T4\T4_DAll.csv,874.0,-5.946887499999999
596,3,282.282041,283.116208,0.8341669999999795,,,hard_brake,mitra_t4,data\raw\mitra\Data_T4\T4_DAll.csv,875.0,-33.107524999999995
597,2,279.979741,280.680441,0.7006999999999834,,,hard_brake,mitra_t4,data\raw\mitra\Data_T4\T4_DAll.csv,877.0,-4.484946666666667
598,2,281.281041,282.115208,0.8341669999999795,,,hard_brake,mitra_t4,data\raw\mitra\Data_T4\T4_DAll.csv,878.0,-12.406099999999999
599,3,278.411507,279.279041,0.8675340000000347,,,hard_brake,mitra_t4,data\raw\mitra\Data_T4\T4_DAll.csv,879.0,-21.817412499999996
600,10,238.338135,238.972102,0.6339670000000126,,,hard_brake,mitra_t4,data\raw\mitra\Data_T4\T4_DAll.csv,880.0,-5.912833333333333
601,1,247.046836,247.747536,0.7006999999999834,,,hard_brake,mitra_t4,data\raw\mitra\Data_T4\T4_DAll.csv,881.0,-12.032262500000002
602,7,273.039473,273.87364,0.8341670000000363,,,hard_brake,mitra_t4,data\raw\mitra\Data_T4\T4_DAll.csv,882.0,-22.5247125
603,6,305.305045,306.606345,1.3012999999999693,,,hard_brake,mitra_t4,data\raw\mitra\Data_T4\T4_DAll.csv,883.0,-12.039853333333333
604,5,286.986742,287.887642,0.9009000000000356,,,hard_brake,mitra_t4,data\raw\mitra\Data_T4\T4_DAll.csv,886.0,-22.04885
605,3,285.184942,285.952375,0.7674330000000396,,,hard_brake,mitra_t4,data\raw\mitra\Data_T4\T4_DAll.csv,891.0,-24.382875
606,4,282.715808,283.383141,0.6673330000000419,,,hard_brake,mitra_t4,data\raw\mitra\Data_T4\T4_DAll.csv,892.0,-8.3691125
607,5,288.688442,289.389142,0.7006999999999834,,,hard_brake,mitra_t4,data\raw\mitra\Data_T4\T4_DAll.csv,893.0,-14.642787500000003
608,1,279.112207,279.946374,0.8341669999999795,,,hard_brake,mitra_t4,data\raw\mitra\Data_T4\T4_DAll.csv,894.0,-15.774037500000002
609,2,282.115208,282.949375,0.8341669999999795,,,hard_brake,mitra_t4,data\raw\mitra\Data_T4\T4_DAll.csv,895.0,-10.395999999999999
610,2,291.958376,293.62671,1.6683340000000157,,,hard_brake,mitra_t4,data\raw\mitra\Data_T4\T4_DAll.csv,897.0,-13.424239999999998
611,1,281.447874,282.382141,0.9342669999999771,,,hard_brake,mitra_t4,data\raw\mitra\Data_T4\T4_DAll.csv,898.0,-7.7625399999999996
612,5,293.860276,294.72781,0.8675339999999778,,,hard_brake,mitra_t4,data\raw\mitra\Data_T4\T4_DAll.csv,899.0,-25.425150000000002
613,4,284.918008,285.385142,0.4671339999999873,,,hard_brake,mitra_t4,data\raw\mitra\Data_T4\T4_DAll.csv,900.0,-4.239053333333334
614,3,286.419509,287.287042,0.8675329999999803,,,hard_brake,mitra_t4,data\raw\mitra\Data_T4\T4_DAll.csv,901.0,-9.431624999999999
615,2,285.985742,286.786542,0.8007999999999811,,,hard_brake,mitra_t4,data\raw\mitra\Data_T4\T4_DAll.csv,902.0,-8.285325
616,3,287.854275,288.621709,0.767434000000037,,,hard_brake,mitra_t4,data\raw\mitra\Data_T4\T4_DAll.csv,903.0,-12.38205
617,5,297.864277,298.73181,0.8675329999999803,,,hard_brake,mitra_t4,data\raw\mitra\Data_T4\T4_DAll.csv,904.0,-10.8973875
618,3,288.988742,289.789542,0.8007999999999811,,,hard_brake,mitra_t4,data\raw\mitra\Data_T4\T4_DAll.csv,905.0,-7.3607125
619,5,281.981741,282.715808,0.7340669999999818,,,hard_brake,mitra_t4,data\raw\mitra\Data_T4\T4_DAll.csv,906.0,-7.196625
620,1,289.122209,289.956376,0.8341669999999795,,,hard_brake,mitra_t4,data\raw\mitra\Data_T4\T4_DAll.csv,907.0,-23.103537499999998
621,1,256.055837,256.923371,0.8675339999999778,,,hard_brake,mitra_t4,data\raw\mitra\Data_T4\T4_DAll.csv,908.0,-23.0823125
622,5,299.53261,300.066477,0.5338670000000434,,,hard_brake,mitra_t4,data\raw\mitra\Data_T4\T4_DAll.csv,909.0,-6.922512500000001
623,2,252.852637,253.753537,0.9009000000000071,,,hard_brake,mitra_t4,data\raw\mitra\Data_T4\T4_DAll.csv,910.0,-9.547320000000001
624,5,299.999744,300.733811,0.7340669999999818,,,hard_brake,mitra_t4,data\raw\mitra\Data_T4\T4_DAll.csv,911.0,-13.402324999999998
625,2,294.294043,295.561977,1.2679340000000252,,,hard_brake,mitra_t4,data\raw\mitra\Data_T4\T4_DAll.csv,912.0,-17.609275
626,1,290.089842,291.791543,1.7017010000000141,,,hard_brake,mitra_t4,data\raw\mitra\Data_T4\T4_DAll.csv,915.0,-8.23532
627,5,289.689442,290.223309,0.5338669999999865,,,hard_brake,mitra_t4,data\raw\mitra\Data_T4\T4_DAll.csv,916.0,-5.697524999999999
628,6,310.810545,312.245312,1.434767000000022,,,hard_brake,mitra_t4,data\raw\mitra\Data_T4\T4_DAll.csv,917.0,-8.24018
629,4,287.620709,288.221309,0.6006000000000427,,,hard_brake,mitra_t4,data\raw\mitra\Data_T4\T4_DAll.csv,920.0,-7.702975
630,1,266.299406,267.166939,0.8675330000000372,,,hard_brake,mitra_t4,data\raw\mitra\Data_T4\T4_DAll.csv,921.0,-5.1728000000000005
631,5,302.068477,302.735811,0.6673340000000394,,,hard_brake,mitra_t4,data\raw\mitra\Data_T4\T4_DAll.csv,922.0,-12.240475000000002
632,4,288.755176,289.555976,0.8007999999999811,,,hard_brake,mitra_t4,data\raw\mitra\Data_T4\T4_DAll.csv,923.0,-6.456525
633,3,260.994105,261.594705,0.6005999999999858,,,hard_brake,mitra_t4,data\raw\mitra\Data_T4\T4_DAll.csv,924.0,-6.790393333333333
634,1,296.93001,298.197944,1.2679340000000252,,,hard_brake,mitra_t4,data\raw\mitra\Data_T4\T4_DAll.csv,925.0,-7.729486666666667
635,4,290.223309,291.224309,1.0010000000000332,,,hard_brake,mitra_t4,data\raw\mitra\Data_T4\T4_DAll.csv,927.0,-8.062322222222223
636,1,293.22631,293.960376,0.7340659999999843,,,hard_brake,mitra_t4,data\raw\mitra\Data_T4\T4_DAll.csv,930.0,-4.88396
637,1,300.133211,301.467877,1.3346659999999702,,,hard_brake,mitra_t4,data\raw\mitra\Data_T4\T4_DAll.csv,931.0,-10.578806666666667
638,6,314.314046,315.581979,1.2679329999999709,,,hard_brake,mitra_t4,data\raw\mitra\Data_T4\T4_DAll.csv,932.0,-12.449399999999999
639,0,258.424871,258.892004,0.4671329999999898,,,hard_brake,mitra_t4,data\raw\mitra\Data_T4\T4_DAll.csv,935.0,-5.415513333333334
640,5,303.469878,304.070478,0.6005999999999858,,,hard_brake,mitra_t4,data\raw\mitra\Data_T4\T4_DAll.csv,939.0,-8.705325
641,6,287.987742,288.554975,0.5672329999999874,,,hard_brake,mitra_t4,data\raw\mitra\Data_T4\T4_DAll.csv,941.0,-4.450612499999999
642,5,292.492243,293.059476,0.5672330000000443,,,hard_brake,mitra_t4,data\raw\mitra\Data_T4\T4_DAll.csv,942.0,-7.2863875
643,5,304.771178,305.405145,0.6339669999999842,,,hard_brake,mitra_t4,data\raw\mitra\Data_T4\T4_DAll.csv,943.0,-14.939924999999999
644,3,298.03111,298.798544,0.7674339999999802,,,hard_brake,mitra_t4,data\raw\mitra\Data_T4\T4_DAll.csv,944.0,-16.855525
645,4,294.260676,294.72781,0.4671339999999873,,,hard_brake,mitra_t4,data\raw\mitra\Data_T4\T4_DAll.csv,945.0,-5.864225
646,2,306.739811,307.640712,0.900901000000033,,,hard_brake,mitra_t4,data\raw\mitra\Data_T4\T4_DAll.csv,947.0,-21.310175
647,2,301.167577,302.135211,0.9676340000000323,,,hard_brake,mitra_t4,data\raw\mitra\Data_T4\T4_DAll.csv,949.0,-25.778774999999996
648,5,295.862277,296.562977,0.7006999999999834,,,hard_brake,mitra_t4,data\raw\mitra\Data_T4\T4_DAll.csv,950.0,-20.124774999999996
649,1,276.709807,277.277041,0.5672339999999849,,,hard_brake,mitra_t4,data\raw\mitra\Data_T4\T4_DAll.csv,951.0,-4.7899875
650,3,276.109207,277.110207,1.0009999999999764,,,hard_brake,mitra_t4,data\raw\mitra\Data_T4\T4_DAll.csv,956.0,-7.3574
651,4,296.596343,297.063477,0.4671339999999873,,,hard_brake,mitra_t4,data\raw\mitra\Data_T4\T4_DAll.csv,958.0,-5.579375
652,3,301.334411,302.035111,0.7006999999999834,,,hard_brake,mitra_t4,data\raw\mitra\Data_T4\T4_DAll.csv,959.0,-4.5109200000000005
653,6,317.450513,318.251313,0.8007999999999811,,,hard_brake,mitra_t4,data\raw\mitra\Data_T4\T4_DAll.csv,960.0,-7.5469375
654,2,255.021471,255.788904,0.7674330000000111,,,hard_brake,mitra_t4,data\raw\mitra\Data_T4\T4_DAll.csv,961.0,-12.124046666666667
655,2,309.842912,311.477879,1.6349669999999605,,,hard_brake,mitra_t4,data\raw\mitra\Data_T4\T4_DAll.csv,961.0,-8.8984125
656,2,302.402144,303.202944,0.8007999999999811,,,hard_brake,mitra_t4,data\raw\mitra\Data_T4\T4_DAll.csv,965.0,-4.9586733333333335
657,4,297.697444,298.564977,0.8675329999999803,,,hard_brake,mitra_t4,data\raw\mitra\Data_T4\T4_DAll.csv,966.0,-11.201162499999999
658,5,319.319047,320.08648,0.7674329999999827,,,hard_brake,mitra_t4,data\raw\mitra\Data_T4\T4_DAll.csv,967.0,-7.7387500000000005
659,1,304.837911,305.638711,0.8007999999999811,,,hard_brake,mitra_t4,data\raw\mitra\Data_T4\T4_DAll.csv,969.0,-13.454787499999998
660,1,283.116208,283.950375,0.8341670000000363,,,hard_brake,mitra_t4,data\raw\mitra\Data_T4\T4_DAll.csv,970.0,-9.356625000000001
661,4,299.13221,300.066477,0.9342670000000339,,,hard_brake,mitra_t4,data\raw\mitra\Data_T4\T4_DAll.csv,971.0,-10.198187499999998
662,4,304.837911,305.571978,0.7340669999999818,,,hard_brake,mitra_t4,data\raw\mitra\Data_T4\T4_DAll.csv,975.0,-9.155387500000002
663,3,305.438511,306.139211,0.7006999999999834,,,hard_brake,mitra_t4,data\raw\mitra\Data_T4\T4_DAll.csv,977.0,-14.499387500000001
664,1,307.373778,308.141212,0.7674339999999802,,,hard_brake,mitra_t4,data\raw\mitra\Data_T4\T4_DAll.csv,979.0,-14.095225
665,4,306.105845,306.906645,0.8008000000000379,,,hard_brake,mitra_t4,data\raw\mitra\Data_T4\T4_DAll.csv,980.0,-9.0226375
666,4,308.875278,309.909645,1.0343670000000316,,,hard_brake,mitra_t4,data\raw\mitra\Data_T4\T4_DAll.csv,982.0,-8.390275
667,2,313.246312,314.147213,0.900901000000033,,,hard_brake,mitra_t4,data\raw\mitra\Data_T4\T4_DAll.csv,984.0,-8.91825
668,2,315.815546,316.649713,0.8341670000000363,,,hard_brake,mitra_t4,data\raw\mitra\Data_T4\T4_DAll.csv,987.0,-7.990174999999999
669,5,312.011746,312.912646,0.9008999999999787,,,hard_brake,mitra_t4,data\raw\mitra\Data_T4\T4_DAll.csv,989.0,-5.2966125
670,1,312.679079,313.513246,0.8341669999999795,,,hard_brake,mitra_t4,data\raw\mitra\Data_T4\T4_DAll.csv,991.0,-5.266773333333333
671,6,329.295681,330.763815,1.4681340000000205,,,hard_brake,mitra_t4,data\raw\mitra\Data_T4\T4_DAll.csv,992.0,-12.882000000000001
672,1,294.52761,295.461877,0.9342670000000339,,,hard_brake,mitra_t4,data\raw\mitra\Data_T4\T4_DAll.csv,993.0,-9.151
673,4,311.778179,312.512246,0.7340669999999818,,,hard_brake,mitra_t4,data\raw\mitra\Data_T4\T4_DAll.csv,994.0,-4.476346666666667
674,1,316.849913,317.650713,0.8007999999999811,,,hard_brake,mitra_t4,data\raw\mitra\Data_T4\T4_DAll.csv,995.0,-11.9852375
675,3,313.446512,314.314046,0.8675340000000347,,,hard_brake,mitra_t4,data\raw\mitra\Data_T4\T4_DAll.csv,1000.0,-9.601675000000002
676,3,314.881279,315.815546,0.9342669999999771,,,hard_brake,mitra_t4,data\raw\mitra\Data_T4\T4_DAll.csv,1003.0,-6.225366666666668
677,5,327.360415,327.927648,0.5672329999999874,,,hard_brake,mitra_t4,data\raw\mitra\Data_T4\T4_DAll.csv,1006.0,-5.774825000000001
678,4,313.146212,313.913646,0.767434000000037,,,hard_brake,mitra_t4,data\raw\mitra\Data_T4\T4_DAll.csv,1007.0,-11.4912625
679,1,266.299406,266.766539,0.46713300000004665,,,hard_brake,mitra_t4,data\raw\mitra\Data_T4\T4_DAll.csv,1008.0,-5.28716
680,1,317.817546,319.152213,1.3346670000000245,,,hard_brake,mitra_t4,data\raw\mitra\Data_T4\T4_DAll.csv,1008.0,-9.527786666666666
681,4,314.714446,315.581979,0.8675329999999803,,,hard_brake,mitra_t4,data\raw\mitra\Data_T4\T4_DAll.csv,1009.0,-7.6538
682,3,318.051113,318.98538,0.9342670000000339,,,hard_brake,mitra_t4,data\raw\mitra\Data_T4\T4_DAll.csv,1011.0,-27.971075
683,4,317.417146,318.08448,0.6673339999999826,,,hard_brake,mitra_t4,data\raw\mitra\Data_T4\T4_DAll.csv,1012.0,-5.526274999999999
684,6,337.003383,338.104483,1.1011000000000308,,,hard_brake,mitra_t4,data\raw\mitra\Data_T4\T4_DAll.csv,1015.0,-15.7924125
685,3,323.323047,324.157214,0.8341670000000363,,,hard_brake,mitra_t4,data\raw\mitra\Data_T4\T4_DAll.csv,1017.0,-26.097987500000002
686,3,319.552613,320.48688,0.9342669999999771,,,hard_brake,mitra_t4,data\raw\mitra\Data_T4\T4_DAll.csv,1018.0,-32.0131875
687,7,319.652713,320.253313,0.6005999999999858,,,hard_brake,mitra_t4,data\raw\mitra\Data_T4\T4_DAll.csv,1021.0,-7.3428125
688,3,320.720447,321.48788,0.7674330000000396,,,hard_brake,mitra_t4,data\raw\mitra\Data_T4\T4_DAll.csv,1022.0,-18.15435
689,7,336.035749,336.769816,0.7340669999999818,,,hard_brake,mitra_t4,data\raw\mitra\Data_T4\T4_DAll.csv,1024.0,-7.1160875
690,1,322.789181,324.157214,1.3680330000000254,,,hard_brake,mitra_t4,data\raw\mitra\Data_T4\T4_DAll.csv,1025.0,-12.4936125
691,6,322.722447,323.923647,1.2012000000000285,,,hard_brake,mitra_t4,data\raw\mitra\Data_T4\T4_DAll.csv,1026.0,-9.415406666666668
692,3,321.721447,322.48888,0.7674329999999827,,,hard_brake,mitra_t4,data\raw\mitra\Data_T4\T4_DAll.csv,1027.0,-17.9732
693,2,296.72981,297.43051,0.7007000000000403,,,hard_brake,mitra_t4,data\raw\mitra\Data_T4\T4_DAll.csv,1029.0,-6.68382
694,2,326.092481,326.993381,0.9008999999999787,,,hard_brake,mitra_t4,data\raw\mitra\Data_T4\T4_DAll.csv,1029.0,-9.969225000000002
695,2,325.491881,326.326048,0.8341670000000363,,,hard_brake,mitra_t4,data\raw\mitra\Data_T4\T4_DAll.csv,1030.0,-13.191737499999999
696,6,324.557614,325.258314,0.7006999999999834,,,hard_brake,mitra_t4,data\raw\mitra\Data_T4\T4_DAll.csv,1032.0,-6.749512500000001
697,3,324.691081,325.658714,0.967632999999978,,,hard_brake,mitra_t4,data\raw\mitra\Data_T4\T4_DAll.csv,1033.0,-5.606013333333333
698,7,320.753814,321.754814,1.0010000000000332,,,hard_brake,mitra_t4,data\raw\mitra\Data_T4\T4_DAll.csv,1035.0,-6.485473333333333
699,1,326.492881,327.327048,0.8341669999999795,,,hard_brake,mitra_t4,data\raw\mitra\Data_T4\T4_DAll.csv,1040.0,-25.835725
700,3,329.028748,329.829548,0.8007999999999811,,,hard_brake,mitra_t4,data\raw\mitra\Data_T4\T4_DAll.csv,1041.0,-10.890012500000001
701,7,340.23995,341.107483,0.8675329999999803,,,hard_brake,mitra_t4,data\raw\mitra\Data_T4\T4_DAll.csv,1043.0,-20.9509
702,4,344.978017,345.44515,0.4671329999999898,,,hard_brake,mitra_t4,data\raw\mitra\Data_T4\T4_DAll.csv,1045.0,-7.3997625
703,3,329.996382,330.830548,0.8341660000000388,,,hard_brake,mitra_t4,data\raw\mitra\Data_T4\T4_DAll.csv,1046.0,-23.788974999999997
704,1,330.663715,331.331048,0.6673329999999851,,,hard_brake,mitra_t4,data\raw\mitra\Data_T4\T4_DAll.csv,1048.0,-5.1166625
705,3,333.333049,334.000382,0.6673329999999851,,,hard_brake,mitra_t4,data\raw\mitra\Data_T4\T4_DAll.csv,1049.0,-6.224912499999999
706,2,332.265315,333.166215,0.9009000000000356,,,hard_brake,mitra_t4,data\raw\mitra\Data_T4\T4_DAll.csv,1050.0,-9.150225
707,3,330.997382,331.831548,0.834165999999982,,,hard_brake,mitra_t4,data\raw\mitra\Data_T4\T4_DAll.csv,1051.0,-25.4965875
708,4,348.748451,349.282318,0.5338669999999865,,,hard_brake,mitra_t4,data\raw\mitra\Data_T4\T4_DAll.csv,1056.0,-9.1968125
709,1,335.635349,336.169216,0.5338669999999865,,,hard_brake,mitra_t4,data\raw\mitra\Data_T4\T4_DAll.csv,1057.0,-4.388287500000001
710,7,338.738449,339.305683,0.5672339999999849,,,hard_brake,mitra_t4,data\raw\mitra\Data_T4\T4_DAll.csv,1058.0,-4.482
711,7,351.317685,352.785818,1.468133000000023,,,hard_brake,mitra_t4,data\raw\mitra\Data_T4\T4_DAll.csv,1060.0,-7.587833333333334
712,3,331.631348,332.465515,0.8341669999999795,,,hard_brake,mitra_t4,data\raw\mitra\Data_T4\T4_DAll.csv,1061.0,-5.520573333333333
713,2,336.202582,337.503883,1.3013009999999667,,,hard_brake,mitra_t4,data\raw\mitra\Data_T4\T4_DAll.csv,1062.0,-11.9704
714,3,334.167215,335.001382,0.8341669999999795,,,hard_brake,mitra_t4,data\raw\mitra\Data_T4\T4_DAll.csv,1063.0,-6.557011111111111
715,5,338.738449,339.43915,0.7007009999999809,,,hard_brake,mitra_t4,data\raw\mitra\Data_T4\T4_DAll.csv,1065.0,-6.010012500000001
716,5,341.574617,343.276317,1.7017000000000166,,,hard_brake,mitra_t4,data\raw\mitra\Data_T4\T4_DAll.csv,1067.0,-10.34922
717,4,353.219585,353.953652,0.7340669999999818,,,hard_brake,mitra_t4,data\raw\mitra\Data_T4\T4_DAll.csv,1068.0,-16.370624999999997
718,1,340.34005,341.507883,1.1678329999999733,,,hard_brake,mitra_t4,data\raw\mitra\Data_T4\T4_DAll.csv,1070.0,-12.614650000000001
719,4,355.521885,356.289319,0.7674339999999802,,,hard_brake,mitra_t4,data\raw\mitra\Data_T4\T4_DAll.csv,1071.0,-21.495662499999998
720,7,353.419785,354.287318,0.8675330000000372,,,hard_brake,mitra_t4,data\raw\mitra\Data_T4\T4_DAll.csv,1072.0,-24.046075000000002
721,4,356.856552,357.623986,0.7674339999999802,,,hard_brake,mitra_t4,data\raw\mitra\Data_T4\T4_DAll.csv,1073.0,-5.060126666666666
722,2,338.471516,339.505883,1.0343669999999747,,,hard_brake,mitra_t4,data\raw\mitra\Data_T4\T4_DAll.csv,1075.0,-13.587499999999999
723,1,344.811184,346.179217,1.3680329999999685,,,hard_brake,mitra_t4,data\raw\mitra\Data_T4\T4_DAll.csv,1076.0,-11.529160000000001
724,3,337.804183,338.671716,0.8675329999999803,,,hard_brake,mitra_t4,data\raw\mitra\Data_T4\T4_DAll.csv,1081.0,-16.193812499999996
725,7,348.715084,349.449151,0.7340669999999818,,,hard_brake,mitra_t4,data\raw\mitra\Data_T4\T4_DAll.csv,1083.0,-15.056400000000002
726,6,361.094119,361.79482,0.7007010000000378,,,hard_brake,mitra_t4,data\raw\mitra\Data_T4\T4_DAll.csv,1085.0,-9.1236125
727,1,347.714084,348.848551,1.1344669999999724,,,hard_brake,mitra_t4,data\raw\mitra\Data_T4\T4_DAll.csv,1088.0,-13.73091111111111
728,5,351.584618,352.285318,0.7007000000000403,,,hard_brake,mitra_t4,data\raw\mitra\Data_T4\T4_DAll.csv,1090.0,-9.525700000000002
729,5,345.178217,345.945651,0.7674339999999802,,,hard_brake,mitra_t4,data\raw\mitra\Data_T4\T4_DAll.csv,1092.0,-21.1928
730,6,363.09612,364.130487,1.0343670000000316,,,hard_brake,mitra_t4,data\raw\mitra\Data_T4\T4_DAll.csv,1094.0,-18.008537500000003
731,5,353.219585,353.953652,0.7340669999999818,,,hard_brake,mitra_t4,data\raw\mitra\Data_T4\T4_DAll.csv,1095.0,-14.6245625
732,1,351.150851,352.018385,0.8675340000000347,,,hard_brake,mitra_t4,data\raw\mitra\Data_T4\T4_DAll.csv,1098.0,-20.947512500000002
733,4,363.329686,364.130487,0.8008010000000354,,,hard_brake,mitra_t4,data\raw\mitra\Data_T4\T4_DAll.csv,1099.0,-11.28745
734,2,348.481518,349.182218,0.7006999999999834,,,hard_brake,mitra_t4,data\raw\mitra\Data_T4\T4_DAll.csv,1100.0,-11.3975625
735,4,364.564253,365.29832,0.7340669999999818,,,hard_brake,mitra_t4,data\raw\mitra\Data_T4\T4_DAll.csv,1101.0,-16.013775000000003
736,6,366.032387,366.79982,0.7674329999999827,,,hard_brake,mitra_t4,data\raw\mitra\Data_T4\T4_DAll.csv,1102.0,-20.268037500000002
737,5,354.520885,355.121485,0.6005999999999858,,,hard_brake,mitra_t4,data\raw\mitra\Data_T4\T4_DAll.csv,1103.0,-8.613949999999999
738,3,343.64335,344.510884,0.8675339999999778,,,hard_brake,mitra_t4,data\raw\mitra\Data_T4\T4_DAll.csv,1104.0,-14.879449999999999
739,1,357.657352,359.359053,1.7017010000000141,,,hard_brake,mitra_t4,data\raw\mitra\Data_T4\T4_DAll.csv,1105.0,-6.808226666666667
740,6,310.376779,310.977379,0.6005999999999858,,,hard_brake,mitra_t4,data\raw\mitra\Data_T4\T4_DAll.csv,1106.0,-6.86008
741,5,358.791819,360.293319,1.5015000000000214,,,hard_brake,mitra_t4,data\raw\mitra\Data_T4\T4_DAll.csv,1106.0,-11.604126666666666
742,3,345.311684,346.346051,1.0343669999999747,,,hard_brake,mitra_t4,data\raw\mitra\Data_T4\T4_DAll.csv,1107.0,-15.904562499999999
743,4,366.39942,367.30032,0.9008999999999787,,,hard_brake,mitra_t4,data\raw\mitra\Data_T4\T4_DAll.csv,1108.0,-7.3627375
744,3,346.512884,347.347051,0.8341670000000363,,,hard_brake,mitra_t4,data\raw\mitra\Data_T4\T4_DAll.csv,1111.0,-8.8032125
745,2,349.515884,350.350051,0.8341669999999795,,,hard_brake,mitra_t4,data\raw\mitra\Data_T4\T4_DAll.csv,1113.0,-21.4734125
746,3,350.049751,350.683718,0.6339669999999842,,,hard_brake,mitra_t4,data\raw\mitra\Data_T4\T4_DAll.csv,1115.0,-10.8764125
747,5,356.089119,356.789819,0.7007000000000403,,,hard_brake,mitra_t4,data\raw\mitra\Data_T4\T4_DAll.csv,1116.0,-11.0310625
748,6,371.838188,372.305321,0.4671329999999898,,,hard_brake,mitra_t4,data\raw\mitra\Data_T4\T4_DAll.csv,1118.0,-4.578587500000001
749,3,348.448151,349.349051,0.9008999999999787,,,hard_brake,mitra_t4,data\raw\mitra\Data_T4\T4_DAll.csv,1122.0,-26.252612499999998
750,2,351.784818,353.353052,1.5682340000000181,,,hard_brake,mitra_t4,data\raw\mitra\Data_T4\T4_DAll.csv,1124.0,-16.051225
751,4,371.037388,371.804821,0.7674329999999827,,,hard_brake,mitra_t4,data\raw\mitra\Data_T4\T4_DAll.csv,1126.0,-11.5067875
752,3,351.651351,352.352051,0.7007000000000403,,,hard_brake,mitra_t4,data\raw\mitra\Data_T4\T4_DAll.csv,1132.0,-12.850749999999998
753,1,341.74145,342.675717,0.9342670000000339,,,hard_brake,mitra_t4,data\raw\mitra\Data_T4\T4_DAll.csv,1133.0,-11.163787499999998
754,2,355.521885,356.689719,1.1678340000000276,,,hard_brake,mitra_t4,data\raw\mitra\Data_T4\T4_DAll.csv,1135.0,-13.228046666666668
755,4,372.505521,373.306321,0.8008000000000379,,,hard_brake,mitra_t4,data\raw\mitra\Data_T4\T4_DAll.csv,1136.0,-8.7108875
756,4,375.308322,376.142488,0.8341660000000388,,,hard_brake,mitra_t4,data\raw\mitra\Data_T4\T4_DAll.csv,1137.0,-5.472166666666666
757,3,358.057752,358.858552,0.8007999999999811,,,hard_brake,mitra_t4,data\raw\mitra\Data_T4\T4_DAll.csv,1139.0,-8.0317625
758,7,366.19922,367.133487,0.9342669999999771,,,hard_brake,mitra_t4,data\raw\mitra\Data_T4\T4_DAll.csv,1140.0,-5.708146666666666
759,3,353.086118,353.619985,0.5338669999999865,,,hard_brake,mitra_t4,data\raw\mitra\Data_T4\T4_DAll.csv,1142.0,-4.873213333333333
760,7,369.235587,369.969654,0.7340669999999818,,,hard_brake,mitra_t4,data\raw\mitra\Data_T4\T4_DAll.csv,1144.0,-15.7258
761,5,373.573255,374.140488,0.5672329999999874,,,hard_brake,mitra_t4,data\raw\mitra\Data_T4\T4_DAll.csv,1145.0,-5.5392375
762,3,334.467516,335.068116,0.6005999999999858,,,hard_brake,mitra_t4,data\raw\mitra\Data_T4\T4_DAll.csv,1146.0,-6.351553333333333
763,4,346.612984,347.847551,1.2345670000000268,,,hard_brake,mitra_t4,data\raw\mitra\Data_T4\T4_DAll.csv,1147.0,-4.646133333333334
764,4,377.543889,378.311322,0.7674330000000396,,,hard_brake,mitra_t4,data\raw\mitra\Data_T4\T4_DAll.csv,1147.0,-20.480087500000003
765,4,347.981018,349.382418,1.401399999999967,,,hard_brake,mitra_t4,data\raw\mitra\Data_T4\T4_DAll.csv,1150.0,-4.6736200000000006
766,4,380.646989,381.481156,0.8341669999999795,,,hard_brake,mitra_t4,data\raw\mitra\Data_T4\T4_DAll.csv,1150.0,-12.817350000000001
767,2,316.015746,316.716446,0.7007000000000403,,,hard_brake,mitra_t4,data\raw\mitra\Data_T4\T4_DAll.csv,1151.0,-8.61816
768,2,358.858552,360.360053,1.5015010000000188,,,hard_brake,mitra_t4,data\raw\mitra\Data_T4\T4_DAll.csv,1151.0,-16.84945
769,6,373.973655,374.474155,0.5004999999999882,,,hard_brake,mitra_t4,data\raw\mitra\Data_T4\T4_DAll.csv,1153.0,-5.5748125
770,7,370.269954,371.137488,0.8675340000000347,,,hard_brake,mitra_t4,data\raw\mitra\Data_T4\T4_DAll.csv,1156.0,-17.248512499999997
771,1,350.149851,351.017385,0.8675339999999778,,,hard_brake,mitra_t4,data\raw\mitra\Data_T4\T4_DAll.csv,1157.0,-26.644599999999997
772,6,377.276955,378.144489,0.8675340000000347,,,hard_brake,mitra_t4,data\raw\mitra\Data_T4\T4_DAll.csv,1158.0,-8.895499999999998
773,4,349.015384,350.049751,1.0343670000000316,,,hard_brake,mitra_t4,data\raw\mitra\Data_T4\T4_DAll.csv,1159.0,-4.70222
774,4,382.415423,383.149489,0.7340660000000412,,,hard_brake,mitra_t4,data\raw\mitra\Data_T4\T4_DAll.csv,1159.0,-13.928212499999999
775,3,363.09612,364.030387,0.9342670000000339,,,hard_brake,mitra_t4,data\raw\mitra\Data_T4\T4_DAll.csv,1161.0,-8.7564875
776,4,350.149851,351.351051,1.2011999999999716,,,hard_brake,mitra_t4,data\raw\mitra\Data_T4\T4_DAll.csv,1162.0,-7.292806666666666
777,4,384.65099,385.485156,0.8341660000000388,,,hard_brake,mitra_t4,data\raw\mitra\Data_T4\T4_DAll.csv,1162.0,-28.9981375
778,1,351.985018,352.852552,0.8675339999999778,,,hard_brake,mitra_t4,data\raw\mitra\Data_T4\T4_DAll.csv,1163.0,-19.7036125
779,1,364.063753,364.864553,0.8007999999999811,,,hard_brake,mitra_t4,data\raw\mitra\Data_T4\T4_DAll.csv,1165.0,-4.921860000000001
780,7,376.142488,376.976655,0.8341669999999795,,,hard_brake,mitra_t4,data\raw\mitra\Data_T4\T4_DAll.csv,1166.0,-15.21735
781,2,362.662353,363.529886,0.8675329999999803,,,hard_brake,mitra_t4,data\raw\mitra\Data_T4\T4_DAll.csv,1167.0,-20.884312500000004
782,7,377.210222,377.977655,0.7674330000000396,,,hard_brake,mitra_t4,data\raw\mitra\Data_T4\T4_DAll.csv,1168.0,-5.1895375
783,2,366.733087,367.70072,0.967632999999978,,,hard_brake,mitra_t4,data\raw\mitra\Data_T4\T4_DAll.csv,1169.0,-7.962699999999999
784,7,373.706721,374.474155,0.7674339999999802,,,hard_brake,mitra_t4,data\raw\mitra\Data_T4\T4_DAll.csv,1170.0,-22.8522625
785,2,365.09812,365.865553,0.7674329999999827,,,hard_brake,mitra_t4,data\raw\mitra\Data_T4\T4_DAll.csv,1171.0,-13.965912500000002
786,3,361.761453,362.528886,0.7674329999999827,,,hard_brake,mitra_t4,data\raw\mitra\Data_T4\T4_DAll.csv,1176.0,-11.629587500000001
787,7,374.307321,375.141488,0.8341669999999795,,,hard_brake,mitra_t4,data\raw\mitra\Data_T4\T4_DAll.csv,1178.0,-8.413287500000001
788,4,392.091757,393.159491,1.06773400000003,,,hard_brake,mitra_t4,data\raw\mitra\Data_T4\T4_DAll.csv,1182.0,-8.815806666666667
789,3,364.530887,365.531887,1.0009999999999764,,,hard_brake,mitra_t4,data\raw\mitra\Data_T4\T4_DAll.csv,1183.0,-11.837925
790,1,369.469154,370.370054,0.9008999999999787,,,hard_brake,mitra_t4,data\raw\mitra\Data_T4\T4_DAll.csv,1184.0,-8.3827875
791,6,379.612622,380.313322,0.7007000000000403,,,hard_brake,mitra_t4,data\raw\mitra\Data_T4\T4_DAll.csv,1186.0,-7.109662500000001
792,4,393.659991,394.327324,0.6673329999999851,,,hard_brake,mitra_t4,data\raw\mitra\Data_T4\T4_DAll.csv,1189.0,-8.6496
793,3,366.466154,366.933287,0.4671329999999898,,,hard_brake,mitra_t4,data\raw\mitra\Data_T4\T4_DAll.csv,1190.0,-4.63162
794,2,374.173855,375.641988,1.468133000000023,,,hard_brake,mitra_t4,data\raw\mitra\Data_T4\T4_DAll.csv,1191.0,-14.42306
795,5,377.410422,378.144489,0.7340670000000387,,,hard_brake,mitra_t4,data\raw\mitra\Data_T4\T4_DAll.csv,1192.0,-6.3654375000000005
796,6,386.919923,387.820823,0.9009000000000356,,,hard_brake,mitra_t4,data\raw\mitra\Data_T4\T4_DAll.csv,1194.0,-5.738526666666667
797,3,367.50052,368.368054,0.8675339999999778,,,hard_brake,mitra_t4,data\raw\mitra\Data_T4\T4_DAll.csv,1195.0,-26.3134375
798,7,378.811822,379.645989,0.8341669999999795,,,hard_brake,mitra_t4,data\raw\mitra\Data_T4\T4_DAll.csv,1197.0,-8.9501
799,4,355.621985,356.789819,1.1678340000000276,,,hard_brake,mitra_t4,data\raw\mitra\Data_T4\T4_DAll.csv,1198.0,-4.367153333333333
800,4,395.128124,395.995658,0.8675339999999778,,,hard_brake,mitra_t4,data\raw\mitra\Data_T4\T4_DAll.csv,1198.0,-24.996087499999998
801,2,379.946289,381.381056,1.434767000000022,,,hard_brake,mitra_t4,data\raw\mitra\Data_T4\T4_DAll.csv,1200.0,-13.949737500000001
802,7,380.446789,381.314322,0.8675329999999803,,,hard_brake,mitra_t4,data\raw\mitra\Data_T4\T4_DAll.csv,1201.0,-16.83415
803,6,397.096758,397.830825,0.7340669999999818,,,hard_brake,mitra_t4,data\raw\mitra\Data_T4\T4_DAll.csv,1203.0,-18.319799999999997
804,1,370.703721,371.537888,0.8341670000000363,,,hard_brake,mitra_t4,data\raw\mitra\Data_T4\T4_DAll.csv,1204.0,-14.419675000000002
805,7,387.05339,387.987657,0.9342670000000339,,,hard_brake,mitra_t4,data\raw\mitra\Data_T4\T4_DAll.csv,1209.0,-11.6922
806,2,382.548889,383.383056,0.8341670000000363,,,hard_brake,mitra_t4,data\raw\mitra\Data_T4\T4_DAll.csv,1210.0,-13.535287499999999
807,3,343.009383,343.710084,0.7007009999999809,,,hard_brake,mitra_t4,data\raw\mitra\Data_T4\T4_DAll.csv,1211.0,-5.587813333333333
808,3,371.371054,372.038388,0.6673339999999826,,,hard_brake,mitra_t4,data\raw\mitra\Data_T4\T4_DAll.csv,1211.0,-6.861412500000001
809,2,369.969654,371.204221,1.2345670000000268,,,hard_brake,mitra_t4,data\raw\mitra\Data_T4\T4_DAll.csv,1212.0,-9.351826666666666
810,4,397.897558,398.631625,0.7340669999999818,,,hard_brake,mitra_t4,data\raw\mitra\Data_T4\T4_DAll.csv,1213.0,-5.231106666666666
811,7,390.690357,391.824824,1.1344669999999724,,,hard_brake,mitra_t4,data\raw\mitra\Data_T4\T4_DAll.csv,1214.0,-18.276655555555553
812,5,383.416423,384.150489,0.7340659999999843,,,hard_brake,mitra_t4,data\raw\mitra\Data_T4\T4_DAll.csv,1215.0,-12.801212500000002
813,1,384.083756,384.784456,0.7006999999999834,,,hard_brake,mitra_t4,data\raw\mitra\Data_T4\T4_DAll.csv,1216.0,-5.58476
814,2,383.483156,384.384056,0.9008999999999787,,,hard_brake,mitra_t4,data\raw\mitra\Data_T4\T4_DAll.csv,1218.0,-8.745475
815,6,388.688357,389.489157,0.8007999999999811,,,hard_brake,mitra_t4,data\raw\mitra\Data_T4\T4_DAll.csv,1219.0,-15.866950000000001
816,3,375.875555,377.043388,1.1678329999999733,,,hard_brake,mitra_t4,data\raw\mitra\Data_T4\T4_DAll.csv,1220.0,-11.457175
817,1,380.747089,381.714722,0.967632999999978,,,hard_brake,mitra_t4,data\raw\mitra\Data_T4\T4_DAll.csv,1222.0,-22.468087499999996
818,1,366.89992,367.867554,0.9676339999999755,,,hard_brake,mitra_t4,data\raw\mitra\Data_T4\T4_DAll.csv,1223.0,-8.1696125
819,4,400.566892,401.334325,0.7674329999999827,,,hard_brake,mitra_t4,data\raw\mitra\Data_T4\T4_DAll.csv,1224.0,-8.18005
820,7,384.55089,385.818823,1.2679330000000277,,,hard_brake,mitra_t4,data\raw\mitra\Data_T4\T4_DAll.csv,1227.0,-9.934453333333332
821,7,394.527524,395.328324,0.8007999999999811,,,hard_brake,mitra_t4,data\raw\mitra\Data_T4\T4_DAll.csv,1228.0,-10.654625
822,4,363.429786,364.59762,1.1678340000000276,,,hard_brake,mitra_t4,data\raw\mitra\Data_T4\T4_DAll.csv,1239.0,-4.76982
823,4,403.403059,404.170492,0.7674330000000396,,,hard_brake,mitra_t4,data\raw\mitra\Data_T4\T4_DAll.csv,1239.0,-4.858775
824,2,389.622624,390.390057,0.7674330000000396,,,hard_brake,mitra_t4,data\raw\mitra\Data_T4\T4_DAll.csv,1242.0,-7.047012500000001
825,4,363.763453,365.164853,1.401399999999967,,,hard_brake,mitra_t4,data\raw\mitra\Data_T4\T4_DAll.csv,1243.0,-5.488293333333333
826,4,403.936926,405.171493,1.23456699999997,,,hard_brake,mitra_t4,data\raw\mitra\Data_T4\T4_DAll.csv,1243.0,-6.92246
827,3,382.015022,382.715723,0.7007010000000378,,,hard_brake,mitra_t4,data\raw\mitra\Data_T4\T4_DAll.csv,1245.0,-6.876275
828,0,350.083118,351.017385,0.9342669999999771,,,hard_brake,mitra_t4,data\raw\mitra\Data_T4\T4_DAll.csv,1246.0,-12.570833333333333
829,5,388.488157,389.15549,0.6673329999999851,,,hard_brake,mitra_t4,data\raw\mitra\Data_T4\T4_DAll.csv,1248.0,-9.170175
830,3,383.583256,384.55089,0.9676339999999755,,,hard_brake,mitra_t4,data\raw\mitra\Data_T4\T4_DAll.csv,1250.0,-8.410972727272728
831,1,391.891557,392.558891,0.6673340000000394,,,hard_brake,mitra_t4,data\raw\mitra\Data_T4\T4_DAll.csv,1251.0,-6.555149999999999
832,1,393.326324,394.060391,0.7340669999999818,,,hard_brake,mitra_t4,data\raw\mitra\Data_T4\T4_DAll.csv,1252.0,-28.974262500000002
833,3,387.387057,387.887557,0.5004999999999882,,,hard_brake,mitra_t4,data\raw\mitra\Data_T4\T4_DAll.csv,1253.0,-5.666412499999999
834,4,407.473793,408.341326,0.8675329999999803,,,hard_brake,mitra_t4,data\raw\mitra\Data_T4\T4_DAll.csv,1254.0,-15.8213125
835,2,368.067754,368.868554,0.8008000000000379,,,hard_brake,mitra_t4,data\raw\mitra\Data_T4\T4_DAll.csv,1255.0,-19.2783875
836,3,385.65199,386.55289,0.9008999999999787,,,hard_brake,mitra_t4,data\raw\mitra\Data_T4\T4_DAll.csv,1256.0,-12.194874999999998
837,2,392.925924,393.726724,0.8007999999999811,,,hard_brake,mitra_t4,data\raw\mitra\Data_T4\T4_DAll.csv,1257.0,-9.794012500000001
838,7,401.067392,401.667992,0.6006000000000427,,,hard_brake,mitra_t4,data\raw\mitra\Data_T4\T4_DAll.csv,1258.0,-4.690425
839,2,394.761091,395.728724,0.967632999999978,,,hard_brake,mitra_t4,data\raw\mitra\Data_T4\T4_DAll.csv,1259.0,-14.331612499999999
840,2,393.693358,394.394058,0.7006999999999834,,,hard_brake,mitra_t4,data\raw\mitra\Data_T4\T4_DAll.csv,1260.0,-16.0975125
841,1,371.771454,372.605621,0.8341669999999795,,,hard_brake,mitra_t4,data\raw\mitra\Data_T4\T4_DAll.csv,1261.0,-6.33396
842,4,366.89992,367.433787,0.5338669999999865,,,hard_brake,mitra_t4,data\raw\mitra\Data_T4\T4_DAll.csv,1262.0,-3.953373333333333
843,4,367.867554,368.634987,0.7674330000000396,,,hard_brake,mitra_t4,data\raw\mitra\Data_T4\T4_DAll.csv,1262.0,-4.149166666666667
844,4,409.075393,409.842827,0.7674339999999802,,,hard_brake,mitra_t4,data\raw\mitra\Data_T4\T4_DAll.csv,1262.0,-8.3649875
845,3,390.35669,391.224224,0.8675339999999778,,,hard_brake,mitra_t4,data\raw\mitra\Data_T4\T4_DAll.csv,1265.0,-12.9895
846,6,403.269592,404.170492,0.9009000000000356,,,hard_brake,mitra_t4,data\raw\mitra\Data_T4\T4_DAll.csv,1268.0,-11.4866375
847,5,395.762091,396.662991,0.9008999999999787,,,hard_brake,mitra_t4,data\raw\mitra\Data_T4\T4_DAll.csv,1269.0,-13.1303125
848,2,396.029025,397.063391,1.034366000000034,,,hard_brake,mitra_t4,data\raw\mitra\Data_T4\T4_DAll.csv,1270.0,-20.4215625
849,4,370.370054,372.372054,2.0020000000000095,,,hard_brake,mitra_t4,data\raw\mitra\Data_T4\T4_DAll.csv,1272.0,-4.38368
850,3,388.788457,389.55589,0.7674329999999827,,,hard_brake,mitra_t4,data\raw\mitra\Data_T4\T4_DAll.csv,1273.0,-14.46485
851,1,395.461791,396.396058,0.9342669999999771,,,hard_brake,mitra_t4,data\raw\mitra\Data_T4\T4_DAll.csv,1276.0,-22.478175
852,5,399.565892,400.099758,0.5338659999999891,,,hard_brake,mitra_t4,data\raw\mitra\Data_T4\T4_DAll.csv,1277.0,-4.855486666666667
853,7,399.065392,399.665992,0.6006000000000427,,,hard_brake,mitra_t4,data\raw\mitra\Data_T4\T4_DAll.csv,1279.0,-4.608387499999999
854,7,409.675993,410.343327,0.6673339999999826,,,hard_brake,mitra_t4,data\raw\mitra\Data_T4\T4_DAll.csv,1282.0,-7.3744749999999994
855,2,398.197858,399.565892,1.3680340000000228,,,hard_brake,mitra_t4,data\raw\mitra\Data_T4\T4_DAll.csv,1283.0,-12.271446666666668
856,1,377.844189,378.378055,0.5338660000000459,,,hard_brake,mitra_t4,data\raw\mitra\Data_T4\T4_DAll.csv,1284.0,-7.912075
857,4,414.680994,415.515161,0.8341669999999795,,,hard_brake,mitra_t4,data\raw\mitra\Data_T4\T4_DAll.csv,1285.0,-11.8854
858,3,393.760091,394.560891,0.8008000000000379,,,hard_brake,mitra_t4,data\raw\mitra\Data_T4\T4_DAll.csv,1286.0,-19.267575
859,2,400.633625,401.401059,0.7674339999999802,,,hard_brake,mitra_t4,data\raw\mitra\Data_T4\T4_DAll.csv,1288.0,-27.881275000000002
860,7,406.806459,407.50716,0.7007009999999809,,,hard_brake,mitra_t4,data\raw\mitra\Data_T4\T4_DAll.csv,1289.0,-13.325162499999998
861,2,405.505159,406.239226,0.7340669999999818,,,hard_brake,mitra_t4,data\raw\mitra\Data_T4\T4_DAll.csv,1290.0,-4.907066666666666
862,1,402.135125,403.269592,1.1344669999999724,,,hard_brake,mitra_t4,data\raw\mitra\Data_T4\T4_DAll.csv,1291.0,-9.336413333333333
863,4,374.407421,376.843188,2.4357669999999985,,,hard_brake,mitra_t4,data\raw\mitra\Data_T4\T4_DAll.csv,1292.0,-4.709606666666667
864,7,404.137126,404.670992,0.5338659999999891,,,hard_brake,mitra_t4,data\raw\mitra\Data_T4\T4_DAll.csv,1293.0,-8.648824999999999
865,5,405.038026,405.838826,0.8007999999999811,,,hard_brake,mitra_t4,data\raw\mitra\Data_T4\T4_DAll.csv,1294.0,-11.541599999999999
866,3,395.061391,395.595258,0.5338669999999865,,,hard_brake,mitra_t4,data\raw\mitra\Data_T4\T4_DAll.csv,1295.0,-4.4358
867,2,401.634625,402.568892,0.9342669999999771,,,hard_brake,mitra_t4,data\raw\mitra\Data_T4\T4_DAll.csv,1296.0,-12.524825
868,4,375.308322,378.177855,2.8695330000000467,,,hard_brake,mitra_t4,data\raw\mitra\Data_T4\T4_DAll.csv,1297.0,-5.462913333333334
869,6,410.00966,410.843827,0.8341669999999795,,,hard_brake,mitra_t4,data\raw\mitra\Data_T4\T4_DAll.csv,1297.0,-29.555812500000002
870,3,396.295958,397.063391,0.7674330000000396,,,hard_brake,mitra_t4,data\raw\mitra\Data_T4\T4_DAll.csv,1299.0,-12.669337500000001
871,5,407.073393,407.840826,0.7674329999999827,,,hard_brake,mitra_t4,data\raw\mitra\Data_T4\T4_DAll.csv,1300.0,-7.2561375
872,7,410.643627,411.344327,0.7007000000000403,,,hard_brake,mitra_t4,data\raw\mitra\Data_T4\T4_DAll.csv,1302.0,-13.527262499999999
873,4,376.509522,379.112122,2.6025999999999954,,,hard_brake,mitra_t4,data\raw\mitra\Data_T4\T4_DAll.csv,1303.0,-4.722433333333333
874,4,418.851828,419.585895,0.7340669999999818,,,hard_brake,mitra_t4,data\raw\mitra\Data_T4\T4_DAll.csv,1303.0,-4.697286666666667
875,2,404.070392,405.571893,1.501500999999962,,,hard_brake,mitra_t4,data\raw\mitra\Data_T4\T4_DAll.csv,1306.0,-15.278519999999999
876,3,400.566892,401.401059,0.8341669999999795,,,hard_brake,mitra_t4,data\raw\mitra\Data_T4\T4_DAll.csv,1308.0,-28.104337500000003
877,4,378.378055,380.480156,2.1021010000000047,,,hard_brake,mitra_t4,data\raw\mitra\Data_T4\T4_DAll.csv,1309.0,-4.8687933333333335
878,3,409.275593,410.20986,0.9342669999999771,,,hard_brake,mitra_t4,data\raw\mitra\Data_T4\T4_DAll.csv,1310.0,-5.371433333333333
879,5,408.574893,409.50916,0.9342670000000339,,,hard_brake,mitra_t4,data\raw\mitra\Data_T4\T4_DAll.csv,1312.0,-11.8601625
880,7,416.449428,417.350328,0.9008999999999787,,,hard_brake,mitra_t4,data\raw\mitra\Data_T4\T4_DAll.csv,1313.0,-26.640375000000002
881,1,405.938926,407.40706,1.4681340000000205,,,hard_brake,mitra_t4,data\raw\mitra\Data_T4\T4_DAll.csv,1315.0,-11.926886666666666
882,3,402.235225,403.069392,0.8341669999999795,,,hard_brake,mitra_t4,data\raw\mitra\Data_T4\T4_DAll.csv,1316.0,-25.7554875
883,1,410.243227,411.077393,0.834165999999982,,,hard_brake,mitra_t4,data\raw\mitra\Data_T4\T4_DAll.csv,1317.0,-7.03945
884,4,379.545889,380.480156,0.9342670000000339,,,hard_brake,mitra_t4,data\raw\mitra\Data_T4\T4_DAll.csv,1318.0,-5.260973333333334
885,4,424.424062,425.191495,0.7674329999999827,,,hard_brake,mitra_t4,data\raw\mitra\Data_T4\T4_DAll.csv,1318.0,-7.154
886,3,403.603259,404.404059,0.8008000000000379,,,hard_brake,mitra_t4,data\raw\mitra\Data_T4\T4_DAll.csv,1319.0,-30.175362500000002
887,2,411.244227,412.078394,0.8341669999999795,,,hard_brake,mitra_t4,data\raw\mitra\Data_T4\T4_DAll.csv,1320.0,-5.75357
888,7,412.11176,412.845827,0.7340669999999818,,,hard_brake,mitra_t4,data\raw\mitra\Data_T4\T4_DAll.csv,1323.0,-24.992937499999996
889,3,404.370692,405.238226,0.8675339999999778,,,hard_brake,mitra_t4,data\raw\mitra\Data_T4\T4_DAll.csv,1324.0,-26.74235
890,4,381.781456,382.749089,0.9676330000000348,,,hard_brake,mitra_t4,data\raw\mitra\Data_T4\T4_DAll.csv,1325.0,-4.236973333333333
891,0,370.169854,370.837188,0.6673340000000394,,,hard_brake,mitra_t4,data\raw\mitra\Data_T4\T4_DAll.csv,1326.0,-8.983213333333333
892,5,412.979294,413.679994,0.7007000000000403,,,hard_brake,mitra_t4,data\raw\mitra\Data_T4\T4_DAll.csv,1327.0,-10.6880875
893,2,412.678994,413.880194,1.2012000000000285,,,hard_brake,mitra_t4,data\raw\mitra\Data_T4\T4_DAll.csv,1328.0,-11.74874
894,3,406.406059,407.40706,1.0010009999999738,,,hard_brake,mitra_t4,data\raw\mitra\Data_T4\T4_DAll.csv,1329.0,-12.67325
895,7,422.355328,423.356329,1.0010010000000307,,,hard_brake,mitra_t4,data\raw\mitra\Data_T4\T4_DAll.csv,1331.0,-6.498406666666667
896,4,385.385056,386.119123,0.7340669999999818,,,hard_brake,mitra_t4,data\raw\mitra\Data_T4\T4_DAll.csv,1334.0,-4.176093333333333
897,1,408.741726,409.575893,0.8341669999999795,,,hard_brake,mitra_t4,data\raw\mitra\Data_T4\T4_DAll.csv,1335.0,-10.7022625
898,7,424.323962,425.191495,0.8675329999999803,,,hard_brake,mitra_t4,data\raw\mitra\Data_T4\T4_DAll.csv,1336.0,-10.745474999999999
899,3,412.51216,413.41306,0.9008999999999787,,,hard_brake,mitra_t4,data\raw\mitra\Data_T4\T4_DAll.csv,1337.0,-20.627550000000003
900,3,410.10976,410.91056,0.8007999999999811,,,hard_brake,mitra_t4,data\raw\mitra\Data_T4\T4_DAll.csv,1338.0,-15.968037500000001
901,4,386.45279,387.587257,1.1344670000000292,,,hard_brake,mitra_t4,data\raw\mitra\Data_T4\T4_DAll.csv,1339.0,-4.621560000000001
902,5,427.393696,428.194496,0.8008000000000379,,,hard_brake,mitra_t4,data\raw\mitra\Data_T4\T4_DAll.csv,1339.0,-22.373812500000003
903,1,412.879194,413.746727,0.8675330000000372,,,hard_brake,mitra_t4,data\raw\mitra\Data_T4\T4_DAll.csv,1340.0,-19.3523375
904,6,414.213861,415.181494,0.967632999999978,,,hard_brake,mitra_t4,data\raw\mitra\Data_T4\T4_DAll.csv,1342.0,-18.766412499999998
905,3,410.777093,411.744727,0.9676340000000323,,,hard_brake,mitra_t4,data\raw\mitra\Data_T4\T4_DAll.csv,1343.0,-11.4024375
906,2,415.615261,416.416061,0.8008000000000379,,,hard_brake,mitra_t4,data\raw\mitra\Data_T4\T4_DAll.csv,1344.0,-11.5669
907,2,420.086395,420.920562,0.8341670000000363,,,hard_brake,mitra_t4,data\raw\mitra\Data_T4\T4_DAll.csv,1345.0,-28.95645
908,2,364.49752,365.131487,0.6339669999999842,,,hard_brake,mitra_t4,data\raw\mitra\Data_T4\T4_DAll.csv,1347.0,-4.424086666666667
909,2,366.032387,366.532887,0.5004999999999882,,,hard_brake,mitra_t4,data\raw\mitra\Data_T4\T4_DAll.csv,1350.0,-4.324766666666666
910,2,368.968654,369.569254,0.6005999999999858,,,hard_brake,mitra_t4,data\raw\mitra\Data_T4\T4_DAll.csv,1350.0,-5.561920000000001
911,2,421.220862,422.588895,1.3680329999999685,,,hard_brake,mitra_t4,data\raw\mitra\Data_T4\T4_DAll.csv,1350.0,-19.579300000000003
912,7,419.519161,420.353328,0.8341669999999795,,,hard_brake,mitra_t4,data\raw\mitra\Data_T4\T4_DAll.csv,1351.0,-5.533125
913,1,416.549528,417.250228,0.7006999999999834,,,hard_brake,mitra_t4,data\raw\mitra\Data_T4\T4_DAll.csv,1352.0,-14.295725000000001
914,4,447.613899,448.381332,0.7674329999999827,,,hard_brake,mitra_t4,data\raw\mitra\Data_T4\T4_DAll.csv,1353.0,-6.968837499999999
915,3,392.992657,394.227224,1.23456699999997,,,hard_brake,mitra_t4,data\raw\mitra\Data_T4\T4_DAll.csv,1355.0,-8.86536
916,3,415.381694,416.249227,0.8675330000000372,,,hard_brake,mitra_t4,data\raw\mitra\Data_T4\T4_DAll.csv,1355.0,-34.6712
917,2,417.683994,418.551528,0.8675340000000347,,,hard_brake,mitra_t4,data\raw\mitra\Data_T4\T4_DAll.csv,1356.0,-5.964406666666666
918,1,420.820461,421.421062,0.6006009999999833,,,hard_brake,mitra_t4,data\raw\mitra\Data_T4\T4_DAll.csv,1357.0,-4.31005
919,5,431.798096,432.532163,0.7340670000000387,,,hard_brake,mitra_t4,data\raw\mitra\Data_T4\T4_DAll.csv,1358.0,-5.068275
920,7,427.293596,428.528163,1.2345670000000268,,,hard_brake,mitra_t4,data\raw\mitra\Data_T4\T4_DAll.csv,1359.0,-9.268813333333332
921,7,425.691996,426.359329,0.6673329999999851,,,hard_brake,mitra_t4,data\raw\mitra\Data_T4\T4_DAll.csv,1360.0,-9.1269
922,3,417.450428,418.251228,0.8008000000000379,,,hard_brake,mitra_t4,data\raw\mitra\Data_T4\T4_DAll.csv,1362.0,-12.385137499999999
923,2,425.058029,425.925562,0.8675330000000372,,,hard_brake,mitra_t4,data\raw\mitra\Data_T4\T4_DAll.csv,1363.0,-11.0963625
924,5,430.229863,431.030663,0.8007999999999811,,,hard_brake,mitra_t4,data\raw\mitra\Data_T4\T4_DAll.csv,1364.0,-9.336625000000002
925,1,427.794096,429.095396,1.3012999999999693,,,hard_brake,mitra_t4,data\raw\mitra\Data_T4\T4_DAll.csv,1366.0,-12.464946666666668
926,3,386.719723,387.35369,0.6339669999999842,,,hard_brake,mitra_t4,data\raw\mitra\Data_T4\T4_DAll.csv,1368.0,-5.25742
927,3,419.118761,419.919561,0.8007999999999811,,,hard_brake,mitra_t4,data\raw\mitra\Data_T4\T4_DAll.csv,1368.0,-14.8803875
928,2,425.858829,426.592896,0.7340669999999818,,,hard_brake,mitra_t4,data\raw\mitra\Data_T4\T4_DAll.csv,1369.0,-14.2437125
929,6,436.903197,437.870831,0.9676340000000323,,,hard_brake,mitra_t4,data\raw\mitra\Data_T4\T4_DAll.csv,1372.0,-13.7971
930,2,389.088757,390.223224,1.1344670000000292,,,hard_brake,mitra_t4,data\raw\mitra\Data_T4\T4_DAll.csv,1374.0,-7.17296
931,2,426.993296,427.760729,0.7674330000000396,,,hard_brake,mitra_t4,data\raw\mitra\Data_T4\T4_DAll.csv,1374.0,-14.8497875
932,1,399.732725,400.566892,0.8341669999999795,,,hard_brake,mitra_t4,data\raw\mitra\Data_T4\T4_DAll.csv,1376.0,-4.88216
933,5,421.621262,422.688995,1.0677329999999756,,,hard_brake,mitra_t4,data\raw\mitra\Data_T4\T4_DAll.csv,1378.0,-10.550911111111112
934,3,422.822462,423.589895,0.7674330000000396,,,hard_brake,mitra_t4,data\raw\mitra\Data_T4\T4_DAll.csv,1380.0,-19.750975
935,7,438.404697,439.205498,0.8008009999999786,,,hard_brake,mitra_t4,data\raw\mitra\Data_T4\T4_DAll.csv,1383.0,-7.8348
936,4,455.988933,456.889833,0.9009000000000356,,,hard_brake,mitra_t4,data\raw\mitra\Data_T4\T4_DAll.csv,1384.0,-9.970262499999999
937,1,434.56753,435.26823,0.7007000000000403,,,hard_brake,mitra_t4,data\raw\mitra\Data_T4\T4_DAll.csv,1385.0,-5.744853333333333
938,7,429.796096,430.530163,0.7340670000000387,,,hard_brake,mitra_t4,data\raw\mitra\Data_T4\T4_DAll.csv,1387.0,-6.710837499999999
939,7,431.631263,432.532163,0.9009000000000356,,,hard_brake,mitra_t4,data\raw\mitra\Data_T4\T4_DAll.csv,1388.0,-24.068062499999996
940,7,441.307598,442.208498,0.9009000000000356,,,hard_brake,mitra_t4,data\raw\mitra\Data_T4\T4_DAll.csv,1389.0,-12.4724125
941,6,418.518161,419.185495,0.6673339999999826,,,hard_brake,mitra_t4,data\raw\mitra\Data_T4\T4_DAll.csv,1392.0,-7.666437500000001
942,1,438.738364,440.106398,1.3680340000000228,,,hard_brake,mitra_t4,data\raw\mitra\Data_T4\T4_DAll.csv,1393.0,-15.7093375
943,3,426.659629,427.593896,0.9342669999999771,,,hard_brake,mitra_t4,data\raw\mitra\Data_T4\T4_DAll.csv,1394.0,-32.277575
944,5,433.56653,434.033663,0.4671329999999898,,,hard_brake,mitra_t4,data\raw\mitra\Data_T4\T4_DAll.csv,1398.0,-4.6471374999999995
945,2,432.56553,433.26623,0.7006999999999834,,,hard_brake,mitra_t4,data\raw\mitra\Data_T4\T4_DAll.csv,1399.0,-6.639574999999999
946,6,440.006298,440.706998,0.7006999999999834,,,hard_brake,mitra_t4,data\raw\mitra\Data_T4\T4_DAll.csv,1401.0,-11.7083625
947,3,429.028663,429.929563,0.9008999999999787,,,hard_brake,mitra_t4,data\raw\mitra\Data_T4\T4_DAll.csv,1404.0,-37.512724999999996
948,5,436.26923,437.036664,0.7674339999999802,,,hard_brake,mitra_t4,data\raw\mitra\Data_T4\T4_DAll.csv,1406.0,-4.703013333333333
949,1,443.476431,444.277232,0.8008010000000354,,,hard_brake,mitra_t4,data\raw\mitra\Data_T4\T4_DAll.csv,1407.0,-19.8055625
950,2,433.96693,435.26823,1.301300000000026,,,hard_brake,mitra_t4,data\raw\mitra\Data_T4\T4_DAll.csv,1408.0,-12.0391
951,3,431.831463,432.598897,0.767434000000037,,,hard_brake,mitra_t4,data\raw\mitra\Data_T4\T4_DAll.csv,1411.0,-17.12605
952,6,441.841465,442.708998,0.8675329999999803,,,hard_brake,mitra_t4,data\raw\mitra\Data_T4\T4_DAll.csv,1412.0,-14.789275
953,2,436.202497,437.770731,1.5682340000000181,,,hard_brake,mitra_t4,data\raw\mitra\Data_T4\T4_DAll.csv,1413.0,-15.689587499999998
954,5,440.706998,441.374331,0.6673329999999851,,,hard_brake,mitra_t4,data\raw\mitra\Data_T4\T4_DAll.csv,1414.0,-7.203475000000001
955,2,440.606898,441.441065,0.8341669999999795,,,hard_brake,mitra_t4,data\raw\mitra\Data_T4\T4_DAll.csv,1417.0,-23.2360875
956,3,383.816823,384.617623,0.8007999999999811,,,hard_brake,mitra_t4,data\raw\mitra\Data_T4\T4_DAll.csv,1418.0,-26.188940000000002
957,3,405.772093,406.272593,0.5004999999999882,,,hard_brake,mitra_t4,data\raw\mitra\Data_T4\T4_DAll.csv,1418.0,-5.310386666666667
958,2,437.937564,439.272231,1.3346669999999676,,,hard_brake,mitra_t4,data\raw\mitra\Data_T4\T4_DAll.csv,1421.0,-10.098866666666668
959,3,436.636264,437.437064,0.8008000000000379,,,hard_brake,mitra_t4,data\raw\mitra\Data_T4\T4_DAll.csv,1423.0,-18.5086125
960,1,445.178132,445.945565,0.7674329999999827,,,hard_brake,mitra_t4,data\raw\mitra\Data_T4\T4_DAll.csv,1426.0,-18.810275
961,2,442.942565,443.776732,0.8341669999999795,,,hard_brake,mitra_t4,data\raw\mitra\Data_T4\T4_DAll.csv,1433.0,-8.3566125
962,3,441.307598,442.108398,0.8008000000000379,,,hard_brake,mitra_t4,data\raw\mitra\Data_T4\T4_DAll.csv,1434.0,-9.942237500000001
963,7,451.951566,452.885833,0.9342669999999771,,,hard_brake,mitra_t4,data\raw\mitra\Data_T4\T4_DAll.csv,1435.0,-6.45708
964,3,441.941565,442.775731,0.834165999999982,,,hard_brake,mitra_t4,data\raw\mitra\Data_T4\T4_DAll.csv,1439.0,-11.865975
965,7,445.344965,446.045665,0.7006999999999834,,,hard_brake,mitra_t4,data\raw\mitra\Data_T4\T4_DAll.csv,1443.0,-11.416387499999999
966,1,425.291595,425.925562,0.633967000000041,,,hard_brake,mitra_t4,data\raw\mitra\Data_T4\T4_DAll.csv,1447.0,-5.5779250000000005
967,2,446.913199,447.613899,0.7006999999999834,,,hard_brake,mitra_t4,data\raw\mitra\Data_T4\T4_DAll.csv,1450.0,-11.843049999999998
968,1,447.613899,448.448066,0.8341669999999795,,,hard_brake,mitra_t4,data\raw\mitra\Data_T4\T4_DAll.csv,1453.0,-27.18495
969,3,447.313599,448.114399,0.8007999999999811,,,hard_brake,mitra_t4,data\raw\mitra\Data_T4\T4_DAll.csv,1457.0,-16.595275
970,5,459.692634,460.727001,1.0343669999999747,,,hard_brake,mitra_t4,data\raw\mitra\Data_T4\T4_DAll.csv,1458.0,-12.5937875
971,2,448.514799,449.282232,0.7674330000000396,,,hard_brake,mitra_t4,data\raw\mitra\Data_T4\T4_DAll.csv,1460.0,-7.9117125
972,3,449.449066,450.349966,0.9008999999999787,,,hard_brake,mitra_t4,data\raw\mitra\Data_T4\T4_DAll.csv,1462.0,-5.766046666666667
973,1,454.5208,455.6219,1.101099999999974,,,hard_brake,mitra_t4,data\raw\mitra\Data_T4\T4_DAll.csv,1464.0,-10.791853333333332
974,3,451.284233,452.118399,0.8341660000000388,,,hard_brake,mitra_t4,data\raw\mitra\Data_T4\T4_DAll.csv,1468.0,-11.725449999999999
975,1,430.797096,431.597896,0.8007999999999811,,,hard_brake,mitra_t4,data\raw\mitra\Data_T4\T4_DAll.csv,1470.0,-23.736325
976,1,456.5228,457.457067,0.9342669999999771,,,hard_brake,mitra_t4,data\raw\mitra\Data_T4\T4_DAll.csv,1471.0,-14.439775
977,2,450.683633,451.451066,0.7674330000000396,,,hard_brake,mitra_t4,data\raw\mitra\Data_T4\T4_DAll.csv,1472.0,-19.864725
978,3,454.721,455.6219,0.9008999999999787,,,hard_brake,mitra_t4,data\raw\mitra\Data_T4\T4_DAll.csv,1474.0,-5.588506666666666
979,2,452.185133,452.952566,0.7674329999999827,,,hard_brake,mitra_t4,data\raw\mitra\Data_T4\T4_DAll.csv,1475.0,-10.1806125
980,6,466.733002,467.433702,0.7006999999999834,,,hard_brake,mitra_t4,data\raw\mitra\Data_T4\T4_DAll.csv,1476.0,-6.5288666666666675
981,2,457.990934,458.791734,0.8008000000000379,,,hard_brake,mitra_t4,data\raw\mitra\Data_T4\T4_DAll.csv,1483.0,-17.4903625
982,1,462.795734,464.130401,1.3346670000000245,,,hard_brake,mitra_t4,data\raw\mitra\Data_T4\T4_DAll.csv,1484.0,-16.44875
983,3,459.492434,460.293234,0.8007999999999811,,,hard_brake,mitra_t4,data\raw\mitra\Data_T4\T4_DAll.csv,1487.0,-16.3489875
984,6,471.437702,472.138402,0.7006999999999834,,,hard_brake,mitra_t4,data\raw\mitra\Data_T4\T4_DAll.csv,1488.0,-6.890173333333333
985,1,440.807098,441.607898,0.8007999999999811,,,hard_brake,mitra_t4,data\raw\mitra\Data_T4\T4_DAll.csv,1491.0,-25.5249375
986,3,458.091034,458.958567,0.8675330000000372,,,hard_brake,mitra_t4,data\raw\mitra\Data_T4\T4_DAll.csv,1492.0,-10.509562500000001
987,4,426.392696,426.926562,0.5338659999999891,,,hard_brake,mitra_t4,data\raw\mitra\Data_T4\T4_DAll.csv,1494.0,-4.13382
988,1,442.675631,443.443065,0.7674339999999802,,,hard_brake,mitra_t4,data\raw\mitra\Data_T4\T4_DAll.csv,1498.0,-16.7909875
989,2,466.299235,467.300235,1.0009999999999764,,,hard_brake,mitra_t4,data\raw\mitra\Data_T4\T4_DAll.csv,1499.0,-9.68909
990,1,458.9252,459.6259,0.7006999999999834,,,hard_brake,mitra_t4,data\raw\mitra\Data_T4\T4_DAll.csv,1501.0,-5.48756
991,1,466.399335,467.133402,0.7340669999999818,,,hard_brake,mitra_t4,data\raw\mitra\Data_T4\T4_DAll.csv,1502.0,-26.6291875
992,4,452.718999,455.188133,2.469133999999997,,,hard_brake,mitra_t4,data\raw\mitra\Data_T4\T4_DAll.csv,1506.0,-4.96304
993,2,435.301597,435.802097,0.5004999999999882,,,hard_brake,mitra_t4,data\raw\mitra\Data_T4\T4_DAll.csv,1509.0,-5.8636333333333335
994,2,464.997935,466.466068,1.468133000000023,,,hard_brake,mitra_t4,data\raw\mitra\Data_T4\T4_DAll.csv,1509.0,-17.38744444444444
995,2,467.867468,468.801735,0.9342670000000339,,,hard_brake,mitra_t4,data\raw\mitra\Data_T4\T4_DAll.csv,1510.0,-8.187722222222224
996,1,471.170769,471.971569,0.8007999999999811,,,hard_brake,mitra_t4,data\raw\mitra\Data_T4\T4_DAll.csv,1512.0,-14.205025000000001
997,3,441.441065,441.941565,0.500500000000045,,,hard_brake,mitra_t4,data\raw\mitra\Data_T4\T4_DAll.csv,1519.0,-5.047340000000001
998,2,469.569169,470.970569,1.4014000000000237,,,hard_brake,mitra_t4,data\raw\mitra\Data_T4\T4_DAll.csv,1521.0,-13.807146666666666
999,1,475.608536,476.242503,0.6339669999999842,,,hard_brake,mitra_t4,data\raw\mitra\Data_T4\T4_DAll.csv,1522.0,-5.051839999999999
1000,3,434.400697,435.46843,1.0677330000000325,,,hard_brake,mitra_t4,data\raw\mitra\Data_T4\T4_DAll.csv,1524.0,-9.5923
1001,3,472.038302,472.972569,0.9342670000000339,,,hard_brake,mitra_t4,data\raw\mitra\Data_T4\T4_DAll.csv,1526.0,-20.1964625
1002,3,469.035302,469.969569,0.9342669999999771,,,hard_brake,mitra_t4,data\raw\mitra\Data_T4\T4_DAll.csv,1528.0,-19.0236375
1003,7,481.48107,482.749004,1.2679340000000252,,,hard_brake,mitra_t4,data\raw\mitra\Data_T4\T4_DAll.csv,1529.0,-7.63262
1004,4,463.629901,464.230501,0.6005999999999858,,,hard_brake,mitra_t4,data\raw\mitra\Data_T4\T4_DAll.csv,1530.0,-4.27392
1005,3,468.067668,468.801735,0.7340669999999818,,,hard_brake,mitra_t4,data\raw\mitra\Data_T4\T4_DAll.csv,1531.0,-15.311812499999998
1006,4,436.26923,436.869831,0.6006009999999833,,,hard_brake,mitra_t4,data\raw\mitra\Data_T4\T4_DAll.csv,1536.0,-4.246166666666666
1007,2,474.540803,475.808736,1.2679330000000277,,,hard_brake,mitra_t4,data\raw\mitra\Data_T4\T4_DAll.csv,1537.0,-20.900325000000002
1008,2,476.87647,477.810736,0.9342660000000365,,,hard_brake,mitra_t4,data\raw\mitra\Data_T4\T4_DAll.csv,1539.0,-9.003637500000002
1009,3,473.840103,474.807736,0.967632999999978,,,hard_brake,mitra_t4,data\raw\mitra\Data_T4\T4_DAll.csv,1542.0,-5.6054666666666675
1010,1,478.044303,478.811737,0.7674339999999802,,,hard_brake,mitra_t4,data\raw\mitra\Data_T4\T4_DAll.csv,1543.0,-10.836575
1011,2,479.812737,480.646904,0.8341669999999795,,,hard_brake,mitra_t4,data\raw\mitra\Data_T4\T4_DAll.csv,1544.0,-8.004025
1012,3,475.67527,476.142403,0.4671329999999898,,,hard_brake,mitra_t4,data\raw\mitra\Data_T4\T4_DAll.csv,1548.0,-6.090687500000001
1013,3,476.07567,476.97657,0.9008999999999787,,,hard_brake,mitra_t4,data\raw\mitra\Data_T4\T4_DAll.csv,1551.0,-11.2784375
1014,3,448.448066,449.248866,0.8008000000000379,,,hard_brake,mitra_t4,data\raw\mitra\Data_T4\T4_DAll.csv,1552.0,-5.57372
1015,3,476.943203,477.810736,0.8675330000000372,,,hard_brake,mitra_t4,data\raw\mitra\Data_T4\T4_DAll.csv,1552.0,-5.94236
1016,2,460.460067,461.294234,0.8341670000000363,,,hard_brake,mitra_t4,data\raw\mitra\Data_T4\T4_DAll.csv,1554.0,-22.5851375
1017,2,471.771369,472.805736,1.0343670000000316,,,hard_brake,mitra_t4,data\raw\mitra\Data_T4\T4_DAll.csv,1557.0,-13.35085
1018,2,484.016937,485.184771,1.1678340000000276,,,hard_brake,mitra_t4,data\raw\mitra\Data_T4\T4_DAll.csv,1563.0,-11.061546666666667
1019,6,488.855105,489.922838,1.0677330000000325,,,hard_brake,mitra_t4,data\raw\mitra\Data_T4\T4_DAll.csv,1564.0,-15.623299999999999
1020,5,502.63554,503.43634,0.8007999999999811,,,hard_brake,mitra_t4,data\raw\mitra\Data_T4\T4_DAll.csv,1571.0,-7.1808
1021,2,485.852104,486.652904,0.8007999999999811,,,hard_brake,mitra_t4,data\raw\mitra\Data_T4\T4_DAll.csv,1574.0,-14.291850000000002
1022,5,504.270507,505.03794,0.7674329999999827,,,hard_brake,mitra_t4,data\raw\mitra\Data_T4\T4_DAll.csv,1576.0,-5.524526666666666
1023,2,488.020938,488.488071,0.4671329999999898,,,hard_brake,mitra_t4,data\raw\mitra\Data_T4\T4_DAll.csv,1578.0,-4.638475
1024,3,452.251866,453.052666,0.8007999999999811,,,hard_brake,mitra_t4,data\raw\mitra\Data_T4\T4_DAll.csv,1579.0,-5.39782
1025,2,480.713637,482.148404,1.434767000000022,,,hard_brake,mitra_t4,data\raw\mitra\Data_T4\T4_DAll.csv,1579.0,-14.42752
1026,2,492.925839,493.826739,0.9008999999999787,,,hard_brake,mitra_t4,data\raw\mitra\Data_T4\T4_DAll.csv,1582.0,-5.834026666666667
1027,1,491.424338,492.492072,1.06773400000003,,,hard_brake,mitra_t4,data\raw\mitra\Data_T4\T4_DAll.csv,1586.0,-8.671159999999999
1028,2,494.627539,496.162406,1.534866999999963,,,hard_brake,mitra_t4,data\raw\mitra\Data_T4\T4_DAll.csv,1590.0,-14.3249125
1029,1,469.168769,469.969569,0.8007999999999811,,,hard_brake,mitra_t4,data\raw\mitra\Data_T4\T4_DAll.csv,1592.0,-20.941399999999998
1030,3,459.0253,459.492434,0.4671339999999873,,,hard_brake,mitra_t4,data\raw\mitra\Data_T4\T4_DAll.csv,1593.0,-4.226493333333334
1031,2,483.549804,484.150404,0.6005999999999858,,,hard_brake,mitra_t4,data\raw\mitra\Data_T4\T4_DAll.csv,1593.0,-5.2375625
1032,1,493.459705,494.327239,0.8675340000000347,,,hard_brake,mitra_t4,data\raw\mitra\Data_T4\T4_DAll.csv,1594.0,-23.355787499999998
1033,3,491.257505,491.991572,0.7340670000000387,,,hard_brake,mitra_t4,data\raw\mitra\Data_T4\T4_DAll.csv,1597.0,-13.35185
1034,3,486.452704,487.153405,0.7007010000000378,,,hard_brake,mitra_t4,data\raw\mitra\Data_T4\T4_DAll.csv,1605.0,-14.354574999999999
1035,3,488.454705,489.155405,0.7006999999999834,,,hard_brake,mitra_t4,data\raw\mitra\Data_T4\T4_DAll.csv,1606.0,-7.2346
1036,6,513.279508,514.447342,1.1678340000000844,,,hard_brake,mitra_t4,data\raw\mitra\Data_T4\T4_DAll.csv,1608.0,-15.958900000000002
1037,1,472.939202,473.806736,0.8675339999999778,,,hard_brake,mitra_t4,data\raw\mitra\Data_T4\T4_DAll.csv,1610.0,-11.5392625
1038,1,498.231139,499.165406,0.9342670000000339,,,hard_brake,mitra_t4,data\raw\mitra\Data_T4\T4_DAll.csv,1611.0,-17.6861125
1039,3,489.722638,490.323238,0.6005999999999858,,,hard_brake,mitra_t4,data\raw\mitra\Data_T4\T4_DAll.csv,1613.0,-9.7367125
1040,1,501.400973,502.83574,1.4347669999999653,,,hard_brake,mitra_t4,data\raw\mitra\Data_T4\T4_DAll.csv,1616.0,-8.638546666666667
1041,2,497.163406,498.164406,1.0009999999999764,,,hard_brake,mitra_t4,data\raw\mitra\Data_T4\T4_DAll.csv,1618.0,-17.127512499999998
1042,3,493.760005,494.494072,0.7340670000000387,,,hard_brake,mitra_t4,data\raw\mitra\Data_T4\T4_DAll.csv,1622.0,-6.295062499999999
1043,3,498.131039,498.998573,0.8675340000000347,,,hard_brake,mitra_t4,data\raw\mitra\Data_T4\T4_DAll.csv,1634.0,-24.7763875
1044,2,504.403974,505.671907,1.2679329999999709,,,hard_brake,mitra_t4,data\raw\mitra\Data_T4\T4_DAll.csv,1635.0,-9.024366666666667
1045,3,499.398973,500.33324,0.9342669999999771,,,hard_brake,mitra_t4,data\raw\mitra\Data_T4\T4_DAll.csv,1637.0,-20.7155125
1046,3,500.399973,501.167407,0.767434000000037,,,hard_brake,mitra_t4,data\raw\mitra\Data_T4\T4_DAll.csv,1642.0,-18.9505125
1047,3,501.367607,502.03494,0.6673329999999851,,,hard_brake,mitra_t4,data\raw\mitra\Data_T4\T4_DAll.csv,1646.0,-4.925166666666667
1048,3,502.368607,503.169407,0.8007999999999811,,,hard_brake,mitra_t4,data\raw\mitra\Data_T4\T4_DAll.csv,1649.0,-10.192762500000002
1049,1,510.243141,511.544441,1.301300000000026,,,hard_brake,mitra_t4,data\raw\mitra\Data_T4\T4_DAll.csv,1652.0,-10.702206666666665
1050,4,591.090586,591.691186,0.6005999999999858,,,hard_brake,mitra_t4,data\raw\mitra\Data_T4\T4_DAll.csv,1657.0,-9.560475
1051,3,503.770007,504.504074,0.7340669999999818,,,hard_brake,mitra_t4,data\raw\mitra\Data_T4\T4_DAll.csv,1659.0,-16.6789125
1052,2,513.279508,514.180408,0.9009000000000924,,,hard_brake,mitra_t4,data\raw\mitra\Data_T4\T4_DAll.csv,1662.0,-16.40945
1053,1,497.330239,498.164406,0.8341669999999795,,,hard_brake,mitra_t4,data\raw\mitra\Data_T4\T4_DAll.csv,1663.0,-5.366337499999999
1054,4,497.497073,498.197773,0.7006999999999834,,,hard_brake,mitra_t4,data\raw\mitra\Data_T4\T4_DAll.csv,1664.0,-4.5956866666666665
1055,4,595.16132,596.195687,1.0343669999999747,,,hard_brake,mitra_t4,data\raw\mitra\Data_T4\T4_DAll.csv,1664.0,-12.903487499999999
1056,1,513.613175,514.347242,0.7340670000000955,,,hard_brake,mitra_t4,data\raw\mitra\Data_T4\T4_DAll.csv,1665.0,-4.866054545454546
1057,4,498.53144,499.899473,1.3680330000000254,,,hard_brake,mitra_t4,data\raw\mitra\Data_T4\T4_DAll.csv,1666.0,-5.60782
1058,7,545.84538,546.679547,0.8341669999999795,,,hard_brake,mitra_t4,data\raw\mitra\Data_T4\T4_DAll.csv,1666.0,-7.45182
1059,1,516.983209,517.683909,0.7006999999999834,,,hard_brake,mitra_t4,data\raw\mitra\Data_T4\T4_DAll.csv,1669.0,-14.176987500000001
1060,7,534.066945,534.801011,0.7340659999999843,,,hard_brake,mitra_t4,data\raw\mitra\Data_T4\T4_DAll.csv,1670.0,-6.504779999999999
1061,2,514.814375,515.681909,0.8675339999999778,,,hard_brake,mitra_t4,data\raw\mitra\Data_T4\T4_DAll.csv,1673.0,-6.736109999999999
1062,4,498.498073,499.73264,1.2345670000000268,,,hard_brake,mitra_t4,data\raw\mitra\Data_T4\T4_DAll.csv,1675.0,-5.084440000000001
1063,3,505.605174,506.339241,0.7340670000000387,,,hard_brake,mitra_t4,data\raw\mitra\Data_T4\T4_DAll.csv,1676.0,-10.085812500000001
1064,3,513.012575,513.679908,0.6673329999999851,,,hard_brake,mitra_t4,data\raw\mitra\Data_T4\T4_DAll.csv,1679.0,-10.512200000000002
1065,1,517.884109,518.684909,0.8007999999999811,,,hard_brake,mitra_t4,data\raw\mitra\Data_T4\T4_DAll.csv,1680.0,-13.518624999999998
1066,3,507.373607,508.174408,0.8008010000000354,,,hard_brake,mitra_t4,data\raw\mitra\Data_T4\T4_DAll.csv,1682.0,-13.1810625
1067,2,521.68791,523.022576,1.3346659999999702,,,hard_brake,mitra_t4,data\raw\mitra\Data_T4\T4_DAll.csv,1687.0,-12.448946666666668
1068,3,508.808374,509.675908,0.8675339999999778,,,hard_brake,mitra_t4,data\raw\mitra\Data_T4\T4_DAll.csv,1689.0,-43.70088750000001
1069,7,526.39261,527.460344,1.067733999999973,,,hard_brake,mitra_t4,data\raw\mitra\Data_T4\T4_DAll.csv,1690.0,-18.315112499999998
1070,3,510.309875,510.843741,0.5338660000000459,,,hard_brake,mitra_t4,data\raw\mitra\Data_T4\T4_DAll.csv,1694.0,-5.654675
1071,7,527.760644,528.795011,1.0343670000000884,,,hard_brake,mitra_t4,data\raw\mitra\Data_T4\T4_DAll.csv,1696.0,-17.598375
1072,2,520.286509,521.654543,1.368033999999966,,,hard_brake,mitra_t4,data\raw\mitra\Data_T4\T4_DAll.csv,1699.0,-13.188153333333332
1073,3,526.19241,527.026577,0.8341669999999795,,,hard_brake,mitra_t4,data\raw\mitra\Data_T4\T4_DAll.csv,1701.0,-4.836340000000001
1074,3,512.311875,513.012575,0.7006999999999834,,,hard_brake,mitra_t4,data\raw\mitra\Data_T4\T4_DAll.csv,1702.0,-9.662075
1075,3,523.99021,524.857743,0.8675329999999803,,,hard_brake,mitra_t4,data\raw\mitra\Data_T4\T4_DAll.csv,1704.0,-19.716175
1076,2,524.524077,525.358243,0.834165999999982,,,hard_brake,mitra_t4,data\raw\mitra\Data_T4\T4_DAll.csv,1708.0,-20.607799999999997
1077,2,523.356243,524.69091,1.3346670000000813,,,hard_brake,mitra_t4,data\raw\mitra\Data_T4\T4_DAll.csv,1709.0,-12.462080000000002
1078,3,513.813375,514.680909,0.8675340000000915,,,hard_brake,mitra_t4,data\raw\mitra\Data_T4\T4_DAll.csv,1712.0,-18.990125
1079,2,525.424977,526.19241,0.7674329999999827,,,hard_brake,mitra_t4,data\raw\mitra\Data_T4\T4_DAll.csv,1720.0,-12.2349
1080,4,504.570807,505.505074,0.9342669999999771,,,hard_brake,mitra_t4,data\raw\mitra\Data_T4\T4_DAll.csv,1721.0,-4.928766666666666
1081,2,526.659544,527.527077,0.8675329999999803,,,hard_brake,mitra_t4,data\raw\mitra\Data_T4\T4_DAll.csv,1724.0,-20.323537499999997
1082,3,516.682909,517.517076,0.8341669999999795,,,hard_brake,mitra_t4,data\raw\mitra\Data_T4\T4_DAll.csv,1726.0,-27.541212499999997
1083,1,532.465344,533.366245,0.9009010000000899,,,hard_brake,mitra_t4,data\raw\mitra\Data_T4\T4_DAll.csv,1729.0,-7.28607
1084,3,522.121676,522.855743,0.7340669999999818,,,hard_brake,mitra_t4,data\raw\mitra\Data_T4\T4_DAll.csv,1731.0,-7.267475
1085,2,528.561444,529.195411,0.6339669999999842,,,hard_brake,mitra_t4,data\raw\mitra\Data_T4\T4_DAll.csv,1732.0,-5.477074999999999
1086,4,505.938841,506.873107,0.9342659999999796,,,hard_brake,mitra_t4,data\raw\mitra\Data_T4\T4_DAll.csv,1733.0,-4.962540000000001
1087,4,608.541356,609.108589,0.5672330000001011,,,hard_brake,mitra_t4,data\raw\mitra\Data_T4\T4_DAll.csv,1733.0,-4.366253333333333
1088,2,529.395611,530.196411,0.8007999999999811,,,hard_brake,mitra_t4,data\raw\mitra\Data_T4\T4_DAll.csv,1735.0,-12.45945
1089,1,533.533078,534.534078,1.0009999999999764,,,hard_brake,mitra_t4,data\raw\mitra\Data_T4\T4_DAll.csv,1740.0,-14.6739375
1090,2,530.530078,532.031578,1.5014999999999645,,,hard_brake,mitra_t4,data\raw\mitra\Data_T4\T4_DAll.csv,1743.0,-12.389453333333334
1091,4,616.249057,616.883023,0.6339659999999867,,,hard_brake,mitra_t4,data\raw\mitra\Data_T4\T4_DAll.csv,1744.0,-5.498225000000001
1092,3,529.028577,529.862744,0.8341669999999795,,,hard_brake,mitra_t4,data\raw\mitra\Data_T4\T4_DAll.csv,1746.0,-39.2324
1093,1,537.403612,538.871745,1.4681330000000798,,,hard_brake,mitra_t4,data\raw\mitra\Data_T4\T4_DAll.csv,1747.0,-9.98632
1094,3,529.762644,530.363244,0.6005999999999858,,,hard_brake,mitra_t4,data\raw\mitra\Data_T4\T4_DAll.csv,1750.0,-12.654625
1095,2,532.832378,533.699911,0.867533000000094,,,hard_brake,mitra_t4,data\raw\mitra\Data_T4\T4_DAll.csv,1751.0,-7.0960625
1096,10,531.497711,532.231778,0.7340669999999818,,,hard_brake,mitra_t4,data\raw\mitra\Data_T4\T4_DAll.csv,1753.0,-4.208166666666667
1097,4,511.277508,512.111675,0.8341669999999795,,,hard_brake,mitra_t4,data\raw\mitra\Data_T4\T4_DAll.csv,1754.0,-4.460046666666667
1098,1,539.772646,540.706912,0.9342659999999796,,,hard_brake,mitra_t4,data\raw\mitra\Data_T4\T4_DAll.csv,1756.0,-34.257799999999996
1099,3,530.663544,531.697911,1.0343669999999747,,,hard_brake,mitra_t4,data\raw\mitra\Data_T4\T4_DAll.csv,1757.0,-24.203899999999997
1100,3,503.33624,504.704274,1.3680340000000228,,,hard_brake,mitra_t4,data\raw\mitra\Data_T4\T4_DAll.csv,1760.0,-5.527686666666667
1101,2,535.868745,537.370245,1.5014999999999645,,,hard_brake,mitra_t4,data\raw\mitra\Data_T4\T4_DAll.csv,1763.0,-14.2387
1102,1,524.624177,525.358243,0.7340659999999843,,,hard_brake,mitra_t4,data\raw\mitra\Data_T4\T4_DAll.csv,1766.0,-12.249987500000001
1103,1,546.14568,547.54708,1.4014000000000806,,,hard_brake,mitra_t4,data\raw\mitra\Data_T4\T4_DAll.csv,1767.0,-12.944446666666668
1104,3,532.131678,532.865745,0.7340669999999818,,,hard_brake,mitra_t4,data\raw\mitra\Data_T4\T4_DAll.csv,1768.0,-17.0379
1105,1,525.658543,526.359244,0.7007009999999809,,,hard_brake,mitra_t4,data\raw\mitra\Data_T4\T4_DAll.csv,1770.0,-11.952562499999999
1106,1,527.059944,528.027577,0.967632999999978,,,hard_brake,mitra_t4,data\raw\mitra\Data_T4\T4_DAll.csv,1773.0,-6.958362500000001
1107,5,604.437255,605.371522,0.9342669999999771,,,hard_brake,mitra_t4,data\raw\mitra\Data_T4\T4_DAll.csv,1775.0,-10.006850000000002
1108,2,541.440979,542.708913,1.267934000000082,,,hard_brake,mitra_t4,data\raw\mitra\Data_T4\T4_DAll.csv,1777.0,-23.9519625
1109,2,546.24578,547.04658,0.8007999999999811,,,hard_brake,mitra_t4,data\raw\mitra\Data_T4\T4_DAll.csv,1782.0,-17.1986875
1110,3,537.103312,537.870745,0.7674330000000964,,,hard_brake,mitra_t4,data\raw\mitra\Data_T4\T4_DAll.csv,1786.0,-11.135675
1111,2,544.94448,546.379247,1.4347669999999653,,,hard_brake,mitra_t4,data\raw\mitra\Data_T4\T4_DAll.csv,1791.0,-12.775086666666665
1112,3,537.637179,538.538079,0.9009000000000924,,,hard_brake,mitra_t4,data\raw\mitra\Data_T4\T4_DAll.csv,1795.0,-6.666300000000001
1113,1,553.553081,554.387248,0.8341669999999795,,,hard_brake,mitra_t4,data\raw\mitra\Data_T4\T4_DAll.csv,1798.0,-13.200737500000002
1114,5,618.284424,619.051857,0.7674330000000964,,,hard_brake,mitra_t4,data\raw\mitra\Data_T4\T4_DAll.csv,1808.0,-10.1835625
1115,1,535.268145,536.002212,0.7340669999999818,,,hard_brake,mitra_t4,data\raw\mitra\Data_T4\T4_DAll.csv,1812.0,-5.6705266666666665
1116,21,521.88811,522.355243,0.4671329999999898,,,hard_brake,mitra_t4,data\raw\mitra\Data_T4\T4_DAll.csv,1816.0,-5.486133333333333
1117,3,539.505712,540.139679,0.6339669999999842,,,hard_brake,mitra_t4,data\raw\mitra\Data_T4\T4_DAll.csv,1818.0,-5.105513333333334
1118,3,549.64918,550.716914,1.067733999999973,,,hard_brake,mitra_t4,data\raw\mitra\Data_T4\T4_DAll.csv,1819.0,-12.14401111111111
1119,5,619.785924,620.586724,0.8007999999999811,,,hard_brake,mitra_t4,data\raw\mitra\Data_T4\T4_DAll.csv,1820.0,-5.275206666666667
1120,5,622.221691,622.889024,0.6673329999999851,,,hard_brake,mitra_t4,data\raw\mitra\Data_T4\T4_DAll.csv,1824.0,-4.55345
1121,7,576.509351,577.343518,0.8341669999999795,,,hard_brake,mitra_t4,data\raw\mitra\Data_T4\T4_DAll.csv,1825.0,-12.203413333333334
1122,1,560.059582,561.561082,1.5015000000000782,,,hard_brake,mitra_t4,data\raw\mitra\Data_T4\T4_DAll.csv,1826.0,-12.4548625
1123,3,548.714914,549.54908,0.834165999999982,,,hard_brake,mitra_t4,data\raw\mitra\Data_T4\T4_DAll.csv,1827.0,-14.267925000000002
1124,1,540.706912,541.541079,0.8341669999999795,,,hard_brake,mitra_t4,data\raw\mitra\Data_T4\T4_DAll.csv,1828.0,-27.3529125
1125,1,542.642179,543.376246,0.7340669999999818,,,hard_brake,mitra_t4,data\raw\mitra\Data_T4\T4_DAll.csv,1829.0,-14.509325
1126,2,558.291148,559.559082,1.2679339999999684,,,hard_brake,mitra_t4,data\raw\mitra\Data_T4\T4_DAll.csv,1830.0,-15.679166666666667
1127,3,551.717914,552.552081,0.8341670000000931,,,hard_brake,mitra_t4,data\raw\mitra\Data_T4\T4_DAll.csv,1832.0,-16.505375
1128,3,552.518714,553.386248,0.8675339999999778,,,hard_brake,mitra_t4,data\raw\mitra\Data_T4\T4_DAll.csv,1835.0,-18.25255
1129,2,561.394249,562.728916,1.3346670000000813,,,hard_brake,mitra_t4,data\raw\mitra\Data_T4\T4_DAll.csv,1839.0,-15.424373333333333
1130,1,564.897749,566.399249,1.5015000000000782,,,hard_brake,mitra_t4,data\raw\mitra\Data_T4\T4_DAll.csv,1840.0,-22.329525000000004
1131,1,556.255781,557.223415,0.9676340000000891,,,hard_brake,mitra_t4,data\raw\mitra\Data_T4\T4_DAll.csv,1841.0,-19.4348625
1132,5,630.930392,631.564359,0.6339669999999842,,,hard_brake,mitra_t4,data\raw\mitra\Data_T4\T4_DAll.csv,1842.0,-4.4878375
1133,6,582.215052,583.015852,0.8007999999999811,,,hard_brake,mitra_t4,data\raw\mitra\Data_T4\T4_DAll.csv,1844.0,-29.327225
1134,7,580.313151,581.347518,1.0343670000000884,,,hard_brake,mitra_t4,data\raw\mitra\Data_T4\T4_DAll.csv,1845.0,-19.987233333333332
1135,3,554.954481,555.888748,0.9342669999999771,,,hard_brake,mitra_t4,data\raw\mitra\Data_T4\T4_DAll.csv,1846.0,-41.707899999999995
1136,4,679.512266,680.279699,0.7674330000000964,,,hard_brake,mitra_t4,data\raw\mitra\Data_T4\T4_DAll.csv,1848.0,-10.247762499999999
1137,2,562.829016,564.397249,1.5682329999999638,,,hard_brake,mitra_t4,data\raw\mitra\Data_T4\T4_DAll.csv,1849.0,-11.37392
1138,3,562.995849,563.563082,0.5672329999999874,,,hard_brake,mitra_t4,data\raw\mitra\Data_T4\T4_DAll.csv,1854.0,-5.7285375
1139,3,557.390248,558.057582,0.6673339999999826,,,hard_brake,mitra_t4,data\raw\mitra\Data_T4\T4_DAll.csv,1855.0,-11.0553375
1140,1,584.417252,585.585086,1.1678340000000844,,,hard_brake,mitra_t4,data\raw\mitra\Data_T4\T4_DAll.csv,1857.0,-23.8562875
1141,1,573.10595,574.574084,1.4681339999999636,,,hard_brake,mitra_t4,data\raw\mitra\Data_T4\T4_DAll.csv,1858.0,-12.601073333333334
1142,7,581.581085,582.515352,0.9342669999999771,,,hard_brake,mitra_t4,data\raw\mitra\Data_T4\T4_DAll.csv,1860.0,-5.808073333333334
1143,4,685.451533,686.2857,0.8341669999999795,,,hard_brake,mitra_t4,data\raw\mitra\Data_T4\T4_DAll.csv,1861.0,-8.847600000000002
1144,2,575.575084,576.142318,0.5672340000000986,,,hard_brake,mitra_t4,data\raw\mitra\Data_T4\T4_DAll.csv,1866.0,-4.7217666666666664
1145,5,679.045133,679.779199,0.7340659999999843,,,hard_brake,mitra_t4,data\raw\mitra\Data_T4\T4_DAll.csv,1869.0,-8.830762499999999
1146,2,570.036217,570.90375,0.8675329999999803,,,hard_brake,mitra_t4,data\raw\mitra\Data_T4\T4_DAll.csv,1872.0,-40.922374999999995
1147,4,690.056134,690.790201,0.7340669999999818,,,hard_brake,mitra_t4,data\raw\mitra\Data_T4\T4_DAll.csv,1873.0,-11.4605875
1148,2,569.368883,570.269783,0.9008999999999787,,,hard_brake,mitra_t4,data\raw\mitra\Data_T4\T4_DAll.csv,1874.0,-4.931
1149,2,582.181685,583.249419,1.067733999999973,,,hard_brake,mitra_t4,data\raw\mitra\Data_T4\T4_DAll.csv,1874.0,-7.6872125
1150,6,599.365521,600.366521,1.00100000000009,,,hard_brake,mitra_t4,data\raw\mitra\Data_T4\T4_DAll.csv,1875.0,-16.07082857142857
1151,3,565.865383,566.732916,0.867533000000094,,,hard_brake,mitra_t4,data\raw\mitra\Data_T4\T4_DAll.csv,1878.0,-40.3599
1152,4,696.395802,697.129869,0.7340669999999818,,,hard_brake,mitra_t4,data\raw\mitra\Data_T4\T4_DAll.csv,1883.0,-16.29955
1153,4,699.799202,700.633369,0.8341669999999795,,,hard_brake,mitra_t4,data\raw\mitra\Data_T4\T4_DAll.csv,1890.0,-4.811086666666666
1154,2,592.525353,593.092587,0.5672339999999849,,,hard_brake,mitra_t4,data\raw\mitra\Data_T4\T4_DAll.csv,1894.0,-4.7110125
1155,3,573.973484,574.907751,0.9342669999999771,,,hard_brake,mitra_t4,data\raw\mitra\Data_T4\T4_DAll.csv,1895.0,-26.850150000000003
1156,6,544.877746,545.44498,0.5672339999999849,,,hard_brake,mitra_t4,data\raw\mitra\Data_T4\T4_DAll.csv,1896.0,-4.251326666666667
1157,1,596.095587,597.597087,1.5014999999999645,,,hard_brake,mitra_t4,data\raw\mitra\Data_T4\T4_DAll.csv,1897.0,-10.788366666666667
1158,21,552.919114,553.386248,0.4671339999999873,,,hard_brake,mitra_t4,data\raw\mitra\Data_T4\T4_DAll.csv,1898.0,-5.212053333333333
1159,3,577.143318,577.910751,0.7674329999999827,,,hard_brake,mitra_t4,data\raw\mitra\Data_T4\T4_DAll.csv,1900.0,-18.7775125
1160,2,592.95912,594.26042,1.3012999999999693,,,hard_brake,mitra_t4,data\raw\mitra\Data_T4\T4_DAll.csv,1901.0,-20.066137499999996
1161,1,589.422253,590.25642,0.8341670000000931,,,hard_brake,mitra_t4,data\raw\mitra\Data_T4\T4_DAll.csv,1902.0,-31.884887499999998
1162,3,578.110951,579.078585,0.9676339999999755,,,hard_brake,mitra_t4,data\raw\mitra\Data_T4\T4_DAll.csv,1907.0,-10.01301
1163,3,580.413251,581.581085,1.1678340000000844,,,hard_brake,mitra_t4,data\raw\mitra\Data_T4\T4_DAll.csv,1912.0,-16.6456625
1164,3,581.781285,582.415252,0.6339669999999842,,,hard_brake,mitra_t4,data\raw\mitra\Data_T4\T4_DAll.csv,1915.0,-4.364293333333333
1165,1,598.331154,599.265421,0.9342669999999771,,,hard_brake,mitra_t4,data\raw\mitra\Data_T4\T4_DAll.csv,1916.0,-6.405453333333333
1166,5,684.3838,685.117867,0.7340670000000955,,,hard_brake,mitra_t4,data\raw\mitra\Data_T4\T4_DAll.csv,1918.0,-8.7305125
1167,7,602.635455,603.369522,0.7340669999999818,,,hard_brake,mitra_t4,data\raw\mitra\Data_T4\T4_DAll.csv,1920.0,-16.3000125
1168,3,583.015852,584.250419,1.23456699999997,,,hard_brake,mitra_t4,data\raw\mitra\Data_T4\T4_DAll.csv,1921.0,-16.208174999999997
1169,4,703.369436,704.303703,0.9342670000000908,,,hard_brake,mitra_t4,data\raw\mitra\Data_T4\T4_DAll.csv,1923.0,-10.0996875
1170,6,631.831292,632.398526,0.5672339999999849,,,hard_brake,mitra_t4,data\raw\mitra\Data_T4\T4_DAll.csv,1925.0,-9.089162499999999
1171,3,598.397887,599.332154,0.9342669999999771,,,hard_brake,mitra_t4,data\raw\mitra\Data_T4\T4_DAll.csv,1926.0,-5.741653333333334
1172,2,596.629454,597.430254,0.8007999999999811,,,hard_brake,mitra_t4,data\raw\mitra\Data_T4\T4_DAll.csv,1927.0,-38.752425
1173,4,705.871936,706.472537,0.6006009999999833,,,hard_brake,mitra_t4,data\raw\mitra\Data_T4\T4_DAll.csv,1928.0,-5.3579
1174,5,691.190601,691.958034,0.7674329999999827,,,hard_brake,mitra_t4,data\raw\mitra\Data_T4\T4_DAll.csv,1930.0,-13.1526
1175,3,589.255419,590.089586,0.8341670000000931,,,hard_brake,mitra_t4,data\raw\mitra\Data_T4\T4_DAll.csv,1931.0,-39.56925
1176,1,604.270422,605.104588,0.834165999999982,,,hard_brake,mitra_t4,data\raw\mitra\Data_T4\T4_DAll.csv,1935.0,-7.0512999999999995
1177,21,561.494349,562.328516,0.8341669999999795,,,hard_brake,mitra_t4,data\raw\mitra\Data_T4\T4_DAll.csv,1939.0,-5.622066666666667
1178,6,627.360158,628.060858,0.7007000000000971,,,hard_brake,mitra_t4,data\raw\mitra\Data_T4\T4_DAll.csv,1943.0,-5.624362499999999
1179,3,601.434255,602.268421,0.834165999999982,,,hard_brake,mitra_t4,data\raw\mitra\Data_T4\T4_DAll.csv,1948.0,-32.6445875
1180,7,618.251057,619.051857,0.8008000000000948,,,hard_brake,mitra_t4,data\raw\mitra\Data_T4\T4_DAll.csv,1949.0,-13.233512500000002
1181,7,624.690825,625.391525,0.7006999999999834,,,hard_brake,mitra_t4,data\raw\mitra\Data_T4\T4_DAll.csv,1950.0,-12.8400875
1182,3,611.544356,612.445256,0.9008999999999787,,,hard_brake,mitra_t4,data\raw\mitra\Data_T4\T4_DAll.csv,1951.0,-6.494719999999999
1183,7,619.552357,620.386524,0.8341669999999795,,,hard_brake,mitra_t4,data\raw\mitra\Data_T4\T4_DAll.csv,1952.0,-5.864320000000001
1184,4,711.477537,712.144871,0.6673339999999826,,,hard_brake,mitra_t4,data\raw\mitra\Data_T4\T4_DAll.csv,1953.0,-9.813362499999998
1185,3,596.295787,596.929754,0.6339669999999842,,,hard_brake,mitra_t4,data\raw\mitra\Data_T4\T4_DAll.csv,1954.0,-7.615475000000001
1186,2,603.736555,605.271422,1.5348670000000766,,,hard_brake,mitra_t4,data\raw\mitra\Data_T4\T4_DAll.csv,1955.0,-20.81365
1187,3,609.108589,609.942756,0.8341669999999795,,,hard_brake,mitra_t4,data\raw\mitra\Data_T4\T4_DAll.csv,1957.0,-7.006274999999999
1188,7,628.828292,629.395525,0.5672329999999874,,,hard_brake,mitra_t4,data\raw\mitra\Data_T4\T4_DAll.csv,1959.0,-7.1704875
1189,4,566.232416,567.066583,0.8341670000000931,,,hard_brake,mitra_t4,data\raw\mitra\Data_T4\T4_DAll.csv,1960.0,-4.577473333333333
1190,4,714.780838,715.648371,0.8675329999999803,,,hard_brake,mitra_t4,data\raw\mitra\Data_T4\T4_DAll.csv,1960.0,-6.110049999999999
1191,3,606.873022,607.773922,0.9008999999999787,,,hard_brake,mitra_t4,data\raw\mitra\Data_T4\T4_DAll.csv,1964.0,-10.4228625
1192,2,607.073222,607.773922,0.7006999999999834,,,hard_brake,mitra_t4,data\raw\mitra\Data_T4\T4_DAll.csv,1965.0,-11.740075000000001
1193,6,644.277061,645.411528,1.1344669999999724,,,hard_brake,mitra_t4,data\raw\mitra\Data_T4\T4_DAll.csv,1968.0,-7.689986666666667
1194,3,604.937755,605.605088,0.6673329999999851,,,hard_brake,mitra_t4,data\raw\mitra\Data_T4\T4_DAll.csv,1969.0,-8.398425
1195,2,616.182323,616.949757,0.7674339999999802,,,hard_brake,mitra_t4,data\raw\mitra\Data_T4\T4_DAll.csv,1970.0,-24.68155
1196,3,605.838655,606.439255,0.6005999999999858,,,hard_brake,mitra_t4,data\raw\mitra\Data_T4\T4_DAll.csv,1977.0,-12.209325
1197,5,700.232969,700.967036,0.7340669999999818,,,hard_brake,mitra_t4,data\raw\mitra\Data_T4\T4_DAll.csv,1978.0,-6.16645
1198,4,574.140317,575.708551,1.568234000000075,,,hard_brake,mitra_t4,data\raw\mitra\Data_T4\T4_DAll.csv,1979.0,-4.475226666666667
1199,7,629.395525,630.229692,0.8341669999999795,,,hard_brake,mitra_t4,data\raw\mitra\Data_T4\T4_DAll.csv,1980.0,-12.493825
1200,2,617.583724,618.451257,0.867533000000094,,,hard_brake,mitra_t4,data\raw\mitra\Data_T4\T4_DAll.csv,1982.0,-20.57065
1201,3,610.076222,610.943756,0.8675339999999778,,,hard_brake,mitra_t4,data\raw\mitra\Data_T4\T4_DAll.csv,1984.0,-17.479374999999997
1202,4,719.885939,720.486539,0.6005999999999858,,,hard_brake,mitra_t4,data\raw\mitra\Data_T4\T4_DAll.csv,1985.0,-5.7565375
1203,4,721.087139,721.654372,0.5672329999999874,,,hard_brake,mitra_t4,data\raw\mitra\Data_T4\T4_DAll.csv,1987.0,-4.80535
1204,3,607.740555,608.608089,0.8675339999999778,,,hard_brake,mitra_t4,data\raw\mitra\Data_T4\T4_DAll.csv,1988.0,-19.0392375
1205,1,616.749557,617.61709,0.8675329999999803,,,hard_brake,mitra_t4,data\raw\mitra\Data_T4\T4_DAll.csv,1989.0,-8.1950125
1206,1,622.755558,623.956758,1.2012000000000853,,,hard_brake,mitra_t4,data\raw\mitra\Data_T4\T4_DAll.csv,1990.0,-16.35759
1207,4,724.724106,725.658373,0.9342669999999771,,,hard_brake,mitra_t4,data\raw\mitra\Data_T4\T4_DAll.csv,1992.0,-6.377406666666667
1208,5,702.969036,703.636369,0.6673329999999851,,,hard_brake,mitra_t4,data\raw\mitra\Data_T4\T4_DAll.csv,1993.0,-7.0727
1209,3,614.41389,615.281423,0.8675329999999803,,,hard_brake,mitra_t4,data\raw\mitra\Data_T4\T4_DAll.csv,1994.0,-33.5369875
1210,7,623.089224,623.890025,0.8008010000000922,,,hard_brake,mitra_t4,data\raw\mitra\Data_T4\T4_DAll.csv,1998.0,-14.9078625
1211,7,626.459258,627.226692,0.7674339999999802,,,hard_brake,mitra_t4,data\raw\mitra\Data_T4\T4_DAll.csv,2004.0,-12.364237499999998
1212,1,603.669822,604.437255,0.7674330000000964,,,hard_brake,mitra_t4,data\raw\mitra\Data_T4\T4_DAll.csv,2005.0,-14.423725000000001
1213,1,621.120591,622.321791,1.2011999999999716,,,hard_brake,mitra_t4,data\raw\mitra\Data_T4\T4_DAll.csv,2008.0,-12.245193333333333
1214,3,616.682823,617.450257,0.7674339999999802,,,hard_brake,mitra_t4,data\raw\mitra\Data_T4\T4_DAll.csv,2011.0,-19.536775
1215,3,615.448257,616.282423,0.834165999999982,,,hard_brake,mitra_t4,data\raw\mitra\Data_T4\T4_DAll.csv,2012.0,-8.1321375
1216,7,647.546995,648.414528,0.8675329999999803,,,hard_brake,mitra_t4,data\raw\mitra\Data_T4\T4_DAll.csv,2013.0,-7.546124999999999
1217,2,625.157958,625.958758,0.8007999999999811,,,hard_brake,mitra_t4,data\raw\mitra\Data_T4\T4_DAll.csv,2014.0,-14.673099999999998
1218,1,626.459258,627.293425,0.8341669999999795,,,hard_brake,mitra_t4,data\raw\mitra\Data_T4\T4_DAll.csv,2016.0,-15.144425000000002
1219,5,704.43717,705.43817,1.0009999999999764,,,hard_brake,mitra_t4,data\raw\mitra\Data_T4\T4_DAll.csv,2018.0,-5.541399999999999
1220,1,630.563359,631.297426,0.7340669999999818,,,hard_brake,mitra_t4,data\raw\mitra\Data_T4\T4_DAll.csv,2020.0,-6.701949999999999
1221,3,605.238055,606.072222,0.8341669999999795,,,hard_brake,mitra_t4,data\raw\mitra\Data_T4\T4_DAll.csv,2021.0,-9.219413333333332
1222,2,626.158958,626.959758,0.8007999999999811,,,hard_brake,mitra_t4,data\raw\mitra\Data_T4\T4_DAll.csv,2022.0,-9.361525
1223,2,628.427892,629.128592,0.7006999999999834,,,hard_brake,mitra_t4,data\raw\mitra\Data_T4\T4_DAll.csv,2024.0,-9.96175
1224,1,631.764559,632.798926,1.0343670000000884,,,hard_brake,mitra_t4,data\raw\mitra\Data_T4\T4_DAll.csv,2025.0,-14.749975000000001
1225,3,621.454257,622.288424,0.8341669999999795,,,hard_brake,mitra_t4,data\raw\mitra\Data_T4\T4_DAll.csv,2026.0,-15.7644
1226,2,630.363159,631.130592,0.7674329999999827,,,hard_brake,mitra_t4,data\raw\mitra\Data_T4\T4_DAll.csv,2028.0,-13.504925
1227,7,654.420529,655.087862,0.6673329999999851,,,hard_brake,mitra_t4,data\raw\mitra\Data_T4\T4_DAll.csv,2030.0,-12.4191125
1228,3,622.555358,623.289424,0.734066000000098,,,hard_brake,mitra_t4,data\raw\mitra\Data_T4\T4_DAll.csv,2031.0,-8.1718
1229,1,614.747556,615.448257,0.7007009999999809,,,hard_brake,mitra_t4,data\raw\mitra\Data_T4\T4_DAll.csv,2032.0,-8.973275
1230,3,628.027492,628.961759,0.9342669999999771,,,hard_brake,mitra_t4,data\raw\mitra\Data_T4\T4_DAll.csv,2033.0,-47.0492125
1231,7,667.266698,668.434531,1.1678329999999733,,,hard_brake,mitra_t4,data\raw\mitra\Data_T4\T4_DAll.csv,2036.0,-7.583873333333333
1232,3,626.792925,627.460258,0.6673329999999851,,,hard_brake,mitra_t4,data\raw\mitra\Data_T4\T4_DAll.csv,2038.0,-11.5518875
1233,4,729.962673,730.830207,0.8675339999999778,,,hard_brake,mitra_t4,data\raw\mitra\Data_T4\T4_DAll.csv,2040.0,-17.050625
1234,2,599.465621,599.999488,0.5338669999999865,,,hard_brake,mitra_t4,data\raw\mitra\Data_T4\T4_DAll.csv,2041.0,-6.282846666666667
1235,2,632.465259,633.299426,0.8341670000000931,,,hard_brake,mitra_t4,data\raw\mitra\Data_T4\T4_DAll.csv,2041.0,-41.344474999999996
1236,3,633.132593,633.966759,0.834165999999982,,,hard_brake,mitra_t4,data\raw\mitra\Data_T4\T4_DAll.csv,2043.0,-18.6322625
1237,4,731.831207,732.665374,0.8341670000000931,,,hard_brake,mitra_t4,data\raw\mitra\Data_T4\T4_DAll.csv,2044.0,-5.48895
1238,3,627.360158,628.127592,0.7674340000000939,,,hard_brake,mitra_t4,data\raw\mitra\Data_T4\T4_DAll.csv,2045.0,-7.807725
1239,3,626.292425,626.826292,0.5338669999999865,,,hard_brake,mitra_t4,data\raw\mitra\Data_T4\T4_DAll.csv,2047.0,-5.953306666666666
1240,1,637.803927,638.638093,0.834165999999982,,,hard_brake,mitra_t4,data\raw\mitra\Data_T4\T4_DAll.csv,2050.0,-34.910725
1241,1,639.07186,639.97276,0.9008999999999787,,,hard_brake,mitra_t4,data\raw\mitra\Data_T4\T4_DAll.csv,2054.0,-13.1211625
1242,5,708.674737,709.308704,0.6339669999999842,,,hard_brake,mitra_t4,data\raw\mitra\Data_T4\T4_DAll.csv,2055.0,-9.584787500000001
1243,7,649.649095,650.416528,0.7674329999999827,,,hard_brake,mitra_t4,data\raw\mitra\Data_T4\T4_DAll.csv,2056.0,-11.526762500000002
1244,3,630.363159,630.963759,0.6005999999999858,,,hard_brake,mitra_t4,data\raw\mitra\Data_T4\T4_DAll.csv,2059.0,-10.35245
1245,4,712.812204,713.312704,0.5005000000001019,,,hard_brake,mitra_t4,data\raw\mitra\Data_T4\T4_DAll.csv,2061.0,-6.3892875
1246,7,696.262335,697.296702,1.0343669999999747,,,hard_brake,mitra_t4,data\raw\mitra\Data_T4\T4_DAll.csv,2063.0,-7.2745533333333325
1247,1,650.283062,651.517629,1.2345670000000837,,,hard_brake,mitra_t4,data\raw\mitra\Data_T4\T4_DAll.csv,2064.0,-9.559840000000001
1248,1,618.31779,618.784924,0.46713400000010097,,,hard_brake,mitra_t4,data\raw\mitra\Data_T4\T4_DAll.csv,2066.0,-6.5044125
1249,3,604.370522,604.971122,0.6005999999999858,,,hard_brake,mitra_t4,data\raw\mitra\Data_T4\T4_DAll.csv,2067.0,-4.31724
1250,3,632.331792,633.132593,0.8008010000000922,,,hard_brake,mitra_t4,data\raw\mitra\Data_T4\T4_DAll.csv,2067.0,-20.680037499999997
1251,2,640.706827,641.47426,0.7674329999999827,,,hard_brake,mitra_t4,data\raw\mitra\Data_T4\T4_DAll.csv,2071.0,-13.05135
1252,1,619.719191,620.453257,0.7340659999999843,,,hard_brake,mitra_t4,data\raw\mitra\Data_T4\T4_DAll.csv,2072.0,-6.6700875
1253,3,637.703827,638.47126,0.7674329999999827,,,hard_brake,mitra_t4,data\raw\mitra\Data_T4\T4_DAll.csv,2073.0,-19.122
1254,3,633.900026,634.634093,0.7340669999999818,,,hard_brake,mitra_t4,data\raw\mitra\Data_T4\T4_DAll.csv,2074.0,-9.578574999999999
1255,5,716.782838,717.650372,0.8675339999999778,,,hard_brake,mitra_t4,data\raw\mitra\Data_T4\T4_DAll.csv,2075.0,-21.544475
1256,2,642.408527,643.309427,0.9008999999999787,,,hard_brake,mitra_t4,data\raw\mitra\Data_T4\T4_DAll.csv,2077.0,-12.053562500000002
1257,4,742.308342,742.842209,0.5338669999999865,,,hard_brake,mitra_t4,data\raw\mitra\Data_T4\T4_DAll.csv,2079.0,-5.337512499999999
1258,7,699.565636,700.633369,1.0677329999999756,,,hard_brake,mitra_t4,data\raw\mitra\Data_T4\T4_DAll.csv,2080.0,-8.934686666666668
1259,3,636.502626,637.303426,0.8007999999999811,,,hard_brake,mitra_t4,data\raw\mitra\Data_T4\T4_DAll.csv,2081.0,-22.481562500000003
1260,4,743.776475,744.343709,0.5672339999999849,,,hard_brake,mitra_t4,data\raw\mitra\Data_T4\T4_DAll.csv,2083.0,-5.9415125
1261,3,639.47226,640.306427,0.8341669999999795,,,hard_brake,mitra_t4,data\raw\mitra\Data_T4\T4_DAll.csv,2084.0,-21.235025
1262,3,638.504627,639.47226,0.967632999999978,,,hard_brake,mitra_t4,data\raw\mitra\Data_T4\T4_DAll.csv,2086.0,-21.0208
1263,5,722.521906,723.322706,0.8008000000000948,,,hard_brake,mitra_t4,data\raw\mitra\Data_T4\T4_DAll.csv,2087.0,-12.941025000000002
1264,6,682.348433,683.616367,1.2679339999999684,,,hard_brake,mitra_t4,data\raw\mitra\Data_T4\T4_DAll.csv,2089.0,-7.0623733333333325
1265,2,647.046495,648.314428,1.2679329999999709,,,hard_brake,mitra_t4,data\raw\mitra\Data_T4\T4_DAll.csv,2090.0,-15.052480000000001
1266,4,748.948309,749.682376,0.7340669999999818,,,hard_brake,mitra_t4,data\raw\mitra\Data_T4\T4_DAll.csv,2091.0,-10.82425
1267,2,653.653096,654.320429,0.6673329999999851,,,hard_brake,mitra_t4,data\raw\mitra\Data_T4\T4_DAll.csv,2092.0,-9.242175
1268,3,642.642094,643.476261,0.8341669999999795,,,hard_brake,mitra_t4,data\raw\mitra\Data_T4\T4_DAll.csv,2093.0,-16.122049999999998
1269,6,712.244971,712.979038,0.7340669999999818,,,hard_brake,mitra_t4,data\raw\mitra\Data_T4\T4_DAll.csv,2094.0,-12.358462499999998
1270,1,634.901026,635.801926,0.9008999999999787,,,hard_brake,mitra_t4,data\raw\mitra\Data_T4\T4_DAll.csv,2095.0,-5.192713333333333
1271,1,649.181962,649.982762,0.8007999999999811,,,hard_brake,mitra_t4,data\raw\mitra\Data_T4\T4_DAll.csv,2096.0,-14.165725
1272,4,751.617643,752.35171,0.7340669999999818,,,hard_brake,mitra_t4,data\raw\mitra\Data_T4\T4_DAll.csv,2097.0,-6.0506874999999996
1273,4,753.386077,754.520544,1.1344669999999724,,,hard_brake,mitra_t4,data\raw\mitra\Data_T4\T4_DAll.csv,2102.0,-8.3066
1274,3,644.844294,645.645094,0.8007999999999811,,,hard_brake,mitra_t4,data\raw\mitra\Data_T4\T4_DAll.csv,2104.0,-14.290425
1275,1,655.187962,656.155596,0.9676339999999755,,,hard_brake,mitra_t4,data\raw\mitra\Data_T4\T4_DAll.csv,2107.0,-7.576560000000001
1276,4,756.288977,756.856211,0.5672339999999849,,,hard_brake,mitra_t4,data\raw\mitra\Data_T4\T4_DAll.csv,2108.0,-6.7051625
1277,3,647.747195,648.648095,0.9008999999999787,,,hard_brake,mitra_t4,data\raw\mitra\Data_T4\T4_DAll.csv,2109.0,-24.7761375
1278,5,731.831207,732.49854,0.6673330000000988,,,hard_brake,mitra_t4,data\raw\mitra\Data_T4\T4_DAll.csv,2113.0,-5.159087500000001
1279,4,758.524544,759.358711,0.8341669999999795,,,hard_brake,mitra_t4,data\raw\mitra\Data_T4\T4_DAll.csv,2115.0,-7.5880375
1280,3,641.741194,642.942394,1.2012000000000853,,,hard_brake,mitra_t4,data\raw\mitra\Data_T4\T4_DAll.csv,2118.0,-16.184966666666664
1281,3,641.941394,642.441894,0.5005000000001019,,,hard_brake,mitra_t4,data\raw\mitra\Data_T4\T4_DAll.csv,2121.0,-5.034000000000001
1282,6,715.514905,716.315705,0.8007999999999811,,,hard_brake,mitra_t4,data\raw\mitra\Data_T4\T4_DAll.csv,2122.0,-8.994025
1283,3,648.447895,649.482262,1.0343669999999747,,,hard_brake,mitra_t4,data\raw\mitra\Data_T4\T4_DAll.csv,2124.0,-11.001000000000001
1284,5,734.133507,734.834207,0.7006999999999834,,,hard_brake,mitra_t4,data\raw\mitra\Data_T4\T4_DAll.csv,2126.0,-6.3385
1285,3,649.348795,650.316428,0.967632999999978,,,hard_brake,mitra_t4,data\raw\mitra\Data_T4\T4_DAll.csv,2127.0,-6.597393333333334
1286,4,744.844209,745.511542,0.6673329999999851,,,hard_brake,mitra_t4,data\raw\mitra\Data_T4\T4_DAll.csv,2128.0,-6.749112499999999
1287,1,640.840294,641.641094,0.8007999999999811,,,hard_brake,mitra_t4,data\raw\mitra\Data_T4\T4_DAll.csv,2129.0,-15.567475
1288,3,652.285062,653.152595,0.8675329999999803,,,hard_brake,mitra_t4,data\raw\mitra\Data_T4\T4_DAll.csv,2130.0,-15.305362500000001
1289,3,653.052495,653.819929,0.7674339999999802,,,hard_brake,mitra_t4,data\raw\mitra\Data_T4\T4_DAll.csv,2132.0,-22.42875
1290,1,658.62473,659.32543,0.7006999999999834,,,hard_brake,mitra_t4,data\raw\mitra\Data_T4\T4_DAll.csv,2134.0,-7.882225
1291,2,617.550357,618.050857,0.5004999999999882,,,hard_brake,mitra_t4,data\raw\mitra\Data_T4\T4_DAll.csv,2135.0,-5.727693333333334
1292,2,656.956396,658.157596,1.2011999999999716,,,hard_brake,mitra_t4,data\raw\mitra\Data_T4\T4_DAll.csv,2135.0,-19.7453625
1293,1,659.42553,660.32643,0.9008999999999787,,,hard_brake,mitra_t4,data\raw\mitra\Data_T4\T4_DAll.csv,2138.0,-18.995874999999998
1294,2,641.140594,641.97476,0.834165999999982,,,hard_brake,mitra_t4,data\raw\mitra\Data_T4\T4_DAll.csv,2140.0,-6.049300000000001
1295,3,655.154596,656.322429,1.167833000000087,,,hard_brake,mitra_t4,data\raw\mitra\Data_T4\T4_DAll.csv,2141.0,-15.4354625
1296,5,713.446171,714.313704,0.8675329999999803,,,hard_brake,mitra_t4,data\raw\mitra\Data_T4\T4_DAll.csv,2146.0,-6.316175
1297,3,658.92503,659.82593,0.9008999999999787,,,hard_brake,mitra_t4,data\raw\mitra\Data_T4\T4_DAll.csv,2147.0,-41.330549999999995
1298,7,672.571998,673.272698,0.7006999999999834,,,hard_brake,mitra_t4,data\raw\mitra\Data_T4\T4_DAll.csv,2149.0,-10.03225
1299,2,663.896664,664.497264,0.6005999999999858,,,hard_brake,mitra_t4,data\raw\mitra\Data_T4\T4_DAll.csv,2151.0,-4.999
1300,21,648.447895,648.981762,0.5338669999999865,,,hard_brake,mitra_t4,data\raw\mitra\Data_T4\T4_DAll.csv,2152.0,-4.011613333333333
1301,4,764.664012,765.364712,0.7007000000000971,,,hard_brake,mitra_t4,data\raw\mitra\Data_T4\T4_DAll.csv,2153.0,-8.5455625
1302,4,765.865212,766.699379,0.8341669999999795,,,hard_brake,mitra_t4,data\raw\mitra\Data_T4\T4_DAll.csv,2157.0,-7.0543375
1303,3,661.694463,662.495263,0.8007999999999811,,,hard_brake,mitra_t4,data\raw\mitra\Data_T4\T4_DAll.csv,2158.0,-25.617724999999997
1304,5,744.944309,745.845209,0.9008999999999787,,,hard_brake,mitra_t4,data\raw\mitra\Data_T4\T4_DAll.csv,2159.0,-18.507825
1305,7,698.664735,699.465536,0.8008010000000922,,,hard_brake,mitra_t4,data\raw\mitra\Data_T4\T4_DAll.csv,2161.0,-14.551637500000002
1306,4,767.667012,768.701379,1.0343669999999747,,,hard_brake,mitra_t4,data\raw\mitra\Data_T4\T4_DAll.csv,2162.0,-7.561753333333334
1307,5,747.013042,747.680376,0.6673339999999826,,,hard_brake,mitra_t4,data\raw\mitra\Data_T4\T4_DAll.csv,2164.0,-11.904425000000002
1308,3,664.33043,665.164597,0.8341669999999795,,,hard_brake,mitra_t4,data\raw\mitra\Data_T4\T4_DAll.csv,2165.0,-16.246499999999997
1309,6,724.390439,725.157873,0.7674339999999802,,,hard_brake,mitra_t4,data\raw\mitra\Data_T4\T4_DAll.csv,2168.0,-24.5167875
1310,5,749.34871,750.182876,0.834165999999982,,,hard_brake,mitra_t4,data\raw\mitra\Data_T4\T4_DAll.csv,2169.0,-5.941983333333333
1311,2,671.237331,672.672098,1.4347669999999653,,,hard_brake,mitra_t4,data\raw\mitra\Data_T4\T4_DAll.csv,2171.0,-15.345273333333333
1312,2,667.433531,668.167598,0.7340669999999818,,,hard_brake,mitra_t4,data\raw\mitra\Data_T4\T4_DAll.csv,2172.0,-17.1428875
1313,3,665.631731,666.499264,0.867533000000094,,,hard_brake,mitra_t4,data\raw\mitra\Data_T4\T4_DAll.csv,2174.0,-39.7588875
1314,7,723.155872,723.823206,0.6673339999999826,,,hard_brake,mitra_t4,data\raw\mitra\Data_T4\T4_DAll.csv,2175.0,-5.901975
1315,1,655.955396,656.822929,0.867533000000094,,,hard_brake,mitra_t4,data\raw\mitra\Data_T4\T4_DAll.csv,2176.0,-12.005475
1316,3,667.400164,668.501264,1.101099999999974,,,hard_brake,mitra_t4,data\raw\mitra\Data_T4\T4_DAll.csv,2181.0,-14.8213125
1317,5,753.085777,753.686377,0.6005999999999858,,,hard_brake,mitra_t4,data\raw\mitra\Data_T4\T4_DAll.csv,2183.0,-10.752412500000002
1318,5,755.05441,755.85521,0.8008000000000948,,,hard_brake,mitra_t4,data\raw\mitra\Data_T4\T4_DAll.csv,2184.0,-12.754912500000001
1319,2,635.801926,636.402526,0.6005999999999858,,,hard_brake,mitra_t4,data\raw\mitra\Data_T4\T4_DAll.csv,2185.0,-7.109406666666667
1320,1,679.845933,681.347433,1.5015000000000782,,,hard_brake,mitra_t4,data\raw\mitra\Data_T4\T4_DAll.csv,2185.0,-19.851812500000005
1321,1,661.82793,662.662097,0.8341669999999795,,,hard_brake,mitra_t4,data\raw\mitra\Data_T4\T4_DAll.csv,2187.0,-6.544287499999999
1322,1,681.814566,683.349433,1.534866999999963,,,hard_brake,mitra_t4,data\raw\mitra\Data_T4\T4_DAll.csv,2189.0,-14.321779999999999
1323,1,671.270698,671.837932,0.5672339999999849,,,hard_brake,mitra_t4,data\raw\mitra\Data_T4\T4_DAll.csv,2191.0,-8.05575
1324,5,757.590277,758.357711,0.7674339999999802,,,hard_brake,mitra_t4,data\raw\mitra\Data_T4\T4_DAll.csv,2195.0,-6.0640374999999995
1325,7,733.966674,735.334707,1.3680329999999685,,,hard_brake,mitra_t4,data\raw\mitra\Data_T4\T4_DAll.csv,2196.0,-17.382212499999998
1326,3,672.104865,673.005765,0.9008999999999787,,,hard_brake,mitra_t4,data\raw\mitra\Data_T4\T4_DAll.csv,2197.0,-37.7737125
1327,7,749.081776,749.84921,0.7674339999999802,,,hard_brake,mitra_t4,data\raw\mitra\Data_T4\T4_DAll.csv,2200.0,-13.8757375
1328,7,741.707742,742.341708,0.6339659999999867,,,hard_brake,mitra_t4,data\raw\mitra\Data_T4\T4_DAll.csv,2204.0,-6.2291625
1329,2,684.016767,684.850933,0.8341660000000957,,,hard_brake,mitra_t4,data\raw\mitra\Data_T4\T4_DAll.csv,2205.0,-15.288012499999999
1330,2,675.141232,675.841932,0.7007000000000971,,,hard_brake,mitra_t4,data\raw\mitra\Data_T4\T4_DAll.csv,2207.0,-7.7390375
1331,4,775.541547,776.375713,0.834165999999982,,,hard_brake,mitra_t4,data\raw\mitra\Data_T4\T4_DAll.csv,2209.0,-7.2087875
1332,2,684.517267,686.018767,1.5015000000000782,,,hard_brake,mitra_t4,data\raw\mitra\Data_T4\T4_DAll.csv,2210.0,-12.912186666666667
1333,7,739.805841,740.673375,0.8675339999999778,,,hard_brake,mitra_t4,data\raw\mitra\Data_T4\T4_DAll.csv,2211.0,-10.591012500000001
1334,1,686.052134,687.353434,1.3012999999999693,,,hard_brake,mitra_t4,data\raw\mitra\Data_T4\T4_DAll.csv,2213.0,-14.014526666666667
1335,7,703.436169,704.303703,0.8675340000000915,,,hard_brake,mitra_t4,data\raw\mitra\Data_T4\T4_DAll.csv,2214.0,-13.697824999999998
1336,3,676.409166,677.510266,1.101099999999974,,,hard_brake,mitra_t4,data\raw\mitra\Data_T4\T4_DAll.csv,2215.0,-8.15235
1337,4,779.145147,780.046047,0.9009000000000924,,,hard_brake,mitra_t4,data\raw\mitra\Data_T4\T4_DAll.csv,2216.0,-13.023860000000003
1338,3,681.614366,682.6821,1.067733999999973,,,hard_brake,mitra_t4,data\raw\mitra\Data_T4\T4_DAll.csv,2219.0,-11.798777777777778
1339,5,763.829845,765.031045,1.2011999999999716,,,hard_brake,mitra_t4,data\raw\mitra\Data_T4\T4_DAll.csv,2220.0,-13.319075
1340,7,750.04941,750.683376,0.6339659999999867,,,hard_brake,mitra_t4,data\raw\mitra\Data_T4\T4_DAll.csv,2221.0,-4.8137375
1341,3,678.377799,679.178599,0.8007999999999811,,,hard_brake,mitra_t4,data\raw\mitra\Data_T4\T4_DAll.csv,2223.0,-19.038925
1342,2,688.154234,689.021767,0.8675329999999803,,,hard_brake,mitra_t4,data\raw\mitra\Data_T4\T4_DAll.csv,2224.0,-32.603550000000006
1343,7,751.85121,752.685377,0.8341669999999795,,,hard_brake,mitra_t4,data\raw\mitra\Data_T4\T4_DAll.csv,2226.0,-10.507062499999998
1344,3,679.912666,680.846933,0.9342670000000908,,,hard_brake,mitra_t4,data\raw\mitra\Data_T4\T4_DAll.csv,2227.0,-16.587887499999997
1345,7,757.790477,758.858211,1.067733999999973,,,hard_brake,mitra_t4,data\raw\mitra\Data_T4\T4_DAll.csv,2229.0,-7.808493333333333
1346,2,690.189601,691.023768,0.8341669999999795,,,hard_brake,mitra_t4,data\raw\mitra\Data_T4\T4_DAll.csv,2230.0,-25.254599999999996
1347,5,765.464812,766.098779,0.6339669999999842,,,hard_brake,mitra_t4,data\raw\mitra\Data_T4\T4_DAll.csv,2235.0,-4.884659999999999
1348,2,672.438532,673.339432,0.9008999999999787,,,hard_brake,mitra_t4,data\raw\mitra\Data_T4\T4_DAll.csv,2237.0,-8.6998125
1349,2,692.224968,693.192601,0.967632999999978,,,hard_brake,mitra_t4,data\raw\mitra\Data_T4\T4_DAll.csv,2241.0,-34.4778125
1350,3,685.585,686.352434,0.7674339999999802,,,hard_brake,mitra_t4,data\raw\mitra\Data_T4\T4_DAll.csv,2244.0,-17.6678
1351,7,743.909942,744.677375,0.7674329999999827,,,hard_brake,mitra_t4,data\raw\mitra\Data_T4\T4_DAll.csv,2245.0,-21.198937500000003
1352,3,689.188601,689.689101,0.5005000000001019,,,hard_brake,mitra_t4,data\raw\mitra\Data_T4\T4_DAll.csv,2247.0,-9.4768625
1353,3,686.852934,687.6871,0.834165999999982,,,hard_brake,mitra_t4,data\raw\mitra\Data_T4\T4_DAll.csv,2250.0,-17.6276375
1354,6,703.269336,704.13687,0.8675340000000915,,,hard_brake,mitra_t4,data\raw\mitra\Data_T4\T4_DAll.csv,2252.0,-7.575012500000001
1355,5,742.975675,743.676375,0.7006999999999834,,,hard_brake,mitra_t4,data\raw\mitra\Data_T4\T4_DAll.csv,2257.0,-8.4776125
1356,4,788.054048,788.721382,0.6673339999999826,,,hard_brake,mitra_t4,data\raw\mitra\Data_T4\T4_DAll.csv,2258.0,-12.031699999999999
1357,1,694.827568,695.361435,0.5338669999999865,,,hard_brake,mitra_t4,data\raw\mitra\Data_T4\T4_DAll.csv,2259.0,-4.861350000000001
1358,5,772.004679,772.70538,0.7007009999999809,,,hard_brake,mitra_t4,data\raw\mitra\Data_T4\T4_DAll.csv,2262.0,-11.463987499999998
1359,2,704.003403,704.704103,0.7006999999999834,,,hard_brake,mitra_t4,data\raw\mitra\Data_T4\T4_DAll.csv,2264.0,-14.297200000000002
1360,5,787.353348,788.054048,0.7006999999999834,,,hard_brake,mitra_t4,data\raw\mitra\Data_T4\T4_DAll.csv,2266.0,-14.2847875
1361,1,687.4869,688.354434,0.8675339999999778,,,hard_brake,mitra_t4,data\raw\mitra\Data_T4\T4_DAll.csv,2267.0,-5.498
1362,3,692.825568,693.526268,0.7006999999999834,,,hard_brake,mitra_t4,data\raw\mitra\Data_T4\T4_DAll.csv,2268.0,-16.176650000000002
1363,1,707.807203,708.54127,0.7340670000000955,,,hard_brake,mitra_t4,data\raw\mitra\Data_T4\T4_DAll.csv,2269.0,-5.7080375
1364,1,706.305703,707.206603,0.9008999999999787,,,hard_brake,mitra_t4,data\raw\mitra\Data_T4\T4_DAll.csv,2270.0,-8.208875
1365,3,696.062135,696.862935,0.8007999999999811,,,hard_brake,mitra_t4,data\raw\mitra\Data_T4\T4_DAll.csv,2271.0,-15.6167875
1366,6,740.806842,741.674375,0.867533000000094,,,hard_brake,mitra_t4,data\raw\mitra\Data_T4\T4_DAll.csv,2272.0,-30.5891
1367,6,673.606365,674.073499,0.4671339999999873,,,hard_brake,mitra_t4,data\raw\mitra\Data_T4\T4_DAll.csv,2273.0,-4.48392
1368,6,676.876299,677.510266,0.6339669999999842,,,hard_brake,mitra_t4,data\raw\mitra\Data_T4\T4_DAll.csv,2273.0,-6.479633333333333
1369,6,768.668012,769.535546,0.8675339999999778,,,hard_brake,mitra_t4,data\raw\mitra\Data_T4\T4_DAll.csv,2273.0,-23.057125000000003
1370,2,706.572637,707.373437,0.8007999999999811,,,hard_brake,mitra_t4,data\raw\mitra\Data_T4\T4_DAll.csv,2274.0,-15.639012500000002
1371,3,696.462535,697.029769,0.5672339999999849,,,hard_brake,mitra_t4,data\raw\mitra\Data_T4\T4_DAll.csv,2275.0,-4.904606666666666
1372,2,699.732469,700.700102,0.967632999999978,,,hard_brake,mitra_t4,data\raw\mitra\Data_T4\T4_DAll.csv,2277.0,-8.91328888888889
1373,2,701.000402,701.867936,0.8675339999999778,,,hard_brake,mitra_t4,data\raw\mitra\Data_T4\T4_DAll.csv,2278.0,-17.103575
1374,1,716.782838,717.717105,0.9342669999999771,,,hard_brake,mitra_t4,data\raw\mitra\Data_T4\T4_DAll.csv,2279.0,-9.346162500000002
1375,6,750.082776,751.183876,1.1011000000000877,,,hard_brake,mitra_t4,data\raw\mitra\Data_T4\T4_DAll.csv,2280.0,-16.058025
1376,6,728.49454,728.99504,0.5004999999999882,,,hard_brake,mitra_t4,data\raw\mitra\Data_T4\T4_DAll.csv,2281.0,-5.8326125
1377,6,690.056134,690.723468,0.6673339999999826,,,hard_brake,mitra_t4,data\raw\mitra\Data_T4\T4_DAll.csv,2282.0,-7.353413333333334
1378,6,782.214881,783.215881,1.0009999999999764,,,hard_brake,mitra_t4,data\raw\mitra\Data_T4\T4_DAll.csv,2282.0,-6.687886666666667
1379,3,702.969036,703.869936,0.9009000000000924,,,hard_brake,mitra_t4,data\raw\mitra\Data_T4\T4_DAll.csv,2283.0,-19.625449999999997
1380,2,702.535269,703.369436,0.8341669999999795,,,hard_brake,mitra_t4,data\raw\mitra\Data_T4\T4_DAll.csv,2284.0,-14.8694375
1381,4,791.557549,792.058049,0.5004999999999882,,,hard_brake,mitra_t4,data\raw\mitra\Data_T4\T4_DAll.csv,2286.0,-6.302674999999999
1382,2,705.43817,706.205603,0.7674329999999827,,,hard_brake,mitra_t4,data\raw\mitra\Data_T4\T4_DAll.csv,2290.0,-20.233575
1383,1,670.736831,671.237331,0.5004999999999882,,,hard_brake,mitra_t4,data\raw\mitra\Data_T4\T4_DAll.csv,2292.0,-5.0977
1384,2,710.44317,711.711104,1.2679339999999684,,,hard_brake,mitra_t4,data\raw\mitra\Data_T4\T4_DAll.csv,2292.0,-11.868200000000002
1385,7,727.159873,728.160873,1.00100000000009,,,hard_brake,mitra_t4,data\raw\mitra\Data_T4\T4_DAll.csv,2293.0,-8.868725000000001
1386,2,672.438532,673.506265,1.0677329999999756,,,hard_brake,mitra_t4,data\raw\mitra\Data_T4\T4_DAll.csv,2295.0,-14.55814
1387,2,707.44017,708.207603,0.7674329999999827,,,hard_brake,mitra_t4,data\raw\mitra\Data_T4\T4_DAll.csv,2295.0,-19.7605125
1388,1,718.718105,719.552272,0.8341669999999795,,,hard_brake,mitra_t4,data\raw\mitra\Data_T4\T4_DAll.csv,2297.0,-6.992637499999999
1389,4,793.492816,794.393716,0.9009000000000924,,,hard_brake,mitra_t4,data\raw\mitra\Data_T4\T4_DAll.csv,2298.0,-9.583537500000002
1390,3,704.33707,705.03777,0.7006999999999834,,,hard_brake,mitra_t4,data\raw\mitra\Data_T4\T4_DAll.csv,2299.0,-7.7740875
1391,1,720.519905,721.387439,0.8675339999999778,,,hard_brake,mitra_t4,data\raw\mitra\Data_T4\T4_DAll.csv,2300.0,-12.540775
1392,5,783.983315,784.884215,0.9009000000000924,,,hard_brake,mitra_t4,data\raw\mitra\Data_T4\T4_DAll.csv,2301.0,-16.006687499999998
1393,3,707.707103,708.708104,1.0010010000000875,,,hard_brake,mitra_t4,data\raw\mitra\Data_T4\T4_DAll.csv,2302.0,-7.858700000000001
1394,6,797.797117,798.898217,1.1011000000000877,,,hard_brake,mitra_t4,data\raw\mitra\Data_T4\T4_DAll.csv,2303.0,-16.5318
1395,1,721.454172,722.221606,0.7674339999999802,,,hard_brake,mitra_t4,data\raw\mitra\Data_T4\T4_DAll.csv,2305.0,-5.6665125000000005
1396,4,799.999317,800.900217,0.9008999999999787,,,hard_brake,mitra_t4,data\raw\mitra\Data_T4\T4_DAll.csv,2306.0,-7.390762499999999
1397,3,688.654734,689.522267,0.867533000000094,,,hard_brake,mitra_t4,data\raw\mitra\Data_T4\T4_DAll.csv,2307.0,-9.27762
1398,3,691.357434,691.857934,0.5004999999999882,,,hard_brake,mitra_t4,data\raw\mitra\Data_T4\T4_DAll.csv,2307.0,-5.6188666666666665
1399,2,674.640732,675.107865,0.4671329999999898,,,hard_brake,mitra_t4,data\raw\mitra\Data_T4\T4_DAll.csv,2308.0,-5.356260000000001
1400,3,712.378437,713.045771,0.6673339999999826,,,hard_brake,mitra_t4,data\raw\mitra\Data_T4\T4_DAll.csv,2309.0,-8.101524999999999
1401,4,797.26325,798.06405,0.8007999999999811,,,hard_brake,mitra_t4,data\raw\mitra\Data_T4\T4_DAll.csv,2310.0,-6.7458875
1402,3,713.012404,713.879938,0.8675340000000915,,,hard_brake,mitra_t4,data\raw\mitra\Data_T4\T4_DAll.csv,2314.0,-30.66655
1403,2,725.858573,726.559273,0.7006999999999834,,,hard_brake,mitra_t4,data\raw\mitra\Data_T4\T4_DAll.csv,2316.0,-5.5162249999999995
1404,4,801.46745,802.401717,0.9342669999999771,,,hard_brake,mitra_t4,data\raw\mitra\Data_T4\T4_DAll.csv,2317.0,-16.1398875
1405,3,680.446533,681.547633,1.101099999999974,,,hard_brake,mitra_t4,data\raw\mitra\Data_T4\T4_DAll.csv,2319.0,-7.852100000000001
1406,3,713.579638,714.213604,0.6339659999999867,,,hard_brake,mitra_t4,data\raw\mitra\Data_T4\T4_DAll.csv,2319.0,-11.123812500000001
1407,2,719.085138,720.386439,1.3013009999999667,,,hard_brake,mitra_t4,data\raw\mitra\Data_T4\T4_DAll.csv,2320.0,-21.785775
1408,2,724.757473,725.558273,0.8007999999999811,,,hard_brake,mitra_t4,data\raw\mitra\Data_T4\T4_DAll.csv,2321.0,-27.129325
1409,21,706.73947,707.273337,0.5338669999999865,,,hard_brake,mitra_t4,data\raw\mitra\Data_T4\T4_DAll.csv,2323.0,-5.782146666666667
1410,4,803.436084,804.236884,0.8007999999999811,,,hard_brake,mitra_t4,data\raw\mitra\Data_T4\T4_DAll.csv,2325.0,-11.777562500000002
1411,5,789.689015,790.389715,0.7006999999999834,,,hard_brake,mitra_t4,data\raw\mitra\Data_T4\T4_DAll.csv,2326.0,-23.939237499999997
1412,3,715.081138,715.881938,0.8007999999999811,,,hard_brake,mitra_t4,data\raw\mitra\Data_T4\T4_DAll.csv,2327.0,-15.954762500000001
1413,2,723.522906,724.390439,0.8675329999999803,,,hard_brake,mitra_t4,data\raw\mitra\Data_T4\T4_DAll.csv,2328.0,-23.0727625
1414,4,804.570551,805.404718,0.8341669999999795,,,hard_brake,mitra_t4,data\raw\mitra\Data_T4\T4_DAll.csv,2329.0,-12.0676125
1415,2,727.69374,728.527906,0.834165999999982,,,hard_brake,mitra_t4,data\raw\mitra\Data_T4\T4_DAll.csv,2336.0,-4.75142
1416,2,726.69274,727.727106,1.034366000000091,,,hard_brake,mitra_t4,data\raw\mitra\Data_T4\T4_DAll.csv,2337.0,-6.12342
1417,7,801.66765,802.401717,0.7340669999999818,,,hard_brake,mitra_t4,data\raw\mitra\Data_T4\T4_DAll.csv,2338.0,-5.204549999999999
1418,2,727.99404,728.928307,0.9342669999999771,,,hard_brake,mitra_t4,data\raw\mitra\Data_T4\T4_DAll.csv,2340.0,-6.796233333333333
1419,4,810.242885,811.077052,0.8341669999999795,,,hard_brake,mitra_t4,data\raw\mitra\Data_T4\T4_DAll.csv,2341.0,-20.568175000000004
1420,5,798.130783,798.898217,0.7674340000000939,,,hard_brake,mitra_t4,data\raw\mitra\Data_T4\T4_DAll.csv,2343.0,-18.6769
1421,3,721.921305,722.555272,0.6339669999999842,,,hard_brake,mitra_t4,data\raw\mitra\Data_T4\T4_DAll.csv,2344.0,-7.58755
1422,4,811.711019,812.578552,0.8675329999999803,,,hard_brake,mitra_t4,data\raw\mitra\Data_T4\T4_DAll.csv,2346.0,-10.680225
1423,3,723.022406,723.889939,0.8675329999999803,,,hard_brake,mitra_t4,data\raw\mitra\Data_T4\T4_DAll.csv,2347.0,-20.46285
1424,4,814.080052,814.914219,0.8341669999999795,,,hard_brake,mitra_t4,data\raw\mitra\Data_T4\T4_DAll.csv,2350.0,-22.021475
1425,1,744.543909,745.411442,0.8675329999999803,,,hard_brake,mitra_t4,data\raw\mitra\Data_T4\T4_DAll.csv,2351.0,-10.163487499999999
1426,10,706.272337,707.34007,1.0677329999999756,,,hard_brake,mitra_t4,data\raw\mitra\Data_T4\T4_DAll.csv,2353.0,-10.534226666666665
1427,5,806.405718,807.740385,1.3346669999999676,,,hard_brake,mitra_t4,data\raw\mitra\Data_T4\T4_DAll.csv,2356.0,-14.482053333333333
1428,10,707.673737,708.407804,0.7340670000000955,,,hard_brake,mitra_t4,data\raw\mitra\Data_T4\T4_DAll.csv,2358.0,-6.415486666666666
1429,2,732.19824,733.399441,1.201200999999969,,,hard_brake,mitra_t4,data\raw\mitra\Data_T4\T4_DAll.csv,2359.0,-12.46268
1430,3,726.125506,727.059773,0.9342669999999771,,,hard_brake,mitra_t4,data\raw\mitra\Data_T4\T4_DAll.csv,2360.0,-9.610275000000001
1431,4,816.816119,817.750386,0.9342670000000908,,,hard_brake,mitra_t4,data\raw\mitra\Data_T4\T4_DAll.csv,2361.0,-5.3549533333333335
1432,3,727.29334,728.060773,0.7674330000000964,,,hard_brake,mitra_t4,data\raw\mitra\Data_T4\T4_DAll.csv,2363.0,-8.2129125
1433,4,820.61992,821.42072,0.8007999999999811,,,hard_brake,mitra_t4,data\raw\mitra\Data_T4\T4_DAll.csv,2365.0,-16.02085
1434,3,730.363073,731.230607,0.8675339999999778,,,hard_brake,mitra_t4,data\raw\mitra\Data_T4\T4_DAll.csv,2368.0,-23.363675
1435,4,822.32162,823.255887,0.9342669999999771,,,hard_brake,mitra_t4,data\raw\mitra\Data_T4\T4_DAll.csv,2369.0,-20.8473625
1436,1,722.588639,723.222606,0.6339670000000979,,,hard_brake,mitra_t4,data\raw\mitra\Data_T4\T4_DAll.csv,2370.0,-6.1351
1437,3,734.934307,736.035408,1.1011009999999715,,,hard_brake,mitra_t4,data\raw\mitra\Data_T4\T4_DAll.csv,2371.0,-6.77364
1438,5,812.411719,813.079052,0.6673330000000988,,,hard_brake,mitra_t4,data\raw\mitra\Data_T4\T4_DAll.csv,2372.0,-5.514053333333334
1439,1,746.145509,747.580276,1.434767000000079,,,hard_brake,mitra_t4,data\raw\mitra\Data_T4\T4_DAll.csv,2373.0,-21.515925000000003
1440,5,814.714019,815.247886,0.5338669999999865,,,hard_brake,mitra_t4,data\raw\mitra\Data_T4\T4_DAll.csv,2375.0,-6.7709875
1441,3,736.068774,736.902941,0.8341670000000931,,,hard_brake,mitra_t4,data\raw\mitra\Data_T4\T4_DAll.csv,2378.0,-13.982575
1442,3,733.19924,734.066774,0.8675339999999778,,,hard_brake,mitra_t4,data\raw\mitra\Data_T4\T4_DAll.csv,2379.0,-34.027350000000006
1443,6,810.910218,811.744385,0.8341669999999795,,,hard_brake,mitra_t4,data\raw\mitra\Data_T4\T4_DAll.csv,2380.0,-24.368112499999995
1444,3,725.424806,726.258973,0.8341669999999795,,,hard_brake,mitra_t4,data\raw\mitra\Data_T4\T4_DAll.csv,2381.0,-7.86528
1445,1,735.568274,736.902941,1.3346670000000813,,,hard_brake,mitra_t4,data\raw\mitra\Data_T4\T4_DAll.csv,2381.0,-9.063920000000001
1446,2,738.170875,739.071775,0.9008999999999787,,,hard_brake,mitra_t4,data\raw\mitra\Data_T4\T4_DAll.csv,2383.0,-12.126949999999999
1447,1,754.020044,754.920944,0.9008999999999787,,,hard_brake,mitra_t4,data\raw\mitra\Data_T4\T4_DAll.csv,2384.0,-18.7245375
1448,3,737.303341,738.070775,0.7674339999999802,,,hard_brake,mitra_t4,data\raw\mitra\Data_T4\T4_DAll.csv,2385.0,-5.366566666666667
1449,4,824.757387,825.591554,0.8341669999999795,,,hard_brake,mitra_t4,data\raw\mitra\Data_T4\T4_DAll.csv,2386.0,-14.366
1450,5,818.884853,820.41972,1.534866999999963,,,hard_brake,mitra_t4,data\raw\mitra\Data_T4\T4_DAll.csv,2388.0,-14.828775
1451,2,737.236608,738.070775,0.8341669999999795,,,hard_brake,mitra_t4,data\raw\mitra\Data_T4\T4_DAll.csv,2389.0,-18.401025
1452,3,739.572275,740.573275,1.0009999999999764,,,hard_brake,mitra_t4,data\raw\mitra\Data_T4\T4_DAll.csv,2391.0,-19.006787499999998
1453,3,738.104141,738.904941,0.8007999999999811,,,hard_brake,mitra_t4,data\raw\mitra\Data_T4\T4_DAll.csv,2392.0,-8.4698375
1454,7,812.278252,813.079052,0.8008000000000948,,,hard_brake,mitra_t4,data\raw\mitra\Data_T4\T4_DAll.csv,2394.0,-19.989387500000003
1455,1,756.489177,757.757111,1.2679339999999684,,,hard_brake,mitra_t4,data\raw\mitra\Data_T4\T4_DAll.csv,2395.0,-15.628987500000001
1456,7,825.391354,826.425721,1.0343669999999747,,,hard_brake,mitra_t4,data\raw\mitra\Data_T4\T4_DAll.csv,2396.0,-6.909926666666666
1457,5,821.253887,822.42172,1.167833000000087,,,hard_brake,mitra_t4,data\raw\mitra\Data_T4\T4_DAll.csv,2397.0,-16.8387125
1458,3,741.507542,742.241608,0.734066000000098,,,hard_brake,mitra_t4,data\raw\mitra\Data_T4\T4_DAll.csv,2398.0,-8.4220375
1459,4,826.292254,827.093054,0.8008000000000948,,,hard_brake,mitra_t4,data\raw\mitra\Data_T4\T4_DAll.csv,2401.0,-17.133425000000003
1460,2,748.214243,749.081776,0.8675329999999803,,,hard_brake,mitra_t4,data\raw\mitra\Data_T4\T4_DAll.csv,2403.0,-7.8043625
1461,3,742.341708,743.075775,0.7340669999999818,,,hard_brake,mitra_t4,data\raw\mitra\Data_T4\T4_DAll.csv,2405.0,-4.577106666666666
1462,3,743.009042,743.743109,0.7340669999999818,,,hard_brake,mitra_t4,data\raw\mitra\Data_T4\T4_DAll.csv,2406.0,-13.137375
1463,4,828.627921,829.428721,0.8007999999999811,,,hard_brake,mitra_t4,data\raw\mitra\Data_T4\T4_DAll.csv,2407.0,-9.2148125
1464,2,753.219243,754.086777,0.8675339999999778,,,hard_brake,mitra_t4,data\raw\mitra\Data_T4\T4_DAll.csv,2408.0,-32.960225
1465,0,750.182876,750.916943,0.7340669999999818,,,hard_brake,mitra_t4,data\raw\mitra\Data_T4\T4_DAll.csv,2409.0,-5.504899999999999
1466,2,749.682376,750.416443,0.7340669999999818,,,hard_brake,mitra_t4,data\raw\mitra\Data_T4\T4_DAll.csv,2410.0,-14.131050000000002
1467,2,743.743109,744.410442,0.6673329999999851,,,hard_brake,mitra_t4,data\raw\mitra\Data_T4\T4_DAll.csv,2412.0,-5.599049999999999
1468,3,750.116143,750.916943,0.8007999999999811,,,hard_brake,mitra_t4,data\raw\mitra\Data_T4\T4_DAll.csv,2413.0,-20.084837499999995
1469,5,823.255887,823.92322,0.6673329999999851,,,hard_brake,mitra_t4,data\raw\mitra\Data_T4\T4_DAll.csv,2415.0,-12.0428375
1470,7,814.947586,815.748386,0.8007999999999811,,,hard_brake,mitra_t4,data\raw\mitra\Data_T4\T4_DAll.csv,2416.0,-7.0325625
1471,4,829.528821,830.429721,0.9008999999999787,,,hard_brake,mitra_t4,data\raw\mitra\Data_T4\T4_DAll.csv,2417.0,-24.9919
1472,3,754.220244,755.087777,0.8675329999999803,,,hard_brake,mitra_t4,data\raw\mitra\Data_T4\T4_DAll.csv,2419.0,-24.999312500000002
1473,3,748.948309,749.415443,0.4671339999999873,,,hard_brake,mitra_t4,data\raw\mitra\Data_T4\T4_DAll.csv,2420.0,-4.819650000000001
1474,3,757.289977,758.090777,0.8007999999999811,,,hard_brake,mitra_t4,data\raw\mitra\Data_T4\T4_DAll.csv,2424.0,-7.5473625
1475,2,759.058411,759.925944,0.8675329999999803,,,hard_brake,mitra_t4,data\raw\mitra\Data_T4\T4_DAll.csv,2426.0,-22.621212500000002
1476,3,758.991678,759.759111,0.7674329999999827,,,hard_brake,mitra_t4,data\raw\mitra\Data_T4\T4_DAll.csv,2427.0,-8.819374999999999
1477,7,834.934222,835.935222,1.0009999999999764,,,hard_brake,mitra_t4,data\raw\mitra\Data_T4\T4_DAll.csv,2428.0,-7.837819999999999
1478,3,755.121144,755.75511,0.6339659999999867,,,hard_brake,mitra_t4,data\raw\mitra\Data_T4\T4_DAll.csv,2430.0,-4.713006666666668
1479,7,840.473089,841.27389,0.8008010000000922,,,hard_brake,mitra_t4,data\raw\mitra\Data_T4\T4_DAll.csv,2436.0,-10.483724999999998
1480,1,768.267612,769.101779,0.8341669999999795,,,hard_brake,mitra_t4,data\raw\mitra\Data_T4\T4_DAll.csv,2439.0,-12.850099999999998
1481,7,815.781753,816.749386,0.967632999999978,,,hard_brake,mitra_t4,data\raw\mitra\Data_T4\T4_DAll.csv,2441.0,-13.231912499999998
1482,2,769.835846,770.436446,0.6006000000000995,,,hard_brake,mitra_t4,data\raw\mitra\Data_T4\T4_DAll.csv,2442.0,-11.3831375
1483,5,791.857849,792.558549,0.7006999999999834,,,hard_brake,mitra_t4,data\raw\mitra\Data_T4\T4_DAll.csv,2444.0,-16.7180125
1484,4,834.600555,835.601555,1.0009999999999764,,,hard_brake,mitra_t4,data\raw\mitra\Data_T4\T4_DAll.csv,2447.0,-8.692646666666667
1485,2,767.900579,769.268612,1.3680329999999685,,,hard_brake,mitra_t4,data\raw\mitra\Data_T4\T4_DAll.csv,2450.0,-13.335087500000002
1486,3,763.229245,764.263612,1.0343669999999747,,,hard_brake,mitra_t4,data\raw\mitra\Data_T4\T4_DAll.csv,2451.0,-18.2805375
1487,7,788.254249,789.055049,0.8008000000000948,,,hard_brake,mitra_t4,data\raw\mitra\Data_T4\T4_DAll.csv,2452.0,-7.5635875
1488,4,836.769389,837.603556,0.8341669999999795,,,hard_brake,mitra_t4,data\raw\mitra\Data_T4\T4_DAll.csv,2453.0,-12.881537499999999
1489,1,774.40708,775.60828,1.2012000000000853,,,hard_brake,mitra_t4,data\raw\mitra\Data_T4\T4_DAll.csv,2455.0,-13.830273333333333
1490,1,769.335346,770.102779,0.7674330000000964,,,hard_brake,mitra_t4,data\raw\mitra\Data_T4\T4_DAll.csv,2457.0,-8.8820375
1491,5,831.230521,831.931222,0.7007010000000946,,,hard_brake,mitra_t4,data\raw\mitra\Data_T4\T4_DAll.csv,2459.0,-11.3335125
1492,7,823.32262,824.090054,0.7674339999999802,,,hard_brake,mitra_t4,data\raw\mitra\Data_T4\T4_DAll.csv,2460.0,-13.25465
1493,3,768.567912,769.435446,0.8675339999999778,,,hard_brake,mitra_t4,data\raw\mitra\Data_T4\T4_DAll.csv,2463.0,-22.3768625
1494,3,770.569913,771.103779,0.5338659999999891,,,hard_brake,mitra_t4,data\raw\mitra\Data_T4\T4_DAll.csv,2466.0,-7.310287499999999
1495,4,831.430721,832.264888,0.8341670000000931,,,hard_brake,mitra_t4,data\raw\mitra\Data_T4\T4_DAll.csv,2467.0,-4.836613333333333
1496,3,766.599279,767.600279,1.0009999999999764,,,hard_brake,mitra_t4,data\raw\mitra\Data_T4\T4_DAll.csv,2470.0,-14.727737499999998
1497,1,778.978314,779.779114,0.8008000000000948,,,hard_brake,mitra_t4,data\raw\mitra\Data_T4\T4_DAll.csv,2471.0,-12.3461875
1498,1,781.547548,782.448448,0.9008999999999787,,,hard_brake,mitra_t4,data\raw\mitra\Data_T4\T4_DAll.csv,2474.0,-31.8464
1499,5,840.473089,841.27389,0.8008010000000922,,,hard_brake,mitra_t4,data\raw\mitra\Data_T4\T4_DAll.csv,2475.0,-14.9445
1500,7,831.731022,832.431722,0.7006999999999834,,,hard_brake,mitra_t4,data\raw\mitra\Data_T4\T4_DAll.csv,2477.0,-12.155262500000001
1501,5,824.857487,825.424721,0.5672339999999849,,,hard_brake,mitra_t4,data\raw\mitra\Data_T4\T4_DAll.csv,2478.0,-6.0740625
1502,3,772.271613,773.10578,0.8341669999999795,,,hard_brake,mitra_t4,data\raw\mitra\Data_T4\T4_DAll.csv,2480.0,-17.06275
1503,2,765.898579,766.766112,0.8675329999999803,,,hard_brake,mitra_t4,data\raw\mitra\Data_T4\T4_DAll.csv,2482.0,-8.6816625
1504,3,774.473813,775.441447,0.9676340000000891,,,hard_brake,mitra_t4,data\raw\mitra\Data_T4\T4_DAll.csv,2484.0,-18.6274875
1505,4,842.97559,843.442723,0.4671329999999898,,,hard_brake,mitra_t4,data\raw\mitra\Data_T4\T4_DAll.csv,2485.0,-4.748199999999999
1506,3,775.741747,776.442447,0.7006999999999834,,,hard_brake,mitra_t4,data\raw\mitra\Data_T4\T4_DAll.csv,2486.0,-7.523987499999999
1507,7,839.105056,839.939223,0.8341669999999795,,,hard_brake,mitra_t4,data\raw\mitra\Data_T4\T4_DAll.csv,2487.0,-12.0124875
1508,2,785.851848,786.619282,0.7674339999999802,,,hard_brake,mitra_t4,data\raw\mitra\Data_T4\T4_DAll.csv,2491.0,-16.9205125
1509,3,776.90958,777.61028,0.7006999999999834,,,hard_brake,mitra_t4,data\raw\mitra\Data_T4\T4_DAll.csv,2494.0,-14.423237500000003
1510,3,782.281614,782.948948,0.6673339999999826,,,hard_brake,mitra_t4,data\raw\mitra\Data_T4\T4_DAll.csv,2497.0,-11.642462500000002
1511,1,788.954949,790.456449,1.5014999999999645,,,hard_brake,mitra_t4,data\raw\mitra\Data_T4\T4_DAll.csv,2498.0,-21.9323125
1512,2,780.279614,781.781114,1.5014999999999645,,,hard_brake,mitra_t4,data\raw\mitra\Data_T4\T4_DAll.csv,2499.0,-20.94145
1513,2,783.582915,784.450448,0.867533000000094,,,hard_brake,mitra_t4,data\raw\mitra\Data_T4\T4_DAll.csv,2500.0,-13.7428125
1514,1,791.290616,792.291616,1.0009999999999764,,,hard_brake,mitra_t4,data\raw\mitra\Data_T4\T4_DAll.csv,2501.0,-10.098166666666666
1515,6,842.141423,842.708656,0.5672329999999874,,,hard_brake,mitra_t4,data\raw\mitra\Data_T4\T4_DAll.csv,2502.0,-4.646280000000001
1516,3,783.582915,784.617281,1.034366000000091,,,hard_brake,mitra_t4,data\raw\mitra\Data_T4\T4_DAll.csv,2503.0,-7.038426666666666
1517,5,839.872489,840.606556,0.7340669999999818,,,hard_brake,mitra_t4,data\raw\mitra\Data_T4\T4_DAll.csv,2504.0,-13.86185
1518,3,784.817481,785.618281,0.8007999999999811,,,hard_brake,mitra_t4,data\raw\mitra\Data_T4\T4_DAll.csv,2506.0,-7.068150000000001
1519,2,770.469813,771.604279,1.1344659999999749,,,hard_brake,mitra_t4,data\raw\mitra\Data_T4\T4_DAll.csv,2507.0,-7.71932
1520,3,785.418081,786.452448,1.0343669999999747,,,hard_brake,mitra_t4,data\raw\mitra\Data_T4\T4_DAll.csv,2508.0,-13.62735
1521,3,786.552548,787.453448,0.9008999999999787,,,hard_brake,mitra_t4,data\raw\mitra\Data_T4\T4_DAll.csv,2510.0,-12.389575
1522,3,771.437446,772.104779,0.6673329999999851,,,hard_brake,mitra_t4,data\raw\mitra\Data_T4\T4_DAll.csv,2511.0,-8.8657625
1523,6,844.77739,845.611557,0.8341669999999795,,,hard_brake,mitra_t4,data\raw\mitra\Data_T4\T4_DAll.csv,2512.0,-25.336312500000002
1524,2,791.857849,792.792116,0.9342669999999771,,,hard_brake,mitra_t4,data\raw\mitra\Data_T4\T4_DAll.csv,2513.0,-18.0826
1525,2,764.263612,765.197878,0.9342659999999796,,,hard_brake,mitra_t4,data\raw\mitra\Data_T4\T4_DAll.csv,2515.0,-10.888646666666666
1526,1,792.958949,793.793116,0.8341670000000931,,,hard_brake,mitra_t4,data\raw\mitra\Data_T4\T4_DAll.csv,2518.0,-24.646500000000003
1527,3,787.853848,788.421082,0.5672339999999849,,,hard_brake,mitra_t4,data\raw\mitra\Data_T4\T4_DAll.csv,2519.0,-4.633286666666667
1528,2,794.393716,795.294616,0.9008999999999787,,,hard_brake,mitra_t4,data\raw\mitra\Data_T4\T4_DAll.csv,2520.0,-6.725106666666666
1529,1,795.394716,795.96195,0.5672339999999849,,,hard_brake,mitra_t4,data\raw\mitra\Data_T4\T4_DAll.csv,2521.0,-6.5169749999999995
1530,1,795.86185,796.796116,0.9342659999999796,,,hard_brake,mitra_t4,data\raw\mitra\Data_T4\T4_DAll.csv,2522.0,-7.542533333333334
1531,3,790.056049,790.956949,0.9008999999999787,,,hard_brake,mitra_t4,data\raw\mitra\Data_T4\T4_DAll.csv,2523.0,-29.634675
1532,5,809.442085,810.242885,0.8007999999999811,,,hard_brake,mitra_t4,data\raw\mitra\Data_T4\T4_DAll.csv,2525.0,-4.8235133333333335
1533,3,791.457449,792.291616,0.8341669999999795,,,hard_brake,mitra_t4,data\raw\mitra\Data_T4\T4_DAll.csv,2526.0,-12.997325
1534,1,800.76675,801.634284,0.8675339999999778,,,hard_brake,mitra_t4,data\raw\mitra\Data_T4\T4_DAll.csv,2528.0,-25.2218625
1535,4,843.843123,844.443723,0.6005999999999858,,,hard_brake,mitra_t4,data\raw\mitra\Data_T4\T4_DAll.csv,2529.0,-4.97848
1536,5,810.376352,811.077052,0.7006999999999834,,,hard_brake,mitra_t4,data\raw\mitra\Data_T4\T4_DAll.csv,2530.0,-14.19815
1537,2,798.16415,799.298617,1.134467000000086,,,hard_brake,mitra_t4,data\raw\mitra\Data_T4\T4_DAll.csv,2532.0,-12.395333333333333
1538,1,803.169151,804.470451,1.3012999999999693,,,hard_brake,mitra_t4,data\raw\mitra\Data_T4\T4_DAll.csv,2534.0,-19.6764875
1539,3,792.758749,793.626283,0.8675339999999778,,,hard_brake,mitra_t4,data\raw\mitra\Data_T4\T4_DAll.csv,2535.0,-13.472475000000001
1540,2,799.799117,800.633284,0.8341669999999795,,,hard_brake,mitra_t4,data\raw\mitra\Data_T4\T4_DAll.csv,2537.0,-23.899312499999997
1541,6,850.249524,851.784391,1.5348670000000766,,,hard_brake,mitra_t4,data\raw\mitra\Data_T4\T4_DAll.csv,2538.0,-8.629774999999999
1542,3,795.327983,796.128783,0.8007999999999811,,,hard_brake,mitra_t4,data\raw\mitra\Data_T4\T4_DAll.csv,2539.0,-18.5881625
1543,1,805.037684,805.805118,0.7674339999999802,,,hard_brake,mitra_t4,data\raw\mitra\Data_T4\T4_DAll.csv,2541.0,-11.193675000000002
1544,5,845.544824,846.445724,0.9009000000000924,,,hard_brake,mitra_t4,data\raw\mitra\Data_T4\T4_DAll.csv,2542.0,-5.875206666666667
1545,2,756.989677,757.690377,0.7006999999999834,,,hard_brake,mitra_t4,data\raw\mitra\Data_T4\T4_DAll.csv,2543.0,-8.497293333333333
1546,5,852.251525,853.686291,1.4347659999999678,,,hard_brake,mitra_t4,data\raw\mitra\Data_T4\T4_DAll.csv,2544.0,-14.104479999999999
1547,21,770.936946,771.437446,0.5004999999999882,,,hard_brake,mitra_t4,data\raw\mitra\Data_T4\T4_DAll.csv,2546.0,-4.97862
1548,3,796.896216,797.797117,0.9009009999999762,,,hard_brake,mitra_t4,data\raw\mitra\Data_T4\T4_DAll.csv,2547.0,-21.180212500000003
1549,3,768.401079,769.301979,0.9008999999999787,,,hard_brake,mitra_t4,data\raw\mitra\Data_T4\T4_DAll.csv,2548.0,-9.507573333333333
1550,3,774.573913,775.10778,0.5338670000001002,,,hard_brake,mitra_t4,data\raw\mitra\Data_T4\T4_DAll.csv,2548.0,-5.453073333333333
1551,3,799.76575,800.399717,0.6339669999999842,,,hard_brake,mitra_t4,data\raw\mitra\Data_T4\T4_DAll.csv,2548.0,-4.931473333333334
1552,3,759.058411,759.625644,0.5672329999999874,,,hard_brake,mitra_t4,data\raw\mitra\Data_T4\T4_DAll.csv,2549.0,-4.40322
1553,0,763.629645,764.363712,0.7340669999999818,,,hard_brake,mitra_t4,data\raw\mitra\Data_T4\T4_DAll.csv,2550.0,-5.084973333333334
1554,0,768.367712,769.068412,0.7006999999999834,,,hard_brake,mitra_t4,data\raw\mitra\Data_T4\T4_DAll.csv,2550.0,-4.47602
1555,7,814.580552,815.247886,0.6673339999999826,,,hard_brake,mitra_t4,data\raw\mitra\Data_T4\T4_DAll.csv,2551.0,-5.655750000000001
1556,4,845.07769,846.112057,1.0343670000000884,,,hard_brake,mitra_t4,data\raw\mitra\Data_T4\T4_DAll.csv,2553.0,-15.1541125
1557,3,756.522544,757.156511,0.6339669999999842,,,hard_brake,mitra_t4,data\raw\mitra\Data_T4\T4_DAll.csv,2554.0,-4.744293333333334
1558,3,759.191878,759.759111,0.5672329999999874,,,hard_brake,mitra_t4,data\raw\mitra\Data_T4\T4_DAll.csv,2554.0,-5.13694
1559,1,811.510819,812.144785,0.6339659999999867,,,hard_brake,mitra_t4,data\raw\mitra\Data_T4\T4_DAll.csv,2557.0,-5.90475
1560,7,851.183791,852.118058,0.9342669999999771,,,hard_brake,mitra_t4,data\raw\mitra\Data_T4\T4_DAll.csv,2560.0,-11.397075
1561,1,814.847486,815.815119,0.967632999999978,,,hard_brake,mitra_t4,data\raw\mitra\Data_T4\T4_DAll.csv,2561.0,-20.040487499999998
1562,3,800.76675,801.967951,1.201200999999969,,,hard_brake,mitra_t4,data\raw\mitra\Data_T4\T4_DAll.csv,2562.0,-11.068237499999999
1563,3,803.602917,804.637284,1.0343669999999747,,,hard_brake,mitra_t4,data\raw\mitra\Data_T4\T4_DAll.csv,2566.0,-7.137586666666666
1564,7,861.427359,862.294893,0.8675339999999778,,,hard_brake,mitra_t4,data\raw\mitra\Data_T4\T4_DAll.csv,2567.0,-20.314112499999997
1565,5,815.448086,816.248886,0.8007999999999811,,,hard_brake,mitra_t4,data\raw\mitra\Data_T4\T4_DAll.csv,2568.0,-15.6762875
1566,2,806.205518,807.306618,1.101099999999974,,,hard_brake,mitra_t4,data\raw\mitra\Data_T4\T4_DAll.csv,2569.0,-14.4343375
1567,5,855.554825,857.123059,1.5682339999999613,,,hard_brake,mitra_t4,data\raw\mitra\Data_T4\T4_DAll.csv,2570.0,-13.579724999999998
1568,4,848.881491,849.782391,0.9008999999999787,,,hard_brake,mitra_t4,data\raw\mitra\Data_T4\T4_DAll.csv,2571.0,-17.9550125
1569,7,827.860488,828.761388,0.9008999999999787,,,hard_brake,mitra_t4,data\raw\mitra\Data_T4\T4_DAll.csv,2573.0,-27.4785625
1570,1,816.549186,817.316619,0.7674329999999827,,,hard_brake,mitra_t4,data\raw\mitra\Data_T4\T4_DAll.csv,2574.0,-25.9207125
1571,1,817.983953,818.81812,0.8341669999999795,,,hard_brake,mitra_t4,data\raw\mitra\Data_T4\T4_DAll.csv,2578.0,-18.7464125
1572,21,817.81712,818.51782,0.7006999999999834,,,hard_brake,mitra_t4,data\raw\mitra\Data_T4\T4_DAll.csv,2580.0,-5.251313333333333
1573,4,849.949224,850.783391,0.8341670000000931,,,hard_brake,mitra_t4,data\raw\mitra\Data_T4\T4_DAll.csv,2581.0,-14.9456
1574,7,829.428721,830.262888,0.8341669999999795,,,hard_brake,mitra_t4,data\raw\mitra\Data_T4\T4_DAll.csv,2582.0,-17.7229125
1575,1,819.185153,819.985953,0.8007999999999811,,,hard_brake,mitra_t4,data\raw\mitra\Data_T4\T4_DAll.csv,2583.0,-22.836575
1576,2,814.947586,815.648286,0.7006999999999834,,,hard_brake,mitra_t4,data\raw\mitra\Data_T4\T4_DAll.csv,2584.0,-12.302549999999998
1577,2,768.334346,768.834846,0.5004999999999882,,,hard_brake,mitra_t4,data\raw\mitra\Data_T4\T4_DAll.csv,2586.0,-5.638353333333333
1578,2,809.975952,811.210519,1.23456699999997,,,hard_brake,mitra_t4,data\raw\mitra\Data_T4\T4_DAll.csv,2586.0,-14.294353333333333
1579,3,806.439085,807.139785,0.7006999999999834,,,hard_brake,mitra_t4,data\raw\mitra\Data_T4\T4_DAll.csv,2587.0,-10.6753375
1580,5,860.159426,860.960226,0.8007999999999811,,,hard_brake,mitra_t4,data\raw\mitra\Data_T4\T4_DAll.csv,2588.0,-15.280800000000001
1581,2,811.744385,812.645285,0.9008999999999787,,,hard_brake,mitra_t4,data\raw\mitra\Data_T4\T4_DAll.csv,2589.0,-17.3913625
1582,6,861.961226,863.129059,1.1678329999999733,,,hard_brake,mitra_t4,data\raw\mitra\Data_T4\T4_DAll.csv,2590.0,-7.196079999999999
1583,4,850.750024,851.951224,1.2011999999999716,,,hard_brake,mitra_t4,data\raw\mitra\Data_T4\T4_DAll.csv,2591.0,-7.456453333333333
1584,7,799.298617,799.832484,0.5338669999999865,,,hard_brake,mitra_t4,data\raw\mitra\Data_T4\T4_DAll.csv,2592.0,-4.732713333333334
1585,6,822.755387,823.389354,0.6339669999999842,,,hard_brake,mitra_t4,data\raw\mitra\Data_T4\T4_DAll.csv,2592.0,-11.224400000000001
1586,5,863.462726,864.296893,0.8341669999999795,,,hard_brake,mitra_t4,data\raw\mitra\Data_T4\T4_DAll.csv,2594.0,-13.502875000000001
1587,7,864.263526,865.63156,1.3680340000000797,,,hard_brake,mitra_t4,data\raw\mitra\Data_T4\T4_DAll.csv,2595.0,-11.891875
1588,2,813.746386,815.214519,1.4681329999999662,,,hard_brake,mitra_t4,data\raw\mitra\Data_T4\T4_DAll.csv,2596.0,-15.875940000000002
1589,5,864.063326,864.53046,0.4671339999999873,,,hard_brake,mitra_t4,data\raw\mitra\Data_T4\T4_DAll.csv,2597.0,-4.49504
1590,4,852.685291,853.953225,1.2679339999999684,,,hard_brake,mitra_t4,data\raw\mitra\Data_T4\T4_DAll.csv,2598.0,-8.147773333333333
1591,3,808.441085,809.141785,0.7006999999999834,,,hard_brake,mitra_t4,data\raw\mitra\Data_T4\T4_DAll.csv,2599.0,-10.556825000000002
1592,1,820.286253,821.153787,0.8675339999999778,,,hard_brake,mitra_t4,data\raw\mitra\Data_T4\T4_DAll.csv,2602.0,-37.664387500000004
1593,4,855.387992,856.288892,0.9008999999999787,,,hard_brake,mitra_t4,data\raw\mitra\Data_T4\T4_DAll.csv,2603.0,-31.534675
1594,1,808.708018,809.341985,0.6339669999999842,,,hard_brake,mitra_t4,data\raw\mitra\Data_T4\T4_DAll.csv,2605.0,-4.86688
1595,2,817.016319,818.484453,1.4681340000000773,,,hard_brake,mitra_t4,data\raw\mitra\Data_T4\T4_DAll.csv,2606.0,-16.5969375
1596,5,869.268527,870.13606,0.867533000000094,,,hard_brake,mitra_t4,data\raw\mitra\Data_T4\T4_DAll.csv,2609.0,-22.662662499999996
1597,3,812.011319,812.812119,0.8008000000000948,,,hard_brake,mitra_t4,data\raw\mitra\Data_T4\T4_DAll.csv,2612.0,-9.781574999999998
1598,4,859.725659,860.793392,1.0677330000000893,,,hard_brake,mitra_t4,data\raw\mitra\Data_T4\T4_DAll.csv,2613.0,-12.98515
1599,1,826.792754,827.993954,1.2012000000000853,,,hard_brake,mitra_t4,data\raw\mitra\Data_T4\T4_DAll.csv,2614.0,-22.775275
1600,7,870.069327,870.970227,0.9008999999999787,,,hard_brake,mitra_t4,data\raw\mitra\Data_T4\T4_DAll.csv,2615.0,-15.7068375
1601,2,824.42372,825.324621,0.9009009999999762,,,hard_brake,mitra_t4,data\raw\mitra\Data_T4\T4_DAll.csv,2617.0,-24.341975
1602,4,862.461726,863.295893,0.8341669999999795,,,hard_brake,mitra_t4,data\raw\mitra\Data_T4\T4_DAll.csv,2618.0,-18.2972
1603,2,827.593554,828.494454,0.9008999999999787,,,hard_brake,mitra_t4,data\raw\mitra\Data_T4\T4_DAll.csv,2621.0,-23.7391625
1604,1,828.994954,830.062688,1.067733999999973,,,hard_brake,mitra_t4,data\raw\mitra\Data_T4\T4_DAll.csv,2622.0,-9.276906666666667
1605,5,873.739661,874.640561,0.9009000000000924,,,hard_brake,mitra_t4,data\raw\mitra\Data_T4\T4_DAll.csv,2623.0,-15.360975000000002
1606,2,825.124421,826.492454,1.3680329999999685,,,hard_brake,mitra_t4,data\raw\mitra\Data_T4\T4_DAll.csv,2624.0,-15.779733333333333
1607,4,865.097693,865.965227,0.8675339999999778,,,hard_brake,mitra_t4,data\raw\mitra\Data_T4\T4_DAll.csv,2625.0,-23.4639125
1608,1,812.645285,813.479452,0.8341670000000931,,,hard_brake,mitra_t4,data\raw\mitra\Data_T4\T4_DAll.csv,2628.0,-26.6051
1609,3,814.747386,815.648286,0.9008999999999787,,,hard_brake,mitra_t4,data\raw\mitra\Data_T4\T4_DAll.csv,2630.0,-15.108925000000001
1610,1,834.266889,835.000955,0.7340659999999843,,,hard_brake,mitra_t4,data\raw\mitra\Data_T4\T4_DAll.csv,2631.0,-11.9039375
1611,2,813.079052,813.813119,0.7340669999999818,,,hard_brake,mitra_t4,data\raw\mitra\Data_T4\T4_DAll.csv,2634.0,-11.653450000000001
1612,7,837.503456,838.270889,0.7674329999999827,,,hard_brake,mitra_t4,data\raw\mitra\Data_T4\T4_DAll.csv,2636.0,-5.957700000000001
1613,7,874.240161,875.641561,1.4014000000000806,,,hard_brake,mitra_t4,data\raw\mitra\Data_T4\T4_DAll.csv,2638.0,-14.594406666666666
1614,7,878.410995,879.145062,0.7340670000000955,,,hard_brake,mitra_t4,data\raw\mitra\Data_T4\T4_DAll.csv,2639.0,-14.165799999999999
1615,5,876.909495,877.810395,0.9008999999999787,,,hard_brake,mitra_t4,data\raw\mitra\Data_T4\T4_DAll.csv,2642.0,-8.90245
1616,4,870.536461,871.470727,0.9342659999999796,,,hard_brake,mitra_t4,data\raw\mitra\Data_T4\T4_DAll.csv,2645.0,-14.248037499999999
1617,7,875.908495,876.809395,0.9008999999999787,,,hard_brake,mitra_t4,data\raw\mitra\Data_T4\T4_DAll.csv,2646.0,-11.6284625
1618,5,842.141423,842.942223,0.8007999999999811,,,hard_brake,mitra_t4,data\raw\mitra\Data_T4\T4_DAll.csv,2649.0,-11.1434625
1619,2,833.432722,834.333622,0.9008999999999787,,,hard_brake,mitra_t4,data\raw\mitra\Data_T4\T4_DAll.csv,2650.0,-18.0779625
1620,2,829.995955,830.830121,0.834165999999982,,,hard_brake,mitra_t4,data\raw\mitra\Data_T4\T4_DAll.csv,2651.0,-15.1494125
1621,4,871.837761,872.638561,0.8007999999999811,,,hard_brake,mitra_t4,data\raw\mitra\Data_T4\T4_DAll.csv,2652.0,-7.368399999999999
1622,2,832.031322,832.832122,0.8007999999999811,,,hard_brake,mitra_t4,data\raw\mitra\Data_T4\T4_DAll.csv,2656.0,-13.917825
1623,5,884.817396,885.484729,0.6673329999999851,,,hard_brake,mitra_t4,data\raw\mitra\Data_T4\T4_DAll.csv,2660.0,-5.316487500000001
1624,2,820.252887,820.72002,0.4671329999999898,,,hard_brake,mitra_t4,data\raw\mitra\Data_T4\T4_DAll.csv,2661.0,-5.015646666666667
1625,4,876.609195,877.643562,1.0343669999999747,,,hard_brake,mitra_t4,data\raw\mitra\Data_T4\T4_DAll.csv,2662.0,-7.195086666666667
1626,6,871.036961,871.637561,0.6005999999999858,,,hard_brake,mitra_t4,data\raw\mitra\Data_T4\T4_DAll.csv,2663.0,-6.4533125
1627,3,829.028321,829.829121,0.8007999999999811,,,hard_brake,mitra_t4,data\raw\mitra\Data_T4\T4_DAll.csv,2664.0,-15.599700000000002
1628,2,834.100055,835.334622,1.23456699999997,,,hard_brake,mitra_t4,data\raw\mitra\Data_T4\T4_DAll.csv,2665.0,-8.11296
1629,3,830.996955,831.831122,0.8341670000000931,,,hard_brake,mitra_t4,data\raw\mitra\Data_T4\T4_DAll.csv,2666.0,-10.8840125
1630,4,878.310895,878.978228,0.6673329999999851,,,hard_brake,mitra_t4,data\raw\mitra\Data_T4\T4_DAll.csv,2669.0,-8.4431625
1631,2,838.003956,838.838123,0.8341669999999795,,,hard_brake,mitra_t4,data\raw\mitra\Data_T4\T4_DAll.csv,2670.0,-14.067612500000001
1632,6,882.515096,883.983229,1.4681330000000798,,,hard_brake,mitra_t4,data\raw\mitra\Data_T4\T4_DAll.csv,2671.0,-15.6592
1633,5,887.119696,887.820396,0.7006999999999834,,,hard_brake,mitra_t4,data\raw\mitra\Data_T4\T4_DAll.csv,2672.0,-8.5935875
1634,1,828.127421,828.994954,0.8675329999999803,,,hard_brake,mitra_t4,data\raw\mitra\Data_T4\T4_DAll.csv,2673.0,-12.0334375
1635,3,832.598555,833.499455,0.9008999999999787,,,hard_brake,mitra_t4,data\raw\mitra\Data_T4\T4_DAll.csv,2674.0,-17.390825000000003
1636,4,879.712295,880.479729,0.7674339999999802,,,hard_brake,mitra_t4,data\raw\mitra\Data_T4\T4_DAll.csv,2675.0,-15.908224999999998
1637,2,839.772389,840.67329,0.9009009999999762,,,hard_brake,mitra_t4,data\raw\mitra\Data_T4\T4_DAll.csv,2676.0,-17.2455875
1638,1,831.897855,832.665288,0.7674329999999827,,,hard_brake,mitra_t4,data\raw\mitra\Data_T4\T4_DAll.csv,2677.0,-11.175800000000002
1639,1,847.880491,849.014957,1.1344659999999749,,,hard_brake,mitra_t4,data\raw\mitra\Data_T4\T4_DAll.csv,2678.0,-13.174349999999999
1640,4,888.38763,889.155063,0.7674330000000964,,,hard_brake,mitra_t4,data\raw\mitra\Data_T4\T4_DAll.csv,2679.0,-14.751037499999999
1641,1,844.944223,845.67829,0.7340669999999818,,,hard_brake,mitra_t4,data\raw\mitra\Data_T4\T4_DAll.csv,2680.0,-12.123625
1642,6,885.918496,886.652563,0.7340669999999818,,,hard_brake,mitra_t4,data\raw\mitra\Data_T4\T4_DAll.csv,2681.0,-21.427000000000003
1643,3,835.534822,836.502456,0.9676340000000891,,,hard_brake,mitra_t4,data\raw\mitra\Data_T4\T4_DAll.csv,2682.0,-8.521469999999999
1644,2,844.310257,845.17779,0.8675329999999803,,,hard_brake,mitra_t4,data\raw\mitra\Data_T4\T4_DAll.csv,2683.0,-15.44485
1645,2,812.578552,813.512819,0.9342670000000908,,,hard_brake,mitra_t4,data\raw\mitra\Data_T4\T4_DAll.csv,2684.0,-4.682153333333333
1646,4,890.08933,890.823397,0.7340669999999818,,,hard_brake,mitra_t4,data\raw\mitra\Data_T4\T4_DAll.csv,2685.0,-5.395200000000001
1647,2,846.77939,847.680291,0.9009009999999762,,,hard_brake,mitra_t4,data\raw\mitra\Data_T4\T4_DAll.csv,2686.0,-18.6355
1648,7,895.895131,897.329898,1.4347669999999653,,,hard_brake,mitra_t4,data\raw\mitra\Data_T4\T4_DAll.csv,2687.0,-8.393133333333333
1649,3,837.503456,838.170789,0.6673329999999851,,,hard_brake,mitra_t4,data\raw\mitra\Data_T4\T4_DAll.csv,2690.0,-6.7599375
1650,2,841.006956,841.841123,0.8341670000000931,,,hard_brake,mitra_t4,data\raw\mitra\Data_T4\T4_DAll.csv,2691.0,-14.859549999999999
1651,5,890.48973,891.157064,0.6673339999999826,,,hard_brake,mitra_t4,data\raw\mitra\Data_T4\T4_DAll.csv,2692.0,-6.317337500000001
1652,3,842.37499,843.342623,0.967632999999978,,,hard_brake,mitra_t4,data\raw\mitra\Data_T4\T4_DAll.csv,2693.0,-17.2555
1653,4,892.224797,892.99223,0.7674329999999827,,,hard_brake,mitra_t4,data\raw\mitra\Data_T4\T4_DAll.csv,2694.0,-11.982299999999999
1654,1,838.604556,839.672289,1.0677329999999756,,,hard_brake,mitra_t4,data\raw\mitra\Data_T4\T4_DAll.csv,2695.0,-28.960675
1655,7,899.331898,900.166065,0.8341669999999795,,,hard_brake,mitra_t4,data\raw\mitra\Data_T4\T4_DAll.csv,2696.0,-6.3594125
1656,3,839.171789,839.972589,0.8007999999999811,,,hard_brake,mitra_t4,data\raw\mitra\Data_T4\T4_DAll.csv,2698.0,-5.333006666666666
1657,7,865.93186,866.63256,0.7006999999999834,,,hard_brake,mitra_t4,data\raw\mitra\Data_T4\T4_DAll.csv,2699.0,-14.4143875
1658,3,841.340623,842.341623,1.0009999999999764,,,hard_brake,mitra_t4,data\raw\mitra\Data_T4\T4_DAll.csv,2700.0,-9.51075
1659,1,839.705656,840.506456,0.8007999999999811,,,hard_brake,mitra_t4,data\raw\mitra\Data_T4\T4_DAll.csv,2701.0,-35.60745
1660,6,901.300532,902.535099,1.23456699999997,,,hard_brake,mitra_t4,data\raw\mitra\Data_T4\T4_DAll.csv,2703.0,-10.629493333333334
1661,4,863.562826,864.463726,0.9008999999999787,,,hard_brake,mitra_t4,data\raw\mitra\Data_T4\T4_DAll.csv,2704.0,-37.023275
1662,3,840.406356,841.507456,1.1011000000000877,,,hard_brake,mitra_t4,data\raw\mitra\Data_T4\T4_DAll.csv,2705.0,-6.193033333333333
1663,1,840.67329,841.340623,0.6673330000000988,,,hard_brake,mitra_t4,data\raw\mitra\Data_T4\T4_DAll.csv,2709.0,-8.7969
1664,3,841.207156,842.241523,1.0343669999999747,,,hard_brake,mitra_t4,data\raw\mitra\Data_T4\T4_DAll.csv,2711.0,-4.9783
1665,3,843.909857,844.67729,0.7674329999999827,,,hard_brake,mitra_t4,data\raw\mitra\Data_T4\T4_DAll.csv,2711.0,-5.8978
1666,2,855.721658,856.522458,0.8007999999999811,,,hard_brake,mitra_t4,data\raw\mitra\Data_T4\T4_DAll.csv,2714.0,-24.348725
1667,3,845.010957,846.011957,1.00100000000009,,,hard_brake,mitra_t4,data\raw\mitra\Data_T4\T4_DAll.csv,2715.0,-13.649774999999998
1668,4,896.095331,897.163064,1.0677329999999756,,,hard_brake,mitra_t4,data\raw\mitra\Data_T4\T4_DAll.csv,2718.0,-11.18135
1669,7,904.336899,905.171066,0.8341669999999795,,,hard_brake,mitra_t4,data\raw\mitra\Data_T4\T4_DAll.csv,2720.0,-10.782
1670,1,846.17879,847.012957,0.8341669999999795,,,hard_brake,mitra_t4,data\raw\mitra\Data_T4\T4_DAll.csv,2721.0,-5.555439999999999
1671,5,900.299532,901.000232,0.7006999999999834,,,hard_brake,mitra_t4,data\raw\mitra\Data_T4\T4_DAll.csv,2724.0,-4.881075
1672,6,857.590192,858.457725,0.8675329999999803,,,hard_brake,mitra_t4,data\raw\mitra\Data_T4\T4_DAll.csv,2725.0,-11.2660375
1673,1,857.990592,859.358626,1.368033999999966,,,hard_brake,mitra_t4,data\raw\mitra\Data_T4\T4_DAll.csv,2726.0,-15.466759999999999
1674,7,906.238799,907.006233,0.7674339999999802,,,hard_brake,mitra_t4,data\raw\mitra\Data_T4\T4_DAll.csv,2727.0,-19.422975
1675,4,902.334899,902.835399,0.5005000000001019,,,hard_brake,mitra_t4,data\raw\mitra\Data_T4\T4_DAll.csv,2728.0,-6.0222999999999995
1676,7,871.537461,872.304894,0.7674329999999827,,,hard_brake,mitra_t4,data\raw\mitra\Data_T4\T4_DAll.csv,2730.0,-12.454625
1677,7,907.773666,908.674566,0.9008999999999787,,,hard_brake,mitra_t4,data\raw\mitra\Data_T4\T4_DAll.csv,2731.0,-21.815112499999998
1678,4,903.836399,904.336899,0.5004999999999882,,,hard_brake,mitra_t4,data\raw\mitra\Data_T4\T4_DAll.csv,2734.0,-6.718637500000001
1679,6,876.742661,877.309895,0.5672339999999849,,,hard_brake,mitra_t4,data\raw\mitra\Data_T4\T4_DAll.csv,2735.0,-5.211325
1680,4,898.964865,899.665565,0.7006999999999834,,,hard_brake,mitra_t4,data\raw\mitra\Data_T4\T4_DAll.csv,2736.0,-8.6709875
1681,5,875.941861,876.809395,0.8675339999999778,,,hard_brake,mitra_t4,data\raw\mitra\Data_T4\T4_DAll.csv,2737.0,-23.348162499999997
1682,2,861.460726,862.361626,0.9008999999999787,,,hard_brake,mitra_t4,data\raw\mitra\Data_T4\T4_DAll.csv,2739.0,-17.355212499999997
1683,4,905.504732,906.172066,0.6673339999999826,,,hard_brake,mitra_t4,data\raw\mitra\Data_T4\T4_DAll.csv,2740.0,-6.629637499999999
1684,5,903.169065,903.836399,0.6673339999999826,,,hard_brake,mitra_t4,data\raw\mitra\Data_T4\T4_DAll.csv,2741.0,-11.176837500000001
1685,21,838.938223,839.438723,0.5004999999999882,,,hard_brake,mitra_t4,data\raw\mitra\Data_T4\T4_DAll.csv,2742.0,-5.289506666666666
1686,2,860.459726,861.026959,0.5672329999999874,,,hard_brake,mitra_t4,data\raw\mitra\Data_T4\T4_DAll.csv,2746.0,-7.0591375
1687,3,861.961226,862.862126,0.9008999999999787,,,hard_brake,mitra_t4,data\raw\mitra\Data_T4\T4_DAll.csv,2748.0,-11.138787499999998
1688,3,856.122058,857.189792,1.067733999999973,,,hard_brake,mitra_t4,data\raw\mitra\Data_T4\T4_DAll.csv,2749.0,-19.050912500000003
1689,3,860.860126,861.694293,0.8341669999999795,,,hard_brake,mitra_t4,data\raw\mitra\Data_T4\T4_DAll.csv,2751.0,-20.394912500000004
1690,5,905.771666,906.672566,0.9008999999999787,,,hard_brake,mitra_t4,data\raw\mitra\Data_T4\T4_DAll.csv,2753.0,-5.500453333333334
1691,2,850.750024,851.283891,0.5338669999999865,,,hard_brake,mitra_t4,data\raw\mitra\Data_T4\T4_DAll.csv,2754.0,-4.595506666666666
1692,3,858.023959,858.858126,0.8341669999999795,,,hard_brake,mitra_t4,data\raw\mitra\Data_T4\T4_DAll.csv,2756.0,-19.483424999999997
1693,3,860.159426,861.026959,0.8675329999999803,,,hard_brake,mitra_t4,data\raw\mitra\Data_T4\T4_DAll.csv,2760.0,-9.052475000000001
1694,7,910.776666,911.3439,0.5672339999999849,,,hard_brake,mitra_t4,data\raw\mitra\Data_T4\T4_DAll.csv,2761.0,-4.795937499999999
1695,2,866.398993,867.867127,1.4681339999999636,,,hard_brake,mitra_t4,data\raw\mitra\Data_T4\T4_DAll.csv,2762.0,-24.3806
1696,1,860.159426,861.026959,0.8675329999999803,,,hard_brake,mitra_t4,data\raw\mitra\Data_T4\T4_DAll.csv,2764.0,-18.472837499999997
1697,3,864.163426,864.93086,0.7674340000000939,,,hard_brake,mitra_t4,data\raw\mitra\Data_T4\T4_DAll.csv,2765.0,-9.025266666666669
1698,4,884.316896,884.984229,0.6673329999999851,,,hard_brake,mitra_t4,data\raw\mitra\Data_T4\T4_DAll.csv,2771.0,-6.30645
1699,1,872.805394,874.039961,1.23456699999997,,,hard_brake,mitra_t4,data\raw\mitra\Data_T4\T4_DAll.csv,2772.0,-27.848875
1700,3,863.095693,864.02996,0.9342669999999771,,,hard_brake,mitra_t4,data\raw\mitra\Data_T4\T4_DAll.csv,2773.0,-5.417753333333334
1701,5,910.9435,911.8444,0.9008999999999787,,,hard_brake,mitra_t4,data\raw\mitra\Data_T4\T4_DAll.csv,2774.0,-13.695899999999998
1702,4,885.317896,886.152063,0.8341669999999795,,,hard_brake,mitra_t4,data\raw\mitra\Data_T4\T4_DAll.csv,2776.0,-13.1791125
1703,4,910.576466,911.677567,1.1011009999999715,,,hard_brake,mitra_t4,data\raw\mitra\Data_T4\T4_DAll.csv,2778.0,-14.764837499999999
1704,1,880.146062,881.213795,1.0677329999999756,,,hard_brake,mitra_t4,data\raw\mitra\Data_T4\T4_DAll.csv,2779.0,-19.195600000000002
1705,5,911.777667,912.411633,0.6339660000001004,,,hard_brake,mitra_t4,data\raw\mitra\Data_T4\T4_DAll.csv,2781.0,-5.937825
1706,2,868.467727,869.368627,0.9008999999999787,,,hard_brake,mitra_t4,data\raw\mitra\Data_T4\T4_DAll.csv,2783.0,-20.2735625
1707,1,882.281529,883.382629,1.101099999999974,,,hard_brake,mitra_t4,data\raw\mitra\Data_T4\T4_DAll.csv,2785.0,-26.177975000000004
1708,1,870.703294,871.704294,1.0009999999999764,,,hard_brake,mitra_t4,data\raw\mitra\Data_T4\T4_DAll.csv,2788.0,-9.8550625
1709,3,872.505094,873.372628,0.8675339999999778,,,hard_brake,mitra_t4,data\raw\mitra\Data_T4\T4_DAll.csv,2791.0,-16.636
1710,7,871.670927,872.638561,0.9676339999999755,,,hard_brake,mitra_t4,data\raw\mitra\Data_T4\T4_DAll.csv,2796.0,-8.786386666666667
1711,6,904.236799,904.837399,0.6005999999999858,,,hard_brake,mitra_t4,data\raw\mitra\Data_T4\T4_DAll.csv,2796.0,-4.8846125
1712,3,879.044962,879.879129,0.8341669999999795,,,hard_brake,mitra_t4,data\raw\mitra\Data_T4\T4_DAll.csv,2805.0,-13.642
1713,1,885.985229,886.88613,0.9009009999999762,,,hard_brake,mitra_t4,data\raw\mitra\Data_T4\T4_DAll.csv,2808.0,-15.2040875
1714,2,883.315896,884.216796,0.9009000000000924,,,hard_brake,mitra_t4,data\raw\mitra\Data_T4\T4_DAll.csv,2810.0,-34.331399999999995
1715,3,881.180429,882.047962,0.8675329999999803,,,hard_brake,mitra_t4,data\raw\mitra\Data_T4\T4_DAll.csv,2811.0,-18.127837500000002
1716,7,893.192431,893.993231,0.8007999999999811,,,hard_brake,mitra_t4,data\raw\mitra\Data_T4\T4_DAll.csv,2815.0,-20.050962499999997
1717,1,889.38863,890.322897,0.9342669999999771,,,hard_brake,mitra_t4,data\raw\mitra\Data_T4\T4_DAll.csv,2819.0,-7.3862
1718,2,886.252163,886.88613,0.6339669999999842,,,hard_brake,mitra_t4,data\raw\mitra\Data_T4\T4_DAll.csv,2821.0,-8.398175
1719,0,860.459726,861.594193,1.1344669999999724,,,hard_brake,mitra_t4,data\raw\mitra\Data_T4\T4_DAll.csv,2823.0,-6.742413333333333
1720,2,891.657564,892.558464,0.9008999999999787,,,hard_brake,mitra_t4,data\raw\mitra\Data_T4\T4_DAll.csv,2830.0,-22.986637499999997
1721,2,896.562464,897.396631,0.8341669999999795,,,hard_brake,mitra_t4,data\raw\mitra\Data_T4\T4_DAll.csv,2836.0,-10.6006125
1722,2,893.726297,894.393631,0.6673339999999826,,,hard_brake,mitra_t4,data\raw\mitra\Data_T4\T4_DAll.csv,2839.0,-11.961274999999999
1723,2,897.930498,898.564465,0.6339670000000979,,,hard_brake,mitra_t4,data\raw\mitra\Data_T4\T4_DAll.csv,2840.0,-8.4067
1724,3,894.860764,895.728298,0.8675339999999778,,,hard_brake,mitra_t4,data\raw\mitra\Data_T4\T4_DAll.csv,2843.0,-40.53195000000001
1725,1,903.869765,904.737299,0.8675339999999778,,,hard_brake,mitra_t4,data\raw\mitra\Data_T4\T4_DAll.csv,2848.0,-13.6497375
1726,1,902.968865,903.736299,0.7674339999999802,,,hard_brake,mitra_t4,data\raw\mitra\Data_T4\T4_DAll.csv,2851.0,-23.744874999999997
1727,3,892.89213,893.726297,0.8341670000000931,,,hard_brake,mitra_t4,data\raw\mitra\Data_T4\T4_DAll.csv,2852.0,-35.058275
1728,2,903.402632,904.236799,0.8341669999999795,,,hard_brake,mitra_t4,data\raw\mitra\Data_T4\T4_DAll.csv,2853.0,-14.370737500000002
1729,1,905.437999,906.238799,0.8007999999999811,,,hard_brake,mitra_t4,data\raw\mitra\Data_T4\T4_DAll.csv,2855.0,-21.085287500000003
1730,3,897.363264,898.063965,0.7007010000000946,,,hard_brake,mitra_t4,data\raw\mitra\Data_T4\T4_DAll.csv,2856.0,-9.2769625
1731,1,906.839399,908.240799,1.4014000000000806,,,hard_brake,mitra_t4,data\raw\mitra\Data_T4\T4_DAll.csv,2857.0,-8.501225
1732,3,898.964865,899.732298,0.7674329999999827,,,hard_brake,mitra_t4,data\raw\mitra\Data_T4\T4_DAll.csv,2859.0,-14.889075
1733,2,905.171066,905.905132,0.7340659999999843,,,hard_brake,mitra_t4,data\raw\mitra\Data_T4\T4_DAll.csv,2860.0,-9.105625
1734,3,901.634198,902.401632,0.7674339999999802,,,hard_brake,mitra_t4,data\raw\mitra\Data_T4\T4_DAll.csv,2861.0,-9.549499999999998
1735,2,883.582829,884.083329,0.5005000000001019,,,hard_brake,mitra_t4,data\raw\mitra\Data_T4\T4_DAll.csv,2862.0,-5.041953333333334
1736,2,909.108333,909.7423,0.6339669999999842,,,hard_brake,mitra_t4,data\raw\mitra\Data_T4\T4_DAll.csv,2866.0,-11.77345
1737,3,902.768665,903.736299,0.9676339999999755,,,hard_brake,mitra_t4,data\raw\mitra\Data_T4\T4_DAll.csv,2867.0,-21.502662499999996
1738,10,911.7443,912.2448,0.5005000000001019,,,hard_brake,mitra_t4,data\raw\mitra\Data_T4\T4_DAll.csv,2868.0,-4.1794875000000005
1739,3,903.702932,904.570466,0.8675339999999778,,,hard_brake,mitra_t4,data\raw\mitra\Data_T4\T4_DAll.csv,2871.0,-29.748825
1740,6,911.7443,912.2448,0.5005000000001019,,,hard_brake,mitra_t4,data\raw\mitra\Data_T4\T4_DAll.csv,2872.0,-5.608975
1741,1,901.133698,901.901132,0.7674339999999802,,,hard_brake,mitra_t4,data\raw\mitra\Data_T4\T4_DAll.csv,2873.0,-26.2226375
1742,2,905.738299,906.572466,0.8341669999999795,,,hard_brake,mitra_t4,data\raw\mitra\Data_T4\T4_DAll.csv,2874.0,-12.891999999999998
1743,3,904.870766,905.738299,0.8675329999999803,,,hard_brake,mitra_t4,data\raw\mitra\Data_T4\T4_DAll.csv,2878.0,-8.375599999999999
1744,4,911.477367,912.2448,0.7674330000000964,,,hard_brake,mitra_t4,data\raw\mitra\Data_T4\T4_DAll.csv,2884.0,-10.6413625
1745,3,906.605832,907.740299,1.134467000000086,,,hard_brake,mitra_t4,data\raw\mitra\Data_T4\T4_DAll.csv,2888.0,-18.2076
1746,3,907.940499,908.474366,0.5338669999999865,,,hard_brake,mitra_t4,data\raw\mitra\Data_T4\T4_DAll.csv,2891.0,-4.1204
1747,4,911.777667,912.2448,0.4671330000001035,,,hard_brake,mitra_t4,data\raw\mitra\Data_T4\T4_DAll.csv,2895.0,-8.40445
1748,4,909.3419,909.909133,0.5672329999999874,,,hard_brake,mitra_t4,data\raw\mitra\Data_T4\T4_DAll.csv,2909.0,-5.923137500000001
1749,7,911.510733,912.2448,0.7340670000000955,,,hard_brake,mitra_t4,data\raw\mitra\Data_T4\T4_DAll.csv,2910.0,-8.3287125
1750,1,911.177066,912.2448,1.0677340000000868,,,hard_brake,mitra_t4,data\raw\mitra\Data_T4\T4_DAll.csv,2914.0,-20.33915
1751,5,909.275166,909.909133,0.6339669999999842,,,hard_brake,mitra_t4,data\raw\mitra\Data_T4\T4_DAll.csv,2915.0,-8.1590375
1752,20,911.7443,912.2448,0.5005000000001019,,,hard_brake,mitra_t4,data\raw\mitra\Data_T4\T4_DAll.csv,2916.0,-7.6963875
1753,7,911.710933,912.2448,0.5338670000001002,,,hard_brake,mitra_t4,data\raw\mitra\Data_T4\T4_DAll.csv,2917.0,-5.296000000000001
1754,2,911.177066,912.2448,1.0677340000000868,,,hard_brake,mitra_t4,data\raw\mitra\Data_T4\T4_DAll.csv,2925.0,-21.592525000000002
1755,1,911.577467,912.2448,0.6673330000000988,,,hard_brake,mitra_t4,data\raw\mitra\Data_T4\T4_DAll.csv,2926.0,-12.5469375
1756,2,911.510733,912.178067,0.6673340000000962,,,hard_brake,mitra_t4,data\raw\mitra\Data_T4\T4_DAll.csv,2933.0,-4.2822466666666665
1757,3,911.444,912.2448,0.8008000000000948,,,hard_brake,mitra_t4,data\raw\mitra\Data_T4\T4_DAll.csv,2934.0,-8.112287499999999
1758,3,911.610833,912.2448,0.6339670000000979,,,hard_brake,mitra_t4,data\raw\mitra\Data_T4\T4_DAll.csv,2939.0,-13.7839375
1759,20,911.510733,912.2448,0.7340670000000955,,,hard_brake,mitra_t4,data\raw\mitra\Data_T4\T4_DAll.csv,2953.0,-10.185162499999999
1760,3,907.873766,908.340899,0.4671329999999898,,,hard_brake,mitra_t4,data\raw\mitra\Data_T4\T4_DAll.csv,2971.0,-4.4973133333333335
1761,4,1.034367,41.241222,40.206855,9.0,5026593.313011073,queue,mitra_t5,data\raw\mitra\Data_T5\T5_DAll.csv,,
1762,4,677.043398,689.322338,12.27893999999992,9.0,5026672.2850005925,queue,mitra_t5,data\raw\mitra\Data_T5\T5_DAll.csv,,
1763,10,34.868185,44.27759,9.409405,3.0,5026490.436212884,queue,mitra_t5,data\raw\mitra\Data_T5\T5_DAll.csv,,
1764,10,575.541943,624.390769,48.84882600000003,6.0,5026482.472418115,queue,mitra_t5,data\raw\mitra\Data_T5\T5_DAll.csv,,
1765,10,643.142846,667.233592,24.09074600000008,4.0,5026477.816983951,queue,mitra_t5,data\raw\mitra\Data_T5\T5_DAll.csv,,
1766,10,817.483773,840.239852,22.756079,5.0,5026482.713142878,queue,mitra_t5,data\raw\mitra\Data_T5\T5_DAll.csv,,
1767,5,675.475163,687.98767,12.512507000000028,5.0,5026650.48139758,queue,mitra_t5,data\raw\mitra\Data_T5\T5_DAll.csv,,
1768,6,797.163462,819.685974,22.522512000000006,6.0,5026390.782898103,queue,mitra_t5,data\raw\mitra\Data_T5\T5_DAll.csv,,
1769,7,873.940204,881.380974,7.440770000000043,4.0,5026505.286380341,queue,mitra_t5,data\raw\mitra\Data_T5\T5_DAll.csv,,
1770,1,17.851176,19.01901,1.1678340000000027,,,hard_brake,mitra_t5,data\raw\mitra\Data_T5\T5_DAll.csv,4.0,-18.409850000000002
1771,7,21.254578,21.821812,0.5672340000000027,,,hard_brake,mitra_t5,data\raw\mitra\Data_T5\T5_DAll.csv,8.0,-4.658913333333333
1772,7,50.884194,51.785095,0.9009009999999975,,,hard_brake,mitra_t5,data\raw\mitra\Data_T5\T5_DAll.csv,8.0,-13.38705
1773,7,49.61626,50.450427,0.8341670000000008,,,hard_brake,mitra_t5,data\raw\mitra\Data_T5\T5_DAll.csv,14.0,-12.092225000000001
1774,4,19.519511,20.353678,0.8341669999999972,,,hard_brake,mitra_t5,data\raw\mitra\Data_T5\T5_DAll.csv,23.0,-5.433706666666667
1775,2,11.77844,12.67934,0.9009,,,hard_brake,mitra_t5,data\raw\mitra\Data_T5\T5_DAll.csv,32.0,-17.174637500000003
1776,3,10.143472,10.844173,0.7007010000000005,,,hard_brake,mitra_t5,data\raw\mitra\Data_T5\T5_DAll.csv,33.0,-17.1192875
1777,2,14.314308,15.015008,0.7006999999999994,,,hard_brake,mitra_t5,data\raw\mitra\Data_T5\T5_DAll.csv,34.0,-4.68549090909091
1778,1,17.250576,17.851176,0.6006,,,hard_brake,mitra_t5,data\raw\mitra\Data_T5\T5_DAll.csv,35.0,-4.4455
1779,5,52.318961,52.786095,0.4671340000000015,,,hard_brake,mitra_t5,data\raw\mitra\Data_T5\T5_DAll.csv,38.0,-6.016449999999999
1780,4,32.032017,34.000652,1.968634999999999,,,hard_brake,mitra_t5,data\raw\mitra\Data_T5\T5_DAll.csv,39.0,-5.2627066666666655
1781,1,9.409405,10.176839,0.7674339999999997,,,hard_brake,mitra_t5,data\raw\mitra\Data_T5\T5_DAll.csv,40.0,-17.37495
1782,7,65.298602,66.800103,1.5015009999999904,,,hard_brake,mitra_t5,data\raw\mitra\Data_T5\T5_DAll.csv,41.0,-12.971850000000002
1783,7,46.579892,47.147125,0.5672330000000017,,,hard_brake,mitra_t5,data\raw\mitra\Data_T5\T5_DAll.csv,42.0,-5.592160000000001
1784,5,59.926566,60.794099,0.8675330000000017,,,hard_brake,mitra_t5,data\raw\mitra\Data_T5\T5_DAll.csv,43.0,-21.0781875
1785,7,68.902204,69.803104,0.9009000000000071,,,hard_brake,mitra_t5,data\raw\mitra\Data_T5\T5_DAll.csv,50.0,-13.9311875
1786,7,63.329967,64.130768,0.8008009999999999,,,hard_brake,mitra_t5,data\raw\mitra\Data_T5\T5_DAll.csv,51.0,-20.04545
1787,2,9.709705,10.510506,0.8008009999999999,,,hard_brake,mitra_t5,data\raw\mitra\Data_T5\T5_DAll.csv,54.0,-18.494612500000002
1788,2,6.673337,7.507504,0.8341669999999999,,,hard_brake,mitra_t5,data\raw\mitra\Data_T5\T5_DAll.csv,55.0,-46.2745375
1789,2,10.477139,11.177839,0.7007000000000012,,,hard_brake,mitra_t5,data\raw\mitra\Data_T5\T5_DAll.csv,57.0,-18.410325
1790,7,74.541173,75.308607,0.7674339999999944,,,hard_brake,mitra_t5,data\raw\mitra\Data_T5\T5_DAll.csv,63.0,-15.722312500000001
1791,5,68.468437,69.135771,0.667334000000011,,,hard_brake,mitra_t5,data\raw\mitra\Data_T5\T5_DAll.csv,64.0,-11.138612499999999
1792,6,72.972939,73.807106,0.8341670000000079,,,hard_brake,mitra_t5,data\raw\mitra\Data_T5\T5_DAll.csv,67.0,-17.4372
1793,7,58.892198,59.959932,1.0677340000000015,,,hard_brake,mitra_t5,data\raw\mitra\Data_T5\T5_DAll.csv,72.0,-8.3975125
1794,2,5.105103,5.83917,0.7340670000000005,,,hard_brake,mitra_t5,data\raw\mitra\Data_T5\T5_DAll.csv,74.0,-11.744525000000001
1795,3,1.368034,2.168835,0.8008010000000001,,,hard_brake,mitra_t5,data\raw\mitra\Data_T5\T5_DAll.csv,77.0,-10.7906
1796,2,18.651977,19.519511,0.8675340000000027,,,hard_brake,mitra_t5,data\raw\mitra\Data_T5\T5_DAll.csv,79.0,-55.68741249999999
1797,4,37.33732,38.772088,1.4347679999999983,,,hard_brake,mitra_t5,data\raw\mitra\Data_T5\T5_DAll.csv,80.0,-4.810379999999999
1798,4,39.773088,40.306955,0.5338670000000008,,,hard_brake,mitra_t5,data\raw\mitra\Data_T5\T5_DAll.csv,80.0,-4.244673333333333
1799,5,65.265235,65.965935,0.7006999999999977,,,hard_brake,mitra_t5,data\raw\mitra\Data_T5\T5_DAll.csv,80.0,-7.8994375
1800,3,16.916909,17.684343,0.767433999999998,,,hard_brake,mitra_t5,data\raw\mitra\Data_T5\T5_DAll.csv,81.0,-9.452162500000002
1801,5,49.682993,50.450427,0.7674339999999944,,,hard_brake,mitra_t5,data\raw\mitra\Data_T5\T5_DAll.csv,82.0,-17.2973875
1802,6,62.328967,63.797101,1.4681339999999992,,,hard_brake,mitra_t5,data\raw\mitra\Data_T5\T5_DAll.csv,87.0,-10.312226666666668
1803,5,57.390698,58.458431,1.067732999999997,,,hard_brake,mitra_t5,data\raw\mitra\Data_T5\T5_DAll.csv,88.0,-12.8985375
1804,4,33.533518,35.435419,1.9019010000000023,,,hard_brake,mitra_t5,data\raw\mitra\Data_T5\T5_DAll.csv,90.0,-5.089753333333333
1805,4,62.962934,63.630268,0.6673340000000039,,,hard_brake,mitra_t5,data\raw\mitra\Data_T5\T5_DAll.csv,90.0,-7.914137499999999
1806,1,10.577239,11.344673,0.7674339999999997,,,hard_brake,mitra_t5,data\raw\mitra\Data_T5\T5_DAll.csv,92.0,-19.963887500000002
1807,3,19.919911,20.687344,0.7674330000000005,,,hard_brake,mitra_t5,data\raw\mitra\Data_T5\T5_DAll.csv,95.0,-12.500087500000001
1808,3,18.752077,19.686344,0.9342669999999984,,,hard_brake,mitra_t5,data\raw\mitra\Data_T5\T5_DAll.csv,96.0,-9.0465375
1809,3,20.987645,21.855178,0.8675329999999981,,,hard_brake,mitra_t5,data\raw\mitra\Data_T5\T5_DAll.csv,99.0,-13.3259875
1810,1,25.45878,26.359681,0.9009009999999975,,,hard_brake,mitra_t5,data\raw\mitra\Data_T5\T5_DAll.csv,101.0,-34.789312499999994
1811,3,23.089746,23.690346,0.6006,,,hard_brake,mitra_t5,data\raw\mitra\Data_T5\T5_DAll.csv,102.0,-8.607949999999999
1812,7,19.252577,20.086744,0.8341670000000008,,,hard_brake,mitra_t5,data\raw\mitra\Data_T5\T5_DAll.csv,103.0,-7.75205
1813,6,15.548875,16.249575,0.7006999999999994,,,hard_brake,mitra_t5,data\raw\mitra\Data_T5\T5_DAll.csv,107.0,-6.6155125
1814,4,36.036019,36.93692,0.9009009999999975,,,hard_brake,mitra_t5,data\raw\mitra\Data_T5\T5_DAll.csv,108.0,-9.219225000000002
1815,4,29.729716,30.430416,0.7007000000000012,,,hard_brake,mitra_t5,data\raw\mitra\Data_T5\T5_DAll.csv,114.0,-5.552362499999999
1816,4,32.966284,33.600251,0.6339669999999984,,,hard_brake,mitra_t5,data\raw\mitra\Data_T5\T5_DAll.csv,116.0,-4.353853333333333
1817,6,9.175838,10.076739,0.9009009999999993,,,hard_brake,mitra_t5,data\raw\mitra\Data_T5\T5_DAll.csv,117.0,-9.3261
1818,7,4.504502,5.105103,0.6006010000000002,,,hard_brake,mitra_t5,data\raw\mitra\Data_T5\T5_DAll.csv,119.0,-4.58628
1819,4,31.631617,32.098751,0.4671340000000015,,,hard_brake,mitra_t5,data\raw\mitra\Data_T5\T5_DAll.csv,121.0,-6.574762499999999
1820,4,34.134118,34.934919,0.8008009999999999,,,hard_brake,mitra_t5,data\raw\mitra\Data_T5\T5_DAll.csv,122.0,-12.045350000000001
1821,7,10.944273,11.745073,0.8007999999999988,,,hard_brake,mitra_t5,data\raw\mitra\Data_T5\T5_DAll.csv,123.0,-8.9483625
1822,4,13.146474,13.747074,0.6006,,,hard_brake,mitra_t5,data\raw\mitra\Data_T5\T5_DAll.csv,126.0,-6.4814
1823,5,2.268935,3.069735,0.8008000000000002,,,hard_brake,mitra_t5,data\raw\mitra\Data_T5\T5_DAll.csv,129.0,-14.6992625
1824,7,3.103102,4.237569,1.134467,,,hard_brake,mitra_t5,data\raw\mitra\Data_T5\T5_DAll.csv,134.0,-14.094124999999998
1825,7,5.472136,6.573237,1.1011009999999999,,,hard_brake,mitra_t5,data\raw\mitra\Data_T5\T5_DAll.csv,135.0,-4.9729399999999995
1826,5,4.938269,5.905903,0.9676340000000003,,,hard_brake,mitra_t5,data\raw\mitra\Data_T5\T5_DAll.csv,136.0,-19.835262499999995
1827,5,16.716709,17.250576,0.5338669999999972,,,hard_brake,mitra_t5,data\raw\mitra\Data_T5\T5_DAll.csv,137.0,-5.3227375
1828,7,15.949275,16.750076,0.8008009999999999,,,hard_brake,mitra_t5,data\raw\mitra\Data_T5\T5_DAll.csv,141.0,-23.688550000000003
1829,7,14.247574,14.914908,0.6673340000000003,,,hard_brake,mitra_t5,data\raw\mitra\Data_T5\T5_DAll.csv,145.0,-5.246575
1830,3,23.990646,24.85818,0.8675339999999991,,,hard_brake,mitra_t5,data\raw\mitra\Data_T5\T5_DAll.csv,146.0,-57.163025
1831,4,44.611257,45.211858,0.6006009999999975,,,hard_brake,mitra_t5,data\raw\mitra\Data_T5\T5_DAll.csv,147.0,-4.418466666666666
1832,4,71.271238,72.138772,0.8675340000000062,,,hard_brake,mitra_t5,data\raw\mitra\Data_T5\T5_DAll.csv,147.0,-22.76025
1833,7,57.724364,58.291598,0.5672339999999991,,,hard_brake,mitra_t5,data\raw\mitra\Data_T5\T5_DAll.csv,149.0,-10.357587500000001
1834,2,31.39805,32.198851,0.8008009999999963,,,hard_brake,mitra_t5,data\raw\mitra\Data_T5\T5_DAll.csv,150.0,-17.4068875
1835,5,62.962934,63.596901,0.6339670000000055,,,hard_brake,mitra_t5,data\raw\mitra\Data_T5\T5_DAll.csv,152.0,-9.1391625
1836,3,27.894548,28.695349,0.8008009999999999,,,hard_brake,mitra_t5,data\raw\mitra\Data_T5\T5_DAll.csv,153.0,-10.9072125
1837,2,32.365684,33.199851,0.8341670000000008,,,hard_brake,mitra_t5,data\raw\mitra\Data_T5\T5_DAll.csv,154.0,-30.9297375
1838,6,80.31361,81.748377,1.434767000000008,,,hard_brake,mitra_t5,data\raw\mitra\Data_T5\T5_DAll.csv,155.0,-13.979813333333334
1839,1,43.67699,44.377691,0.7007009999999951,,,hard_brake,mitra_t5,data\raw\mitra\Data_T5\T5_DAll.csv,156.0,-13.953650000000001
1840,3,33.033018,33.867185,0.8341670000000008,,,hard_brake,mitra_t5,data\raw\mitra\Data_T5\T5_DAll.csv,158.0,-34.3917875
1841,1,44.744724,45.712358,0.9676340000000039,,,hard_brake,mitra_t5,data\raw\mitra\Data_T5\T5_DAll.csv,160.0,-25.9557375
1842,1,60.994299,62.228867,1.234568000000003,,,hard_brake,mitra_t5,data\raw\mitra\Data_T5\T5_DAll.csv,161.0,-14.906513333333333
1843,5,72.038672,73.306606,1.2679339999999968,,,hard_brake,mitra_t5,data\raw\mitra\Data_T5\T5_DAll.csv,162.0,-6.127066666666667
1844,2,45.578891,46.546525,0.9676340000000039,,,hard_brake,mitra_t5,data\raw\mitra\Data_T5\T5_DAll.csv,163.0,-13.5822375
1845,5,76.076041,76.976941,0.9008999999999929,,,hard_brake,mitra_t5,data\raw\mitra\Data_T5\T5_DAll.csv,164.0,-22.9629875
1846,1,62.696,63.563534,0.8675339999999991,,,hard_brake,mitra_t5,data\raw\mitra\Data_T5\T5_DAll.csv,166.0,-10.042874999999999
1847,1,47.781092,48.548526,0.7674340000000015,,,hard_brake,mitra_t5,data\raw\mitra\Data_T5\T5_DAll.csv,167.0,-5.40505
1848,7,71.271238,71.805105,0.5338670000000008,,,hard_brake,mitra_t5,data\raw\mitra\Data_T5\T5_DAll.csv,168.0,-4.5762375
1849,4,76.843475,77.477442,0.6339669999999984,,,hard_brake,mitra_t5,data\raw\mitra\Data_T5\T5_DAll.csv,171.0,-8.7472875
1850,5,77.677642,78.478442,0.8007999999999953,,,hard_brake,mitra_t5,data\raw\mitra\Data_T5\T5_DAll.csv,172.0,-15.3326
1851,3,47.814459,48.548526,0.7340670000000031,,,hard_brake,mitra_t5,data\raw\mitra\Data_T5\T5_DAll.csv,173.0,-12.160875
1852,3,41.107755,41.875189,0.7674340000000015,,,hard_brake,mitra_t5,data\raw\mitra\Data_T5\T5_DAll.csv,174.0,-9.702237499999999
1853,2,50.683994,51.384694,0.7007000000000048,,,hard_brake,mitra_t5,data\raw\mitra\Data_T5\T5_DAll.csv,175.0,-10.26185
1854,4,78.344975,78.812109,0.4671340000000015,,,hard_brake,mitra_t5,data\raw\mitra\Data_T5\T5_DAll.csv,176.0,-4.360962499999999
1855,2,48.91556,49.382693,0.467133000000004,,,hard_brake,mitra_t5,data\raw\mitra\Data_T5\T5_DAll.csv,177.0,-5.74385
1856,3,42.275589,43.043023,0.7674340000000015,,,hard_brake,mitra_t5,data\raw\mitra\Data_T5\T5_DAll.csv,180.0,-13.873075000000002
1857,4,79.079043,79.979943,0.9009000000000071,,,hard_brake,mitra_t5,data\raw\mitra\Data_T5\T5_DAll.csv,184.0,-6.782026666666667
1858,7,98.53182,99.83312,1.3012999999999977,,,hard_brake,mitra_t5,data\raw\mitra\Data_T5\T5_DAll.csv,185.0,-13.078766666666667
1859,1,54.95493,56.05603,1.1011000000000024,,,hard_brake,mitra_t5,data\raw\mitra\Data_T5\T5_DAll.csv,187.0,-18.790699999999998
1860,3,56.890197,57.724364,0.8341670000000008,,,hard_brake,mitra_t5,data\raw\mitra\Data_T5\T5_DAll.csv,189.0,-17.8723375
1861,7,101.000954,101.668288,0.667334000000011,,,hard_brake,mitra_t5,data\raw\mitra\Data_T5\T5_DAll.csv,191.0,-5.535575000000001
1862,4,80.21351,81.147777,0.9342670000000055,,,hard_brake,mitra_t5,data\raw\mitra\Data_T5\T5_DAll.csv,192.0,-17.5645625
1863,3,45.578891,46.379692,0.8008009999999999,,,hard_brake,mitra_t5,data\raw\mitra\Data_T5\T5_DAll.csv,193.0,-25.825499999999998
1864,2,60.293599,61.061033,0.7674340000000015,,,hard_brake,mitra_t5,data\raw\mitra\Data_T5\T5_DAll.csv,194.0,-17.239150000000002
1865,7,73.506806,74.307607,0.800801000000007,,,hard_brake,mitra_t5,data\raw\mitra\Data_T5\T5_DAll.csv,195.0,-10.71895
1866,5,80.01331,80.81411,0.8007999999999953,,,hard_brake,mitra_t5,data\raw\mitra\Data_T5\T5_DAll.csv,196.0,-20.968550000000004
1867,3,55.121763,56.05603,0.9342669999999984,,,hard_brake,mitra_t5,data\raw\mitra\Data_T5\T5_DAll.csv,198.0,-12.5956
1868,1,56.823464,57.724364,0.9009,,,hard_brake,mitra_t5,data\raw\mitra\Data_T5\T5_DAll.csv,201.0,-5.183646666666666
1869,3,51.785095,52.886195,1.1011000000000024,,,hard_brake,mitra_t5,data\raw\mitra\Data_T5\T5_DAll.csv,207.0,-18.859412499999998
1870,1,59.659632,60.360332,0.7006999999999977,,,hard_brake,mitra_t5,data\raw\mitra\Data_T5\T5_DAll.csv,208.0,-4.87962
1871,6,108.742025,109.509459,0.7674340000000086,,,hard_brake,mitra_t5,data\raw\mitra\Data_T5\T5_DAll.csv,209.0,-11.622337499999999
1872,3,39.672988,40.140122,0.4671340000000015,,,hard_brake,mitra_t5,data\raw\mitra\Data_T5\T5_DAll.csv,210.0,-5.229920000000001
1873,3,59.192499,60.060032,0.8675330000000017,,,hard_brake,mitra_t5,data\raw\mitra\Data_T5\T5_DAll.csv,210.0,-44.84135
1874,2,63.897201,64.564535,0.6673340000000039,,,hard_brake,mitra_t5,data\raw\mitra\Data_T5\T5_DAll.csv,215.0,-14.516562500000001
1875,3,58.625265,59.392699,0.7674340000000015,,,hard_brake,mitra_t5,data\raw\mitra\Data_T5\T5_DAll.csv,216.0,-17.381500000000003
1876,4,85.652279,86.319613,0.667334000000011,,,hard_brake,mitra_t5,data\raw\mitra\Data_T5\T5_DAll.csv,218.0,-6.0168625
1877,3,64.564535,65.231868,0.6673329999999993,,,hard_brake,mitra_t5,data\raw\mitra\Data_T5\T5_DAll.csv,219.0,-10.9004625
1878,5,83.316612,84.150779,0.8341669999999937,,,hard_brake,mitra_t5,data\raw\mitra\Data_T5\T5_DAll.csv,220.0,-24.798487500000004
1879,4,86.419713,87.320614,0.9009010000000046,,,hard_brake,mitra_t5,data\raw\mitra\Data_T5\T5_DAll.csv,221.0,-7.131220000000001
1880,3,60.460433,61.227866,0.7674329999999969,,,hard_brake,mitra_t5,data\raw\mitra\Data_T5\T5_DAll.csv,224.0,-13.2444875
1881,3,49.382693,50.050027,0.6673339999999968,,,hard_brake,mitra_t5,data\raw\mitra\Data_T5\T5_DAll.csv,227.0,-6.749573333333333
1882,3,53.119762,53.853829,0.734066999999996,,,hard_brake,mitra_t5,data\raw\mitra\Data_T5\T5_DAll.csv,227.0,-7.912746666666667
1883,5,89.222515,89.989948,0.7674329999999969,,,hard_brake,mitra_t5,data\raw\mitra\Data_T5\T5_DAll.csv,232.0,-4.751633333333333
1884,3,66.966936,67.73437,0.7674339999999944,,,hard_brake,mitra_t5,data\raw\mitra\Data_T5\T5_DAll.csv,233.0,-6.3168125
1885,3,63.730368,64.564535,0.8341670000000079,,,hard_brake,mitra_t5,data\raw\mitra\Data_T5\T5_DAll.csv,234.0,-10.750225
1886,3,67.73437,68.568537,0.8341670000000079,,,hard_brake,mitra_t5,data\raw\mitra\Data_T5\T5_DAll.csv,235.0,-18.296
1887,6,110.043326,111.01096,0.9676340000000039,,,hard_brake,mitra_t5,data\raw\mitra\Data_T5\T5_DAll.csv,236.0,-8.50733
1888,1,68.33497,69.069037,0.734066999999996,,,hard_brake,mitra_t5,data\raw\mitra\Data_T5\T5_DAll.csv,237.0,-10.561762500000002
1889,3,65.065035,66.066036,1.0010010000000023,,,hard_brake,mitra_t5,data\raw\mitra\Data_T5\T5_DAll.csv,238.0,-9.61902
1890,3,66.166136,67.067036,0.9009000000000071,,,hard_brake,mitra_t5,data\raw\mitra\Data_T5\T5_DAll.csv,241.0,-11.0042875
1891,5,94.360984,95.161785,0.8008009999999928,,,hard_brake,mitra_t5,data\raw\mitra\Data_T5\T5_DAll.csv,242.0,-25.845887500000003
1892,6,112.879494,113.680295,0.800801000000007,,,hard_brake,mitra_t5,data\raw\mitra\Data_T5\T5_DAll.csv,243.0,-9.855025
1893,2,71.638272,72.739372,1.1011000000000024,,,hard_brake,mitra_t5,data\raw\mitra\Data_T5\T5_DAll.csv,247.0,-31.9910875
1894,3,68.868837,69.736371,0.8675340000000062,,,hard_brake,mitra_t5,data\raw\mitra\Data_T5\T5_DAll.csv,248.0,-14.45985
1895,6,116.549829,117.183796,0.6339669999999984,,,hard_brake,mitra_t5,data\raw\mitra\Data_T5\T5_DAll.csv,249.0,-11.4431875
1896,4,95.895852,96.663285,0.7674329999999969,,,hard_brake,mitra_t5,data\raw\mitra\Data_T5\T5_DAll.csv,250.0,-5.138493333333333
1897,1,81.815111,82.916211,1.1011000000000024,,,hard_brake,mitra_t5,data\raw\mitra\Data_T5\T5_DAll.csv,253.0,-18.056825000000003
1898,7,111.31126,112.01196,0.7006999999999977,,,hard_brake,mitra_t5,data\raw\mitra\Data_T5\T5_DAll.csv,256.0,-13.113137499999999
1899,3,75.17514,76.076041,0.9009010000000046,,,hard_brake,mitra_t5,data\raw\mitra\Data_T5\T5_DAll.csv,258.0,-41.8721125
1900,4,69.402704,69.869838,0.4671340000000015,,,hard_brake,mitra_t5,data\raw\mitra\Data_T5\T5_DAll.csv,259.0,-4.238573333333333
1901,4,97.130419,97.997953,0.867533999999992,,,hard_brake,mitra_t5,data\raw\mitra\Data_T5\T5_DAll.csv,259.0,-8.712250000000001
1902,1,78.678642,79.579543,0.9009010000000046,,,hard_brake,mitra_t5,data\raw\mitra\Data_T5\T5_DAll.csv,264.0,-6.314506666666667
1903,1,85.351979,86.086046,0.734066999999996,,,hard_brake,mitra_t5,data\raw\mitra\Data_T5\T5_DAll.csv,266.0,-16.4091125
1904,4,101.935222,102.836122,0.9009000000000071,,,hard_brake,mitra_t5,data\raw\mitra\Data_T5\T5_DAll.csv,269.0,-16.562875000000002
1905,2,73.740373,74.57454,0.8341669999999937,,,hard_brake,mitra_t5,data\raw\mitra\Data_T5\T5_DAll.csv,272.0,-17.187475
1906,2,82.682644,83.416712,0.7340680000000077,,,hard_brake,mitra_t5,data\raw\mitra\Data_T5\T5_DAll.csv,277.0,-18.70465
1907,7,107.173791,107.841125,0.667334000000011,,,hard_brake,mitra_t5,data\raw\mitra\Data_T5\T5_DAll.csv,279.0,-9.3056625
1908,5,104.904856,105.505457,0.6006010000000117,,,hard_brake,mitra_t5,data\raw\mitra\Data_T5\T5_DAll.csv,280.0,-7.073975
1909,2,79.546176,80.41371,0.867533999999992,,,hard_brake,mitra_t5,data\raw\mitra\Data_T5\T5_DAll.csv,281.0,-15.3024375
1910,5,108.408358,109.175792,0.7674339999999944,,,hard_brake,mitra_t5,data\raw\mitra\Data_T5\T5_DAll.csv,282.0,-16.0767875
1911,3,76.042674,76.743375,0.7007009999999951,,,hard_brake,mitra_t5,data\raw\mitra\Data_T5\T5_DAll.csv,286.0,-12.4657625
1912,3,77.243875,77.744375,0.5005000000000024,,,hard_brake,mitra_t5,data\raw\mitra\Data_T5\T5_DAll.csv,289.0,-6.316412499999999
1913,7,122.255532,123.022966,0.7674339999999944,,,hard_brake,mitra_t5,data\raw\mitra\Data_T5\T5_DAll.csv,293.0,-8.3502625
1914,2,85.85248,86.75338,0.9009000000000071,,,hard_brake,mitra_t5,data\raw\mitra\Data_T5\T5_DAll.csv,294.0,-5.733673333333333
1915,5,109.209159,110.009959,0.8007999999999953,,,hard_brake,mitra_t5,data\raw\mitra\Data_T5\T5_DAll.csv,295.0,-28.849600000000002
1916,7,127.360635,128.361636,1.0010010000000023,,,hard_brake,mitra_t5,data\raw\mitra\Data_T5\T5_DAll.csv,296.0,-17.1344125
1917,1,91.257882,92.425716,1.1678339999999992,,,hard_brake,mitra_t5,data\raw\mitra\Data_T5\T5_DAll.csv,297.0,-10.058933333333334
1918,3,77.844475,78.745376,0.9009009999999904,,,hard_brake,mitra_t5,data\raw\mitra\Data_T5\T5_DAll.csv,298.0,-17.5348625
1919,5,102.202155,103.002955,0.8007999999999953,,,hard_brake,mitra_t5,data\raw\mitra\Data_T5\T5_DAll.csv,300.0,-5.786625000000001
1920,1,93.660284,94.427717,0.7674329999999969,,,hard_brake,mitra_t5,data\raw\mitra\Data_T5\T5_DAll.csv,302.0,-17.888862500000002
1921,7,129.162436,129.863137,0.7007009999999809,,,hard_brake,mitra_t5,data\raw\mitra\Data_T5\T5_DAll.csv,303.0,-7.5838125
1922,4,109.042325,109.843126,0.8008009999999928,,,hard_brake,mitra_t5,data\raw\mitra\Data_T5\T5_DAll.csv,304.0,-26.08645
1923,3,83.516812,84.417712,0.9008999999999929,,,hard_brake,mitra_t5,data\raw\mitra\Data_T5\T5_DAll.csv,310.0,-57.8785875
1924,2,88.021314,88.922215,0.9009009999999904,,,hard_brake,mitra_t5,data\raw\mitra\Data_T5\T5_DAll.csv,311.0,-6.671273333333334
1925,1,99.766387,100.600554,0.8341670000000079,,,hard_brake,mitra_t5,data\raw\mitra\Data_T5\T5_DAll.csv,312.0,-23.947687499999997
1926,4,112.21216,112.846127,0.6339669999999984,,,hard_brake,mitra_t5,data\raw\mitra\Data_T5\T5_DAll.csv,316.0,-8.416725
1927,3,90.623915,91.591549,0.9676340000000039,,,hard_brake,mitra_t5,data\raw\mitra\Data_T5\T5_DAll.csv,317.0,-6.68218
1928,7,137.137074,137.871141,0.7340669999999818,,,hard_brake,mitra_t5,data\raw\mitra\Data_T5\T5_DAll.csv,318.0,-8.9181375
1929,3,85.618913,86.419713,0.8007999999999953,,,hard_brake,mitra_t5,data\raw\mitra\Data_T5\T5_DAll.csv,319.0,-11.0695875
1930,4,113.680295,114.347628,0.6673329999999993,,,hard_brake,mitra_t5,data\raw\mitra\Data_T5\T5_DAll.csv,320.0,-12.745987499999998
1931,1,60.960933,61.695,0.7340670000000031,,,hard_brake,mitra_t5,data\raw\mitra\Data_T5\T5_DAll.csv,321.0,-12.1428
1932,1,106.206157,107.107058,0.9009009999999904,,,hard_brake,mitra_t5,data\raw\mitra\Data_T5\T5_DAll.csv,321.0,-18.3944875
1933,1,94.894851,95.528818,0.6339669999999984,,,hard_brake,mitra_t5,data\raw\mitra\Data_T5\T5_DAll.csv,324.0,-5.627893333333333
1934,3,88.588548,89.255881,0.6673329999999993,,,hard_brake,mitra_t5,data\raw\mitra\Data_T5\T5_DAll.csv,325.0,-5.3739
1935,3,89.556182,90.423715,0.8675329999999946,,,hard_brake,mitra_t5,data\raw\mitra\Data_T5\T5_DAll.csv,328.0,-21.391012500000002
1936,2,100.600554,101.434721,0.8341669999999937,,,hard_brake,mitra_t5,data\raw\mitra\Data_T5\T5_DAll.csv,330.0,-5.056513333333333
1937,2,95.095051,95.929218,0.8341670000000079,,,hard_brake,mitra_t5,data\raw\mitra\Data_T5\T5_DAll.csv,331.0,-17.30255
1938,1,108.108058,108.942225,0.8341669999999937,,,hard_brake,mitra_t5,data\raw\mitra\Data_T5\T5_DAll.csv,332.0,-14.059525
1939,4,114.981595,115.682296,0.7007009999999951,,,hard_brake,mitra_t5,data\raw\mitra\Data_T5\T5_DAll.csv,334.0,-12.906112499999999
1940,5,115.648929,116.349629,0.7006999999999977,,,hard_brake,mitra_t5,data\raw\mitra\Data_T5\T5_DAll.csv,336.0,-4.9042900000000005
1941,4,91.257882,92.525816,1.267934000000011,,,hard_brake,mitra_t5,data\raw\mitra\Data_T5\T5_DAll.csv,339.0,-4.6186799999999995
1942,4,115.982596,116.85013,0.867533999999992,,,hard_brake,mitra_t5,data\raw\mitra\Data_T5\T5_DAll.csv,339.0,-19.5816125
1943,7,124.557834,125.024967,0.467133000000004,,,hard_brake,mitra_t5,data\raw\mitra\Data_T5\T5_DAll.csv,344.0,-6.0377374999999995
1944,1,101.568188,102.435722,0.867533999999992,,,hard_brake,mitra_t5,data\raw\mitra\Data_T5\T5_DAll.csv,345.0,-18.354850000000003
1945,4,117.95123,118.518464,0.5672339999999991,,,hard_brake,mitra_t5,data\raw\mitra\Data_T5\T5_DAll.csv,350.0,-5.978275
1946,3,97.931219,98.765386,0.8341670000000079,,,hard_brake,mitra_t5,data\raw\mitra\Data_T5\T5_DAll.csv,351.0,-32.4436625
1947,2,107.807758,108.608558,0.8007999999999953,,,hard_brake,mitra_t5,data\raw\mitra\Data_T5\T5_DAll.csv,352.0,-16.5719
1948,3,102.402355,103.103055,0.7006999999999977,,,hard_brake,mitra_t5,data\raw\mitra\Data_T5\T5_DAll.csv,355.0,-10.338799999999999
1949,1,109.542826,110.276893,0.734066999999996,,,hard_brake,mitra_t5,data\raw\mitra\Data_T5\T5_DAll.csv,357.0,-15.813012500000001
1950,7,148.84878,149.716314,0.8675340000000062,,,hard_brake,mitra_t5,data\raw\mitra\Data_T5\T5_DAll.csv,359.0,-16.2988125
1951,3,102.969589,103.770389,0.8007999999999953,,,hard_brake,mitra_t5,data\raw\mitra\Data_T5\T5_DAll.csv,361.0,-19.196412499999997
1952,3,105.638924,106.606557,0.9676329999999922,,,hard_brake,mitra_t5,data\raw\mitra\Data_T5\T5_DAll.csv,362.0,-25.3384125
1953,2,108.975592,109.609559,0.6339669999999984,,,hard_brake,mitra_t5,data\raw\mitra\Data_T5\T5_DAll.csv,364.0,-9.319775
1954,4,133.133072,133.700305,0.5672329999999874,,,hard_brake,mitra_t5,data\raw\mitra\Data_T5\T5_DAll.csv,365.0,-5.564987500000001
1955,1,111.21116,111.778393,0.5672329999999874,,,hard_brake,mitra_t5,data\raw\mitra\Data_T5\T5_DAll.csv,366.0,-8.184162500000001
1956,7,151.584848,152.385649,0.800801000000007,,,hard_brake,mitra_t5,data\raw\mitra\Data_T5\T5_DAll.csv,368.0,-16.746274999999997
1957,4,118.918864,119.686298,0.7674339999999944,,,hard_brake,mitra_t5,data\raw\mitra\Data_T5\T5_DAll.csv,369.0,-14.132312500000001
1958,2,112.045327,112.612561,0.5672339999999991,,,hard_brake,mitra_t5,data\raw\mitra\Data_T5\T5_DAll.csv,370.0,-5.669012500000001
1959,7,137.871141,138.705308,0.8341670000000079,,,hard_brake,mitra_t5,data\raw\mitra\Data_T5\T5_DAll.csv,371.0,-9.5644
1960,4,129.662936,130.363637,0.7007010000000093,,,hard_brake,mitra_t5,data\raw\mitra\Data_T5\T5_DAll.csv,372.0,-7.7955250000000005
1961,5,138.505108,139.372642,0.8675340000000062,,,hard_brake,mitra_t5,data\raw\mitra\Data_T5\T5_DAll.csv,375.0,-9.807825
1962,7,152.685949,153.319916,0.6339670000000126,,,hard_brake,mitra_t5,data\raw\mitra\Data_T5\T5_DAll.csv,377.0,-4.319073333333334
1963,6,155.822417,156.556484,0.7340670000000102,,,hard_brake,mitra_t5,data\raw\mitra\Data_T5\T5_DAll.csv,380.0,-13.177
1964,1,121.087698,122.288899,1.2012009999999975,,,hard_brake,mitra_t5,data\raw\mitra\Data_T5\T5_DAll.csv,381.0,-18.770013333333335
1965,1,125.692301,126.459735,0.7674339999999944,,,hard_brake,mitra_t5,data\raw\mitra\Data_T5\T5_DAll.csv,382.0,-13.8752875
1966,4,122.889499,123.6903,0.8008009999999928,,,hard_brake,mitra_t5,data\raw\mitra\Data_T5\T5_DAll.csv,383.0,-11.940212499999998
1967,7,143.243177,144.043978,0.800801000000007,,,hard_brake,mitra_t5,data\raw\mitra\Data_T5\T5_DAll.csv,384.0,-7.9259875
1968,4,123.456733,124.157433,0.7006999999999977,,,hard_brake,mitra_t5,data\raw\mitra\Data_T5\T5_DAll.csv,386.0,-4.299326666666667
1969,1,115.215162,116.116062,0.9008999999999929,,,hard_brake,mitra_t5,data\raw\mitra\Data_T5\T5_DAll.csv,387.0,-37.215225000000004
1970,5,151.351281,152.218815,0.8675340000000062,,,hard_brake,mitra_t5,data\raw\mitra\Data_T5\T5_DAll.csv,388.0,-30.803525
1971,2,119.619564,120.120065,0.5005009999999999,,,hard_brake,mitra_t5,data\raw\mitra\Data_T5\T5_DAll.csv,390.0,-8.8504875
1972,4,126.126068,126.860135,0.734066999999996,,,hard_brake,mitra_t5,data\raw\mitra\Data_T5\T5_DAll.csv,394.0,-6.331862499999999
1973,2,117.884497,118.618564,0.7340670000000102,,,hard_brake,mitra_t5,data\raw\mitra\Data_T5\T5_DAll.csv,395.0,-7.8850625
1974,5,143.376644,144.210811,0.8341670000000079,,,hard_brake,mitra_t5,data\raw\mitra\Data_T5\T5_DAll.csv,396.0,-13.47855
1975,4,128.094702,128.862136,0.7674339999999802,,,hard_brake,mitra_t5,data\raw\mitra\Data_T5\T5_DAll.csv,398.0,-20.900525000000002
1976,5,144.177444,145.044978,0.8675339999999778,,,hard_brake,mitra_t5,data\raw\mitra\Data_T5\T5_DAll.csv,399.0,-23.5146
1977,6,150.383648,151.217815,0.8341670000000079,,,hard_brake,mitra_t5,data\raw\mitra\Data_T5\T5_DAll.csv,400.0,-23.941662499999996
1978,3,117.584197,118.45173,0.8675329999999946,,,hard_brake,mitra_t5,data\raw\mitra\Data_T5\T5_DAll.csv,401.0,-45.8615125
1979,6,146.479745,147.213813,0.7340679999999793,,,hard_brake,mitra_t5,data\raw\mitra\Data_T5\T5_DAll.csv,403.0,-7.298500000000001
1980,3,118.818764,119.619564,0.8007999999999953,,,hard_brake,mitra_t5,data\raw\mitra\Data_T5\T5_DAll.csv,406.0,-35.4736375
1981,1,131.030971,131.965238,0.9342670000000055,,,hard_brake,mitra_t5,data\raw\mitra\Data_T5\T5_DAll.csv,408.0,-5.387133333333333
1982,7,154.38765,155.221817,0.8341669999999795,,,hard_brake,mitra_t5,data\raw\mitra\Data_T5\T5_DAll.csv,409.0,-6.2674875
1983,5,148.64858,149.883147,1.2345669999999984,,,hard_brake,mitra_t5,data\raw\mitra\Data_T5\T5_DAll.csv,410.0,-13.107106666666668
1984,3,119.252531,120.120065,0.867533999999992,,,hard_brake,mitra_t5,data\raw\mitra\Data_T5\T5_DAll.csv,412.0,-36.1182875
1985,3,119.953231,120.787398,0.8341669999999937,,,hard_brake,mitra_t5,data\raw\mitra\Data_T5\T5_DAll.csv,414.0,-17.2844875
1986,4,134.968239,135.86914,0.9009009999999762,,,hard_brake,mitra_t5,data\raw\mitra\Data_T5\T5_DAll.csv,415.0,-6.432433333333334
1987,2,131.965238,132.799405,0.8341670000000079,,,hard_brake,mitra_t5,data\raw\mitra\Data_T5\T5_DAll.csv,416.0,-24.249662500000003
1988,5,140.407009,140.874142,0.46713300000001823,,,hard_brake,mitra_t5,data\raw\mitra\Data_T5\T5_DAll.csv,418.0,-5.7396125
1989,4,136.403007,137.036974,0.6339669999999842,,,hard_brake,mitra_t5,data\raw\mitra\Data_T5\T5_DAll.csv,420.0,-8.5766375
1990,7,167.06699,167.901157,0.8341670000000079,,,hard_brake,mitra_t5,data\raw\mitra\Data_T5\T5_DAll.csv,422.0,-16.508049999999997
1991,5,150.650581,151.384648,0.7340670000000102,,,hard_brake,mitra_t5,data\raw\mitra\Data_T5\T5_DAll.csv,423.0,-14.181662499999998
1992,2,129.062336,129.62957,0.5672340000000133,,,hard_brake,mitra_t5,data\raw\mitra\Data_T5\T5_DAll.csv,424.0,-5.3284
1993,2,122.655933,123.456733,0.8007999999999953,,,hard_brake,mitra_t5,data\raw\mitra\Data_T5\T5_DAll.csv,426.0,-13.778425
1994,1,137.036974,137.804407,0.7674330000000111,,,hard_brake,mitra_t5,data\raw\mitra\Data_T5\T5_DAll.csv,427.0,-20.845837500000002
1995,3,124.357634,125.291901,0.9342669999999913,,,hard_brake,mitra_t5,data\raw\mitra\Data_T5\T5_DAll.csv,429.0,-28.5666
1996,5,159.626219,160.393653,0.7674340000000086,,,hard_brake,mitra_t5,data\raw\mitra\Data_T5\T5_DAll.csv,430.0,-14.151912499999998
1997,2,131.030971,131.798404,0.7674330000000111,,,hard_brake,mitra_t5,data\raw\mitra\Data_T5\T5_DAll.csv,432.0,-18.401437499999997
1998,4,141.574843,142.542477,0.9676340000000039,,,hard_brake,mitra_t5,data\raw\mitra\Data_T5\T5_DAll.csv,433.0,-10.5343875
1999,6,158.191452,158.892152,0.7007000000000119,,,hard_brake,mitra_t5,data\raw\mitra\Data_T5\T5_DAll.csv,437.0,-11.803312499999999
2000,2,136.536473,137.137074,0.6006010000000117,,,hard_brake,mitra_t5,data\raw\mitra\Data_T5\T5_DAll.csv,438.0,-4.922124999999999
2001,3,126.693302,127.794402,1.1011000000000024,,,hard_brake,mitra_t5,data\raw\mitra\Data_T5\T5_DAll.csv,439.0,-6.977413333333333
2002,5,156.089351,156.723318,0.6339670000000126,,,hard_brake,mitra_t5,data\raw\mitra\Data_T5\T5_DAll.csv,440.0,-8.25165
2003,4,145.211811,145.879145,0.6673339999999826,,,hard_brake,mitra_t5,data\raw\mitra\Data_T5\T5_DAll.csv,441.0,-12.632012499999998
2004,7,173.339927,174.073994,0.7340670000000102,,,hard_brake,mitra_t5,data\raw\mitra\Data_T5\T5_DAll.csv,445.0,-12.960625
2005,3,128.962236,129.596203,0.6339670000000126,,,hard_brake,mitra_t5,data\raw\mitra\Data_T5\T5_DAll.csv,446.0,-4.8743533333333335
2006,4,148.24818,149.04898,0.8008000000000095,,,hard_brake,mitra_t5,data\raw\mitra\Data_T5\T5_DAll.csv,448.0,-22.041949999999996
2007,4,160.093353,161.060987,0.9676340000000039,,,hard_brake,mitra_t5,data\raw\mitra\Data_T5\T5_DAll.csv,449.0,-9.633787499999999
2008,7,175.208461,176.242828,1.0343670000000031,,,hard_brake,mitra_t5,data\raw\mitra\Data_T5\T5_DAll.csv,450.0,-7.335773333333334
2009,3,132.532471,133.400005,0.8675340000000062,,,hard_brake,mitra_t5,data\raw\mitra\Data_T5\T5_DAll.csv,451.0,-5.2473
2010,7,169.035624,169.736325,0.7007009999999809,,,hard_brake,mitra_t5,data\raw\mitra\Data_T5\T5_DAll.csv,452.0,-10.062575000000002
2011,4,149.516114,150.216814,0.7007000000000119,,,hard_brake,mitra_t5,data\raw\mitra\Data_T5\T5_DAll.csv,454.0,-9.702212499999998
2012,5,157.557485,158.391652,0.8341669999999795,,,hard_brake,mitra_t5,data\raw\mitra\Data_T5\T5_DAll.csv,456.0,-10.259087500000001
2013,4,151.418015,152.385649,0.9676340000000039,,,hard_brake,mitra_t5,data\raw\mitra\Data_T5\T5_DAll.csv,459.0,-13.5396
2014,4,154.08735,154.721317,0.6339670000000126,,,hard_brake,mitra_t5,data\raw\mitra\Data_T5\T5_DAll.csv,462.0,-5.640537500000001
2015,5,160.794053,161.72832,0.9342670000000055,,,hard_brake,mitra_t5,data\raw\mitra\Data_T5\T5_DAll.csv,466.0,-9.46175
2016,4,156.489751,157.223818,0.7340669999999818,,,hard_brake,mitra_t5,data\raw\mitra\Data_T5\T5_DAll.csv,467.0,-8.0857625
2017,1,144.744678,145.812412,1.0677340000000015,,,hard_brake,mitra_t5,data\raw\mitra\Data_T5\T5_DAll.csv,470.0,-11.391653333333332
2018,1,154.68795,155.48875,0.8008000000000095,,,hard_brake,mitra_t5,data\raw\mitra\Data_T5\T5_DAll.csv,471.0,-23.2234625
2019,2,141.474743,142.30891,0.8341670000000079,,,hard_brake,mitra_t5,data\raw\mitra\Data_T5\T5_DAll.csv,472.0,-33.4898375
2020,2,147.247179,148.14808,0.9009010000000046,,,hard_brake,mitra_t5,data\raw\mitra\Data_T5\T5_DAll.csv,473.0,-31.7341375
2021,1,139.639575,140.306909,0.6673339999999826,,,hard_brake,mitra_t5,data\raw\mitra\Data_T5\T5_DAll.csv,475.0,-8.870325
2022,3,148.34828,148.982247,0.6339670000000126,,,hard_brake,mitra_t5,data\raw\mitra\Data_T5\T5_DAll.csv,476.0,-7.090849999999999
2023,4,158.258185,159.058986,0.800801000000007,,,hard_brake,mitra_t5,data\raw\mitra\Data_T5\T5_DAll.csv,477.0,-14.9066625
2024,3,138.471741,139.305908,0.8341669999999795,,,hard_brake,mitra_t5,data\raw\mitra\Data_T5\T5_DAll.csv,479.0,-16.173450000000003
2025,7,179.612863,180.079997,0.4671339999999873,,,hard_brake,mitra_t5,data\raw\mitra\Data_T5\T5_DAll.csv,481.0,-5.6213875
2026,6,183.416665,184.417666,1.0010010000000023,,,hard_brake,mitra_t5,data\raw\mitra\Data_T5\T5_DAll.csv,482.0,-23.40325
2027,3,143.00961,143.977244,0.9676340000000039,,,hard_brake,mitra_t5,data\raw\mitra\Data_T5\T5_DAll.csv,484.0,-22.470062500000004
2028,1,143.676944,144.277544,0.6006000000000142,,,hard_brake,mitra_t5,data\raw\mitra\Data_T5\T5_DAll.csv,485.0,-5.242193333333334
2029,3,142.041976,142.80941,0.7674340000000086,,,hard_brake,mitra_t5,data\raw\mitra\Data_T5\T5_DAll.csv,488.0,-13.3232625
2030,5,172.405659,173.239827,0.8341679999999769,,,hard_brake,mitra_t5,data\raw\mitra\Data_T5\T5_DAll.csv,490.0,-10.6723
2031,4,162.262187,163.229821,0.9676339999999755,,,hard_brake,mitra_t5,data\raw\mitra\Data_T5\T5_DAll.csv,491.0,-5.87108
2032,6,169.235824,170.069992,0.8341680000000053,,,hard_brake,mitra_t5,data\raw\mitra\Data_T5\T5_DAll.csv,492.0,-18.066737500000002
2033,5,163.062988,163.730321,0.6673330000000135,,,hard_brake,mitra_t5,data\raw\mitra\Data_T5\T5_DAll.csv,493.0,-11.6086625
2034,3,147.280546,148.14808,0.8675340000000062,,,hard_brake,mitra_t5,data\raw\mitra\Data_T5\T5_DAll.csv,494.0,-5.085893333333333
2035,4,164.364288,165.231822,0.8675340000000062,,,hard_brake,mitra_t5,data\raw\mitra\Data_T5\T5_DAll.csv,495.0,-9.192699999999999
2036,7,184.784699,185.418666,0.6339670000000126,,,hard_brake,mitra_t5,data\raw\mitra\Data_T5\T5_DAll.csv,498.0,-10.1283
2037,3,145.612212,146.646579,1.0343670000000031,,,hard_brake,mitra_t5,data\raw\mitra\Data_T5\T5_DAll.csv,499.0,-14.270124999999998
2038,7,189.689602,190.423669,0.7340669999999818,,,hard_brake,mitra_t5,data\raw\mitra\Data_T5\T5_DAll.csv,500.0,-10.856874999999999
2039,2,152.986249,153.653583,0.667334000000011,,,hard_brake,mitra_t5,data\raw\mitra\Data_T5\T5_DAll.csv,503.0,-10.662350000000002
2040,4,170.537125,171.070992,0.5338669999999865,,,hard_brake,mitra_t5,data\raw\mitra\Data_T5\T5_DAll.csv,504.0,-7.9045499999999995
2041,6,194.360938,195.261838,0.9009000000000071,,,hard_brake,mitra_t5,data\raw\mitra\Data_T5\T5_DAll.csv,507.0,-17.476987499999996
2042,4,173.80706,174.574494,0.7674339999999802,,,hard_brake,mitra_t5,data\raw\mitra\Data_T5\T5_DAll.csv,508.0,-13.0918
2043,3,150.417014,151.317915,0.9009010000000046,,,hard_brake,mitra_t5,data\raw\mitra\Data_T5\T5_DAll.csv,511.0,-31.377812499999997
2044,5,180.413664,181.080997,0.6673329999999851,,,hard_brake,mitra_t5,data\raw\mitra\Data_T5\T5_DAll.csv,512.0,-10.511375000000001
2045,7,194.961538,195.929172,0.9676340000000039,,,hard_brake,mitra_t5,data\raw\mitra\Data_T5\T5_DAll.csv,513.0,-5.267286666666666
2046,7,201.267842,202.268842,1.0010000000000048,,,hard_brake,mitra_t5,data\raw\mitra\Data_T5\T5_DAll.csv,515.0,-7.526293333333333
2047,5,182.248831,183.082999,0.8341680000000053,,,hard_brake,mitra_t5,data\raw\mitra\Data_T5\T5_DAll.csv,516.0,-14.673725
2048,3,151.317915,152.152082,0.8341670000000079,,,hard_brake,mitra_t5,data\raw\mitra\Data_T5\T5_DAll.csv,518.0,-24.3386625
2049,2,159.926519,161.161087,1.234567999999996,,,hard_brake,mitra_t5,data\raw\mitra\Data_T5\T5_DAll.csv,519.0,-19.2345625
2050,6,190.223469,190.924169,0.7007000000000119,,,hard_brake,mitra_t5,data\raw\mitra\Data_T5\T5_DAll.csv,520.0,-11.809700000000001
2051,5,184.751333,185.251833,0.5005000000000166,,,hard_brake,mitra_t5,data\raw\mitra\Data_T5\T5_DAll.csv,521.0,-5.8344249999999995
2052,2,167.834424,168.835424,1.0009999999999764,,,hard_brake,mitra_t5,data\raw\mitra\Data_T5\T5_DAll.csv,522.0,-14.732149999999999
2053,2,158.124718,158.825419,0.7007010000000093,,,hard_brake,mitra_t5,data\raw\mitra\Data_T5\T5_DAll.csv,523.0,-15.0490875
2054,2,168.968891,169.502758,0.5338669999999865,,,hard_brake,mitra_t5,data\raw\mitra\Data_T5\T5_DAll.csv,527.0,-9.1056125
2055,1,167.56749,168.501757,0.9342670000000055,,,hard_brake,mitra_t5,data\raw\mitra\Data_T5\T5_DAll.csv,528.0,-19.7098125
2056,6,192.292203,193.093004,0.800801000000007,,,hard_brake,mitra_t5,data\raw\mitra\Data_T5\T5_DAll.csv,529.0,-16.924387499999998
2057,3,146.613212,147.080346,0.4671339999999873,,,hard_brake,mitra_t5,data\raw\mitra\Data_T5\T5_DAll.csv,533.0,-5.288266666666667
2058,7,207.707612,208.608512,0.9008999999999787,,,hard_brake,mitra_t5,data\raw\mitra\Data_T5\T5_DAll.csv,535.0,-10.682225
2059,7,191.62487,192.42567,0.8008000000000095,,,hard_brake,mitra_t5,data\raw\mitra\Data_T5\T5_DAll.csv,537.0,-20.638124999999995
2060,5,187.954534,188.922168,0.9676340000000039,,,hard_brake,mitra_t5,data\raw\mitra\Data_T5\T5_DAll.csv,539.0,-26.931425
2061,4,197.897806,198.76534,0.8675340000000062,,,hard_brake,mitra_t5,data\raw\mitra\Data_T5\T5_DAll.csv,540.0,-10.116724999999999
2062,6,145.812412,146.880146,1.0677340000000015,,,hard_brake,mitra_t5,data\raw\mitra\Data_T5\T5_DAll.csv,541.0,-4.859226666666667
2063,7,208.875446,209.609513,0.7340669999999818,,,hard_brake,mitra_t5,data\raw\mitra\Data_T5\T5_DAll.csv,541.0,-12.044524999999998
2064,5,189.889802,190.590503,0.7007010000000093,,,hard_brake,mitra_t5,data\raw\mitra\Data_T5\T5_DAll.csv,542.0,-7.982712500000001
2065,4,181.815065,182.582498,0.7674329999999827,,,hard_brake,mitra_t5,data\raw\mitra\Data_T5\T5_DAll.csv,543.0,-8.875150000000001
2066,7,210.310213,211.111014,0.800801000000007,,,hard_brake,mitra_t5,data\raw\mitra\Data_T5\T5_DAll.csv,546.0,-9.8062125
2067,5,205.872444,206.773345,0.9009010000000046,,,hard_brake,mitra_t5,data\raw\mitra\Data_T5\T5_DAll.csv,548.0,-14.783724999999999
2068,4,185.652233,186.419667,0.7674340000000086,,,hard_brake,mitra_t5,data\raw\mitra\Data_T5\T5_DAll.csv,550.0,-17.6963875
2069,4,188.855435,189.589502,0.7340670000000102,,,hard_brake,mitra_t5,data\raw\mitra\Data_T5\T5_DAll.csv,552.0,-9.04805
2070,4,186.653234,187.487401,0.8341670000000079,,,hard_brake,mitra_t5,data\raw\mitra\Data_T5\T5_DAll.csv,553.0,-4.962073333333334
2071,6,215.482049,216.28285,0.800801000000007,,,hard_brake,mitra_t5,data\raw\mitra\Data_T5\T5_DAll.csv,554.0,-14.837712500000002
2072,5,192.692604,193.593504,0.9009000000000071,,,hard_brake,mitra_t5,data\raw\mitra\Data_T5\T5_DAll.csv,555.0,-13.522837500000001
2073,5,195.862439,197.430673,1.5682340000000181,,,hard_brake,mitra_t5,data\raw\mitra\Data_T5\T5_DAll.csv,557.0,-11.552933333333332
2074,6,155.28855,156.022617,0.7340670000000102,,,hard_brake,mitra_t5,data\raw\mitra\Data_T5\T5_DAll.csv,561.0,-4.876313333333333
2075,3,170.937525,171.504759,0.5672340000000133,,,hard_brake,mitra_t5,data\raw\mitra\Data_T5\T5_DAll.csv,562.0,-8.8464875
2076,4,191.658236,192.42567,0.7674340000000086,,,hard_brake,mitra_t5,data\raw\mitra\Data_T5\T5_DAll.csv,564.0,-9.344262500000001
2077,1,178.111363,178.912163,0.8007999999999811,,,hard_brake,mitra_t5,data\raw\mitra\Data_T5\T5_DAll.csv,566.0,-4.931126666666667
2078,5,200.800708,201.434675,0.6339670000000126,,,hard_brake,mitra_t5,data\raw\mitra\Data_T5\T5_DAll.csv,568.0,-7.362724999999999
2079,4,191.958537,193.093004,1.1344670000000008,,,hard_brake,mitra_t5,data\raw\mitra\Data_T5\T5_DAll.csv,569.0,-7.151693333333333
2080,1,199.799708,201.034275,1.2345669999999984,,,hard_brake,mitra_t5,data\raw\mitra\Data_T5\T5_DAll.csv,570.0,-18.187266666666666
2081,3,175.475394,176.342928,0.8675340000000062,,,hard_brake,mitra_t5,data\raw\mitra\Data_T5\T5_DAll.csv,573.0,-18.9
2082,2,196.596506,197.36394,0.7674340000000086,,,hard_brake,mitra_t5,data\raw\mitra\Data_T5\T5_DAll.csv,575.0,-9.161575000000001
2083,3,176.276195,177.177095,0.9009000000000071,,,hard_brake,mitra_t5,data\raw\mitra\Data_T5\T5_DAll.csv,576.0,-25.5931375
2084,4,195.929172,197.263839,1.334666999999996,,,hard_brake,mitra_t5,data\raw\mitra\Data_T5\T5_DAll.csv,578.0,-6.247093333333334
2085,5,201.935175,202.602509,0.667334000000011,,,hard_brake,mitra_t5,data\raw\mitra\Data_T5\T5_DAll.csv,579.0,-7.5458125
2086,1,181.147731,182.015265,0.8675340000000062,,,hard_brake,mitra_t5,data\raw\mitra\Data_T5\T5_DAll.csv,580.0,-10.6846
2087,3,178.111363,179.012263,0.9008999999999787,,,hard_brake,mitra_t5,data\raw\mitra\Data_T5\T5_DAll.csv,581.0,-10.517312500000001
2088,7,211.511414,212.445681,0.9342670000000055,,,hard_brake,mitra_t5,data\raw\mitra\Data_T5\T5_DAll.csv,582.0,-7.0504999999999995
2089,1,182.582498,183.183099,0.6006010000000117,,,hard_brake,mitra_t5,data\raw\mitra\Data_T5\T5_DAll.csv,583.0,-9.978737500000001
2090,2,202.535776,204.037276,1.501499999999993,,,hard_brake,mitra_t5,data\raw\mitra\Data_T5\T5_DAll.csv,584.0,-24.9160375
2091,1,189.656235,190.523769,0.8675339999999778,,,hard_brake,mitra_t5,data\raw\mitra\Data_T5\T5_DAll.csv,586.0,-23.271887500000002
2092,3,180.24683,181.181097,0.9342670000000055,,,hard_brake,mitra_t5,data\raw\mitra\Data_T5\T5_DAll.csv,587.0,-7.2028799999999995
2093,2,195.128372,196.029272,0.9008999999999787,,,hard_brake,mitra_t5,data\raw\mitra\Data_T5\T5_DAll.csv,588.0,-14.142062500000002
2094,1,192.32557,193.359937,1.0343670000000031,,,hard_brake,mitra_t5,data\raw\mitra\Data_T5\T5_DAll.csv,589.0,-8.483419999999999
2095,3,194.828072,195.528772,0.7007000000000119,,,hard_brake,mitra_t5,data\raw\mitra\Data_T5\T5_DAll.csv,591.0,-9.154250000000001
2096,1,185.752333,186.519767,0.7674340000000086,,,hard_brake,mitra_t5,data\raw\mitra\Data_T5\T5_DAll.csv,593.0,-24.1858
2097,7,225.191755,225.959188,0.7674330000000111,,,hard_brake,mitra_t5,data\raw\mitra\Data_T5\T5_DAll.csv,594.0,-11.097537500000001
2098,6,228.96219,229.629524,0.667334000000011,,,hard_brake,mitra_t5,data\raw\mitra\Data_T5\T5_DAll.csv,595.0,-8.85535
2099,7,222.789353,223.289853,0.5004999999999882,,,hard_brake,mitra_t5,data\raw\mitra\Data_T5\T5_DAll.csv,598.0,-5.302624999999999
2100,4,204.437677,205.10501,0.6673329999999851,,,hard_brake,mitra_t5,data\raw\mitra\Data_T5\T5_DAll.csv,600.0,-5.524800000000001
2101,7,229.796357,230.797358,1.0010010000000023,,,hard_brake,mitra_t5,data\raw\mitra\Data_T5\T5_DAll.csv,601.0,-26.5525125
2102,1,206.573144,207.373945,0.8008009999999786,,,hard_brake,mitra_t5,data\raw\mitra\Data_T5\T5_DAll.csv,602.0,-11.3979875
2103,2,189.722969,190.857436,1.1344670000000008,,,hard_brake,mitra_t5,data\raw\mitra\Data_T5\T5_DAll.csv,603.0,-8.7574875
2104,5,209.542779,210.276846,0.7340670000000102,,,hard_brake,mitra_t5,data\raw\mitra\Data_T5\T5_DAll.csv,604.0,-4.96255
2105,3,185.318566,186.352934,1.0343680000000006,,,hard_brake,mitra_t5,data\raw\mitra\Data_T5\T5_DAll.csv,605.0,-14.266425
2106,2,197.76434,198.531773,0.7674329999999827,,,hard_brake,mitra_t5,data\raw\mitra\Data_T5\T5_DAll.csv,606.0,-13.460400000000002
2107,3,189.689602,190.156736,0.4671339999999873,,,hard_brake,mitra_t5,data\raw\mitra\Data_T5\T5_DAll.csv,607.0,-4.4609266666666665
2108,3,191.82507,192.52577,0.7006999999999834,,,hard_brake,mitra_t5,data\raw\mitra\Data_T5\T5_DAll.csv,613.0,-6.794812499999999
2109,4,208.775346,209.442679,0.6673329999999851,,,hard_brake,mitra_t5,data\raw\mitra\Data_T5\T5_DAll.csv,614.0,-10.93985
2110,3,192.792704,193.693604,0.9009000000000071,,,hard_brake,mitra_t5,data\raw\mitra\Data_T5\T5_DAll.csv,615.0,-11.951500000000001
2111,3,193.560137,194.527771,0.9676340000000039,,,hard_brake,mitra_t5,data\raw\mitra\Data_T5\T5_DAll.csv,617.0,-13.281900000000002
2112,5,212.645881,213.446682,0.800801000000007,,,hard_brake,mitra_t5,data\raw\mitra\Data_T5\T5_DAll.csv,618.0,-10.1031125
2113,5,214.514415,215.115016,0.6006009999999833,,,hard_brake,mitra_t5,data\raw\mitra\Data_T5\T5_DAll.csv,620.0,-8.109275
2114,5,218.785351,219.452685,0.667334000000011,,,hard_brake,mitra_t5,data\raw\mitra\Data_T5\T5_DAll.csv,622.0,-10.62315
2115,3,196.262839,197.197106,0.9342669999999771,,,hard_brake,mitra_t5,data\raw\mitra\Data_T5\T5_DAll.csv,623.0,-20.5082375
2116,4,209.976546,210.777347,0.8008009999999786,,,hard_brake,mitra_t5,data\raw\mitra\Data_T5\T5_DAll.csv,624.0,-14.6074375
2117,1,210.310213,211.04428,0.7340669999999818,,,hard_brake,mitra_t5,data\raw\mitra\Data_T5\T5_DAll.csv,625.0,-17.7074
2118,4,199.232474,199.833074,0.6006000000000142,,,hard_brake,mitra_t5,data\raw\mitra\Data_T5\T5_DAll.csv,627.0,-4.746606666666667
2119,6,207.273845,208.374945,1.1011000000000024,,,hard_brake,mitra_t5,data\raw\mitra\Data_T5\T5_DAll.csv,627.0,-7.669933333333333
2120,2,204.10401,205.338577,1.2345669999999984,,,hard_brake,mitra_t5,data\raw\mitra\Data_T5\T5_DAll.csv,628.0,-12.11308
2121,4,212.312214,213.113015,0.8008009999999786,,,hard_brake,mitra_t5,data\raw\mitra\Data_T5\T5_DAll.csv,629.0,-11.132312500000001
2122,3,197.66424,198.36494,0.7006999999999834,,,hard_brake,mitra_t5,data\raw\mitra\Data_T5\T5_DAll.csv,630.0,-10.403624999999998
2123,5,220.253485,220.954186,0.7007009999999809,,,hard_brake,mitra_t5,data\raw\mitra\Data_T5\T5_DAll.csv,632.0,-7.387700000000001
2124,7,234.934826,236.136027,1.201201000000026,,,hard_brake,mitra_t5,data\raw\mitra\Data_T5\T5_DAll.csv,633.0,-15.832444444444446
2125,3,198.398307,199.199107,0.8008000000000095,,,hard_brake,mitra_t5,data\raw\mitra\Data_T5\T5_DAll.csv,634.0,-45.2446
2126,4,213.813715,214.781349,0.9676340000000039,,,hard_brake,mitra_t5,data\raw\mitra\Data_T5\T5_DAll.csv,636.0,-5.82674
2127,2,207.607512,208.208112,0.6005999999999858,,,hard_brake,mitra_t5,data\raw\mitra\Data_T5\T5_DAll.csv,640.0,-9.312925
2128,3,199.666241,200.533775,0.8675339999999778,,,hard_brake,mitra_t5,data\raw\mitra\Data_T5\T5_DAll.csv,642.0,-55.5440375
2129,5,182.248831,183.183099,0.934268000000003,,,hard_brake,mitra_t5,data\raw\mitra\Data_T5\T5_DAll.csv,643.0,-10.371739999999999
2130,5,184.484399,185.318566,0.8341670000000079,,,hard_brake,mitra_t5,data\raw\mitra\Data_T5\T5_DAll.csv,643.0,-25.03076666666667
2131,4,217.750984,218.284851,0.533867000000015,,,hard_brake,mitra_t5,data\raw\mitra\Data_T5\T5_DAll.csv,644.0,-6.7505749999999995
2132,1,204.737977,205.705611,0.9676340000000039,,,hard_brake,mitra_t5,data\raw\mitra\Data_T5\T5_DAll.csv,645.0,-13.072225
2133,2,208.274845,209.209113,0.934268000000003,,,hard_brake,mitra_t5,data\raw\mitra\Data_T5\T5_DAll.csv,646.0,-27.682337500000003
2134,3,201.134375,201.868442,0.7340669999999818,,,hard_brake,mitra_t5,data\raw\mitra\Data_T5\T5_DAll.csv,647.0,-12.081424999999998
2135,5,223.12302,223.790354,0.667334000000011,,,hard_brake,mitra_t5,data\raw\mitra\Data_T5\T5_DAll.csv,648.0,-10.371775
2136,2,209.876446,210.710613,0.8341670000000079,,,hard_brake,mitra_t5,data\raw\mitra\Data_T5\T5_DAll.csv,649.0,-20.063212500000002
2137,7,238.304862,239.639529,1.334666999999996,,,hard_brake,mitra_t5,data\raw\mitra\Data_T5\T5_DAll.csv,650.0,-11.90086
2138,21,185.718967,186.252834,0.533867000000015,,,hard_brake,mitra_t5,data\raw\mitra\Data_T5\T5_DAll.csv,653.0,-5.615266666666667
2139,3,193.860438,194.627871,0.7674330000000111,,,hard_brake,mitra_t5,data\raw\mitra\Data_T5\T5_DAll.csv,655.0,-7.853313333333333
2140,3,202.402309,203.036276,0.6339669999999842,,,hard_brake,mitra_t5,data\raw\mitra\Data_T5\T5_DAll.csv,655.0,-6.5286375
2141,4,219.319218,220.120018,0.8007999999999811,,,hard_brake,mitra_t5,data\raw\mitra\Data_T5\T5_DAll.csv,657.0,-14.556337500000001
2142,1,216.28285,217.217117,0.9342670000000055,,,hard_brake,mitra_t5,data\raw\mitra\Data_T5\T5_DAll.csv,658.0,-36.767337500000004
2143,7,239.973196,240.640529,0.6673329999999851,,,hard_brake,mitra_t5,data\raw\mitra\Data_T5\T5_DAll.csv,659.0,-7.926499999999999
2144,2,215.98255,216.716617,0.7340670000000102,,,hard_brake,mitra_t5,data\raw\mitra\Data_T5\T5_DAll.csv,661.0,-8.1502875
2145,6,221.888453,222.62252,0.7340670000000102,,,hard_brake,mitra_t5,data\raw\mitra\Data_T5\T5_DAll.csv,663.0,-15.427624999999999
2146,2,211.911814,212.545781,0.6339670000000126,,,hard_brake,mitra_t5,data\raw\mitra\Data_T5\T5_DAll.csv,664.0,-8.59045
2147,2,214.280849,215.048282,0.7674330000000111,,,hard_brake,mitra_t5,data\raw\mitra\Data_T5\T5_DAll.csv,665.0,-4.815153333333333
2148,3,205.405311,206.372944,0.967632999999978,,,hard_brake,mitra_t5,data\raw\mitra\Data_T5\T5_DAll.csv,667.0,-17.352175
2149,5,225.558788,226.459689,0.9009010000000046,,,hard_brake,mitra_t5,data\raw\mitra\Data_T5\T5_DAll.csv,668.0,-7.641866666666668
2150,6,241.14103,241.64153,0.5004999999999882,,,hard_brake,mitra_t5,data\raw\mitra\Data_T5\T5_DAll.csv,669.0,-6.715375
2151,1,218.084651,218.885451,0.8007999999999811,,,hard_brake,mitra_t5,data\raw\mitra\Data_T5\T5_DAll.csv,671.0,-9.072225
2152,7,243.076297,243.643531,0.5672339999999849,,,hard_brake,mitra_t5,data\raw\mitra\Data_T5\T5_DAll.csv,672.0,-7.6332875
2153,1,207.073645,208.041279,0.9676340000000039,,,hard_brake,mitra_t5,data\raw\mitra\Data_T5\T5_DAll.csv,674.0,-32.428062499999996
2154,3,207.540778,208.208112,0.667334000000011,,,hard_brake,mitra_t5,data\raw\mitra\Data_T5\T5_DAll.csv,675.0,-11.0740625
2155,2,208.842079,209.709613,0.8675339999999778,,,hard_brake,mitra_t5,data\raw\mitra\Data_T5\T5_DAll.csv,676.0,-13.1826375
2156,3,210.477047,211.377947,0.9009000000000071,,,hard_brake,mitra_t5,data\raw\mitra\Data_T5\T5_DAll.csv,677.0,-14.271362499999999
2157,4,227.227122,227.961189,0.7340669999999818,,,hard_brake,mitra_t5,data\raw\mitra\Data_T5\T5_DAll.csv,678.0,-15.3260625
2158,5,228.328223,229.129023,0.8007999999999811,,,hard_brake,mitra_t5,data\raw\mitra\Data_T5\T5_DAll.csv,681.0,-20.103462500000003
2159,3,212.645881,213.546782,0.9009010000000046,,,hard_brake,mitra_t5,data\raw\mitra\Data_T5\T5_DAll.csv,682.0,-52.9359
2160,4,228.76199,229.46269,0.7007000000000119,,,hard_brake,mitra_t5,data\raw\mitra\Data_T5\T5_DAll.csv,683.0,-5.38868
2161,1,211.44468,212.445681,1.0010010000000023,,,hard_brake,mitra_t5,data\raw\mitra\Data_T5\T5_DAll.csv,685.0,-6.588126666666667
2162,4,232.465692,233.133025,0.6673330000000135,,,hard_brake,mitra_t5,data\raw\mitra\Data_T5\T5_DAll.csv,689.0,-10.4111125
2163,7,247.814367,248.648534,0.8341670000000079,,,hard_brake,mitra_t5,data\raw\mitra\Data_T5\T5_DAll.csv,690.0,-5.90722
2164,4,234.267493,234.80136,0.5338669999999865,,,hard_brake,mitra_t5,data\raw\mitra\Data_T5\T5_DAll.csv,691.0,-7.94815
2165,5,232.031925,232.799359,0.7674340000000086,,,hard_brake,mitra_t5,data\raw\mitra\Data_T5\T5_DAll.csv,692.0,-18.0701375
2166,7,256.456338,256.990205,0.5338669999999865,,,hard_brake,mitra_t5,data\raw\mitra\Data_T5\T5_DAll.csv,693.0,-4.5856625
2167,2,219.018918,220.553785,1.5348669999999913,,,hard_brake,mitra_t5,data\raw\mitra\Data_T5\T5_DAll.csv,694.0,-27.385355555555556
2168,3,213.980548,214.714616,0.7340680000000077,,,hard_brake,mitra_t5,data\raw\mitra\Data_T5\T5_DAll.csv,695.0,-19.6417375
2169,4,224.357587,225.258488,0.9009010000000046,,,hard_brake,mitra_t5,data\raw\mitra\Data_T5\T5_DAll.csv,697.0,-3.9819999999999998
2170,5,235.935827,236.636527,0.7007000000000119,,,hard_brake,mitra_t5,data\raw\mitra\Data_T5\T5_DAll.csv,700.0,-8.7515875
2171,1,232.265492,233.566792,1.3012999999999977,,,hard_brake,mitra_t5,data\raw\mitra\Data_T5\T5_DAll.csv,703.0,-18.123846666666665
2172,3,221.087652,221.888453,0.800801000000007,,,hard_brake,mitra_t5,data\raw\mitra\Data_T5\T5_DAll.csv,705.0,-19.807225
2173,7,254.42097,254.988204,0.5672339999999849,,,hard_brake,mitra_t5,data\raw\mitra\Data_T5\T5_DAll.csv,706.0,-4.012449999999999
2174,4,236.870094,237.370594,0.5005000000000166,,,hard_brake,mitra_t5,data\raw\mitra\Data_T5\T5_DAll.csv,708.0,-4.312893333333333
2175,7,240.440329,241.307863,0.8675340000000062,,,hard_brake,mitra_t5,data\raw\mitra\Data_T5\T5_DAll.csv,709.0,-10.2188375
2176,2,228.56179,229.229123,0.6673329999999851,,,hard_brake,mitra_t5,data\raw\mitra\Data_T5\T5_DAll.csv,710.0,-9.826362500000002
2177,7,247.013566,247.714267,0.7007010000000093,,,hard_brake,mitra_t5,data\raw\mitra\Data_T5\T5_DAll.csv,711.0,-4.4943
2178,4,228.328223,228.895457,0.5672339999999849,,,hard_brake,mitra_t5,data\raw\mitra\Data_T5\T5_DAll.csv,713.0,-4.37452
2179,2,225.792355,226.559789,0.7674340000000086,,,hard_brake,mitra_t5,data\raw\mitra\Data_T5\T5_DAll.csv,714.0,-7.222424999999999
2180,2,223.756987,224.724621,0.9676340000000039,,,hard_brake,mitra_t5,data\raw\mitra\Data_T5\T5_DAll.csv,715.0,-10.7955625
2181,4,241.44133,241.975197,0.533867000000015,,,hard_brake,mitra_t5,data\raw\mitra\Data_T5\T5_DAll.csv,717.0,-5.500837499999999
2182,6,261.427974,262.662541,1.23456699999997,,,hard_brake,mitra_t5,data\raw\mitra\Data_T5\T5_DAll.csv,718.0,-20.471325
2183,5,245.145032,246.646533,1.5015010000000188,,,hard_brake,mitra_t5,data\raw\mitra\Data_T5\T5_DAll.csv,719.0,-16.0208375
2184,6,264.998209,265.99921,1.0010010000000307,,,hard_brake,mitra_t5,data\raw\mitra\Data_T5\T5_DAll.csv,721.0,-12.460900000000002
2185,2,233.900459,234.90146,1.0010009999999738,,,hard_brake,mitra_t5,data\raw\mitra\Data_T5\T5_DAll.csv,723.0,-6.018120000000001
2186,5,249.182401,250.316868,1.1344670000000008,,,hard_brake,mitra_t5,data\raw\mitra\Data_T5\T5_DAll.csv,724.0,-9.95144
2187,7,266.032576,266.833377,0.8008009999999786,,,hard_brake,mitra_t5,data\raw\mitra\Data_T5\T5_DAll.csv,726.0,-15.180337500000002
2188,1,238.338228,239.739629,1.4014010000000212,,,hard_brake,mitra_t5,data\raw\mitra\Data_T5\T5_DAll.csv,727.0,-12.4018375
2189,2,231.097658,231.698258,0.6006000000000142,,,hard_brake,mitra_t5,data\raw\mitra\Data_T5\T5_DAll.csv,729.0,-5.5935266666666665
2190,6,254.654537,255.655538,1.0010010000000023,,,hard_brake,mitra_t5,data\raw\mitra\Data_T5\T5_DAll.csv,730.0,-8.284193333333334
2191,4,247.747633,248.815367,1.0677340000000015,,,hard_brake,mitra_t5,data\raw\mitra\Data_T5\T5_DAll.csv,731.0,-9.248553333333335
2192,6,270.203412,271.337879,1.1344669999999724,,,hard_brake,mitra_t5,data\raw\mitra\Data_T5\T5_DAll.csv,732.0,-10.8975
2193,5,247.2805,247.9812,0.7007000000000119,,,hard_brake,mitra_t5,data\raw\mitra\Data_T5\T5_DAll.csv,733.0,-12.396087500000002
2194,6,250.784002,251.484702,0.7007000000000119,,,hard_brake,mitra_t5,data\raw\mitra\Data_T5\T5_DAll.csv,736.0,-8.65375
2195,4,248.815367,249.649534,0.8341669999999795,,,hard_brake,mitra_t5,data\raw\mitra\Data_T5\T5_DAll.csv,737.0,-11.810712500000001
2196,3,234.200759,234.90146,0.7007009999999809,,,hard_brake,mitra_t5,data\raw\mitra\Data_T5\T5_DAll.csv,739.0,-13.820749999999999
2197,2,235.268493,236.069294,0.800801000000007,,,hard_brake,mitra_t5,data\raw\mitra\Data_T5\T5_DAll.csv,741.0,-4.592313333333333
2198,2,240.240129,241.074296,0.8341670000000079,,,hard_brake,mitra_t5,data\raw\mitra\Data_T5\T5_DAll.csv,743.0,-8.2798875
2199,3,234.968193,235.735627,0.7674339999999802,,,hard_brake,mitra_t5,data\raw\mitra\Data_T5\T5_DAll.csv,745.0,-6.214737499999999
2200,1,248.0813,249.249134,1.1678339999999992,,,hard_brake,mitra_t5,data\raw\mitra\Data_T5\T5_DAll.csv,746.0,-19.696475
2201,7,272.305513,272.806013,0.5004999999999882,,,hard_brake,mitra_t5,data\raw\mitra\Data_T5\T5_DAll.csv,747.0,-4.636353333333333
2202,2,249.382601,250.250135,0.8675340000000062,,,hard_brake,mitra_t5,data\raw\mitra\Data_T5\T5_DAll.csv,748.0,-19.2047875
2203,3,235.768994,236.569794,0.8008000000000095,,,hard_brake,mitra_t5,data\raw\mitra\Data_T5\T5_DAll.csv,749.0,-15.683525000000001
2204,4,252.218769,252.986203,0.7674339999999802,,,hard_brake,mitra_t5,data\raw\mitra\Data_T5\T5_DAll.csv,750.0,-12.349175
2205,5,256.623171,257.824372,1.201200999999969,,,hard_brake,mitra_t5,data\raw\mitra\Data_T5\T5_DAll.csv,751.0,-15.510173333333332
2206,2,246.746633,248.248134,1.5015009999999904,,,hard_brake,mitra_t5,data\raw\mitra\Data_T5\T5_DAll.csv,753.0,-17.283346666666667
2207,7,259.993207,260.827374,0.8341670000000363,,,hard_brake,mitra_t5,data\raw\mitra\Data_T5\T5_DAll.csv,756.0,-10.593449999999999
2208,3,238.905462,239.739629,0.8341670000000079,,,hard_brake,mitra_t5,data\raw\mitra\Data_T5\T5_DAll.csv,757.0,-24.666725
2209,7,277.544083,278.344883,0.8007999999999811,,,hard_brake,mitra_t5,data\raw\mitra\Data_T5\T5_DAll.csv,758.0,-10.7834375
2210,2,248.348234,249.082301,0.7340670000000102,,,hard_brake,mitra_t5,data\raw\mitra\Data_T5\T5_DAll.csv,759.0,-14.951112499999999
2211,5,261.361241,262.162041,0.8007999999999811,,,hard_brake,mitra_t5,data\raw\mitra\Data_T5\T5_DAll.csv,760.0,-12.746749999999999
2212,4,253.486703,254.32087,0.8341670000000079,,,hard_brake,mitra_t5,data\raw\mitra\Data_T5\T5_DAll.csv,761.0,-22.299287500000002
2213,6,258.525072,258.992206,0.4671339999999873,,,hard_brake,mitra_t5,data\raw\mitra\Data_T5\T5_DAll.csv,763.0,-6.651012499999999
2214,2,242.842731,243.576798,0.7340670000000102,,,hard_brake,mitra_t5,data\raw\mitra\Data_T5\T5_DAll.csv,764.0,-15.914724999999999
2215,3,239.672896,240.573796,0.9008999999999787,,,hard_brake,mitra_t5,data\raw\mitra\Data_T5\T5_DAll.csv,765.0,-8.6111875
2216,5,259.325873,259.826373,0.5004999999999882,,,hard_brake,mitra_t5,data\raw\mitra\Data_T5\T5_DAll.csv,766.0,-6.572887499999999
2217,1,252.685903,253.586803,0.9009000000000071,,,hard_brake,mitra_t5,data\raw\mitra\Data_T5\T5_DAll.csv,768.0,-5.6099
2218,4,256.222771,256.990205,0.7674339999999802,,,hard_brake,mitra_t5,data\raw\mitra\Data_T5\T5_DAll.csv,773.0,-6.0643
2219,3,249.649534,250.416968,0.7674340000000086,,,hard_brake,mitra_t5,data\raw\mitra\Data_T5\T5_DAll.csv,775.0,-10.803075000000002
2220,2,251.918469,252.752636,0.8341670000000079,,,hard_brake,mitra_t5,data\raw\mitra\Data_T5\T5_DAll.csv,776.0,-32.4287
2221,5,265.732276,266.833377,1.1011009999999715,,,hard_brake,mitra_t5,data\raw\mitra\Data_T5\T5_DAll.csv,777.0,-10.674162500000001
2222,1,255.188404,255.922471,0.7340670000000102,,,hard_brake,mitra_t5,data\raw\mitra\Data_T5\T5_DAll.csv,778.0,-13.452437500000002
2223,3,247.6809,248.5818,0.9008999999999787,,,hard_brake,mitra_t5,data\raw\mitra\Data_T5\T5_DAll.csv,780.0,-19.0704875
2224,7,283.917119,285.351887,1.4347679999999627,,,hard_brake,mitra_t5,data\raw\mitra\Data_T5\T5_DAll.csv,781.0,-14.831362500000001
2225,6,267.20041,267.667544,0.4671340000000441,,,hard_brake,mitra_t5,data\raw\mitra\Data_T5\T5_DAll.csv,782.0,-6.831474999999999
2226,2,253.686903,254.42097,0.7340670000000102,,,hard_brake,mitra_t5,data\raw\mitra\Data_T5\T5_DAll.csv,786.0,-8.2602625
2227,5,273.840381,274.674548,0.8341670000000363,,,hard_brake,mitra_t5,data\raw\mitra\Data_T5\T5_DAll.csv,793.0,-25.525174999999997
2228,3,252.118669,252.919469,0.8007999999999811,,,hard_brake,mitra_t5,data\raw\mitra\Data_T5\T5_DAll.csv,794.0,-18.9628375
2229,2,258.291506,259.092306,0.8007999999999811,,,hard_brake,mitra_t5,data\raw\mitra\Data_T5\T5_DAll.csv,796.0,-33.481137499999996
2230,3,252.952836,253.41997,0.4671340000000157,,,hard_brake,mitra_t5,data\raw\mitra\Data_T5\T5_DAll.csv,797.0,-4.449966666666667
2231,4,262.428975,263.329875,0.9009000000000356,,,hard_brake,mitra_t5,data\raw\mitra\Data_T5\T5_DAll.csv,799.0,-12.4194
2232,7,275.175048,276.009215,0.8341669999999795,,,hard_brake,mitra_t5,data\raw\mitra\Data_T5\T5_DAll.csv,800.0,-25.743025
2233,1,267.934478,268.768645,0.8341669999999795,,,hard_brake,mitra_t5,data\raw\mitra\Data_T5\T5_DAll.csv,801.0,-22.3615625
2234,2,266.80001,267.600811,0.8008010000000354,,,hard_brake,mitra_t5,data\raw\mitra\Data_T5\T5_DAll.csv,802.0,-9.271537499999999
2235,4,272.405613,273.33988,0.9342669999999771,,,hard_brake,mitra_t5,data\raw\mitra\Data_T5\T5_DAll.csv,805.0,-11.3076625
2236,1,270.937479,271.771646,0.8341669999999795,,,hard_brake,mitra_t5,data\raw\mitra\Data_T5\T5_DAll.csv,807.0,-23.1870125
2237,5,279.112317,280.346884,1.23456699999997,,,hard_brake,mitra_t5,data\raw\mitra\Data_T5\T5_DAll.csv,809.0,-9.019326666666666
2238,4,264.831376,265.331876,0.500500000000045,,,hard_brake,mitra_t5,data\raw\mitra\Data_T5\T5_DAll.csv,810.0,-9.689125
2239,5,278.745283,279.345884,0.6006010000000401,,,hard_brake,mitra_t5,data\raw\mitra\Data_T5\T5_DAll.csv,811.0,-5.6216125
2240,6,289.055589,289.856389,0.8007999999999811,,,hard_brake,mitra_t5,data\raw\mitra\Data_T5\T5_DAll.csv,812.0,-12.737937500000001
2241,1,278.27815,278.77865,0.500500000000045,,,hard_brake,mitra_t5,data\raw\mitra\Data_T5\T5_DAll.csv,813.0,-4.23304
2242,3,231.731625,232.298858,0.5672329999999874,,,hard_brake,mitra_t5,data\raw\mitra\Data_T5\T5_DAll.csv,814.0,-4.8181400000000005
2243,4,266.132677,266.833377,0.7006999999999834,,,hard_brake,mitra_t5,data\raw\mitra\Data_T5\T5_DAll.csv,815.0,-13.419749999999999
2244,1,253.186403,254.053937,0.8675339999999778,,,hard_brake,mitra_t5,data\raw\mitra\Data_T5\T5_DAll.csv,816.0,-6.338273333333333
2245,2,262.962842,264.264142,1.3012999999999693,,,hard_brake,mitra_t5,data\raw\mitra\Data_T5\T5_DAll.csv,817.0,-17.82162
2246,1,269.269145,270.303512,1.0343670000000316,,,hard_brake,mitra_t5,data\raw\mitra\Data_T5\T5_DAll.csv,818.0,-5.877326666666666
2247,1,279.546084,280.280151,0.7340669999999818,,,hard_brake,mitra_t5,data\raw\mitra\Data_T5\T5_DAll.csv,818.0,-14.925350000000002
2248,4,267.700911,268.334878,0.6339669999999842,,,hard_brake,mitra_t5,data\raw\mitra\Data_T5\T5_DAll.csv,819.0,-5.2187624999999995
2249,3,257.757639,258.591806,0.8341670000000363,,,hard_brake,mitra_t5,data\raw\mitra\Data_T5\T5_DAll.csv,820.0,-21.008125
2250,2,268.701911,269.269145,0.5672339999999849,,,hard_brake,mitra_t5,data\raw\mitra\Data_T5\T5_DAll.csv,821.0,-7.5833875
2251,2,265.064943,266.266143,1.2011999999999716,,,hard_brake,mitra_t5,data\raw\mitra\Data_T5\T5_DAll.csv,822.0,-15.324933333333332
2252,4,269.169045,269.836379,0.6673340000000394,,,hard_brake,mitra_t5,data\raw\mitra\Data_T5\T5_DAll.csv,823.0,-11.990987500000001
2253,1,258.458339,259.25914,0.8008009999999786,,,hard_brake,mitra_t5,data\raw\mitra\Data_T5\T5_DAll.csv,824.0,-8.547175000000001
2254,5,285.285154,285.952487,0.6673330000000419,,,hard_brake,mitra_t5,data\raw\mitra\Data_T5\T5_DAll.csv,826.0,-5.352046666666667
2255,3,252.018569,252.552436,0.5338669999999865,,,hard_brake,mitra_t5,data\raw\mitra\Data_T5\T5_DAll.csv,827.0,-5.17098
2256,1,269.536078,270.336879,0.8008010000000354,,,hard_brake,mitra_t5,data\raw\mitra\Data_T5\T5_DAll.csv,828.0,-4.57272
2257,3,244.644532,245.278499,0.6339670000000126,,,hard_brake,mitra_t5,data\raw\mitra\Data_T5\T5_DAll.csv,830.0,-6.52774
2258,4,273.873747,274.674548,0.8008010000000354,,,hard_brake,mitra_t5,data\raw\mitra\Data_T5\T5_DAll.csv,839.0,-9.925237500000001
2259,2,272.906114,274.107314,1.2011999999999716,,,hard_brake,mitra_t5,data\raw\mitra\Data_T5\T5_DAll.csv,842.0,-15.984100000000002
2260,3,265.365243,266.432977,1.067733999999973,,,hard_brake,mitra_t5,data\raw\mitra\Data_T5\T5_DAll.csv,843.0,-19.150687500000004
2261,4,275.441982,276.342882,0.9008999999999787,,,hard_brake,mitra_t5,data\raw\mitra\Data_T5\T5_DAll.csv,845.0,-17.473075
2262,7,299.065594,299.866395,0.8008010000000354,,,hard_brake,mitra_t5,data\raw\mitra\Data_T5\T5_DAll.csv,847.0,-9.8159
2263,3,266.733277,267.600811,0.8675340000000347,,,hard_brake,mitra_t5,data\raw\mitra\Data_T5\T5_DAll.csv,848.0,-8.607775
2264,3,275.608815,276.442982,0.8341669999999795,,,hard_brake,mitra_t5,data\raw\mitra\Data_T5\T5_DAll.csv,851.0,-17.8848625
2265,3,268.434978,269.269145,0.8341669999999795,,,hard_brake,mitra_t5,data\raw\mitra\Data_T5\T5_DAll.csv,852.0,-13.1541375
2266,4,278.77865,279.345884,0.5672339999999849,,,hard_brake,mitra_t5,data\raw\mitra\Data_T5\T5_DAll.csv,855.0,-5.9378375000000005
2267,4,281.214418,282.015218,0.8007999999999811,,,hard_brake,mitra_t5,data\raw\mitra\Data_T5\T5_DAll.csv,856.0,-11.939287499999999
2268,2,280.947485,281.948485,1.0010000000000332,,,hard_brake,mitra_t5,data\raw\mitra\Data_T5\T5_DAll.csv,858.0,-6.04678
2269,6,281.214418,282.015218,0.8007999999999811,,,hard_brake,mitra_t5,data\raw\mitra\Data_T5\T5_DAll.csv,860.0,-18.0179125
2270,1,281.714918,282.882752,1.1678339999999707,,,hard_brake,mitra_t5,data\raw\mitra\Data_T5\T5_DAll.csv,863.0,-8.338293333333333
2271,3,273.273147,274.274148,1.0010010000000307,,,hard_brake,mitra_t5,data\raw\mitra\Data_T5\T5_DAll.csv,864.0,-6.717020000000001
2272,4,283.049586,284.184053,1.1344670000000292,,,hard_brake,mitra_t5,data\raw\mitra\Data_T5\T5_DAll.csv,866.0,-10.4249375
2273,6,309.843033,310.710567,0.8675340000000347,,,hard_brake,mitra_t5,data\raw\mitra\Data_T5\T5_DAll.csv,867.0,-14.6758125
2274,2,286.786654,287.954488,1.1678340000000276,,,hard_brake,mitra_t5,data\raw\mitra\Data_T5\T5_DAll.csv,868.0,-9.672686666666666
2275,4,286.152687,287.020221,0.8675339999999778,,,hard_brake,mitra_t5,data\raw\mitra\Data_T5\T5_DAll.csv,869.0,-8.818312500000001
2276,2,283.616819,284.450986,0.8341669999999795,,,hard_brake,mitra_t5,data\raw\mitra\Data_T5\T5_DAll.csv,872.0,-12.021562500000002
2277,6,301.734929,302.702563,0.9676339999999755,,,hard_brake,mitra_t5,data\raw\mitra\Data_T5\T5_DAll.csv,874.0,-5.550146666666667
2278,4,288.721922,289.522722,0.8007999999999811,,,hard_brake,mitra_t5,data\raw\mitra\Data_T5\T5_DAll.csv,876.0,-4.5218
2279,2,284.884753,285.952487,1.06773400000003,,,hard_brake,mitra_t5,data\raw\mitra\Data_T5\T5_DAll.csv,878.0,-16.866525
2280,5,296.262793,297.030227,0.767434000000037,,,hard_brake,mitra_t5,data\raw\mitra\Data_T5\T5_DAll.csv,879.0,-17.739
2281,1,291.191057,292.292157,1.101099999999974,,,hard_brake,mitra_t5,data\raw\mitra\Data_T5\T5_DAll.csv,881.0,-9.128853333333332
2282,3,278.912117,279.946484,1.0343669999999747,,,hard_brake,mitra_t5,data\raw\mitra\Data_T5\T5_DAll.csv,885.0,-23.549887499999997
2283,4,292.05859,293.026224,0.9676340000000323,,,hard_brake,mitra_t5,data\raw\mitra\Data_T5\T5_DAll.csv,886.0,-8.175225
2284,6,311.311168,312.212068,0.9008999999999787,,,hard_brake,mitra_t5,data\raw\mitra\Data_T5\T5_DAll.csv,887.0,-10.121275
2285,3,282.282152,283.116319,0.8341669999999795,,,hard_brake,mitra_t5,data\raw\mitra\Data_T5\T5_DAll.csv,888.0,-9.657462500000001
2286,1,283.383252,284.284153,0.9009009999999762,,,hard_brake,mitra_t5,data\raw\mitra\Data_T5\T5_DAll.csv,890.0,-23.2288
2287,3,279.913117,280.780651,0.8675339999999778,,,hard_brake,mitra_t5,data\raw\mitra\Data_T5\T5_DAll.csv,891.0,-30.134299999999996
2288,6,307.207065,308.041232,0.8341669999999795,,,hard_brake,mitra_t5,data\raw\mitra\Data_T5\T5_DAll.csv,894.0,-27.870099999999997
2289,2,288.087955,288.621822,0.5338669999999865,,,hard_brake,mitra_t5,data\raw\mitra\Data_T5\T5_DAll.csv,895.0,-7.304174999999999
2290,5,301.034229,301.868396,0.8341670000000363,,,hard_brake,mitra_t5,data\raw\mitra\Data_T5\T5_DAll.csv,896.0,-15.120762500000001
2291,2,289.989856,290.790656,0.8008000000000379,,,hard_brake,mitra_t5,data\raw\mitra\Data_T5\T5_DAll.csv,898.0,-15.628375
2292,5,301.935129,302.702563,0.7674339999999802,,,hard_brake,mitra_t5,data\raw\mitra\Data_T5\T5_DAll.csv,899.0,-22.272375
2293,3,284.21742,285.11832,0.9008999999999787,,,hard_brake,mitra_t5,data\raw\mitra\Data_T5\T5_DAll.csv,900.0,-19.080887500000003
2294,1,294.160692,295.128325,0.9676330000000348,,,hard_brake,mitra_t5,data\raw\mitra\Data_T5\T5_DAll.csv,903.0,-7.948626666666667
2295,6,315.949137,317.050237,1.101099999999974,,,hard_brake,mitra_t5,data\raw\mitra\Data_T5\T5_DAll.csv,904.0,-22.015837500000004
2296,3,288.288155,289.122322,0.8341669999999795,,,hard_brake,mitra_t5,data\raw\mitra\Data_T5\T5_DAll.csv,907.0,-17.725725
2297,4,298.998861,299.866395,0.8675340000000347,,,hard_brake,mitra_t5,data\raw\mitra\Data_T5\T5_DAll.csv,908.0,-4.814066666666666
2298,3,290.890757,291.624824,0.7340669999999818,,,hard_brake,mitra_t5,data\raw\mitra\Data_T5\T5_DAll.csv,909.0,-11.288174999999999
2299,4,301.167695,301.701562,0.5338670000000434,,,hard_brake,mitra_t5,data\raw\mitra\Data_T5\T5_DAll.csv,912.0,-6.1781500000000005
2300,2,298.164694,299.532728,1.3680340000000228,,,hard_brake,mitra_t5,data\raw\mitra\Data_T5\T5_DAll.csv,916.0,-14.984346666666665
2301,2,299.866395,300.633828,0.7674329999999827,,,hard_brake,mitra_t5,data\raw\mitra\Data_T5\T5_DAll.csv,917.0,-9.351325
2302,5,317.684204,318.551738,0.8675339999999778,,,hard_brake,mitra_t5,data\raw\mitra\Data_T5\T5_DAll.csv,918.0,-8.30525
2303,4,302.669196,303.203063,0.5338669999999865,,,hard_brake,mitra_t5,data\raw\mitra\Data_T5\T5_DAll.csv,919.0,-5.965849999999999
2304,7,318.818672,319.719572,0.9009000000000356,,,hard_brake,mitra_t5,data\raw\mitra\Data_T5\T5_DAll.csv,920.0,-13.5022875
2305,2,300.466995,301.301162,0.8341669999999795,,,hard_brake,mitra_t5,data\raw\mitra\Data_T5\T5_DAll.csv,921.0,-10.857312499999999
2306,4,304.003864,305.038231,1.0343669999999747,,,hard_brake,mitra_t5,data\raw\mitra\Data_T5\T5_DAll.csv,922.0,-7.514555555555556
2307,3,293.593458,294.627825,1.0343669999999747,,,hard_brake,mitra_t5,data\raw\mitra\Data_T5\T5_DAll.csv,923.0,-5.850333333333333
2308,6,305.004864,305.872398,0.8675339999999778,,,hard_brake,mitra_t5,data\raw\mitra\Data_T5\T5_DAll.csv,925.0,-29.058325000000004
2309,2,302.73593,303.63683,0.9008999999999787,,,hard_brake,mitra_t5,data\raw\mitra\Data_T5\T5_DAll.csv,926.0,-33.087075
2310,3,294.894759,295.461992,0.5672329999999874,,,hard_brake,mitra_t5,data\raw\mitra\Data_T5\T5_DAll.csv,927.0,-7.3466375
2311,4,305.705565,306.239431,0.5338660000000459,,,hard_brake,mitra_t5,data\raw\mitra\Data_T5\T5_DAll.csv,928.0,-4.118013333333334
2312,3,295.295159,296.129326,0.8341669999999795,,,hard_brake,mitra_t5,data\raw\mitra\Data_T5\T5_DAll.csv,929.0,-13.279162499999998
2313,5,313.379902,314.214069,0.8341669999999795,,,hard_brake,mitra_t5,data\raw\mitra\Data_T5\T5_DAll.csv,930.0,-9.206949999999999
2314,6,267.634177,269.169045,1.5348679999999604,,,hard_brake,mitra_t5,data\raw\mitra\Data_T5\T5_DAll.csv,933.0,-18.390226666666667
2315,5,307.841032,308.374899,0.5338670000000434,,,hard_brake,mitra_t5,data\raw\mitra\Data_T5\T5_DAll.csv,933.0,-5.4604
2316,6,321.821673,322.722574,0.900901000000033,,,hard_brake,mitra_t5,data\raw\mitra\Data_T5\T5_DAll.csv,936.0,-24.571762500000002
2317,3,299.299161,299.966495,0.6673339999999826,,,hard_brake,mitra_t5,data\raw\mitra\Data_T5\T5_DAll.csv,937.0,-15.0215625
2318,6,278.044583,279.37925,1.3346670000000245,,,hard_brake,mitra_t5,data\raw\mitra\Data_T5\T5_DAll.csv,938.0,-7.20442
2319,6,285.852387,286.719921,0.8675339999999778,,,hard_brake,mitra_t5,data\raw\mitra\Data_T5\T5_DAll.csv,938.0,-5.392446666666667
2320,7,319.719572,320.386906,0.6673339999999826,,,hard_brake,mitra_t5,data\raw\mitra\Data_T5\T5_DAll.csv,938.0,-7.0175125000000005
2321,1,304.971497,306.306165,1.334668000000022,,,hard_brake,mitra_t5,data\raw\mitra\Data_T5\T5_DAll.csv,942.0,-15.302486666666669
2322,5,315.548736,316.049237,0.5005009999999857,,,hard_brake,mitra_t5,data\raw\mitra\Data_T5\T5_DAll.csv,943.0,-6.482687500000001
2323,2,307.307165,308.141332,0.8341669999999795,,,hard_brake,mitra_t5,data\raw\mitra\Data_T5\T5_DAll.csv,944.0,-40.770125
2324,5,322.722574,323.389907,0.6673329999999851,,,hard_brake,mitra_t5,data\raw\mitra\Data_T5\T5_DAll.csv,945.0,-7.626875
2325,1,301.768296,302.302163,0.5338669999999865,,,hard_brake,mitra_t5,data\raw\mitra\Data_T5\T5_DAll.csv,951.0,-6.4549
2326,3,300.900762,301.634829,0.7340670000000387,,,hard_brake,mitra_t5,data\raw\mitra\Data_T5\T5_DAll.csv,952.0,-10.9712
2327,2,308.541733,309.142333,0.6005999999999858,,,hard_brake,mitra_t5,data\raw\mitra\Data_T5\T5_DAll.csv,953.0,-6.684450000000001
2328,3,301.968496,302.802663,0.8341669999999795,,,hard_brake,mitra_t5,data\raw\mitra\Data_T5\T5_DAll.csv,955.0,-22.412325000000003
2329,2,309.309166,310.143334,0.8341679999999769,,,hard_brake,mitra_t5,data\raw\mitra\Data_T5\T5_DAll.csv,957.0,-17.4328875
2330,1,318.985505,320.487006,1.5015010000000188,,,hard_brake,mitra_t5,data\raw\mitra\Data_T5\T5_DAll.csv,959.0,-17.142513333333333
2331,3,303.870397,304.804664,0.9342669999999771,,,hard_brake,mitra_t5,data\raw\mitra\Data_T5\T5_DAll.csv,962.0,-12.146900000000002
2332,3,308.675199,309.476,0.8008009999999786,,,hard_brake,mitra_t5,data\raw\mitra\Data_T5\T5_DAll.csv,963.0,-21.277274999999996
2333,6,323.923774,324.891408,0.9676340000000323,,,hard_brake,mitra_t5,data\raw\mitra\Data_T5\T5_DAll.csv,966.0,-11.98955
2334,4,319.118972,319.719572,0.6006000000000427,,,hard_brake,mitra_t5,data\raw\mitra\Data_T5\T5_DAll.csv,968.0,-6.759775
2335,6,326.459642,327.227076,0.767434000000037,,,hard_brake,mitra_t5,data\raw\mitra\Data_T5\T5_DAll.csv,969.0,-21.4644375
2336,5,325.758942,326.559742,0.8008000000000379,,,hard_brake,mitra_t5,data\raw\mitra\Data_T5\T5_DAll.csv,970.0,-15.4846625
2337,2,313.046235,313.980502,0.9342669999999771,,,hard_brake,mitra_t5,data\raw\mitra\Data_T5\T5_DAll.csv,971.0,-19.2438875
2338,7,327.49401,328.39491,0.9008999999999787,,,hard_brake,mitra_t5,data\raw\mitra\Data_T5\T5_DAll.csv,974.0,-8.869475
2339,4,326.726576,327.227076,0.5004999999999882,,,hard_brake,mitra_t5,data\raw\mitra\Data_T5\T5_DAll.csv,975.0,-6.213425000000001
2340,1,327.39391,328.828677,1.434767000000022,,,hard_brake,mitra_t5,data\raw\mitra\Data_T5\T5_DAll.csv,978.0,-14.763493333333335
2341,6,336.102614,337.237081,1.1344669999999724,,,hard_brake,mitra_t5,data\raw\mitra\Data_T5\T5_DAll.csv,981.0,-20.177675
2342,2,320.787306,321.65484,0.8675339999999778,,,hard_brake,mitra_t5,data\raw\mitra\Data_T5\T5_DAll.csv,983.0,-16.815725
2343,4,330.296811,331.064245,0.767434000000037,,,hard_brake,mitra_t5,data\raw\mitra\Data_T5\T5_DAll.csv,984.0,-5.2588
2344,3,322.25544,322.822674,0.5672339999999849,,,hard_brake,mitra_t5,data\raw\mitra\Data_T5\T5_DAll.csv,989.0,-10.342474999999999
2345,2,303.703563,304.571097,0.8675340000000347,,,hard_brake,mitra_t5,data\raw\mitra\Data_T5\T5_DAll.csv,990.0,-7.259946666666666
2346,2,324.390908,325.158342,0.7674339999999802,,,hard_brake,mitra_t5,data\raw\mitra\Data_T5\T5_DAll.csv,990.0,-16.054812499999997
2347,3,316.01587,316.81667,0.8007999999999811,,,hard_brake,mitra_t5,data\raw\mitra\Data_T5\T5_DAll.csv,991.0,-20.6268375
2348,7,337.537382,338.071249,0.5338670000000434,,,hard_brake,mitra_t5,data\raw\mitra\Data_T5\T5_DAll.csv,992.0,-7.7680750000000005
2349,4,332.265445,332.899412,0.6339669999999842,,,hard_brake,mitra_t5,data\raw\mitra\Data_T5\T5_DAll.csv,996.0,-7.92605
2350,2,328.461643,329.162344,0.7007010000000378,,,hard_brake,mitra_t5,data\raw\mitra\Data_T5\T5_DAll.csv,997.0,-13.6106375
2351,7,338.805316,339.539383,0.7340669999999818,,,hard_brake,mitra_t5,data\raw\mitra\Data_T5\T5_DAll.csv,998.0,-4.977999999999999
2352,7,340.37355,341.107617,0.7340669999999818,,,hard_brake,mitra_t5,data\raw\mitra\Data_T5\T5_DAll.csv,999.0,-5.439493333333333
2353,2,332.866046,333.666846,0.8008000000000379,,,hard_brake,mitra_t5,data\raw\mitra\Data_T5\T5_DAll.csv,1000.0,-16.9973625
2354,4,323.623474,325.191708,1.5682340000000181,,,hard_brake,mitra_t5,data\raw\mitra\Data_T5\T5_DAll.csv,1001.0,-5.218193333333334
2355,3,319.953139,320.820673,0.8675339999999778,,,hard_brake,mitra_t5,data\raw\mitra\Data_T5\T5_DAll.csv,1002.0,-36.3674375
2356,7,342.075251,342.909418,0.8341670000000363,,,hard_brake,mitra_t5,data\raw\mitra\Data_T5\T5_DAll.csv,1004.0,-8.6666125
2357,2,329.429277,330.830678,1.4014009999999644,,,hard_brake,mitra_t5,data\raw\mitra\Data_T5\T5_DAll.csv,1005.0,-17.888160000000003
2358,1,293.827025,294.394258,0.5672329999999874,,,hard_brake,mitra_t5,data\raw\mitra\Data_T5\T5_DAll.csv,1007.0,-5.798726666666667
2359,1,335.802314,337.136981,1.3346669999999676,,,hard_brake,mitra_t5,data\raw\mitra\Data_T5\T5_DAll.csv,1007.0,-11.984733333333333
2360,7,333.433279,333.900413,0.4671339999999873,,,hard_brake,mitra_t5,data\raw\mitra\Data_T5\T5_DAll.csv,1008.0,-7.805600000000001
2361,3,318.751938,319.486005,0.7340669999999818,,,hard_brake,mitra_t5,data\raw\mitra\Data_T5\T5_DAll.csv,1009.0,-7.920933333333334
2362,3,300.099961,300.567095,0.4671339999999873,,,hard_brake,mitra_t5,data\raw\mitra\Data_T5\T5_DAll.csv,1011.0,-4.999866666666666
2363,3,324.123974,324.991508,0.8675340000000347,,,hard_brake,mitra_t5,data\raw\mitra\Data_T5\T5_DAll.csv,1011.0,-18.5247375
2364,2,330.830678,331.664845,0.8341670000000363,,,hard_brake,mitra_t5,data\raw\mitra\Data_T5\T5_DAll.csv,1012.0,-19.698762499999997
2365,2,333.63348,334.501013,0.8675329999999803,,,hard_brake,mitra_t5,data\raw\mitra\Data_T5\T5_DAll.csv,1013.0,-29.4523
2366,3,324.824675,325.658842,0.8341669999999795,,,hard_brake,mitra_t5,data\raw\mitra\Data_T5\T5_DAll.csv,1015.0,-14.6468
2367,4,327.060243,328.761944,1.7017010000000141,,,hard_brake,mitra_t5,data\raw\mitra\Data_T5\T5_DAll.csv,1016.0,-5.02548
2368,4,337.470648,338.238082,0.767434000000037,,,hard_brake,mitra_t5,data\raw\mitra\Data_T5\T5_DAll.csv,1016.0,-8.44185
2369,3,326.593109,327.49401,0.9009009999999762,,,hard_brake,mitra_t5,data\raw\mitra\Data_T5\T5_DAll.csv,1019.0,-9.927975
2370,3,325.525375,326.326176,0.8008009999999786,,,hard_brake,mitra_t5,data\raw\mitra\Data_T5\T5_DAll.csv,1021.0,-17.726225
2371,4,329.896411,331.397912,1.5015010000000188,,,hard_brake,mitra_t5,data\raw\mitra\Data_T5\T5_DAll.csv,1022.0,-5.180166666666667
2372,5,343.543385,344.244085,0.7006999999999834,,,hard_brake,mitra_t5,data\raw\mitra\Data_T5\T5_DAll.csv,1024.0,-11.621837500000002
2373,1,339.506016,340.67385,1.1678340000000276,,,hard_brake,mitra_t5,data\raw\mitra\Data_T5\T5_DAll.csv,1025.0,-10.050353333333334
2374,2,337.036881,337.670848,0.6339669999999842,,,hard_brake,mitra_t5,data\raw\mitra\Data_T5\T5_DAll.csv,1027.0,-10.0785125
2375,4,341.307817,342.242084,0.9342669999999771,,,hard_brake,mitra_t5,data\raw\mitra\Data_T5\T5_DAll.csv,1028.0,-5.700620000000001
2376,2,338.238082,338.838682,0.6005999999999858,,,hard_brake,mitra_t5,data\raw\mitra\Data_T5\T5_DAll.csv,1029.0,-5.5436499999999995
2377,10,322.65584,323.223074,0.5672339999999849,,,hard_brake,mitra_t5,data\raw\mitra\Data_T5\T5_DAll.csv,1030.0,-4.244560000000001
2378,1,343.910418,345.345186,1.4347680000000196,,,hard_brake,mitra_t5,data\raw\mitra\Data_T5\T5_DAll.csv,1032.0,-16.49688666666667
2379,7,351.851689,352.585756,0.7340669999999818,,,hard_brake,mitra_t5,data\raw\mitra\Data_T5\T5_DAll.csv,1034.0,-14.296949999999999
2380,3,331.097612,331.998512,0.9008999999999787,,,hard_brake,mitra_t5,data\raw\mitra\Data_T5\T5_DAll.csv,1035.0,-24.6478125
2381,2,338.738582,339.672849,0.9342669999999771,,,hard_brake,mitra_t5,data\raw\mitra\Data_T5\T5_DAll.csv,1040.0,-23.2461125
2382,5,349.482655,350.250088,0.7674329999999827,,,hard_brake,mitra_t5,data\raw\mitra\Data_T5\T5_DAll.csv,1041.0,-13.51975
2383,7,352.986157,353.75359,0.7674329999999827,,,hard_brake,mitra_t5,data\raw\mitra\Data_T5\T5_DAll.csv,1043.0,-11.938837500000002
2384,7,348.982154,350.083255,1.1011010000000283,,,hard_brake,mitra_t5,data\raw\mitra\Data_T5\T5_DAll.csv,1046.0,-12.757750000000001
2385,1,349.449288,350.183355,0.7340669999999818,,,hard_brake,mitra_t5,data\raw\mitra\Data_T5\T5_DAll.csv,1047.0,-7.2461
2386,5,351.251089,352.085256,0.8341670000000363,,,hard_brake,mitra_t5,data\raw\mitra\Data_T5\T5_DAll.csv,1048.0,-28.77065
2387,1,337.170348,338.004515,0.8341670000000363,,,hard_brake,mitra_t5,data\raw\mitra\Data_T5\T5_DAll.csv,1049.0,-23.208975000000002
2388,6,355.154991,356.089258,0.9342669999999771,,,hard_brake,mitra_t5,data\raw\mitra\Data_T5\T5_DAll.csv,1050.0,-13.453024999999998
2389,1,347.881054,349.182355,1.3013009999999667,,,hard_brake,mitra_t5,data\raw\mitra\Data_T5\T5_DAll.csv,1051.0,-25.643987500000005
2390,4,345.478653,346.079253,0.6005999999999858,,,hard_brake,mitra_t5,data\raw\mitra\Data_T5\T5_DAll.csv,1055.0,-7.082949999999999
2391,7,354.787958,355.588758,0.8007999999999811,,,hard_brake,mitra_t5,data\raw\mitra\Data_T5\T5_DAll.csv,1056.0,-29.100299999999997
2392,3,333.63348,334.501013,0.8675329999999803,,,hard_brake,mitra_t5,data\raw\mitra\Data_T5\T5_DAll.csv,1058.0,-34.6291375
2393,2,344.878052,345.512019,0.6339669999999842,,,hard_brake,mitra_t5,data\raw\mitra\Data_T5\T5_DAll.csv,1059.0,-15.19985
2394,3,333.900413,334.43428,0.5338669999999865,,,hard_brake,mitra_t5,data\raw\mitra\Data_T5\T5_DAll.csv,1060.0,-4.684566666666666
2395,7,357.123626,357.757593,0.6339669999999842,,,hard_brake,mitra_t5,data\raw\mitra\Data_T5\T5_DAll.csv,1061.0,-10.721962499999998
2396,4,346.880053,347.914421,1.034368000000029,,,hard_brake,mitra_t5,data\raw\mitra\Data_T5\T5_DAll.csv,1063.0,-11.2197
2397,3,339.205716,340.17335,0.9676340000000323,,,hard_brake,mitra_t5,data\raw\mitra\Data_T5\T5_DAll.csv,1064.0,-17.86245
2398,4,348.047887,348.915421,0.8675339999999778,,,hard_brake,mitra_t5,data\raw\mitra\Data_T5\T5_DAll.csv,1066.0,-17.637275
2399,7,361.594761,362.762595,1.1678339999999707,,,hard_brake,mitra_t5,data\raw\mitra\Data_T5\T5_DAll.csv,1068.0,-14.51256
2400,2,351.384556,352.018523,0.633967000000041,,,hard_brake,mitra_t5,data\raw\mitra\Data_T5\T5_DAll.csv,1069.0,-8.588375
2401,1,353.386557,354.354191,0.9676340000000323,,,hard_brake,mitra_t5,data\raw\mitra\Data_T5\T5_DAll.csv,1071.0,-6.941106666666667
2402,7,363.162995,363.930429,0.7674339999999802,,,hard_brake,mitra_t5,data\raw\mitra\Data_T5\T5_DAll.csv,1072.0,-20.748375
2403,3,348.615121,349.516021,0.9009000000000356,,,hard_brake,mitra_t5,data\raw\mitra\Data_T5\T5_DAll.csv,1074.0,-10.337887499999997
2404,3,343.710218,344.511019,0.8008009999999786,,,hard_brake,mitra_t5,data\raw\mitra\Data_T5\T5_DAll.csv,1076.0,-12.946824999999999
2405,4,352.418923,353.25309,0.8341669999999795,,,hard_brake,mitra_t5,data\raw\mitra\Data_T5\T5_DAll.csv,1077.0,-24.125224999999997
2406,1,358.157993,359.359193,1.2012000000000285,,,hard_brake,mitra_t5,data\raw\mitra\Data_T5\T5_DAll.csv,1078.0,-18.107093333333335
2407,3,347.41392,348.181354,0.7674339999999802,,,hard_brake,mitra_t5,data\raw\mitra\Data_T5\T5_DAll.csv,1079.0,-13.3633625
2408,3,344.711219,345.512019,0.8007999999999811,,,hard_brake,mitra_t5,data\raw\mitra\Data_T5\T5_DAll.csv,1080.0,-21.8068875
2409,7,378.444937,379.112271,0.6673340000000394,,,hard_brake,mitra_t5,data\raw\mitra\Data_T5\T5_DAll.csv,1082.0,-12.38415
2410,5,361.194361,362.095262,0.9009009999999762,,,hard_brake,mitra_t5,data\raw\mitra\Data_T5\T5_DAll.csv,1083.0,-16.6675125
2411,1,366.933431,367.700865,0.767434000000037,,,hard_brake,mitra_t5,data\raw\mitra\Data_T5\T5_DAll.csv,1086.0,-12.5038625
2412,2,353.45329,354.354191,0.900901000000033,,,hard_brake,mitra_t5,data\raw\mitra\Data_T5\T5_DAll.csv,1087.0,-52.52906250000001
2413,7,369.502665,370.436933,0.9342680000000314,,,hard_brake,mitra_t5,data\raw\mitra\Data_T5\T5_DAll.csv,1088.0,-32.9722875
2414,5,363.129629,363.930429,0.8007999999999811,,,hard_brake,mitra_t5,data\raw\mitra\Data_T5\T5_DAll.csv,1089.0,-24.0669625
2415,4,356.222725,357.090259,0.8675339999999778,,,hard_brake,mitra_t5,data\raw\mitra\Data_T5\T5_DAll.csv,1090.0,-21.015299999999996
2416,5,366.900064,367.600764,0.7007000000000403,,,hard_brake,mitra_t5,data\raw\mitra\Data_T5\T5_DAll.csv,1093.0,-6.8322875000000005
2417,3,350.583755,351.518022,0.9342669999999771,,,hard_brake,mitra_t5,data\raw\mitra\Data_T5\T5_DAll.csv,1095.0,-29.76585
2418,2,358.625126,359.526027,0.9009009999999762,,,hard_brake,mitra_t5,data\raw\mitra\Data_T5\T5_DAll.csv,1096.0,-19.093037499999998
2419,5,371.538033,372.2721,0.7340670000000387,,,hard_brake,mitra_t5,data\raw\mitra\Data_T5\T5_DAll.csv,1097.0,-14.94865
2420,6,380.713872,381.447939,0.7340670000000387,,,hard_brake,mitra_t5,data\raw\mitra\Data_T5\T5_DAll.csv,1099.0,-9.3158125
2421,2,352.285456,353.186357,0.9009009999999762,,,hard_brake,mitra_t5,data\raw\mitra\Data_T5\T5_DAll.csv,1101.0,-20.008425
2422,2,364.330829,365.03153,0.7007009999999809,,,hard_brake,mitra_t5,data\raw\mitra\Data_T5\T5_DAll.csv,1102.0,-13.216624999999999
2423,7,380.380205,381.281105,0.9009000000000356,,,hard_brake,mitra_t5,data\raw\mitra\Data_T5\T5_DAll.csv,1104.0,-15.644975000000002
2424,5,368.334832,369.102265,0.7674329999999827,,,hard_brake,mitra_t5,data\raw\mitra\Data_T5\T5_DAll.csv,1105.0,-10.156837500000002
2425,4,362.395562,363.263095,0.8675330000000372,,,hard_brake,mitra_t5,data\raw\mitra\Data_T5\T5_DAll.csv,1107.0,-15.267425000000001
2426,1,364.864696,366.03253,1.1678340000000276,,,hard_brake,mitra_t5,data\raw\mitra\Data_T5\T5_DAll.csv,1110.0,-7.795013333333333
2427,2,366.23273,367.367198,1.1344679999999698,,,hard_brake,mitra_t5,data\raw\mitra\Data_T5\T5_DAll.csv,1111.0,-17.573422222222224
2428,4,364.397563,365.265097,0.8675340000000347,,,hard_brake,mitra_t5,data\raw\mitra\Data_T5\T5_DAll.csv,1112.0,-18.82635
2429,6,383.24974,384.117273,0.8675330000000372,,,hard_brake,mitra_t5,data\raw\mitra\Data_T5\T5_DAll.csv,1113.0,-12.223962500000003
2430,4,368.001165,368.768598,0.7674329999999827,,,hard_brake,mitra_t5,data\raw\mitra\Data_T5\T5_DAll.csv,1114.0,-22.742562500000002
2431,3,362.795962,363.530029,0.7340670000000387,,,hard_brake,mitra_t5,data\raw\mitra\Data_T5\T5_DAll.csv,1115.0,-4.824190000000001
2432,7,381.781605,382.282106,0.5005009999999857,,,hard_brake,mitra_t5,data\raw\mitra\Data_T5\T5_DAll.csv,1116.0,-4.9939374999999995
2433,5,365.064896,365.765597,0.7007010000000378,,,hard_brake,mitra_t5,data\raw\mitra\Data_T5\T5_DAll.csv,1117.0,-9.97265
2434,1,377.143636,378.378204,1.2345679999999675,,,hard_brake,mitra_t5,data\raw\mitra\Data_T5\T5_DAll.csv,1118.0,-16.051146666666668
2435,2,372.705867,373.540034,0.8341669999999795,,,hard_brake,mitra_t5,data\raw\mitra\Data_T5\T5_DAll.csv,1119.0,-23.6159375
2436,2,373.306468,374.207368,0.9008999999999787,,,hard_brake,mitra_t5,data\raw\mitra\Data_T5\T5_DAll.csv,1121.0,-8.306988888888888
2437,4,369.736232,370.603766,0.8675340000000347,,,hard_brake,mitra_t5,data\raw\mitra\Data_T5\T5_DAll.csv,1122.0,-19.098075
2438,5,376.843336,377.61077,0.7674339999999802,,,hard_brake,mitra_t5,data\raw\mitra\Data_T5\T5_DAll.csv,1123.0,-7.8377
2439,1,371.337833,372.705867,1.3680340000000228,,,hard_brake,mitra_t5,data\raw\mitra\Data_T5\T5_DAll.csv,1124.0,-23.456062499999998
2440,2,378.945437,379.712871,0.7674339999999802,,,hard_brake,mitra_t5,data\raw\mitra\Data_T5\T5_DAll.csv,1126.0,-6.139111111111111
2441,4,371.137633,371.938433,0.8007999999999811,,,hard_brake,mitra_t5,data\raw\mitra\Data_T5\T5_DAll.csv,1129.0,-14.193462499999999
2442,7,390.924077,392.292111,1.368033999999966,,,hard_brake,mitra_t5,data\raw\mitra\Data_T5\T5_DAll.csv,1131.0,-12.637293333333332
2443,4,374.140635,374.941435,0.8008000000000379,,,hard_brake,mitra_t5,data\raw\mitra\Data_T5\T5_DAll.csv,1132.0,-9.796100000000001
2444,7,394.294112,395.128279,0.8341670000000363,,,hard_brake,mitra_t5,data\raw\mitra\Data_T5\T5_DAll.csv,1133.0,-24.4414125
2445,2,374.908068,375.708869,0.8008009999999786,,,hard_brake,mitra_t5,data\raw\mitra\Data_T5\T5_DAll.csv,1135.0,-4.743179999999999
2446,7,395.428579,396.296113,0.8675339999999778,,,hard_brake,mitra_t5,data\raw\mitra\Data_T5\T5_DAll.csv,1136.0,-15.9548375
2447,2,380.213371,381.548039,1.334668000000022,,,hard_brake,mitra_t5,data\raw\mitra\Data_T5\T5_DAll.csv,1137.0,-18.734053333333335
2448,3,374.073901,374.874702,0.8008010000000354,,,hard_brake,mitra_t5,data\raw\mitra\Data_T5\T5_DAll.csv,1138.0,-19.630612499999998
2449,5,386.052541,386.586408,0.5338669999999865,,,hard_brake,mitra_t5,data\raw\mitra\Data_T5\T5_DAll.csv,1139.0,-4.53714
2450,1,386.986808,387.887709,0.9009009999999762,,,hard_brake,mitra_t5,data\raw\mitra\Data_T5\T5_DAll.csv,1140.0,-35.74722499999999
2451,7,400.600416,401.267749,0.6673329999999851,,,hard_brake,mitra_t5,data\raw\mitra\Data_T5\T5_DAll.csv,1141.0,-11.985399999999998
2452,3,371.237733,372.205367,0.9676340000000323,,,hard_brake,mitra_t5,data\raw\mitra\Data_T5\T5_DAll.csv,1143.0,-6.422853333333334
2453,1,389.58941,390.056543,0.4671329999999898,,,hard_brake,mitra_t5,data\raw\mitra\Data_T5\T5_DAll.csv,1144.0,-5.679425
2454,7,399.065548,399.632782,0.5672340000000418,,,hard_brake,mitra_t5,data\raw\mitra\Data_T5\T5_DAll.csv,1146.0,-4.14782
2455,3,380.947438,381.714872,0.767434000000037,,,hard_brake,mitra_t5,data\raw\mitra\Data_T5\T5_DAll.csv,1149.0,-25.854275
2456,3,376.576403,377.544036,0.967632999999978,,,hard_brake,mitra_t5,data\raw\mitra\Data_T5\T5_DAll.csv,1150.0,-22.9430625
2457,7,402.702517,403.46995,0.7674329999999827,,,hard_brake,mitra_t5,data\raw\mitra\Data_T5\T5_DAll.csv,1151.0,-11.7613375
2458,2,387.153642,388.555042,1.4014000000000237,,,hard_brake,mitra_t5,data\raw\mitra\Data_T5\T5_DAll.csv,1157.0,-25.612162499999997
2459,3,378.745237,379.546038,0.8008010000000354,,,hard_brake,mitra_t5,data\raw\mitra\Data_T5\T5_DAll.csv,1158.0,-21.097699999999996
2460,5,392.158644,392.959445,0.8008010000000354,,,hard_brake,mitra_t5,data\raw\mitra\Data_T5\T5_DAll.csv,1159.0,-20.0539375
2461,5,403.36985,404.137284,0.767434000000037,,,hard_brake,mitra_t5,data\raw\mitra\Data_T5\T5_DAll.csv,1160.0,-10.1009375
2462,1,397.197014,398.731881,1.534866999999963,,,hard_brake,mitra_t5,data\raw\mitra\Data_T5\T5_DAll.csv,1162.0,-15.6002
2463,2,388.855343,390.056543,1.2011999999999716,,,hard_brake,mitra_t5,data\raw\mitra\Data_T5\T5_DAll.csv,1164.0,-27.8362625
2464,7,404.103917,404.971451,0.8675339999999778,,,hard_brake,mitra_t5,data\raw\mitra\Data_T5\T5_DAll.csv,1165.0,-28.0463
2465,1,378.41157,379.045537,0.633967000000041,,,hard_brake,mitra_t5,data\raw\mitra\Data_T5\T5_DAll.csv,1166.0,-6.454174999999999
2466,4,385.418574,386.119274,0.7007000000000403,,,hard_brake,mitra_t5,data\raw\mitra\Data_T5\T5_DAll.csv,1167.0,-6.961075000000001
2467,1,355.755591,356.222725,0.4671340000000441,,,hard_brake,mitra_t5,data\raw\mitra\Data_T5\T5_DAll.csv,1168.0,-5.378
2468,5,401.935083,402.635783,0.7006999999999834,,,hard_brake,mitra_t5,data\raw\mitra\Data_T5\T5_DAll.csv,1170.0,-15.640575
2469,7,405.305118,406.139285,0.8341669999999795,,,hard_brake,mitra_t5,data\raw\mitra\Data_T5\T5_DAll.csv,1173.0,-17.776125
2470,2,391.124277,392.392211,1.2679339999999684,,,hard_brake,mitra_t5,data\raw\mitra\Data_T5\T5_DAll.csv,1178.0,-26.132849999999998
2471,7,406.806619,407.473953,0.6673339999999826,,,hard_brake,mitra_t5,data\raw\mitra\Data_T5\T5_DAll.csv,1180.0,-8.917925
2472,3,384.95144,385.885708,0.9342680000000314,,,hard_brake,mitra_t5,data\raw\mitra\Data_T5\T5_DAll.csv,1181.0,-28.662850000000002
2473,2,400.300115,401.234383,0.9342679999999746,,,hard_brake,mitra_t5,data\raw\mitra\Data_T5\T5_DAll.csv,1183.0,-14.007
2474,1,401.334483,402.235383,0.9009000000000356,,,hard_brake,mitra_t5,data\raw\mitra\Data_T5\T5_DAll.csv,1189.0,-7.403437500000001
2475,4,393.793612,394.627779,0.8341669999999795,,,hard_brake,mitra_t5,data\raw\mitra\Data_T5\T5_DAll.csv,1190.0,-8.8108625
2476,7,407.707519,408.40822,0.7007009999999809,,,hard_brake,mitra_t5,data\raw\mitra\Data_T5\T5_DAll.csv,1191.0,-4.907726666666667
2477,5,400.500316,401.301116,0.8007999999999811,,,hard_brake,mitra_t5,data\raw\mitra\Data_T5\T5_DAll.csv,1194.0,-5.066813333333333
2478,5,406.206019,407.140286,0.9342669999999771,,,hard_brake,mitra_t5,data\raw\mitra\Data_T5\T5_DAll.csv,1196.0,-11.024087499999998
2479,2,402.86935,403.403217,0.5338669999999865,,,hard_brake,mitra_t5,data\raw\mitra\Data_T5\T5_DAll.csv,1197.0,-7.2717374999999995
2480,4,399.999815,400.800616,0.8008009999999786,,,hard_brake,mitra_t5,data\raw\mitra\Data_T5\T5_DAll.csv,1198.0,-18.1888625
2481,1,406.839986,407.574053,0.7340669999999818,,,hard_brake,mitra_t5,data\raw\mitra\Data_T5\T5_DAll.csv,1199.0,-9.308300000000001
2482,3,393.726879,394.561046,0.8341669999999795,,,hard_brake,mitra_t5,data\raw\mitra\Data_T5\T5_DAll.csv,1202.0,-30.281212500000002
2483,7,412.478955,413.146289,0.6673340000000394,,,hard_brake,mitra_t5,data\raw\mitra\Data_T5\T5_DAll.csv,1204.0,-9.441775
2484,1,403.336484,404.237384,0.9009000000000356,,,hard_brake,mitra_t5,data\raw\mitra\Data_T5\T5_DAll.csv,1205.0,-40.7655625
2485,2,406.506319,407.240386,0.7340669999999818,,,hard_brake,mitra_t5,data\raw\mitra\Data_T5\T5_DAll.csv,1206.0,-15.0304
2486,4,398.865348,399.632782,0.767434000000037,,,hard_brake,mitra_t5,data\raw\mitra\Data_T5\T5_DAll.csv,1208.0,-30.208475
2487,2,404.270751,405.071551,0.8007999999999811,,,hard_brake,mitra_t5,data\raw\mitra\Data_T5\T5_DAll.csv,1209.0,-20.0892625
2488,7,415.915724,416.649791,0.7340669999999818,,,hard_brake,mitra_t5,data\raw\mitra\Data_T5\T5_DAll.csv,1210.0,-5.556299999999999
2489,7,413.313122,414.14729,0.8341679999999769,,,hard_brake,mitra_t5,data\raw\mitra\Data_T5\T5_DAll.csv,1212.0,-17.591637499999997
2490,5,404.737884,405.471952,0.7340679999999793,,,hard_brake,mitra_t5,data\raw\mitra\Data_T5\T5_DAll.csv,1214.0,-13.767199999999999
2491,3,397.163647,397.897714,0.7340669999999818,,,hard_brake,mitra_t5,data\raw\mitra\Data_T5\T5_DAll.csv,1216.0,-17.3681125
2492,1,412.345489,413.746889,1.4014000000000237,,,hard_brake,mitra_t5,data\raw\mitra\Data_T5\T5_DAll.csv,1217.0,-14.6887375
2493,2,410.210021,410.910721,0.7007000000000403,,,hard_brake,mitra_t5,data\raw\mitra\Data_T5\T5_DAll.csv,1218.0,-10.9612625
2494,3,397.897714,398.731881,0.8341669999999795,,,hard_brake,mitra_t5,data\raw\mitra\Data_T5\T5_DAll.csv,1220.0,-31.741175000000002
2495,2,408.40822,409.40922,1.0010000000000332,,,hard_brake,mitra_t5,data\raw\mitra\Data_T5\T5_DAll.csv,1222.0,-22.935
2496,3,398.898715,399.732882,0.8341670000000363,,,hard_brake,mitra_t5,data\raw\mitra\Data_T5\T5_DAll.csv,1225.0,-31.540425
2497,1,398.698515,399.732882,1.0343670000000316,,,hard_brake,mitra_t5,data\raw\mitra\Data_T5\T5_DAll.csv,1226.0,-7.955890000000001
2498,3,400.233382,400.900716,0.6673339999999826,,,hard_brake,mitra_t5,data\raw\mitra\Data_T5\T5_DAll.csv,1227.0,-13.145362500000001
2499,4,405.405218,406.306119,0.900901000000033,,,hard_brake,mitra_t5,data\raw\mitra\Data_T5\T5_DAll.csv,1228.0,-32.367512500000004
2500,5,408.10792,409.142287,1.0343670000000316,,,hard_brake,mitra_t5,data\raw\mitra\Data_T5\T5_DAll.csv,1229.0,-14.1816375
2501,6,412.712522,413.479956,0.767434000000037,,,hard_brake,mitra_t5,data\raw\mitra\Data_T5\T5_DAll.csv,1230.0,-10.5439375
2502,3,400.934082,401.734883,0.8008010000000354,,,hard_brake,mitra_t5,data\raw\mitra\Data_T5\T5_DAll.csv,1232.0,-20.6701125
2503,1,399.966449,400.466949,0.5004999999999882,,,hard_brake,mitra_t5,data\raw\mitra\Data_T5\T5_DAll.csv,1235.0,-4.508173333333334
2504,5,411.511321,412.312122,0.8008009999999786,,,hard_brake,mitra_t5,data\raw\mitra\Data_T5\T5_DAll.csv,1237.0,-13.41535
2505,3,404.103917,404.904718,0.8008009999999786,,,hard_brake,mitra_t5,data\raw\mitra\Data_T5\T5_DAll.csv,1238.0,-34.002475
2506,7,420.68716,421.654794,0.9676339999999755,,,hard_brake,mitra_t5,data\raw\mitra\Data_T5\T5_DAll.csv,1240.0,-15.3164875
2507,5,410.343487,411.311121,0.9676340000000323,,,hard_brake,mitra_t5,data\raw\mitra\Data_T5\T5_DAll.csv,1241.0,-6.267193333333333
2508,1,416.249391,417.083558,0.8341669999999795,,,hard_brake,mitra_t5,data\raw\mitra\Data_T5\T5_DAll.csv,1242.0,-17.60285
2509,4,407.540686,408.30812,0.7674339999999802,,,hard_brake,mitra_t5,data\raw\mitra\Data_T5\T5_DAll.csv,1244.0,-34.2403375
2510,7,419.819626,420.320126,0.5004999999999882,,,hard_brake,mitra_t5,data\raw\mitra\Data_T5\T5_DAll.csv,1247.0,-6.2695375
2511,2,410.710521,412.078555,1.368033999999966,,,hard_brake,mitra_t5,data\raw\mitra\Data_T5\T5_DAll.csv,1248.0,-20.377037500000004
2512,2,413.580056,414.74789,1.1678339999999707,,,hard_brake,mitra_t5,data\raw\mitra\Data_T5\T5_DAll.csv,1250.0,-11.352993333333334
2513,5,414.714523,415.481957,0.767434000000037,,,hard_brake,mitra_t5,data\raw\mitra\Data_T5\T5_DAll.csv,1254.0,-10.305299999999999
2514,7,421.921727,422.422227,0.500500000000045,,,hard_brake,mitra_t5,data\raw\mitra\Data_T5\T5_DAll.csv,1255.0,-4.3876599999999994
2515,4,411.110921,411.978455,0.8675339999999778,,,hard_brake,mitra_t5,data\raw\mitra\Data_T5\T5_DAll.csv,1257.0,-29.19425
2516,7,423.289761,424.157295,0.8675339999999778,,,hard_brake,mitra_t5,data\raw\mitra\Data_T5\T5_DAll.csv,1261.0,-28.2795
2517,1,407.273752,408.241386,0.9676339999999755,,,hard_brake,mitra_t5,data\raw\mitra\Data_T5\T5_DAll.csv,1262.0,-6.1160733333333335
2518,5,415.882357,416.816624,0.9342669999999771,,,hard_brake,mitra_t5,data\raw\mitra\Data_T5\T5_DAll.csv,1263.0,-20.111287500000003
2519,3,409.142287,409.909721,0.7674339999999802,,,hard_brake,mitra_t5,data\raw\mitra\Data_T5\T5_DAll.csv,1264.0,-11.4911375
2520,4,413.880356,414.64779,0.7674339999999802,,,hard_brake,mitra_t5,data\raw\mitra\Data_T5\T5_DAll.csv,1265.0,-19.4832
2521,2,409.242387,409.909721,0.6673339999999826,,,hard_brake,mitra_t5,data\raw\mitra\Data_T5\T5_DAll.csv,1266.0,-10.877162499999999
2522,3,409.842987,410.743888,0.900901000000033,,,hard_brake,mitra_t5,data\raw\mitra\Data_T5\T5_DAll.csv,1267.0,-26.9783125
2523,7,424.090562,425.158295,1.0677330000000325,,,hard_brake,mitra_t5,data\raw\mitra\Data_T5\T5_DAll.csv,1269.0,-7.20322
2524,4,414.64779,415.64879,1.0010000000000332,,,hard_brake,mitra_t5,data\raw\mitra\Data_T5\T5_DAll.csv,1270.0,-11.5228875
2525,1,421.28776,422.255394,0.9676340000000323,,,hard_brake,mitra_t5,data\raw\mitra\Data_T5\T5_DAll.csv,1271.0,-5.710466666666666
2526,5,419.619426,420.320126,0.7007000000000403,,,hard_brake,mitra_t5,data\raw\mitra\Data_T5\T5_DAll.csv,1272.0,-12.025387499999997
2527,4,415.64879,416.482957,0.8341669999999795,,,hard_brake,mitra_t5,data\raw\mitra\Data_T5\T5_DAll.csv,1273.0,-27.327800000000003
2528,7,425.658796,426.492963,0.8341669999999795,,,hard_brake,mitra_t5,data\raw\mitra\Data_T5\T5_DAll.csv,1274.0,-19.0113625
2529,2,423.690161,424.257395,0.5672339999999849,,,hard_brake,mitra_t5,data\raw\mitra\Data_T5\T5_DAll.csv,1275.0,-6.78515
2530,3,414.24739,415.081557,0.8341669999999795,,,hard_brake,mitra_t5,data\raw\mitra\Data_T5\T5_DAll.csv,1276.0,-5.259939999999999
2531,3,413.046189,413.913723,0.8675339999999778,,,hard_brake,mitra_t5,data\raw\mitra\Data_T5\T5_DAll.csv,1277.0,-8.1065
2532,4,417.050191,417.817625,0.767434000000037,,,hard_brake,mitra_t5,data\raw\mitra\Data_T5\T5_DAll.csv,1279.0,-19.80205
2533,3,415.215023,415.715524,0.5005010000000425,,,hard_brake,mitra_t5,data\raw\mitra\Data_T5\T5_DAll.csv,1282.0,-4.390306666666667
2534,6,432.332133,432.999466,0.6673329999999851,,,hard_brake,mitra_t5,data\raw\mitra\Data_T5\T5_DAll.csv,1283.0,-13.165287499999998
2535,5,422.722527,423.489961,0.7674339999999802,,,hard_brake,mitra_t5,data\raw\mitra\Data_T5\T5_DAll.csv,1284.0,-15.612787500000001
2536,4,418.685159,419.485959,0.8007999999999811,,,hard_brake,mitra_t5,data\raw\mitra\Data_T5\T5_DAll.csv,1285.0,-5.131253333333333
2537,1,413.980456,414.914723,0.9342669999999771,,,hard_brake,mitra_t5,data\raw\mitra\Data_T5\T5_DAll.csv,1286.0,-27.590275
2538,2,420.98746,421.654794,0.6673339999999826,,,hard_brake,mitra_t5,data\raw\mitra\Data_T5\T5_DAll.csv,1289.0,-5.419726666666667
2539,3,417.283758,418.418225,1.1344670000000292,,,hard_brake,mitra_t5,data\raw\mitra\Data_T5\T5_DAll.csv,1291.0,-18.9056125
2540,3,418.218025,419.252392,1.0343669999999747,,,hard_brake,mitra_t5,data\raw\mitra\Data_T5\T5_DAll.csv,1292.0,-9.343346666666667
2541,1,417.050191,417.917725,0.8675340000000347,,,hard_brake,mitra_t5,data\raw\mitra\Data_T5\T5_DAll.csv,1297.0,-5.8241
2542,5,424.924729,425.825629,0.9008999999999787,,,hard_brake,mitra_t5,data\raw\mitra\Data_T5\T5_DAll.csv,1298.0,-17.074825
2543,4,421.78826,422.822628,1.034368000000029,,,hard_brake,mitra_t5,data\raw\mitra\Data_T5\T5_DAll.csv,1300.0,-13.8519125
2544,2,424.857995,425.592062,0.7340669999999818,,,hard_brake,mitra_t5,data\raw\mitra\Data_T5\T5_DAll.csv,1301.0,-10.17055
2545,6,426.292763,426.82663,0.5338670000000434,,,hard_brake,mitra_t5,data\raw\mitra\Data_T5\T5_DAll.csv,1302.0,-4.8120875000000005
2546,3,421.754894,422.589061,0.8341670000000363,,,hard_brake,mitra_t5,data\raw\mitra\Data_T5\T5_DAll.csv,1303.0,-23.4155
2547,2,419.052192,419.919726,0.8675340000000347,,,hard_brake,mitra_t5,data\raw\mitra\Data_T5\T5_DAll.csv,1304.0,-17.5944875
2548,4,422.989461,423.823628,0.8341669999999795,,,hard_brake,mitra_t5,data\raw\mitra\Data_T5\T5_DAll.csv,1305.0,-21.299474999999997
2549,5,428.795264,429.662798,0.8675340000000347,,,hard_brake,mitra_t5,data\raw\mitra\Data_T5\T5_DAll.csv,1307.0,-30.342287499999998
2550,3,419.619426,420.420226,0.8008000000000379,,,hard_brake,mitra_t5,data\raw\mitra\Data_T5\T5_DAll.csv,1308.0,-17.0057625
2551,3,420.88736,421.58806,0.7006999999999834,,,hard_brake,mitra_t5,data\raw\mitra\Data_T5\T5_DAll.csv,1313.0,-15.050500000000001
2552,1,425.758896,426.426229,0.6673329999999851,,,hard_brake,mitra_t5,data\raw\mitra\Data_T5\T5_DAll.csv,1314.0,-14.61805
2553,4,430.430232,431.164299,0.7340670000000387,,,hard_brake,mitra_t5,data\raw\mitra\Data_T5\T5_DAll.csv,1318.0,-8.716837499999999
2554,4,427.72753,428.494964,0.7674339999999802,,,hard_brake,mitra_t5,data\raw\mitra\Data_T5\T5_DAll.csv,1319.0,-16.487437500000002
2555,3,423.823628,424.757895,0.9342670000000339,,,hard_brake,mitra_t5,data\raw\mitra\Data_T5\T5_DAll.csv,1320.0,-22.886874999999996
2556,4,428.361497,429.495964,1.1344670000000292,,,hard_brake,mitra_t5,data\raw\mitra\Data_T5\T5_DAll.csv,1321.0,-15.484737500000001
2557,3,424.390862,425.258396,0.8675339999999778,,,hard_brake,mitra_t5,data\raw\mitra\Data_T5\T5_DAll.csv,1322.0,-13.2093875
2558,1,437.437235,438.938736,1.5015010000000188,,,hard_brake,mitra_t5,data\raw\mitra\Data_T5\T5_DAll.csv,1327.0,-10.713146666666665
2559,1,431.831632,432.599066,0.7674339999999802,,,hard_brake,mitra_t5,data\raw\mitra\Data_T5\T5_DAll.csv,1328.0,-6.8663
2560,3,426.893363,427.42723,0.5338669999999865,,,hard_brake,mitra_t5,data\raw\mitra\Data_T5\T5_DAll.csv,1329.0,-9.389525
2561,7,435.869001,436.836635,0.9676339999999755,,,hard_brake,mitra_t5,data\raw\mitra\Data_T5\T5_DAll.csv,1330.0,-10.172866666666668
2562,2,431.531332,432.432233,0.9009009999999762,,,hard_brake,mitra_t5,data\raw\mitra\Data_T5\T5_DAll.csv,1331.0,-20.56825
2563,1,439.239036,440.60707,1.3680340000000228,,,hard_brake,mitra_t5,data\raw\mitra\Data_T5\T5_DAll.csv,1332.0,-10.436313333333334
2564,2,432.7659,433.600067,0.8341670000000363,,,hard_brake,mitra_t5,data\raw\mitra\Data_T5\T5_DAll.csv,1333.0,-5.723236363636363
2565,1,423.223028,424.090562,0.8675339999999778,,,hard_brake,mitra_t5,data\raw\mitra\Data_T5\T5_DAll.csv,1334.0,-19.633725000000002
2566,3,428.461597,429.262398,0.8008010000000354,,,hard_brake,mitra_t5,data\raw\mitra\Data_T5\T5_DAll.csv,1335.0,-20.130975
2567,2,422.555694,423.389861,0.8341669999999795,,,hard_brake,mitra_t5,data\raw\mitra\Data_T5\T5_DAll.csv,1342.0,-4.885673333333333
2568,3,431.864999,432.7659,0.9009009999999762,,,hard_brake,mitra_t5,data\raw\mitra\Data_T5\T5_DAll.csv,1343.0,-28.613737500000003
2569,3,433.199666,434.2674,1.06773400000003,,,hard_brake,mitra_t5,data\raw\mitra\Data_T5\T5_DAll.csv,1345.0,-10.57507
2570,1,444.210672,445.778907,1.5682350000000156,,,hard_brake,mitra_t5,data\raw\mitra\Data_T5\T5_DAll.csv,1347.0,-18.30384666666667
2571,3,434.667801,435.435234,0.7674329999999827,,,hard_brake,mitra_t5,data\raw\mitra\Data_T5\T5_DAll.csv,1349.0,-17.45515
2572,2,442.642438,444.110572,1.4681339999999636,,,hard_brake,mitra_t5,data\raw\mitra\Data_T5\T5_DAll.csv,1350.0,-15.385473333333334
2573,1,429.095564,429.896365,0.8008009999999786,,,hard_brake,mitra_t5,data\raw\mitra\Data_T5\T5_DAll.csv,1353.0,-6.042473333333334
2574,2,439.50597,440.440237,0.9342670000000339,,,hard_brake,mitra_t5,data\raw\mitra\Data_T5\T5_DAll.csv,1354.0,-6.521
2575,5,439.30577,440.173304,0.8675339999999778,,,hard_brake,mitra_t5,data\raw\mitra\Data_T5\T5_DAll.csv,1355.0,-16.19565
2576,2,440.30677,441.441238,1.1344680000000267,,,hard_brake,mitra_t5,data\raw\mitra\Data_T5\T5_DAll.csv,1356.0,-9.202773333333333
2577,3,436.002468,436.936735,0.9342669999999771,,,hard_brake,mitra_t5,data\raw\mitra\Data_T5\T5_DAll.csv,1357.0,-11.9094375
2578,6,452.652444,453.353144,0.7006999999999834,,,hard_brake,mitra_t5,data\raw\mitra\Data_T5\T5_DAll.csv,1362.0,-7.566
2579,5,447.547341,448.848642,1.3013009999999667,,,hard_brake,mitra_t5,data\raw\mitra\Data_T5\T5_DAll.csv,1363.0,-15.118306666666667
2580,2,445.979107,446.64644,0.6673329999999851,,,hard_brake,mitra_t5,data\raw\mitra\Data_T5\T5_DAll.csv,1365.0,-4.4353533333333335
2581,4,443.877006,444.677806,0.8007999999999811,,,hard_brake,mitra_t5,data\raw\mitra\Data_T5\T5_DAll.csv,1367.0,-23.2352125
2582,1,448.414875,449.782909,1.3680340000000228,,,hard_brake,mitra_t5,data\raw\mitra\Data_T5\T5_DAll.csv,1368.0,-19.728153333333335
2583,4,444.878006,445.34514,0.4671339999999873,,,hard_brake,mitra_t5,data\raw\mitra\Data_T5\T5_DAll.csv,1371.0,-5.380937500000001
2584,7,474.607722,475.675456,1.067733999999973,,,hard_brake,mitra_t5,data\raw\mitra\Data_T5\T5_DAll.csv,1373.0,-6.434520000000001
2585,7,454.420878,455.355145,0.9342669999999771,,,hard_brake,mitra_t5,data\raw\mitra\Data_T5\T5_DAll.csv,1374.0,-7.513
2586,1,460.326781,461.628082,1.3013010000000236,,,hard_brake,mitra_t5,data\raw\mitra\Data_T5\T5_DAll.csv,1375.0,-9.945333333333334
2587,7,459.525981,460.360148,0.8341669999999795,,,hard_brake,mitra_t5,data\raw\mitra\Data_T5\T5_DAll.csv,1376.0,-29.112274999999997
2588,2,447.380507,448.281408,0.9009009999999762,,,hard_brake,mitra_t5,data\raw\mitra\Data_T5\T5_DAll.csv,1378.0,-15.3738
2589,6,462.729182,463.529983,0.8008010000000354,,,hard_brake,mitra_t5,data\raw\mitra\Data_T5\T5_DAll.csv,1380.0,-18.7714875
2590,2,456.089212,456.789912,0.7007000000000403,,,hard_brake,mitra_t5,data\raw\mitra\Data_T5\T5_DAll.csv,1382.0,-10.5670375
2591,3,444.110572,444.944739,0.8341670000000363,,,hard_brake,mitra_t5,data\raw\mitra\Data_T5\T5_DAll.csv,1383.0,-52.700525
2592,4,447.680808,448.514975,0.8341669999999795,,,hard_brake,mitra_t5,data\raw\mitra\Data_T5\T5_DAll.csv,1384.0,-17.9995875
2593,5,459.292414,460.693815,1.4014009999999644,,,hard_brake,mitra_t5,data\raw\mitra\Data_T5\T5_DAll.csv,1385.0,-13.97645
2594,3,445.011473,445.612073,0.6005999999999858,,,hard_brake,mitra_t5,data\raw\mitra\Data_T5\T5_DAll.csv,1386.0,-8.4652375
2595,2,434.133934,434.734534,0.6005999999999858,,,hard_brake,mitra_t5,data\raw\mitra\Data_T5\T5_DAll.csv,1387.0,-5.2084399999999995
2596,2,452.619077,453.453244,0.8341669999999795,,,hard_brake,mitra_t5,data\raw\mitra\Data_T5\T5_DAll.csv,1387.0,-33.671025
2597,3,445.979107,446.44624,0.4671329999999898,,,hard_brake,mitra_t5,data\raw\mitra\Data_T5\T5_DAll.csv,1389.0,-5.712400000000001
2598,4,448.081208,449.182308,1.101099999999974,,,hard_brake,mitra_t5,data\raw\mitra\Data_T5\T5_DAll.csv,1390.0,-16.1764875
2599,3,448.348141,449.115575,0.7674339999999802,,,hard_brake,mitra_t5,data\raw\mitra\Data_T5\T5_DAll.csv,1391.0,-12.189325000000002
2600,3,452.78591,453.786911,1.0010009999999738,,,hard_brake,mitra_t5,data\raw\mitra\Data_T5\T5_DAll.csv,1392.0,-13.264149999999999
2601,4,453.253044,454.020478,0.767434000000037,,,hard_brake,mitra_t5,data\raw\mitra\Data_T5\T5_DAll.csv,1393.0,-12.588187499999998
2602,4,456.456246,457.357146,0.9008999999999787,,,hard_brake,mitra_t5,data\raw\mitra\Data_T5\T5_DAll.csv,1394.0,-20.494725
2603,5,476.309423,477.877657,1.5682340000000181,,,hard_brake,mitra_t5,data\raw\mitra\Data_T5\T5_DAll.csv,1395.0,-9.496406666666667
2604,3,449.449242,450.283409,0.8341669999999795,,,hard_brake,mitra_t5,data\raw\mitra\Data_T5\T5_DAll.csv,1396.0,-26.9091375
2605,5,454.687811,455.688812,1.0010009999999738,,,hard_brake,mitra_t5,data\raw\mitra\Data_T5\T5_DAll.csv,1399.0,-10.13025
2606,5,464.86465,466.532984,1.6683340000000157,,,hard_brake,mitra_t5,data\raw\mitra\Data_T5\T5_DAll.csv,1400.0,-17.4934375
2607,3,450.183309,450.950743,0.7674339999999802,,,hard_brake,mitra_t5,data\raw\mitra\Data_T5\T5_DAll.csv,1401.0,-40.9394625
2608,2,460.760548,461.628082,0.8675340000000347,,,hard_brake,mitra_t5,data\raw\mitra\Data_T5\T5_DAll.csv,1404.0,-7.316111111111111
2609,3,451.451243,452.28541,0.8341670000000363,,,hard_brake,mitra_t5,data\raw\mitra\Data_T5\T5_DAll.csv,1405.0,-34.027212500000005
2610,5,466.499618,467.367151,0.8675329999999803,,,hard_brake,mitra_t5,data\raw\mitra\Data_T5\T5_DAll.csv,1407.0,-20.602762499999997
2611,1,458.992114,459.626081,0.6339669999999842,,,hard_brake,mitra_t5,data\raw\mitra\Data_T5\T5_DAll.csv,1408.0,-15.4758375
2612,7,479.045491,479.545991,0.5004999999999882,,,hard_brake,mitra_t5,data\raw\mitra\Data_T5\T5_DAll.csv,1410.0,-5.604499999999999
2613,4,460.226681,461.027481,0.8008000000000379,,,hard_brake,mitra_t5,data\raw\mitra\Data_T5\T5_DAll.csv,1412.0,-24.883387499999998
2614,4,461.527982,462.028482,0.5004999999999882,,,hard_brake,mitra_t5,data\raw\mitra\Data_T5\T5_DAll.csv,1415.0,-5.6441
2615,3,457.090213,457.957746,0.8675329999999803,,,hard_brake,mitra_t5,data\raw\mitra\Data_T5\T5_DAll.csv,1416.0,-32.65755
2616,4,462.161949,462.862649,0.7006999999999834,,,hard_brake,mitra_t5,data\raw\mitra\Data_T5\T5_DAll.csv,1417.0,-9.092
2617,6,482.181959,482.88266,0.7007009999999809,,,hard_brake,mitra_t5,data\raw\mitra\Data_T5\T5_DAll.csv,1418.0,-9.876399999999999
2618,4,463.363149,464.330783,0.9676339999999755,,,hard_brake,mitra_t5,data\raw\mitra\Data_T5\T5_DAll.csv,1420.0,-5.215253333333333
2619,1,470.637087,471.804921,1.1678339999999707,,,hard_brake,mitra_t5,data\raw\mitra\Data_T5\T5_DAll.csv,1421.0,-17.70483333333333
2620,5,473.006121,473.873655,0.8675339999999778,,,hard_brake,mitra_t5,data\raw\mitra\Data_T5\T5_DAll.csv,1422.0,-24.687112500000005
2621,2,465.16495,465.798917,0.633967000000041,,,hard_brake,mitra_t5,data\raw\mitra\Data_T5\T5_DAll.csv,1423.0,-7.3595125
2622,4,463.96375,465.198317,1.23456699999997,,,hard_brake,mitra_t5,data\raw\mitra\Data_T5\T5_DAll.csv,1424.0,-15.080912500000002
2623,2,471.137587,471.971754,0.8341669999999795,,,hard_brake,mitra_t5,data\raw\mitra\Data_T5\T5_DAll.csv,1426.0,-23.0113
2624,1,466.599718,467.634085,1.0343670000000316,,,hard_brake,mitra_t5,data\raw\mitra\Data_T5\T5_DAll.csv,1428.0,-36.261125
2625,4,466.266051,467.200318,0.9342669999999771,,,hard_brake,mitra_t5,data\raw\mitra\Data_T5\T5_DAll.csv,1429.0,-36.255525
2626,7,487.453896,488.388163,0.9342670000000339,,,hard_brake,mitra_t5,data\raw\mitra\Data_T5\T5_DAll.csv,1431.0,-31.1338625
2627,3,460.793915,461.461248,0.6673329999999851,,,hard_brake,mitra_t5,data\raw\mitra\Data_T5\T5_DAll.csv,1432.0,-16.337249999999997
2628,4,468.134585,469.035486,0.9009009999999762,,,hard_brake,mitra_t5,data\raw\mitra\Data_T5\T5_DAll.csv,1433.0,-13.9097875
2629,3,469.602719,470.30342,0.7007010000000378,,,hard_brake,mitra_t5,data\raw\mitra\Data_T5\T5_DAll.csv,1435.0,-9.6022375
2630,2,468.101219,468.635086,0.5338669999999865,,,hard_brake,mitra_t5,data\raw\mitra\Data_T5\T5_DAll.csv,1436.0,-11.160675
2631,1,464.36415,465.298417,0.9342669999999771,,,hard_brake,mitra_t5,data\raw\mitra\Data_T5\T5_DAll.csv,1437.0,-14.248675000000002
2632,7,488.988763,489.889664,0.9009009999999762,,,hard_brake,mitra_t5,data\raw\mitra\Data_T5\T5_DAll.csv,1438.0,-8.941387500000001
2633,3,462.295415,463.129583,0.8341680000000338,,,hard_brake,mitra_t5,data\raw\mitra\Data_T5\T5_DAll.csv,1440.0,-19.812925
2634,2,468.635086,469.469253,0.8341669999999795,,,hard_brake,mitra_t5,data\raw\mitra\Data_T5\T5_DAll.csv,1441.0,-32.3638875
2635,1,472.705821,473.306421,0.6005999999999858,,,hard_brake,mitra_t5,data\raw\mitra\Data_T5\T5_DAll.csv,1442.0,-8.829037499999998
2636,2,472.205321,472.972755,0.7674339999999802,,,hard_brake,mitra_t5,data\raw\mitra\Data_T5\T5_DAll.csv,1443.0,-29.83265
2637,3,464.597717,465.46525,0.8675330000000372,,,hard_brake,mitra_t5,data\raw\mitra\Data_T5\T5_DAll.csv,1444.0,-32.097025
2638,4,469.702819,471.20432,1.5015010000000188,,,hard_brake,mitra_t5,data\raw\mitra\Data_T5\T5_DAll.csv,1446.0,-12.8028375
2639,5,482.515626,484.050494,1.5348680000000172,,,hard_brake,mitra_t5,data\raw\mitra\Data_T5\T5_DAll.csv,1447.0,-17.98465333333333
2640,3,458.92538,459.792914,0.8675339999999778,,,hard_brake,mitra_t5,data\raw\mitra\Data_T5\T5_DAll.csv,1448.0,-5.168606666666667
2641,5,479.512625,480.380158,0.8675329999999803,,,hard_brake,mitra_t5,data\raw\mitra\Data_T5\T5_DAll.csv,1450.0,-15.591524999999999
2642,1,480.146592,480.980759,0.8341669999999795,,,hard_brake,mitra_t5,data\raw\mitra\Data_T5\T5_DAll.csv,1451.0,-17.2800625
2643,7,490.657097,491.291064,0.6339669999999842,,,hard_brake,mitra_t5,data\raw\mitra\Data_T5\T5_DAll.csv,1452.0,-25.31025
2644,2,474.173955,474.641089,0.4671340000000441,,,hard_brake,mitra_t5,data\raw\mitra\Data_T5\T5_DAll.csv,1454.0,-8.59455
2645,1,484.217327,484.817928,0.6006009999999833,,,hard_brake,mitra_t5,data\raw\mitra\Data_T5\T5_DAll.csv,1455.0,-6.05135
2646,3,465.431884,466.299418,0.8675339999999778,,,hard_brake,mitra_t5,data\raw\mitra\Data_T5\T5_DAll.csv,1456.0,-40.26585
2647,6,491.424531,492.425532,1.0010009999999738,,,hard_brake,mitra_t5,data\raw\mitra\Data_T5\T5_DAll.csv,1457.0,-7.4796000000000005
2648,4,473.306421,474.540989,1.2345680000000243,,,hard_brake,mitra_t5,data\raw\mitra\Data_T5\T5_DAll.csv,1458.0,-14.900100000000002
2649,2,477.710824,478.811924,1.101099999999974,,,hard_brake,mitra_t5,data\raw\mitra\Data_T5\T5_DAll.csv,1460.0,-33.6816125
2650,5,486.185962,487.553996,1.368033999999966,,,hard_brake,mitra_t5,data\raw\mitra\Data_T5\T5_DAll.csv,1462.0,-13.436706666666668
2651,4,475.541989,476.376156,0.8341669999999795,,,hard_brake,mitra_t5,data\raw\mitra\Data_T5\T5_DAll.csv,1463.0,-5.837573333333333
2652,2,478.144591,479.812925,1.6683340000000157,,,hard_brake,mitra_t5,data\raw\mitra\Data_T5\T5_DAll.csv,1464.0,-24.4400125
2653,1,489.92303,490.657097,0.7340670000000387,,,hard_brake,mitra_t5,data\raw\mitra\Data_T5\T5_DAll.csv,1465.0,-13.799287500000002
2654,5,487.787562,489.389163,1.6016010000000165,,,hard_brake,mitra_t5,data\raw\mitra\Data_T5\T5_DAll.csv,1466.0,-14.615820000000001
2655,6,495.328433,496.563001,1.2345679999999675,,,hard_brake,mitra_t5,data\raw\mitra\Data_T5\T5_DAll.csv,1469.0,-12.585046666666667
2656,2,480.780559,481.648093,0.8675340000000347,,,hard_brake,mitra_t5,data\raw\mitra\Data_T5\T5_DAll.csv,1470.0,-14.1363125
2657,2,490.623731,491.157598,0.5338669999999865,,,hard_brake,mitra_t5,data\raw\mitra\Data_T5\T5_DAll.csv,1471.0,-9.6780875
2658,3,482.28206,483.149593,0.8675329999999803,,,hard_brake,mitra_t5,data\raw\mitra\Data_T5\T5_DAll.csv,1473.0,-5.431986666666666
2659,4,480.613725,481.714826,1.1011010000000283,,,hard_brake,mitra_t5,data\raw\mitra\Data_T5\T5_DAll.csv,1474.0,-8.428637499999999
2660,2,486.486262,487.320429,0.8341669999999795,,,hard_brake,mitra_t5,data\raw\mitra\Data_T5\T5_DAll.csv,1476.0,-21.7328625
2661,2,481.981759,482.815926,0.8341669999999795,,,hard_brake,mitra_t5,data\raw\mitra\Data_T5\T5_DAll.csv,1477.0,-22.413862500000004
2662,1,477.24369,477.977757,0.7340669999999818,,,hard_brake,mitra_t5,data\raw\mitra\Data_T5\T5_DAll.csv,1480.0,-12.745512500000002
2663,6,501.00077,501.634737,0.6339669999999842,,,hard_brake,mitra_t5,data\raw\mitra\Data_T5\T5_DAll.csv,1482.0,-17.8354375
2664,4,484.651094,485.718828,1.067733999999973,,,hard_brake,mitra_t5,data\raw\mitra\Data_T5\T5_DAll.csv,1483.0,-14.498975
2665,7,495.9624,496.696467,0.7340669999999818,,,hard_brake,mitra_t5,data\raw\mitra\Data_T5\T5_DAll.csv,1484.0,-14.679925
2666,5,498.398168,499.065502,0.6673339999999826,,,hard_brake,mitra_t5,data\raw\mitra\Data_T5\T5_DAll.csv,1485.0,-10.632812499999998
2667,2,484.984761,485.818928,0.8341670000000363,,,hard_brake,mitra_t5,data\raw\mitra\Data_T5\T5_DAll.csv,1486.0,-17.1455875
2668,2,489.289063,490.156597,0.8675339999999778,,,hard_brake,mitra_t5,data\raw\mitra\Data_T5\T5_DAll.csv,1489.0,-8.922425000000002
2669,7,506.406173,507.24034,0.8341669999999795,,,hard_brake,mitra_t5,data\raw\mitra\Data_T5\T5_DAll.csv,1490.0,-13.162512500000002
2670,7,500.967403,501.90167,0.9342670000000339,,,hard_brake,mitra_t5,data\raw\mitra\Data_T5\T5_DAll.csv,1492.0,-17.0654625
2671,1,496.0625,497.163601,1.1011010000000283,,,hard_brake,mitra_t5,data\raw\mitra\Data_T5\T5_DAll.csv,1495.0,-24.233024999999998
2672,3,483.116227,483.816927,0.7007000000000403,,,hard_brake,mitra_t5,data\raw\mitra\Data_T5\T5_DAll.csv,1496.0,-16.598175
2673,4,485.518628,487.320429,1.8018010000000118,,,hard_brake,mitra_t5,data\raw\mitra\Data_T5\T5_DAll.csv,1497.0,-4.927673333333334
2674,4,487.820929,489.055496,1.2345670000000268,,,hard_brake,mitra_t5,data\raw\mitra\Data_T5\T5_DAll.csv,1497.0,-16.8672625
2675,1,484.784561,485.652095,0.8675339999999778,,,hard_brake,mitra_t5,data\raw\mitra\Data_T5\T5_DAll.csv,1499.0,-16.896749999999997
2676,3,483.917027,484.651094,0.7340669999999818,,,hard_brake,mitra_t5,data\raw\mitra\Data_T5\T5_DAll.csv,1500.0,-11.4833
2677,2,491.858298,492.992765,1.1344670000000292,,,hard_brake,mitra_t5,data\raw\mitra\Data_T5\T5_DAll.csv,1501.0,-21.113525
2678,5,505.438539,506.239339,0.8007999999999811,,,hard_brake,mitra_t5,data\raw\mitra\Data_T5\T5_DAll.csv,1504.0,-10.396487500000001
2679,7,503.736838,505.405172,1.6683340000000157,,,hard_brake,mitra_t5,data\raw\mitra\Data_T5\T5_DAll.csv,1505.0,-14.3278375
2680,2,493.459899,494.6611,1.201200999999969,,,hard_brake,mitra_t5,data\raw\mitra\Data_T5\T5_DAll.csv,1506.0,-15.01786
2681,1,487.253696,487.820929,0.5672329999999874,,,hard_brake,mitra_t5,data\raw\mitra\Data_T5\T5_DAll.csv,1507.0,-7.240412500000001
2682,4,487.887663,489.42253,1.5348670000000197,,,hard_brake,mitra_t5,data\raw\mitra\Data_T5\T5_DAll.csv,1508.0,-4.163073333333333
2683,4,491.124231,491.891665,0.7674339999999802,,,hard_brake,mitra_t5,data\raw\mitra\Data_T5\T5_DAll.csv,1508.0,-7.4224000000000006
2684,1,501.935037,503.503271,1.5682339999999613,,,hard_brake,mitra_t5,data\raw\mitra\Data_T5\T5_DAll.csv,1511.0,-16.3435875
2685,2,496.963401,497.830935,0.8675340000000347,,,hard_brake,mitra_t5,data\raw\mitra\Data_T5\T5_DAll.csv,1512.0,-27.041412500000003
2686,7,508.74184,509.576008,0.8341679999999769,,,hard_brake,mitra_t5,data\raw\mitra\Data_T5\T5_DAll.csv,1514.0,-15.4965125
2687,2,498.498268,499.332435,0.8341669999999795,,,hard_brake,mitra_t5,data\raw\mitra\Data_T5\T5_DAll.csv,1515.0,-7.975812500000001
2688,6,512.912676,514.414177,1.501500999999962,,,hard_brake,mitra_t5,data\raw\mitra\Data_T5\T5_DAll.csv,1517.0,-10.9963
2689,3,487.754196,488.655096,0.9009000000000356,,,hard_brake,mitra_t5,data\raw\mitra\Data_T5\T5_DAll.csv,1518.0,-20.7416375
2690,6,519.085513,519.91968,0.8341669999999795,,,hard_brake,mitra_t5,data\raw\mitra\Data_T5\T5_DAll.csv,1521.0,-16.832237499999998
2691,4,501.434536,502.40217,0.9676340000000323,,,hard_brake,mitra_t5,data\raw\mitra\Data_T5\T5_DAll.csv,1522.0,-11.761475
2692,1,491.691465,492.659098,0.967632999999978,,,hard_brake,mitra_t5,data\raw\mitra\Data_T5\T5_DAll.csv,1523.0,-16.508025
2693,5,502.835937,504.237338,1.4014010000000212,,,hard_brake,mitra_t5,data\raw\mitra\Data_T5\T5_DAll.csv,1526.0,-7.9012
2694,4,502.468904,503.136237,0.6673329999999851,,,hard_brake,mitra_t5,data\raw\mitra\Data_T5\T5_DAll.csv,1527.0,-4.449093333333334
2695,7,513.813576,514.914677,1.1011009999999715,,,hard_brake,mitra_t5,data\raw\mitra\Data_T5\T5_DAll.csv,1528.0,-10.861162499999999
2696,3,497.030134,497.830935,0.8008010000000354,,,hard_brake,mitra_t5,data\raw\mitra\Data_T5\T5_DAll.csv,1529.0,-35.6460875
2697,7,514.98141,515.582011,0.6006009999999833,,,hard_brake,mitra_t5,data\raw\mitra\Data_T5\T5_DAll.csv,1531.0,-7.085237500000001
2698,3,498.865302,499.666102,0.8008000000000379,,,hard_brake,mitra_t5,data\raw\mitra\Data_T5\T5_DAll.csv,1532.0,-12.719225
2699,4,505.605372,506.406173,0.8008010000000354,,,hard_brake,mitra_t5,data\raw\mitra\Data_T5\T5_DAll.csv,1534.0,-6.486
2700,2,500.066502,501.00077,0.9342679999999746,,,hard_brake,mitra_t5,data\raw\mitra\Data_T5\T5_DAll.csv,1535.0,-11.700375
2701,3,500.133236,500.667103,0.5338669999999865,,,hard_brake,mitra_t5,data\raw\mitra\Data_T5\T5_DAll.csv,1537.0,-5.472112500000001
2702,5,509.008774,509.742841,0.7340669999999818,,,hard_brake,mitra_t5,data\raw\mitra\Data_T5\T5_DAll.csv,1538.0,-4.8071399999999995
2703,3,500.466903,501.50127,1.0343669999999747,,,hard_brake,mitra_t5,data\raw\mitra\Data_T5\T5_DAll.csv,1539.0,-9.010593333333334
2704,4,506.906673,507.907673,1.0009999999999764,,,hard_brake,mitra_t5,data\raw\mitra\Data_T5\T5_DAll.csv,1541.0,-5.3939466666666664
2705,3,501.334436,502.168604,0.8341680000000338,,,hard_brake,mitra_t5,data\raw\mitra\Data_T5\T5_DAll.csv,1545.0,-9.177025
2706,2,503.803571,504.671105,0.8675340000000347,,,hard_brake,mitra_t5,data\raw\mitra\Data_T5\T5_DAll.csv,1547.0,-39.845312500000006
2707,3,502.435537,503.336438,0.9009009999999762,,,hard_brake,mitra_t5,data\raw\mitra\Data_T5\T5_DAll.csv,1549.0,-27.042725
2708,2,509.108874,510.009774,0.9008999999999787,,,hard_brake,mitra_t5,data\raw\mitra\Data_T5\T5_DAll.csv,1551.0,-19.386574999999997
2709,4,509.576008,510.143241,0.5672329999999874,,,hard_brake,mitra_t5,data\raw\mitra\Data_T5\T5_DAll.csv,1553.0,-4.352353333333334
2710,2,500.733836,501.50127,0.7674339999999802,,,hard_brake,mitra_t5,data\raw\mitra\Data_T5\T5_DAll.csv,1555.0,-11.460012500000001
2711,7,519.91968,520.753847,0.8341669999999795,,,hard_brake,mitra_t5,data\raw\mitra\Data_T5\T5_DAll.csv,1556.0,-14.476387499999998
2712,3,505.538639,506.506273,0.9676340000000323,,,hard_brake,mitra_t5,data\raw\mitra\Data_T5\T5_DAll.csv,1557.0,-6.036286666666667
2713,6,521.087514,521.754847,0.6673329999999851,,,hard_brake,mitra_t5,data\raw\mitra\Data_T5\T5_DAll.csv,1559.0,-7.8403125
2714,4,512.879309,514.08051,1.201200999999969,,,hard_brake,mitra_t5,data\raw\mitra\Data_T5\T5_DAll.csv,1562.0,-8.4797
2715,1,515.582011,516.849945,1.267934000000082,,,hard_brake,mitra_t5,data\raw\mitra\Data_T5\T5_DAll.csv,1564.0,-12.828873333333332
2716,7,515.448544,516.349445,0.9009009999999762,,,hard_brake,mitra_t5,data\raw\mitra\Data_T5\T5_DAll.csv,1565.0,-5.296779999999999
2717,7,522.088514,522.922681,0.8341669999999795,,,hard_brake,mitra_t5,data\raw\mitra\Data_T5\T5_DAll.csv,1566.0,-19.8383125
2718,4,513.813576,515.081511,1.2679349999999658,,,hard_brake,mitra_t5,data\raw\mitra\Data_T5\T5_DAll.csv,1567.0,-11.5263
2719,7,522.055148,522.922681,0.8675329999999803,,,hard_brake,mitra_t5,data\raw\mitra\Data_T5\T5_DAll.csv,1569.0,-7.823944444444446
2720,6,529.195618,530.597019,1.401401000000078,,,hard_brake,mitra_t5,data\raw\mitra\Data_T5\T5_DAll.csv,1570.0,-12.468093333333336
2721,2,513.78021,514.514277,0.7340669999999818,,,hard_brake,mitra_t5,data\raw\mitra\Data_T5\T5_DAll.csv,1571.0,-5.889249999999999
2722,3,508.875307,509.842941,0.9676339999999755,,,hard_brake,mitra_t5,data\raw\mitra\Data_T5\T5_DAll.csv,1572.0,-8.59471111111111
2723,2,512.845943,513.68011,0.8341669999999795,,,hard_brake,mitra_t5,data\raw\mitra\Data_T5\T5_DAll.csv,1573.0,-16.7562
2724,3,511.945042,512.845943,0.900901000000033,,,hard_brake,mitra_t5,data\raw\mitra\Data_T5\T5_DAll.csv,1576.0,-17.022725
2725,5,518.017779,518.585012,0.5672329999999874,,,hard_brake,mitra_t5,data\raw\mitra\Data_T5\T5_DAll.csv,1577.0,-10.3366375
2726,7,532.19862,533.09952,0.9008999999999787,,,hard_brake,mitra_t5,data\raw\mitra\Data_T5\T5_DAll.csv,1580.0,-6.1556625
2727,1,513.947043,514.68111,0.7340669999999818,,,hard_brake,mitra_t5,data\raw\mitra\Data_T5\T5_DAll.csv,1582.0,-21.386924999999998
2728,4,519.252346,520.253347,1.0010009999999738,,,hard_brake,mitra_t5,data\raw\mitra\Data_T5\T5_DAll.csv,1583.0,-11.113525
2729,5,520.92068,522.088514,1.1678340000000844,,,hard_brake,mitra_t5,data\raw\mitra\Data_T5\T5_DAll.csv,1585.0,-6.71024
2730,7,524.057149,525.091516,1.0343669999999747,,,hard_brake,mitra_t5,data\raw\mitra\Data_T5\T5_DAll.csv,1586.0,-7.28146
2731,5,530.964052,531.764853,0.8008009999999786,,,hard_brake,mitra_t5,data\raw\mitra\Data_T5\T5_DAll.csv,1587.0,-15.331924999999998
2732,3,516.816578,517.517278,0.7006999999999834,,,hard_brake,mitra_t5,data\raw\mitra\Data_T5\T5_DAll.csv,1588.0,-19.8015375
2733,4,518.418179,519.218979,0.8007999999999811,,,hard_brake,mitra_t5,data\raw\mitra\Data_T5\T5_DAll.csv,1590.0,-4.487653333333332
2734,4,520.887314,521.588014,0.7007000000000971,,,hard_brake,mitra_t5,data\raw\mitra\Data_T5\T5_DAll.csv,1590.0,-19.83575
2735,5,524.490916,525.592016,1.101099999999974,,,hard_brake,mitra_t5,data\raw\mitra\Data_T5\T5_DAll.csv,1591.0,-7.533600000000001
2736,6,544.744493,546.446194,1.7017009999999573,,,hard_brake,mitra_t5,data\raw\mitra\Data_T5\T5_DAll.csv,1594.0,-12.99966
2737,3,515.815578,516.349445,0.5338669999999865,,,hard_brake,mitra_t5,data\raw\mitra\Data_T5\T5_DAll.csv,1595.0,-9.762175000000001
2738,2,522.422181,523.523282,1.1011009999999715,,,hard_brake,mitra_t5,data\raw\mitra\Data_T5\T5_DAll.csv,1596.0,-29.598225000000003
2739,3,517.684112,518.518279,0.8341669999999795,,,hard_brake,mitra_t5,data\raw\mitra\Data_T5\T5_DAll.csv,1597.0,-25.1164875
2740,6,537.070156,537.604023,0.5338669999999865,,,hard_brake,mitra_t5,data\raw\mitra\Data_T5\T5_DAll.csv,1598.0,-6.206440000000001
2741,3,520.42018,521.187614,0.7674340000000939,,,hard_brake,mitra_t5,data\raw\mitra\Data_T5\T5_DAll.csv,1599.0,-8.5248375
2742,7,537.437189,538.271356,0.8341669999999795,,,hard_brake,mitra_t5,data\raw\mitra\Data_T5\T5_DAll.csv,1602.0,-5.72675
2743,1,528.194618,529.262351,1.0677329999999756,,,hard_brake,mitra_t5,data\raw\mitra\Data_T5\T5_DAll.csv,1605.0,-8.291253333333334
2744,3,519.586013,520.353447,0.7674339999999802,,,hard_brake,mitra_t5,data\raw\mitra\Data_T5\T5_DAll.csv,1606.0,-16.143549999999998
2745,5,523.122881,523.756849,0.6339679999999817,,,hard_brake,mitra_t5,data\raw\mitra\Data_T5\T5_DAll.csv,1607.0,-8.345825000000001
2746,5,529.462552,530.430185,0.9676330000000917,,,hard_brake,mitra_t5,data\raw\mitra\Data_T5\T5_DAll.csv,1610.0,-16.541075
2747,1,517.450545,518.351446,0.9009009999999762,,,hard_brake,mitra_t5,data\raw\mitra\Data_T5\T5_DAll.csv,1612.0,-17.6823625
2748,2,529.929685,530.697119,0.7674340000000939,,,hard_brake,mitra_t5,data\raw\mitra\Data_T5\T5_DAll.csv,1613.0,-15.7144875
2749,3,523.222982,524.090515,0.8675329999999803,,,hard_brake,mitra_t5,data\raw\mitra\Data_T5\T5_DAll.csv,1614.0,-5.128573333333334
2750,2,532.765853,533.533287,0.7674339999999802,,,hard_brake,mitra_t5,data\raw\mitra\Data_T5\T5_DAll.csv,1617.0,-16.742199999999997
2751,3,524.023782,524.958049,0.9342669999999771,,,hard_brake,mitra_t5,data\raw\mitra\Data_T5\T5_DAll.csv,1618.0,-5.624666666666667
2752,1,533.49992,534.200621,0.7007009999999809,,,hard_brake,mitra_t5,data\raw\mitra\Data_T5\T5_DAll.csv,1619.0,-9.019612500000001
2753,1,535.034788,536.035788,1.0009999999999764,,,hard_brake,mitra_t5,data\raw\mitra\Data_T5\T5_DAll.csv,1622.0,-8.711766666666668
2754,3,533.366454,534.200621,0.8341669999999795,,,hard_brake,mitra_t5,data\raw\mitra\Data_T5\T5_DAll.csv,1625.0,-8.4114125
2755,4,525.992416,526.926684,0.9342679999999746,,,hard_brake,mitra_t5,data\raw\mitra\Data_T5\T5_DAll.csv,1626.0,-5.067006666666667
2756,3,527.794217,528.861951,1.067733999999973,,,hard_brake,mitra_t5,data\raw\mitra\Data_T5\T5_DAll.csv,1627.0,-8.282193333333334
2757,3,532.432187,533.19962,0.7674329999999827,,,hard_brake,mitra_t5,data\raw\mitra\Data_T5\T5_DAll.csv,1628.0,-9.958562500000001
2758,3,530.530285,531.364453,0.8341679999999769,,,hard_brake,mitra_t5,data\raw\mitra\Data_T5\T5_DAll.csv,1629.0,-15.131275
2759,7,552.11853,553.453198,1.3346680000000788,,,hard_brake,mitra_t5,data\raw\mitra\Data_T5\T5_DAll.csv,1630.0,-12.142175000000002
2760,3,529.629385,530.363452,0.7340670000000955,,,hard_brake,mitra_t5,data\raw\mitra\Data_T5\T5_DAll.csv,1631.0,-10.8855125
2761,7,557.090166,557.9577,0.8675340000000915,,,hard_brake,mitra_t5,data\raw\mitra\Data_T5\T5_DAll.csv,1633.0,-28.596125
2762,6,533.633387,534.434188,0.8008009999999786,,,hard_brake,mitra_t5,data\raw\mitra\Data_T5\T5_DAll.csv,1634.0,-17.8153625
2763,5,542.475559,543.276359,0.8007999999999811,,,hard_brake,mitra_t5,data\raw\mitra\Data_T5\T5_DAll.csv,1635.0,-17.4253875
2764,6,559.592668,560.460202,0.8675339999999778,,,hard_brake,mitra_t5,data\raw\mitra\Data_T5\T5_DAll.csv,1639.0,-7.984911111111113
2765,3,534.300721,535.201621,0.9009000000000924,,,hard_brake,mitra_t5,data\raw\mitra\Data_T5\T5_DAll.csv,1640.0,-43.4993125
2766,5,547.313728,548.114528,0.8007999999999811,,,hard_brake,mitra_t5,data\raw\mitra\Data_T5\T5_DAll.csv,1641.0,-20.620025000000002
2767,1,545.345093,546.379461,1.0343679999999722,,,hard_brake,mitra_t5,data\raw\mitra\Data_T5\T5_DAll.csv,1642.0,-15.6638125
2768,7,559.559301,560.293368,0.7340669999999818,,,hard_brake,mitra_t5,data\raw\mitra\Data_T5\T5_DAll.csv,1643.0,-13.799475000000001
2769,4,535.768855,536.603022,0.8341669999999795,,,hard_brake,mitra_t5,data\raw\mitra\Data_T5\T5_DAll.csv,1644.0,-33.94675
2770,5,549.248996,550.116529,0.8675329999999803,,,hard_brake,mitra_t5,data\raw\mitra\Data_T5\T5_DAll.csv,1646.0,-25.844925
2771,4,536.769856,537.604023,0.8341669999999795,,,hard_brake,mitra_t5,data\raw\mitra\Data_T5\T5_DAll.csv,1649.0,-26.635187499999997
2772,1,547.213628,548.381462,1.1678340000000844,,,hard_brake,mitra_t5,data\raw\mitra\Data_T5\T5_DAll.csv,1650.0,-27.719912499999996
2773,3,535.668755,536.536289,0.8675339999999778,,,hard_brake,mitra_t5,data\raw\mitra\Data_T5\T5_DAll.csv,1651.0,-34.3482625
2774,5,552.01843,552.785864,0.7674339999999802,,,hard_brake,mitra_t5,data\raw\mitra\Data_T5\T5_DAll.csv,1652.0,-16.210125
2775,4,540.139891,540.940691,0.8007999999999811,,,hard_brake,mitra_t5,data\raw\mitra\Data_T5\T5_DAll.csv,1653.0,-15.422775
2776,5,553.419831,554.120532,0.7007009999999809,,,hard_brake,mitra_t5,data\raw\mitra\Data_T5\T5_DAll.csv,1655.0,-13.903762500000001
2777,6,542.408825,543.276359,0.8675339999999778,,,hard_brake,mitra_t5,data\raw\mitra\Data_T5\T5_DAll.csv,1657.0,-17.882475
2778,4,541.741492,542.775859,1.0343669999999747,,,hard_brake,mitra_t5,data\raw\mitra\Data_T5\T5_DAll.csv,1658.0,-37.9154875
2779,7,571.004074,572.305375,1.3013010000000804,,,hard_brake,mitra_t5,data\raw\mitra\Data_T5\T5_DAll.csv,1660.0,-11.532966666666669
2780,1,543.476559,544.210626,0.7340670000000955,,,hard_brake,mitra_t5,data\raw\mitra\Data_T5\T5_DAll.csv,1663.0,-17.195725
2781,6,546.379461,547.113528,0.7340669999999818,,,hard_brake,mitra_t5,data\raw\mitra\Data_T5\T5_DAll.csv,1664.0,-13.013987500000002
2782,7,563.162903,564.29737,1.1344669999999724,,,hard_brake,mitra_t5,data\raw\mitra\Data_T5\T5_DAll.csv,1669.0,-5.483953333333333
2783,4,547.013428,547.947695,0.9342669999999771,,,hard_brake,mitra_t5,data\raw\mitra\Data_T5\T5_DAll.csv,1671.0,-5.520526666666667
2784,3,541.407825,542.208625,0.8007999999999811,,,hard_brake,mitra_t5,data\raw\mitra\Data_T5\T5_DAll.csv,1673.0,-23.266249999999996
2785,7,573.306375,573.973709,0.6673339999999826,,,hard_brake,mitra_t5,data\raw\mitra\Data_T5\T5_DAll.csv,1677.0,-8.7036
2786,3,544.47756,545.211627,0.7340669999999818,,,hard_brake,mitra_t5,data\raw\mitra\Data_T5\T5_DAll.csv,1678.0,-15.766874999999999
2787,2,550.083163,550.71713,0.6339669999999842,,,hard_brake,mitra_t5,data\raw\mitra\Data_T5\T5_DAll.csv,1679.0,-8.5859875
2788,4,553.853598,554.787865,0.9342669999999771,,,hard_brake,mitra_t5,data\raw\mitra\Data_T5\T5_DAll.csv,1682.0,-19.8263125
2789,1,550.316729,551.384463,1.067733999999973,,,hard_brake,mitra_t5,data\raw\mitra\Data_T5\T5_DAll.csv,1683.0,-6.498906666666667
2790,3,548.681762,549.549296,0.8675339999999778,,,hard_brake,mitra_t5,data\raw\mitra\Data_T5\T5_DAll.csv,1684.0,-21.688499999999998
2791,7,574.707776,575.642043,0.9342669999999771,,,hard_brake,mitra_t5,data\raw\mitra\Data_T5\T5_DAll.csv,1686.0,-9.080937500000001
2792,3,546.679761,547.547295,0.8675339999999778,,,hard_brake,mitra_t5,data\raw\mitra\Data_T5\T5_DAll.csv,1687.0,-14.5917875
2793,3,549.315729,549.882963,0.5672339999999849,,,hard_brake,mitra_t5,data\raw\mitra\Data_T5\T5_DAll.csv,1688.0,-4.108253333333334
2794,3,557.890967,558.891967,1.0009999999999764,,,hard_brake,mitra_t5,data\raw\mitra\Data_T5\T5_DAll.csv,1689.0,-30.710537499999997
2795,2,524.424182,524.891316,0.4671339999999873,,,hard_brake,mitra_t5,data\raw\mitra\Data_T5\T5_DAll.csv,1692.0,-5.334879999999999
2796,4,555.722132,556.623033,0.9009009999999762,,,hard_brake,mitra_t5,data\raw\mitra\Data_T5\T5_DAll.csv,1693.0,-31.389700000000005
2797,1,564.530937,565.765504,1.23456699999997,,,hard_brake,mitra_t5,data\raw\mitra\Data_T5\T5_DAll.csv,1694.0,-12.036673333333335
2798,2,552.11853,552.885964,0.7674339999999802,,,hard_brake,mitra_t5,data\raw\mitra\Data_T5\T5_DAll.csv,1696.0,-18.0753625
2799,7,579.445845,580.146546,0.7007009999999809,,,hard_brake,mitra_t5,data\raw\mitra\Data_T5\T5_DAll.csv,1697.0,-10.7746
2800,4,558.124534,558.791867,0.6673329999999851,,,hard_brake,mitra_t5,data\raw\mitra\Data_T5\T5_DAll.csv,1698.0,-4.45265
2801,2,564.430837,565.565304,1.1344669999999724,,,hard_brake,mitra_t5,data\raw\mitra\Data_T5\T5_DAll.csv,1699.0,-7.69134
2802,7,578.378111,579.145545,0.7674339999999802,,,hard_brake,mitra_t5,data\raw\mitra\Data_T5\T5_DAll.csv,1700.0,-8.2928625
2803,3,556.255999,557.223633,0.9676339999999755,,,hard_brake,mitra_t5,data\raw\mitra\Data_T5\T5_DAll.csv,1701.0,-5.714393333333334
2804,1,567.767506,568.568306,0.8007999999999811,,,hard_brake,mitra_t5,data\raw\mitra\Data_T5\T5_DAll.csv,1702.0,-15.223999999999998
2805,2,556.623033,557.223633,0.6005999999999858,,,hard_brake,mitra_t5,data\raw\mitra\Data_T5\T5_DAll.csv,1704.0,-9.735175
2806,4,559.626034,560.627035,1.0010009999999738,,,hard_brake,mitra_t5,data\raw\mitra\Data_T5\T5_DAll.csv,1705.0,-17.1804875
2807,1,565.865604,566.633038,0.7674340000000939,,,hard_brake,mitra_t5,data\raw\mitra\Data_T5\T5_DAll.csv,1706.0,-5.752093333333333
2808,2,563.062803,564.063804,1.0010009999999738,,,hard_brake,mitra_t5,data\raw\mitra\Data_T5\T5_DAll.csv,1707.0,-7.8383400000000005
2809,5,565.064804,565.798871,0.7340669999999818,,,hard_brake,mitra_t5,data\raw\mitra\Data_T5\T5_DAll.csv,1709.0,-13.266075
2810,1,566.933338,567.900972,0.9676339999999755,,,hard_brake,mitra_t5,data\raw\mitra\Data_T5\T5_DAll.csv,1710.0,-6.569733333333333
2811,4,560.893968,561.628036,0.7340679999999793,,,hard_brake,mitra_t5,data\raw\mitra\Data_T5\T5_DAll.csv,1712.0,-6.472412499999999
2812,2,562.395469,563.39647,1.0010009999999738,,,hard_brake,mitra_t5,data\raw\mitra\Data_T5\T5_DAll.csv,1714.0,-13.232375
2813,5,569.63604,570.470207,0.8341669999999795,,,hard_brake,mitra_t5,data\raw\mitra\Data_T5\T5_DAll.csv,1717.0,-11.198287500000001
2814,7,565.465204,566.299371,0.8341669999999795,,,hard_brake,mitra_t5,data\raw\mitra\Data_T5\T5_DAll.csv,1719.0,-9.62685
2815,3,560.627035,561.561302,0.9342669999999771,,,hard_brake,mitra_t5,data\raw\mitra\Data_T5\T5_DAll.csv,1720.0,-18.327112500000002
2816,1,568.668406,569.402473,0.7340669999999818,,,hard_brake,mitra_t5,data\raw\mitra\Data_T5\T5_DAll.csv,1723.0,-13.63165
2817,3,563.59667,564.39747,0.8007999999999811,,,hard_brake,mitra_t5,data\raw\mitra\Data_T5\T5_DAll.csv,1725.0,-23.968262499999994
2818,5,572.905975,574.307376,1.4014009999999644,,,hard_brake,mitra_t5,data\raw\mitra\Data_T5\T5_DAll.csv,1726.0,-15.516026666666667
2819,4,564.530937,565.298371,0.7674339999999802,,,hard_brake,mitra_t5,data\raw\mitra\Data_T5\T5_DAll.csv,1727.0,-16.9887
2820,3,565.231637,565.898971,0.6673339999999826,,,hard_brake,mitra_t5,data\raw\mitra\Data_T5\T5_DAll.csv,1728.0,-9.348149999999999
2821,6,580.813879,581.648046,0.8341669999999795,,,hard_brake,mitra_t5,data\raw\mitra\Data_T5\T5_DAll.csv,1729.0,-24.111412499999997
2822,5,575.008076,576.309377,1.3013010000000804,,,hard_brake,mitra_t5,data\raw\mitra\Data_T5\T5_DAll.csv,1730.0,-11.771426666666667
2823,1,570.937341,571.738141,0.8008000000000948,,,hard_brake,mitra_t5,data\raw\mitra\Data_T5\T5_DAll.csv,1731.0,-14.472737500000001
2824,5,577.210277,578.478211,1.2679339999999684,,,hard_brake,mitra_t5,data\raw\mitra\Data_T5\T5_DAll.csv,1732.0,-15.938312499999999
2825,7,583.816881,584.651048,0.8341669999999795,,,hard_brake,mitra_t5,data\raw\mitra\Data_T5\T5_DAll.csv,1736.0,-23.654200000000003
2826,2,568.835239,570.23664,1.4014009999999644,,,hard_brake,mitra_t5,data\raw\mitra\Data_T5\T5_DAll.csv,1740.0,-26.169362500000002
2827,3,566.532938,567.400472,0.8675340000000915,,,hard_brake,mitra_t5,data\raw\mitra\Data_T5\T5_DAll.csv,1744.0,-17.6299375
2828,2,570.603674,571.237641,0.6339670000000979,,,hard_brake,mitra_t5,data\raw\mitra\Data_T5\T5_DAll.csv,1746.0,-6.8098125000000005
2829,3,560.026435,560.493568,0.4671329999999898,,,hard_brake,mitra_t5,data\raw\mitra\Data_T5\T5_DAll.csv,1747.0,-6.135319999999999
2830,5,571.704774,572.472208,0.7674339999999802,,,hard_brake,mitra_t5,data\raw\mitra\Data_T5\T5_DAll.csv,1748.0,-5.491425
2831,2,574.340742,575.074809,0.7340669999999818,,,hard_brake,mitra_t5,data\raw\mitra\Data_T5\T5_DAll.csv,1751.0,-31.330974999999995
2832,3,569.769507,570.570307,0.8007999999999811,,,hard_brake,mitra_t5,data\raw\mitra\Data_T5\T5_DAll.csv,1752.0,-16.5457125
2833,7,585.485215,586.185915,0.7006999999999834,,,hard_brake,mitra_t5,data\raw\mitra\Data_T5\T5_DAll.csv,1755.0,-5.131046666666667
2834,2,577.410477,578.244644,0.8341669999999795,,,hard_brake,mitra_t5,data\raw\mitra\Data_T5\T5_DAll.csv,1757.0,-10.513250000000001
2835,4,573.973709,574.807876,0.8341669999999795,,,hard_brake,mitra_t5,data\raw\mitra\Data_T5\T5_DAll.csv,1759.0,-19.9639625
2836,3,571.838241,572.572308,0.7340669999999818,,,hard_brake,mitra_t5,data\raw\mitra\Data_T5\T5_DAll.csv,1761.0,-7.8635375
2837,7,586.986716,587.820883,0.8341669999999795,,,hard_brake,mitra_t5,data\raw\mitra\Data_T5\T5_DAll.csv,1762.0,-4.691173333333333
2838,1,574.140542,574.874609,0.7340669999999818,,,hard_brake,mitra_t5,data\raw\mitra\Data_T5\T5_DAll.csv,1764.0,-4.309646666666667
2839,3,572.739142,573.740142,1.0009999999999764,,,hard_brake,mitra_t5,data\raw\mitra\Data_T5\T5_DAll.csv,1765.0,-6.481406666666667
2840,3,573.573309,574.574309,1.0009999999999764,,,hard_brake,mitra_t5,data\raw\mitra\Data_T5\T5_DAll.csv,1766.0,-21.056500000000003
2841,4,576.87661,578.144544,1.2679339999999684,,,hard_brake,mitra_t5,data\raw\mitra\Data_T5\T5_DAll.csv,1767.0,-10.822333333333335
2842,1,574.907976,575.742143,0.8341670000000931,,,hard_brake,mitra_t5,data\raw\mitra\Data_T5\T5_DAll.csv,1768.0,-7.613600000000001
2843,3,574.173909,575.074809,0.9008999999999787,,,hard_brake,mitra_t5,data\raw\mitra\Data_T5\T5_DAll.csv,1769.0,-20.653200000000002
2844,1,580.847246,581.581313,0.7340669999999818,,,hard_brake,mitra_t5,data\raw\mitra\Data_T5\T5_DAll.csv,1770.0,-8.764325
2845,5,582.181913,582.982714,0.8008009999999786,,,hard_brake,mitra_t5,data\raw\mitra\Data_T5\T5_DAll.csv,1771.0,-10.250962499999998
2846,7,588.521583,589.489217,0.9676340000000891,,,hard_brake,mitra_t5,data\raw\mitra\Data_T5\T5_DAll.csv,1772.0,-13.128737500000002
2847,4,578.077811,579.145545,1.067733999999973,,,hard_brake,mitra_t5,data\raw\mitra\Data_T5\T5_DAll.csv,1773.0,-7.055886666666667
2848,7,590.690418,591.491218,0.8007999999999811,,,hard_brake,mitra_t5,data\raw\mitra\Data_T5\T5_DAll.csv,1776.0,-4.630260000000001
2849,6,594.661053,596.329388,1.6683349999999564,,,hard_brake,mitra_t5,data\raw\mitra\Data_T5\T5_DAll.csv,1777.0,-14.227406666666667
2850,1,578.711778,579.912979,1.201200999999969,,,hard_brake,mitra_t5,data\raw\mitra\Data_T5\T5_DAll.csv,1778.0,-13.149146666666667
2851,7,601.33439,602.335391,1.0010009999999738,,,hard_brake,mitra_t5,data\raw\mitra\Data_T5\T5_DAll.csv,1779.0,-8.770290909090908
2852,3,581.080813,581.91498,0.8341669999999795,,,hard_brake,mitra_t5,data\raw\mitra\Data_T5\T5_DAll.csv,1781.0,-36.5903375
2853,2,575.208276,575.908977,0.7007010000000946,,,hard_brake,mitra_t5,data\raw\mitra\Data_T5\T5_DAll.csv,1782.0,-7.8866000000000005
2854,2,579.946345,580.913979,0.9676340000000891,,,hard_brake,mitra_t5,data\raw\mitra\Data_T5\T5_DAll.csv,1783.0,-23.3832625
2855,7,602.635691,603.503225,0.8675340000000915,,,hard_brake,mitra_t5,data\raw\mitra\Data_T5\T5_DAll.csv,1784.0,-15.2285875
2856,3,555.455199,556.055799,0.6005999999999858,,,hard_brake,mitra_t5,data\raw\mitra\Data_T5\T5_DAll.csv,1785.0,-4.254426666666666
2857,3,576.442844,577.577311,1.1344669999999724,,,hard_brake,mitra_t5,data\raw\mitra\Data_T5\T5_DAll.csv,1785.0,-8.062126666666666
2858,5,584.651048,585.485215,0.8341670000000931,,,hard_brake,mitra_t5,data\raw\mitra\Data_T5\T5_DAll.csv,1786.0,-13.495849999999999
2859,3,578.911978,579.912979,1.0010009999999738,,,hard_brake,mitra_t5,data\raw\mitra\Data_T5\T5_DAll.csv,1787.0,-22.1294625
2860,1,583.11618,583.983714,0.8675339999999778,,,hard_brake,mitra_t5,data\raw\mitra\Data_T5\T5_DAll.csv,1790.0,-6.320413333333334
2861,2,584.450848,585.084815,0.6339670000000979,,,hard_brake,mitra_t5,data\raw\mitra\Data_T5\T5_DAll.csv,1792.0,-8.4657625
2862,5,588.45485,589.15555,0.7006999999999834,,,hard_brake,mitra_t5,data\raw\mitra\Data_T5\T5_DAll.csv,1794.0,-8.1112875
2863,4,585.518582,586.486216,0.9676339999999755,,,hard_brake,mitra_t5,data\raw\mitra\Data_T5\T5_DAll.csv,1795.0,-20.758975000000003
2864,1,589.122184,590.256651,1.134467000000086,,,hard_brake,mitra_t5,data\raw\mitra\Data_T5\T5_DAll.csv,1796.0,-14.370524999999999
2865,5,598.131189,599.666056,1.5348670000000766,,,hard_brake,mitra_t5,data\raw\mitra\Data_T5\T5_DAll.csv,1797.0,-13.207286666666668
2866,7,592.358752,593.159553,0.8008009999999786,,,hard_brake,mitra_t5,data\raw\mitra\Data_T5\T5_DAll.csv,1798.0,-8.800037500000002
2867,7,607.67406,608.508227,0.8341669999999795,,,hard_brake,mitra_t5,data\raw\mitra\Data_T5\T5_DAll.csv,1799.0,-10.95885
2868,3,582.882614,583.583314,0.7006999999999834,,,hard_brake,mitra_t5,data\raw\mitra\Data_T5\T5_DAll.csv,1801.0,-11.5577125
2869,5,583.816881,584.651048,0.8341669999999795,,,hard_brake,mitra_t5,data\raw\mitra\Data_T5\T5_DAll.csv,1802.0,-13.2774375
2870,3,583.616681,584.417481,0.8007999999999811,,,hard_brake,mitra_t5,data\raw\mitra\Data_T5\T5_DAll.csv,1803.0,-25.1581125
2871,7,608.908628,609.676061,0.7674329999999827,,,hard_brake,mitra_t5,data\raw\mitra\Data_T5\T5_DAll.csv,1805.0,-13.086475
2872,5,594.527587,595.328387,0.8007999999999811,,,hard_brake,mitra_t5,data\raw\mitra\Data_T5\T5_DAll.csv,1807.0,-10.815625
2873,3,585.018081,585.752149,0.7340679999999793,,,hard_brake,mitra_t5,data\raw\mitra\Data_T5\T5_DAll.csv,1809.0,-7.760949999999999
2874,5,600.600323,601.501224,0.9009009999999762,,,hard_brake,mitra_t5,data\raw\mitra\Data_T5\T5_DAll.csv,1810.0,-16.1487875
2875,2,590.356751,591.257651,0.9008999999999787,,,hard_brake,mitra_t5,data\raw\mitra\Data_T5\T5_DAll.csv,1811.0,-17.161825
2876,3,586.452849,587.086816,0.6339669999999842,,,hard_brake,mitra_t5,data\raw\mitra\Data_T5\T5_DAll.csv,1812.0,-4.910911111111112
2877,5,595.995721,596.996721,1.0009999999999764,,,hard_brake,mitra_t5,data\raw\mitra\Data_T5\T5_DAll.csv,1813.0,-10.212987499999999
2878,3,587.887616,588.75515,0.8675339999999778,,,hard_brake,mitra_t5,data\raw\mitra\Data_T5\T5_DAll.csv,1814.0,-20.48095
2879,7,614.213931,614.681064,0.4671329999999898,,,hard_brake,mitra_t5,data\raw\mitra\Data_T5\T5_DAll.csv,1816.0,-7.896912500000001
2880,7,611.210929,612.011729,0.8007999999999811,,,hard_brake,mitra_t5,data\raw\mitra\Data_T5\T5_DAll.csv,1818.0,-17.5543625
2881,2,594.761153,596.095821,1.334667999999965,,,hard_brake,mitra_t5,data\raw\mitra\Data_T5\T5_DAll.csv,1819.0,-24.7213875
2882,1,587.453849,588.25465,0.8008009999999786,,,hard_brake,mitra_t5,data\raw\mitra\Data_T5\T5_DAll.csv,1820.0,-25.64635
2883,3,590.590318,591.591318,1.0009999999999764,,,hard_brake,mitra_t5,data\raw\mitra\Data_T5\T5_DAll.csv,1822.0,-13.3428125
2884,2,597.697422,598.431489,0.7340670000000955,,,hard_brake,mitra_t5,data\raw\mitra\Data_T5\T5_DAll.csv,1825.0,-15.361525
2885,3,592.225285,593.259653,1.0343679999999722,,,hard_brake,mitra_t5,data\raw\mitra\Data_T5\T5_DAll.csv,1826.0,-10.128166666666667
2886,7,615.915631,616.683065,0.7674340000000939,,,hard_brake,mitra_t5,data\raw\mitra\Data_T5\T5_DAll.csv,1828.0,-15.836737500000002
2887,3,594.327386,594.927987,0.6006009999999833,,,hard_brake,mitra_t5,data\raw\mitra\Data_T5\T5_DAll.csv,1829.0,-8.639462499999999
2888,3,596.029087,596.929988,0.9009009999999762,,,hard_brake,mitra_t5,data\raw\mitra\Data_T5\T5_DAll.csv,1832.0,-35.905875
2889,4,599.198922,599.999723,0.8008009999999786,,,hard_brake,mitra_t5,data\raw\mitra\Data_T5\T5_DAll.csv,1833.0,-15.9869625
2890,3,597.096821,597.697422,0.6006009999999833,,,hard_brake,mitra_t5,data\raw\mitra\Data_T5\T5_DAll.csv,1834.0,-4.168633333333333
2891,3,598.131189,599.098822,0.9676330000000917,,,hard_brake,mitra_t5,data\raw\mitra\Data_T5\T5_DAll.csv,1836.0,-16.707
2892,2,602.802524,603.603325,0.8008010000000922,,,hard_brake,mitra_t5,data\raw\mitra\Data_T5\T5_DAll.csv,1839.0,-21.638999999999996
2893,3,599.966356,600.767157,0.8008009999999786,,,hard_brake,mitra_t5,data\raw\mitra\Data_T5\T5_DAll.csv,1840.0,-17.282225
2894,4,602.935991,603.836892,0.9009010000000899,,,hard_brake,mitra_t5,data\raw\mitra\Data_T5\T5_DAll.csv,1841.0,-22.995087499999997
2895,7,618.384766,619.185567,0.8008009999999786,,,hard_brake,mitra_t5,data\raw\mitra\Data_T5\T5_DAll.csv,1842.0,-16.474149999999998
2896,7,621.854901,622.522235,0.6673339999999826,,,hard_brake,mitra_t5,data\raw\mitra\Data_T5\T5_DAll.csv,1843.0,-9.029425
2897,4,604.637692,605.672059,1.0343669999999747,,,hard_brake,mitra_t5,data\raw\mitra\Data_T5\T5_DAll.csv,1845.0,-6.5988500000000005
2898,5,609.609328,610.510229,0.9009009999999762,,,hard_brake,mitra_t5,data\raw\mitra\Data_T5\T5_DAll.csv,1846.0,-19.420362499999996
2899,2,605.338392,606.439493,1.1011009999999715,,,hard_brake,mitra_t5,data\raw\mitra\Data_T5\T5_DAll.csv,1849.0,-19.265025
2900,4,607.07346,608.007727,0.9342670000000908,,,hard_brake,mitra_t5,data\raw\mitra\Data_T5\T5_DAll.csv,1851.0,-13.057012499999999
2901,6,624.424136,625.69207,1.2679339999999684,,,hard_brake,mitra_t5,data\raw\mitra\Data_T5\T5_DAll.csv,1852.0,-14.925212499999999
2902,2,606.806527,607.607327,0.8008000000000948,,,hard_brake,mitra_t5,data\raw\mitra\Data_T5\T5_DAll.csv,1854.0,-24.5673
2903,2,604.604325,605.438492,0.8341669999999795,,,hard_brake,mitra_t5,data\raw\mitra\Data_T5\T5_DAll.csv,1855.0,-11.727500000000003
2904,7,623.122835,624.023736,0.9009009999999762,,,hard_brake,mitra_t5,data\raw\mitra\Data_T5\T5_DAll.csv,1856.0,-8.2391
2905,7,626.659704,627.360404,0.7006999999999834,,,hard_brake,mitra_t5,data\raw\mitra\Data_T5\T5_DAll.csv,1857.0,-8.5349125
2906,3,605.772159,606.606326,0.8341669999999795,,,hard_brake,mitra_t5,data\raw\mitra\Data_T5\T5_DAll.csv,1859.0,-36.456937499999995
2907,7,623.656702,624.190569,0.5338669999999865,,,hard_brake,mitra_t5,data\raw\mitra\Data_T5\T5_DAll.csv,1860.0,-4.754713333333333
2908,5,618.484866,619.1522,0.6673339999999826,,,hard_brake,mitra_t5,data\raw\mitra\Data_T5\T5_DAll.csv,1861.0,-4.562993333333333
2909,1,610.109828,611.110829,1.0010009999999738,,,hard_brake,mitra_t5,data\raw\mitra\Data_T5\T5_DAll.csv,1862.0,-17.005425
2910,5,613.946997,614.847898,0.9009009999999762,,,hard_brake,mitra_t5,data\raw\mitra\Data_T5\T5_DAll.csv,1864.0,-14.7403625
2911,7,627.961005,628.695072,0.7340669999999818,,,hard_brake,mitra_t5,data\raw\mitra\Data_T5\T5_DAll.csv,1867.0,-9.291675
2912,4,610.109828,611.110829,1.0010009999999738,,,hard_brake,mitra_t5,data\raw\mitra\Data_T5\T5_DAll.csv,1869.0,-7.689573333333334
2913,6,611.678062,612.845896,1.1678340000000844,,,hard_brake,mitra_t5,data\raw\mitra\Data_T5\T5_DAll.csv,1870.0,-8.1501
2914,2,615.415131,616.282665,0.8675339999999778,,,hard_brake,mitra_t5,data\raw\mitra\Data_T5\T5_DAll.csv,1873.0,-13.924299999999999
2915,2,611.444496,612.278663,0.8341670000000931,,,hard_brake,mitra_t5,data\raw\mitra\Data_T5\T5_DAll.csv,1874.0,-28.176500000000004
2916,4,615.181564,616.015731,0.8341669999999795,,,hard_brake,mitra_t5,data\raw\mitra\Data_T5\T5_DAll.csv,1875.0,-12.4619
2917,3,610.643695,611.444496,0.8008009999999786,,,hard_brake,mitra_t5,data\raw\mitra\Data_T5\T5_DAll.csv,1876.0,-20.559687500000003
2918,3,613.91363,614.781164,0.8675339999999778,,,hard_brake,mitra_t5,data\raw\mitra\Data_T5\T5_DAll.csv,1879.0,-19.30825
2919,6,635.568609,636.202576,0.6339669999999842,,,hard_brake,mitra_t5,data\raw\mitra\Data_T5\T5_DAll.csv,1881.0,-16.4245125
2920,4,616.582965,617.517232,0.9342670000000908,,,hard_brake,mitra_t5,data\raw\mitra\Data_T5\T5_DAll.csv,1882.0,-30.243575000000003
2921,3,583.883614,584.384114,0.5004999999999882,,,hard_brake,mitra_t5,data\raw\mitra\Data_T5\T5_DAll.csv,1883.0,-4.607426666666667
2922,3,611.944996,612.779163,0.8341670000000931,,,hard_brake,mitra_t5,data\raw\mitra\Data_T5\T5_DAll.csv,1883.0,-21.1997125
2923,2,613.579964,614.280664,0.7006999999999834,,,hard_brake,mitra_t5,data\raw\mitra\Data_T5\T5_DAll.csv,1884.0,-14.718074999999999
2924,3,615.581965,616.049098,0.4671329999999898,,,hard_brake,mitra_t5,data\raw\mitra\Data_T5\T5_DAll.csv,1885.0,-4.673126666666667
2925,7,633.866908,634.701075,0.8341669999999795,,,hard_brake,mitra_t5,data\raw\mitra\Data_T5\T5_DAll.csv,1886.0,-13.414974999999998
2926,7,637.437143,638.17121,0.7340669999999818,,,hard_brake,mitra_t5,data\raw\mitra\Data_T5\T5_DAll.csv,1887.0,-9.460662499999998
2927,4,620.286667,621.020734,0.7340669999999818,,,hard_brake,mitra_t5,data\raw\mitra\Data_T5\T5_DAll.csv,1888.0,-9.429212499999998
2928,5,626.759804,627.360404,0.6005999999999858,,,hard_brake,mitra_t5,data\raw\mitra\Data_T5\T5_DAll.csv,1891.0,-4.617275000000001
2929,7,646.546248,647.213582,0.6673339999999826,,,hard_brake,mitra_t5,data\raw\mitra\Data_T5\T5_DAll.csv,1897.0,-4.899262499999999
2930,7,639.372411,640.206578,0.8341669999999795,,,hard_brake,mitra_t5,data\raw\mitra\Data_T5\T5_DAll.csv,1898.0,-16.4020625
2931,2,617.784166,618.618333,0.8341669999999795,,,hard_brake,mitra_t5,data\raw\mitra\Data_T5\T5_DAll.csv,1900.0,-17.649375000000003
2932,1,629.028738,629.796172,0.7674339999999802,,,hard_brake,mitra_t5,data\raw\mitra\Data_T5\T5_DAll.csv,1901.0,-17.9454
2933,3,614.781164,615.615331,0.8341669999999795,,,hard_brake,mitra_t5,data\raw\mitra\Data_T5\T5_DAll.csv,1902.0,-29.6491
2934,7,648.081115,648.881916,0.8008010000000922,,,hard_brake,mitra_t5,data\raw\mitra\Data_T5\T5_DAll.csv,1903.0,-18.2907625
2935,5,633.132841,633.700074,0.5672329999999874,,,hard_brake,mitra_t5,data\raw\mitra\Data_T5\T5_DAll.csv,1905.0,-6.261225
2936,3,603.102825,603.736792,0.6339669999999842,,,hard_brake,mitra_t5,data\raw\mitra\Data_T5\T5_DAll.csv,1907.0,-4.793686666666668
2937,3,617.283665,618.284666,1.0010009999999738,,,hard_brake,mitra_t5,data\raw\mitra\Data_T5\T5_DAll.csv,1907.0,-13.865537500000002
2938,4,626.359404,627.193571,0.8341669999999795,,,hard_brake,mitra_t5,data\raw\mitra\Data_T5\T5_DAll.csv,1908.0,-20.850487500000003
2939,4,627.260304,628.027738,0.7674339999999802,,,hard_brake,mitra_t5,data\raw\mitra\Data_T5\T5_DAll.csv,1909.0,-17.346025
2940,2,622.188568,622.956002,0.7674339999999802,,,hard_brake,mitra_t5,data\raw\mitra\Data_T5\T5_DAll.csv,1911.0,-7.2311
2941,2,619.185567,620.620334,1.4347669999999653,,,hard_brake,mitra_t5,data\raw\mitra\Data_T5\T5_DAll.csv,1912.0,-24.762212499999997
2942,6,655.98902,656.88992,0.9008999999999787,,,hard_brake,mitra_t5,data\raw\mitra\Data_T5\T5_DAll.csv,1913.0,-13.8378875
2943,5,635.401775,636.035742,0.6339669999999842,,,hard_brake,mitra_t5,data\raw\mitra\Data_T5\T5_DAll.csv,1915.0,-9.3636125
2944,1,631.097473,631.965007,0.8675339999999778,,,hard_brake,mitra_t5,data\raw\mitra\Data_T5\T5_DAll.csv,1922.0,-32.0005125
2945,1,626.592971,627.794171,1.2011999999999716,,,hard_brake,mitra_t5,data\raw\mitra\Data_T5\T5_DAll.csv,1925.0,-9.875413333333334
2946,4,633.399774,634.033741,0.6339669999999842,,,hard_brake,mitra_t5,data\raw\mitra\Data_T5\T5_DAll.csv,1926.0,-8.0321375
2947,6,639.706078,640.373411,0.6673329999999851,,,hard_brake,mitra_t5,data\raw\mitra\Data_T5\T5_DAll.csv,1927.0,-7.407500000000001
2948,3,623.489869,624.123836,0.6339669999999842,,,hard_brake,mitra_t5,data\raw\mitra\Data_T5\T5_DAll.csv,1929.0,-12.9258625
2949,4,634.968008,635.868909,0.9009009999999762,,,hard_brake,mitra_t5,data\raw\mitra\Data_T5\T5_DAll.csv,1930.0,-5.7183399999999995
2950,1,621.988368,622.622335,0.6339669999999842,,,hard_brake,mitra_t5,data\raw\mitra\Data_T5\T5_DAll.csv,1933.0,-12.8682375
2951,4,637.67071,638.538244,0.8675339999999778,,,hard_brake,mitra_t5,data\raw\mitra\Data_T5\T5_DAll.csv,1934.0,-7.330374999999999
2952,1,635.668709,636.970009,1.3012999999999693,,,hard_brake,mitra_t5,data\raw\mitra\Data_T5\T5_DAll.csv,1935.0,-15.0939
2953,3,624.89127,625.79217,0.9009000000000924,,,hard_brake,mitra_t5,data\raw\mitra\Data_T5\T5_DAll.csv,1937.0,-40.487337499999995
2954,3,614.647697,615.281664,0.6339669999999842,,,hard_brake,mitra_t5,data\raw\mitra\Data_T5\T5_DAll.csv,1938.0,-5.350553333333334
2955,3,625.325036,626.125837,0.8008010000000922,,,hard_brake,mitra_t5,data\raw\mitra\Data_T5\T5_DAll.csv,1938.0,-17.613287500000002
2956,2,597.297021,598.398122,1.1011009999999715,,,hard_brake,mitra_t5,data\raw\mitra\Data_T5\T5_DAll.csv,1939.0,-5.897753333333333
2957,2,628.127838,628.795172,0.6673339999999826,,,hard_brake,mitra_t5,data\raw\mitra\Data_T5\T5_DAll.csv,1939.0,-5.669737500000001
2958,2,626.09247,626.793171,0.7007009999999809,,,hard_brake,mitra_t5,data\raw\mitra\Data_T5\T5_DAll.csv,1942.0,-18.0898625
2959,2,629.028738,629.796172,0.7674339999999802,,,hard_brake,mitra_t5,data\raw\mitra\Data_T5\T5_DAll.csv,1943.0,-15.8873125
2960,3,627.627338,628.294671,0.6673329999999851,,,hard_brake,mitra_t5,data\raw\mitra\Data_T5\T5_DAll.csv,1946.0,-5.432188888888889
2961,2,631.464506,632.799174,1.334667999999965,,,hard_brake,mitra_t5,data\raw\mitra\Data_T5\T5_DAll.csv,1947.0,-32.804050000000004
2962,7,651.284317,652.051751,0.7674339999999802,,,hard_brake,mitra_t5,data\raw\mitra\Data_T5\T5_DAll.csv,1948.0,-5.620849999999999
2963,6,638.27131,639.038744,0.7674339999999802,,,hard_brake,mitra_t5,data\raw\mitra\Data_T5\T5_DAll.csv,1949.0,-10.939262500000002
2964,2,621.721435,622.288668,0.5672329999999874,,,hard_brake,mitra_t5,data\raw\mitra\Data_T5\T5_DAll.csv,1950.0,-5.1188666666666665
2965,7,668.26796,668.735093,0.4671329999999898,,,hard_brake,mitra_t5,data\raw\mitra\Data_T5\T5_DAll.csv,1951.0,-6.7368500000000004
2966,4,639.706078,640.540245,0.8341669999999795,,,hard_brake,mitra_t5,data\raw\mitra\Data_T5\T5_DAll.csv,1952.0,-12.881575
2967,3,629.762806,630.630339,0.867533000000094,,,hard_brake,mitra_t5,data\raw\mitra\Data_T5\T5_DAll.csv,1953.0,-7.911975000000001
2968,7,669.102127,669.736094,0.6339669999999842,,,hard_brake,mitra_t5,data\raw\mitra\Data_T5\T5_DAll.csv,1955.0,-9.613249999999999
2969,3,630.763806,631.63134,0.8675339999999778,,,hard_brake,mitra_t5,data\raw\mitra\Data_T5\T5_DAll.csv,1956.0,-17.8457875
2970,5,646.079114,646.779815,0.7007009999999809,,,hard_brake,mitra_t5,data\raw\mitra\Data_T5\T5_DAll.csv,1957.0,-4.522526666666667
2971,7,662.261956,663.062757,0.8008009999999786,,,hard_brake,mitra_t5,data\raw\mitra\Data_T5\T5_DAll.csv,1959.0,-16.219274999999996
2972,2,636.669709,637.47051,0.8008009999999786,,,hard_brake,mitra_t5,data\raw\mitra\Data_T5\T5_DAll.csv,1964.0,-22.6696125
2973,3,632.498874,633.466508,0.9676339999999755,,,hard_brake,mitra_t5,data\raw\mitra\Data_T5\T5_DAll.csv,1965.0,-17.943612499999997
2974,4,643.676713,644.71108,1.0343670000000884,,,hard_brake,mitra_t5,data\raw\mitra\Data_T5\T5_DAll.csv,1966.0,-8.038455555555554
2975,3,633.032741,633.967008,0.9342669999999771,,,hard_brake,mitra_t5,data\raw\mitra\Data_T5\T5_DAll.csv,1967.0,-5.794626666666668
2976,2,638.304677,639.138844,0.8341669999999795,,,hard_brake,mitra_t5,data\raw\mitra\Data_T5\T5_DAll.csv,1969.0,-9.3347625
2977,7,660.793822,661.561256,0.7674339999999802,,,hard_brake,mitra_t5,data\raw\mitra\Data_T5\T5_DAll.csv,1971.0,-12.782662499999999
2978,1,643.977013,644.644347,0.6673339999999826,,,hard_brake,mitra_t5,data\raw\mitra\Data_T5\T5_DAll.csv,1972.0,-9.992149999999999
2979,7,640.139844,640.873912,0.7340679999999793,,,hard_brake,mitra_t5,data\raw\mitra\Data_T5\T5_DAll.csv,1973.0,-20.226400000000005
2980,1,638.57161,639.305677,0.7340669999999818,,,hard_brake,mitra_t5,data\raw\mitra\Data_T5\T5_DAll.csv,1974.0,-8.8056
2981,2,638.87191,639.639344,0.7674340000000939,,,hard_brake,mitra_t5,data\raw\mitra\Data_T5\T5_DAll.csv,1975.0,-11.4002625
2982,3,634.634342,635.468509,0.8341670000000931,,,hard_brake,mitra_t5,data\raw\mitra\Data_T5\T5_DAll.csv,1977.0,-10.409412499999998
2983,2,641.007378,641.808179,0.8008009999999786,,,hard_brake,mitra_t5,data\raw\mitra\Data_T5\T5_DAll.csv,1979.0,-20.7692125
2984,3,636.002376,636.803176,0.8007999999999811,,,hard_brake,mitra_t5,data\raw\mitra\Data_T5\T5_DAll.csv,1981.0,-33.967225000000006
2985,1,645.311681,646.145848,0.8341669999999795,,,hard_brake,mitra_t5,data\raw\mitra\Data_T5\T5_DAll.csv,1983.0,-37.772724999999994
2986,3,637.47051,638.137843,0.6673329999999851,,,hard_brake,mitra_t5,data\raw\mitra\Data_T5\T5_DAll.csv,1985.0,-8.7939375
2987,4,649.615983,650.216583,0.6005999999999858,,,hard_brake,mitra_t5,data\raw\mitra\Data_T5\T5_DAll.csv,1986.0,-5.69605
2988,7,669.936294,670.737094,0.8007999999999811,,,hard_brake,mitra_t5,data\raw\mitra\Data_T5\T5_DAll.csv,1987.0,-22.424475
2989,2,644.177213,644.978014,0.8008009999999786,,,hard_brake,mitra_t5,data\raw\mitra\Data_T5\T5_DAll.csv,1989.0,-14.7879
2990,3,637.737443,638.638344,0.9009009999999762,,,hard_brake,mitra_t5,data\raw\mitra\Data_T5\T5_DAll.csv,1990.0,-8.522825
2991,2,642.942646,643.81018,0.8675339999999778,,,hard_brake,mitra_t5,data\raw\mitra\Data_T5\T5_DAll.csv,1991.0,-8.587100000000001
2992,3,639.238944,639.973011,0.7340670000000955,,,hard_brake,mitra_t5,data\raw\mitra\Data_T5\T5_DAll.csv,1994.0,-19.45665
2993,2,645.845548,646.612981,0.7674329999999827,,,hard_brake,mitra_t5,data\raw\mitra\Data_T5\T5_DAll.csv,1998.0,-4.981846666666667
2994,3,640.206578,640.974012,0.7674339999999802,,,hard_brake,mitra_t5,data\raw\mitra\Data_T5\T5_DAll.csv,1999.0,-22.1756875
2995,7,671.671361,672.572262,0.9009009999999762,,,hard_brake,mitra_t5,data\raw\mitra\Data_T5\T5_DAll.csv,2000.0,-9.751399999999999
2996,6,672.005028,673.072762,1.067733999999973,,,hard_brake,mitra_t5,data\raw\mitra\Data_T5\T5_DAll.csv,2001.0,-6.13648
2997,1,648.781816,649.64935,0.8675339999999778,,,hard_brake,mitra_t5,data\raw\mitra\Data_T5\T5_DAll.csv,2002.0,-14.4070625
2998,3,640.807178,641.641345,0.8341669999999795,,,hard_brake,mitra_t5,data\raw\mitra\Data_T5\T5_DAll.csv,2003.0,-36.6030875
2999,2,648.481516,649.315683,0.8341669999999795,,,hard_brake,mitra_t5,data\raw\mitra\Data_T5\T5_DAll.csv,2006.0,-15.589775000000001
3000,3,641.641345,642.308679,0.6673339999999826,,,hard_brake,mitra_t5,data\raw\mitra\Data_T5\T5_DAll.csv,2007.0,-10.829187500000002
3001,3,642.675712,643.476513,0.8008009999999786,,,hard_brake,mitra_t5,data\raw\mitra\Data_T5\T5_DAll.csv,2009.0,-20.9654625
3002,2,649.682716,650.216583,0.5338669999999865,,,hard_brake,mitra_t5,data\raw\mitra\Data_T5\T5_DAll.csv,2010.0,-4.53824
3003,1,644.644347,645.311681,0.6673339999999826,,,hard_brake,mitra_t5,data\raw\mitra\Data_T5\T5_DAll.csv,2011.0,-5.1193375
3004,2,650.984017,651.818184,0.8341669999999795,,,hard_brake,mitra_t5,data\raw\mitra\Data_T5\T5_DAll.csv,2015.0,-29.873487499999996
3005,7,665.465158,666.232592,0.7674339999999802,,,hard_brake,mitra_t5,data\raw\mitra\Data_T5\T5_DAll.csv,2017.0,-13.4777875
3006,1,650.14985,650.984017,0.8341669999999795,,,hard_brake,mitra_t5,data\raw\mitra\Data_T5\T5_DAll.csv,2018.0,-7.247437499999999
3007,3,645.178214,645.979014,0.8007999999999811,,,hard_brake,mitra_t5,data\raw\mitra\Data_T5\T5_DAll.csv,2021.0,-9.2935625
3008,7,667.500526,668.234593,0.7340669999999818,,,hard_brake,mitra_t5,data\raw\mitra\Data_T5\T5_DAll.csv,2022.0,-10.355075000000001
3009,4,664.831191,665.565258,0.7340669999999818,,,hard_brake,mitra_t5,data\raw\mitra\Data_T5\T5_DAll.csv,2023.0,-5.0622375
3010,2,651.851551,652.819185,0.9676339999999755,,,hard_brake,mitra_t5,data\raw\mitra\Data_T5\T5_DAll.csv,2024.0,-17.7556625
3011,1,654.754452,655.655353,0.9009009999999762,,,hard_brake,mitra_t5,data\raw\mitra\Data_T5\T5_DAll.csv,2025.0,-41.124925
3012,3,645.878914,646.646348,0.7674339999999802,,,hard_brake,mitra_t5,data\raw\mitra\Data_T5\T5_DAll.csv,2026.0,-19.365475
3013,6,679.145499,680.079766,0.9342669999999771,,,hard_brake,mitra_t5,data\raw\mitra\Data_T5\T5_DAll.csv,2027.0,-7.486073333333333
3014,1,647.146848,647.647349,0.5005009999999857,,,hard_brake,mitra_t5,data\raw\mitra\Data_T5\T5_DAll.csv,2029.0,-7.353825
3015,3,647.180215,647.647349,0.4671339999999873,,,hard_brake,mitra_t5,data\raw\mitra\Data_T5\T5_DAll.csv,2031.0,-8.5875
3016,3,650.45015,651.317684,0.8675339999999778,,,hard_brake,mitra_t5,data\raw\mitra\Data_T5\T5_DAll.csv,2034.0,-33.3458
3017,7,676.709731,677.410431,0.7006999999999834,,,hard_brake,mitra_t5,data\raw\mitra\Data_T5\T5_DAll.csv,2035.0,-14.047925000000001
3018,7,679.712732,680.246599,0.5338669999999865,,,hard_brake,mitra_t5,data\raw\mitra\Data_T5\T5_DAll.csv,2036.0,-4.02996
3019,1,663.62999,664.831191,1.201200999999969,,,hard_brake,mitra_t5,data\raw\mitra\Data_T5\T5_DAll.csv,2043.0,-12.517633333333333
3020,3,652.752451,653.486518,0.7340670000000955,,,hard_brake,mitra_t5,data\raw\mitra\Data_T5\T5_DAll.csv,2044.0,-8.4639375
3021,3,655.755453,656.322687,0.5672339999999849,,,hard_brake,mitra_t5,data\raw\mitra\Data_T5\T5_DAll.csv,2049.0,-7.3767125
3022,7,680.146499,680.913933,0.7674340000000939,,,hard_brake,mitra_t5,data\raw\mitra\Data_T5\T5_DAll.csv,2050.0,-12.9939875
3023,2,662.762457,663.997024,1.23456699999997,,,hard_brake,mitra_t5,data\raw\mitra\Data_T5\T5_DAll.csv,2051.0,-13.300540000000002
3024,2,656.055753,656.99002,0.9342669999999771,,,hard_brake,mitra_t5,data\raw\mitra\Data_T5\T5_DAll.csv,2052.0,-30.5004
3025,6,668.434793,668.901927,0.4671339999999873,,,hard_brake,mitra_t5,data\raw\mitra\Data_T5\T5_DAll.csv,2055.0,-5.00574
3026,2,660.159855,660.827189,0.6673339999999826,,,hard_brake,mitra_t5,data\raw\mitra\Data_T5\T5_DAll.csv,2060.0,-9.681937500000002
3027,3,656.756453,657.824187,1.0677340000000868,,,hard_brake,mitra_t5,data\raw\mitra\Data_T5\T5_DAll.csv,2061.0,-6.782186666666667
3028,7,682.548901,683.416434,0.8675329999999803,,,hard_brake,mitra_t5,data\raw\mitra\Data_T5\T5_DAll.csv,2062.0,-11.020587500000001
3029,7,689.222238,689.922938,0.7007000000000971,,,hard_brake,mitra_t5,data\raw\mitra\Data_T5\T5_DAll.csv,2067.0,-13.741825000000002
3030,7,694.794474,696.295975,1.501500999999962,,,hard_brake,mitra_t5,data\raw\mitra\Data_T5\T5_DAll.csv,2071.0,-11.286340000000001
3031,7,701.868211,702.602278,0.7340669999999818,,,hard_brake,mitra_t5,data\raw\mitra\Data_T5\T5_DAll.csv,2072.0,-8.247625
3032,7,702.702378,703.603279,0.9009010000000899,,,hard_brake,mitra_t5,data\raw\mitra\Data_T5\T5_DAll.csv,2076.0,-6.220093333333334
3033,7,704.270612,705.104779,0.8341669999999795,,,hard_brake,mitra_t5,data\raw\mitra\Data_T5\T5_DAll.csv,2078.0,-19.9187
3034,1,668.26796,669.16886,0.9008999999999787,,,hard_brake,mitra_t5,data\raw\mitra\Data_T5\T5_DAll.csv,2080.0,-12.4213125
3035,7,690.423438,690.890572,0.4671339999999873,,,hard_brake,mitra_t5,data\raw\mitra\Data_T5\T5_DAll.csv,2083.0,-7.193925
3036,3,665.031391,665.832192,0.8008009999999786,,,hard_brake,mitra_t5,data\raw\mitra\Data_T5\T5_DAll.csv,2085.0,-19.104237500000004
3037,2,665.465158,666.632992,1.1678339999999707,,,hard_brake,mitra_t5,data\raw\mitra\Data_T5\T5_DAll.csv,2086.0,-8.782346666666667
3038,3,665.999025,666.833192,0.8341670000000931,,,hard_brake,mitra_t5,data\raw\mitra\Data_T5\T5_DAll.csv,2088.0,-14.15795
3039,2,642.342046,643.209579,0.8675329999999803,,,hard_brake,mitra_t5,data\raw\mitra\Data_T5\T5_DAll.csv,2090.0,-10.898813333333333
3040,0,642.642346,644.01038,1.3680340000000797,,,hard_brake,mitra_t5,data\raw\mitra\Data_T5\T5_DAll.csv,2091.0,-10.803386666666665
3041,0,645.645347,646.746448,1.1011009999999715,,,hard_brake,mitra_t5,data\raw\mitra\Data_T5\T5_DAll.csv,2091.0,-8.210733333333334
3042,0,649.64935,650.283317,0.6339669999999842,,,hard_brake,mitra_t5,data\raw\mitra\Data_T5\T5_DAll.csv,2091.0,-5.3592466666666665
3043,6,683.249601,683.750101,0.5004999999999882,,,hard_brake,mitra_t5,data\raw\mitra\Data_T5\T5_DAll.csv,2093.0,-5.41295
3044,1,679.312332,680.513533,1.2012010000000828,,,hard_brake,mitra_t5,data\raw\mitra\Data_T5\T5_DAll.csv,2094.0,-21.347475000000003
3045,2,677.276964,678.678365,1.4014009999999644,,,hard_brake,mitra_t5,data\raw\mitra\Data_T5\T5_DAll.csv,2097.0,-11.784099999999999
3046,2,683.349701,684.517535,1.1678339999999707,,,hard_brake,mitra_t5,data\raw\mitra\Data_T5\T5_DAll.csv,2110.0,-30.24145
3047,6,659.092121,659.993022,0.9009009999999762,,,hard_brake,mitra_t5,data\raw\mitra\Data_T5\T5_DAll.csv,2112.0,-9.8914
3048,3,672.372062,673.172862,0.8007999999999811,,,hard_brake,mitra_t5,data\raw\mitra\Data_T5\T5_DAll.csv,2113.0,-24.806037500000002
3049,1,680.880566,681.681367,0.8008009999999786,,,hard_brake,mitra_t5,data\raw\mitra\Data_T5\T5_DAll.csv,2115.0,-16.27135
3050,3,674.140496,675.00803,0.8675339999999778,,,hard_brake,mitra_t5,data\raw\mitra\Data_T5\T5_DAll.csv,2118.0,-40.84536250000001
3051,7,715.648652,716.616286,0.9676339999999755,,,hard_brake,mitra_t5,data\raw\mitra\Data_T5\T5_DAll.csv,2120.0,-5.572186666666667
3052,2,686.185869,687.520537,1.334667999999965,,,hard_brake,mitra_t5,data\raw\mitra\Data_T5\T5_DAll.csv,2121.0,-25.18015
3053,1,699.36571,700.199877,0.8341669999999795,,,hard_brake,mitra_t5,data\raw\mitra\Data_T5\T5_DAll.csv,2124.0,-14.6413125
3054,2,688.988671,689.622638,0.6339670000000979,,,hard_brake,mitra_t5,data\raw\mitra\Data_T5\T5_DAll.csv,2130.0,-5.03144
3055,2,690.089771,691.524539,1.4347679999999627,,,hard_brake,mitra_t5,data\raw\mitra\Data_T5\T5_DAll.csv,2133.0,-24.4048625
3056,3,691.190872,691.691372,0.5004999999999882,,,hard_brake,mitra_t5,data\raw\mitra\Data_T5\T5_DAll.csv,2135.0,-4.4441749999999995
3057,3,680.813833,681.514533,0.7006999999999834,,,hard_brake,mitra_t5,data\raw\mitra\Data_T5\T5_DAll.csv,2136.0,-10.787412499999999
3058,3,657.991021,658.825188,0.8341669999999795,,,hard_brake,mitra_t5,data\raw\mitra\Data_T5\T5_DAll.csv,2140.0,-5.01728
3059,7,717.083419,717.950953,0.8675339999999778,,,hard_brake,mitra_t5,data\raw\mitra\Data_T5\T5_DAll.csv,2146.0,-23.449175000000004
3060,7,717.850853,718.618287,0.7674339999999802,,,hard_brake,mitra_t5,data\raw\mitra\Data_T5\T5_DAll.csv,2150.0,-18.0947375
3061,1,685.985669,686.853203,0.8675339999999778,,,hard_brake,mitra_t5,data\raw\mitra\Data_T5\T5_DAll.csv,2154.0,-31.142175
3062,7,720.253254,720.953955,0.7007009999999809,,,hard_brake,mitra_t5,data\raw\mitra\Data_T5\T5_DAll.csv,2157.0,-6.5035375
3063,7,722.455455,723.456456,1.0010009999999738,,,hard_brake,mitra_t5,data\raw\mitra\Data_T5\T5_DAll.csv,2159.0,-5.83362
3064,10,700.133143,700.633644,0.5005009999999857,,,hard_brake,mitra_t5,data\raw\mitra\Data_T5\T5_DAll.csv,2160.0,-4.246686666666666
3065,7,730.16316,730.797127,0.6339670000000979,,,hard_brake,mitra_t5,data\raw\mitra\Data_T5\T5_DAll.csv,2165.0,-6.016525
3066,1,690.990672,691.758106,0.7674339999999802,,,hard_brake,mitra_t5,data\raw\mitra\Data_T5\T5_DAll.csv,2166.0,-5.5626266666666675
3067,6,675.041397,675.60863,0.5672329999999874,,,hard_brake,mitra_t5,data\raw\mitra\Data_T5\T5_DAll.csv,2167.0,-4.396100000000001
3068,7,723.92359,725.291624,1.368033999999966,,,hard_brake,mitra_t5,data\raw\mitra\Data_T5\T5_DAll.csv,2167.0,-9.589033333333333
3069,3,697.497175,698.364709,0.8675339999999778,,,hard_brake,mitra_t5,data\raw\mitra\Data_T5\T5_DAll.csv,2168.0,-14.116062500000002
3070,3,694.594274,695.528541,0.9342669999999771,,,hard_brake,mitra_t5,data\raw\mitra\Data_T5\T5_DAll.csv,2169.0,-25.8396875
3071,5,878.277873,878.778373,0.5004999999999882,,,hard_brake,mitra_t5,data\raw\mitra\Data_T5\T5_DAll.csv,2174.0,-6.5747125
3072,2,698.865209,699.532543,0.6673339999999826,,,hard_brake,mitra_t5,data\raw\mitra\Data_T5\T5_DAll.csv,2175.0,-9.7832875
3073,1,705.104779,705.70538,0.6006009999999833,,,hard_brake,mitra_t5,data\raw\mitra\Data_T5\T5_DAll.csv,2177.0,-11.568224999999998
3074,3,695.695374,696.863208,1.1678339999999707,,,hard_brake,mitra_t5,data\raw\mitra\Data_T5\T5_DAll.csv,2180.0,-20.080812499999997
3075,3,699.832843,700.533544,0.7007009999999809,,,hard_brake,mitra_t5,data\raw\mitra\Data_T5\T5_DAll.csv,2182.0,-10.5860125
3076,7,736.235896,737.136797,0.9009009999999762,,,hard_brake,mitra_t5,data\raw\mitra\Data_T5\T5_DAll.csv,2184.0,-18.006387500000002
3077,7,732.865861,733.633295,0.7674339999999802,,,hard_brake,mitra_t5,data\raw\mitra\Data_T5\T5_DAll.csv,2185.0,-20.486737499999997
3078,3,697.030042,697.864209,0.8341669999999795,,,hard_brake,mitra_t5,data\raw\mitra\Data_T5\T5_DAll.csv,2186.0,-12.567037500000001
3079,7,726.092424,726.726391,0.6339669999999842,,,hard_brake,mitra_t5,data\raw\mitra\Data_T5\T5_DAll.csv,2188.0,-11.584999999999999
3080,3,704.170512,704.704379,0.5338669999999865,,,hard_brake,mitra_t5,data\raw\mitra\Data_T5\T5_DAll.csv,2189.0,-6.2575125
3081,5,680.913933,681.881567,0.9676339999999755,,,hard_brake,mitra_t5,data\raw\mitra\Data_T5\T5_DAll.csv,2190.0,-5.067093333333333
3082,5,682.281967,683.049401,0.7674339999999802,,,hard_brake,mitra_t5,data\raw\mitra\Data_T5\T5_DAll.csv,2190.0,-4.606693333333333
3083,2,702.335345,703.202878,0.867533000000094,,,hard_brake,mitra_t5,data\raw\mitra\Data_T5\T5_DAll.csv,2193.0,-46.18085000000001
3084,5,683.416434,684.484168,1.067733999999973,,,hard_brake,mitra_t5,data\raw\mitra\Data_T5\T5_DAll.csv,2194.0,-6.1752400000000005
3085,3,698.398076,699.36571,0.9676340000000891,,,hard_brake,mitra_t5,data\raw\mitra\Data_T5\T5_DAll.csv,2195.0,-26.2477125
3086,2,702.935945,703.870212,0.9342670000000908,,,hard_brake,mitra_t5,data\raw\mitra\Data_T5\T5_DAll.csv,2196.0,-6.012720000000001
3087,3,707.907581,709.042048,1.1344669999999724,,,hard_brake,mitra_t5,data\raw\mitra\Data_T5\T5_DAll.csv,2197.0,-7.971526666666666
3088,3,709.409082,710.376716,0.9676339999999755,,,hard_brake,mitra_t5,data\raw\mitra\Data_T5\T5_DAll.csv,2211.0,-10.946475000000001
3089,21,690.790472,691.257605,0.4671329999999898,,,hard_brake,mitra_t5,data\raw\mitra\Data_T5\T5_DAll.csv,2212.0,-4.7347866666666665
3090,7,755.688673,756.32264,0.6339669999999842,,,hard_brake,mitra_t5,data\raw\mitra\Data_T5\T5_DAll.csv,2214.0,-9.6601
3091,3,710.410082,711.377716,0.9676339999999755,,,hard_brake,mitra_t5,data\raw\mitra\Data_T5\T5_DAll.csv,2217.0,-18.9194625
3092,2,715.114785,716.049052,0.9342669999999771,,,hard_brake,mitra_t5,data\raw\mitra\Data_T5\T5_DAll.csv,2223.0,-17.2429
3093,3,711.64465,712.54555,0.9009000000000924,,,hard_brake,mitra_t5,data\raw\mitra\Data_T5\T5_DAll.csv,2225.0,-11.007575
3094,2,718.418087,719.052054,0.6339669999999842,,,hard_brake,mitra_t5,data\raw\mitra\Data_T5\T5_DAll.csv,2228.0,-11.542375000000002
3095,3,713.04605,713.880217,0.8341669999999795,,,hard_brake,mitra_t5,data\raw\mitra\Data_T5\T5_DAll.csv,2239.0,-43.345875
3096,2,721.721388,722.555555,0.8341669999999795,,,hard_brake,mitra_t5,data\raw\mitra\Data_T5\T5_DAll.csv,2240.0,-4.997346666666667
3097,3,713.646651,714.547551,0.9008999999999787,,,hard_brake,mitra_t5,data\raw\mitra\Data_T5\T5_DAll.csv,2243.0,-40.2851
3098,7,775.14145,775.842151,0.7007009999999809,,,hard_brake,mitra_t5,data\raw\mitra\Data_T5\T5_DAll.csv,2246.0,-8.973799999999999
3099,3,714.714385,715.548552,0.8341669999999795,,,hard_brake,mitra_t5,data\raw\mitra\Data_T5\T5_DAll.csv,2250.0,-23.834562499999997
3100,2,723.056056,723.890223,0.8341669999999795,,,hard_brake,mitra_t5,data\raw\mitra\Data_T5\T5_DAll.csv,2253.0,-17.0522125
3101,2,709.676015,710.677016,1.0010009999999738,,,hard_brake,mitra_t5,data\raw\mitra\Data_T5\T5_DAll.csv,2254.0,-8.426606666666666
3102,2,724.12379,724.891223,0.7674329999999827,,,hard_brake,mitra_t5,data\raw\mitra\Data_T5\T5_DAll.csv,2254.0,-21.9723
3103,3,716.516186,717.383719,0.867533000000094,,,hard_brake,mitra_t5,data\raw\mitra\Data_T5\T5_DAll.csv,2255.0,-29.794462499999998
3104,7,764.097078,764.831145,0.7340669999999818,,,hard_brake,mitra_t5,data\raw\mitra\Data_T5\T5_DAll.csv,2256.0,-21.449549999999995
3105,3,717.717386,718.551553,0.8341669999999795,,,hard_brake,mitra_t5,data\raw\mitra\Data_T5\T5_DAll.csv,2258.0,-33.13075
3106,7,759.258909,759.992976,0.7340669999999818,,,hard_brake,mitra_t5,data\raw\mitra\Data_T5\T5_DAll.csv,2262.0,-5.183581818181818
3107,2,727.660658,728.361359,0.7007009999999809,,,hard_brake,mitra_t5,data\raw\mitra\Data_T5\T5_DAll.csv,2264.0,-4.863453333333333
3108,7,772.538849,773.339649,0.8007999999999811,,,hard_brake,mitra_t5,data\raw\mitra\Data_T5\T5_DAll.csv,2266.0,-20.1289125
3109,4,907.039955,907.640555,0.6005999999999858,,,hard_brake,mitra_t5,data\raw\mitra\Data_T5\T5_DAll.csv,2276.0,-7.908100000000001
3110,3,728.027692,728.895226,0.8675339999999778,,,hard_brake,mitra_t5,data\raw\mitra\Data_T5\T5_DAll.csv,2277.0,-13.2187375
3111,3,724.52419,725.22489,0.7006999999999834,,,hard_brake,mitra_t5,data\raw\mitra\Data_T5\T5_DAll.csv,2278.0,-10.390737499999998
3112,3,729.696026,730.897227,1.2012010000000828,,,hard_brake,mitra_t5,data\raw\mitra\Data_T5\T5_DAll.csv,2295.0,-18.252525000000002
3113,3,734.934595,735.735396,0.8008010000000922,,,hard_brake,mitra_t5,data\raw\mitra\Data_T5\T5_DAll.csv,2297.0,-25.211037500000003
3114,4,915.448359,915.982226,0.5338669999999865,,,hard_brake,mitra_t5,data\raw\mitra\Data_T5\T5_DAll.csv,2300.0,-5.450875
3115,7,798.69833,799.532497,0.8341669999999795,,,hard_brake,mitra_t5,data\raw\mitra\Data_T5\T5_DAll.csv,2303.0,-7.346025000000001
3116,3,733.499828,734.400729,0.9009009999999762,,,hard_brake,mitra_t5,data\raw\mitra\Data_T5\T5_DAll.csv,2305.0,-21.807100000000002
3117,7,761.327643,762.16181,0.8341669999999795,,,hard_brake,mitra_t5,data\raw\mitra\Data_T5\T5_DAll.csv,2309.0,-25.373825
3118,3,735.868863,736.736396,0.8675329999999803,,,hard_brake,mitra_t5,data\raw\mitra\Data_T5\T5_DAll.csv,2312.0,-38.2916
3119,3,736.936597,737.737397,0.8007999999999811,,,hard_brake,mitra_t5,data\raw\mitra\Data_T5\T5_DAll.csv,2313.0,-28.594475
3120,5,744.477467,744.977968,0.5005009999999857,,,hard_brake,mitra_t5,data\raw\mitra\Data_T5\T5_DAll.csv,2318.0,-4.218893333333333
3121,2,739.272264,739.906231,0.6339670000000979,,,hard_brake,mitra_t5,data\raw\mitra\Data_T5\T5_DAll.csv,2319.0,-13.623574999999999
3122,1,712.34535,712.94595,0.6005999999999858,,,hard_brake,mitra_t5,data\raw\mitra\Data_T5\T5_DAll.csv,2321.0,-6.647893333333333
3123,4,927.994233,928.494733,0.5004999999999882,,,hard_brake,mitra_t5,data\raw\mitra\Data_T5\T5_DAll.csv,2325.0,-5.808225000000001
3124,5,752.051705,752.952605,0.9008999999999787,,,hard_brake,mitra_t5,data\raw\mitra\Data_T5\T5_DAll.csv,2326.0,-4.9491000000000005
3125,7,805.304933,806.039,0.7340669999999818,,,hard_brake,mitra_t5,data\raw\mitra\Data_T5\T5_DAll.csv,2329.0,-15.130975
3126,7,800.533497,801.367665,0.8341679999999769,,,hard_brake,mitra_t5,data\raw\mitra\Data_T5\T5_DAll.csv,2333.0,-17.7304875
3127,7,807.607235,808.374668,0.7674330000000964,,,hard_brake,mitra_t5,data\raw\mitra\Data_T5\T5_DAll.csv,2336.0,-10.778237500000001
3128,3,738.204531,738.738398,0.5338669999999865,,,hard_brake,mitra_t5,data\raw\mitra\Data_T5\T5_DAll.csv,2337.0,-5.291626666666668
3129,7,939.672572,940.173073,0.5005010000000993,,,hard_brake,mitra_t5,data\raw\mitra\Data_T5\T5_DAll.csv,2339.0,-8.1244375
3130,3,715.848852,716.783119,0.9342670000000908,,,hard_brake,mitra_t5,data\raw\mitra\Data_T5\T5_DAll.csv,2341.0,-5.57286
3131,3,719.752754,720.486821,0.7340669999999818,,,hard_brake,mitra_t5,data\raw\mitra\Data_T5\T5_DAll.csv,2341.0,-5.59452
3132,7,980.947161,981.547762,0.6006009999999833,,,hard_brake,mitra_t5,data\raw\mitra\Data_T5\T5_DAll.csv,2342.0,-4.787974999999999
3133,2,751.117438,751.584571,0.4671329999999898,,,hard_brake,mitra_t5,data\raw\mitra\Data_T5\T5_DAll.csv,2347.0,-4.8866499999999995
3134,7,814.480772,815.214839,0.7340669999999818,,,hard_brake,mitra_t5,data\raw\mitra\Data_T5\T5_DAll.csv,2348.0,-5.9984125
3135,2,751.217538,752.085071,0.8675329999999803,,,hard_brake,mitra_t5,data\raw\mitra\Data_T5\T5_DAll.csv,2349.0,-23.1784375
3136,3,743.076067,743.8435,0.7674329999999827,,,hard_brake,mitra_t5,data\raw\mitra\Data_T5\T5_DAll.csv,2350.0,-5.236879999999999
3137,7,800.133097,801.200831,1.067733999999973,,,hard_brake,mitra_t5,data\raw\mitra\Data_T5\T5_DAll.csv,2358.0,-5.660566666666667
3138,7,814.747705,815.548506,0.8008009999999786,,,hard_brake,mitra_t5,data\raw\mitra\Data_T5\T5_DAll.csv,2362.0,-13.303937500000002
3139,7,795.261561,796.028995,0.7674339999999802,,,hard_brake,mitra_t5,data\raw\mitra\Data_T5\T5_DAll.csv,2366.0,-4.816713333333334
3140,7,802.635599,803.369666,0.7340670000000955,,,hard_brake,mitra_t5,data\raw\mitra\Data_T5\T5_DAll.csv,2375.0,-11.833912499999999
3141,3,754.487473,755.254906,0.7674329999999827,,,hard_brake,mitra_t5,data\raw\mitra\Data_T5\T5_DAll.csv,2382.0,-19.429625
3142,2,766.632946,767.433746,0.8008000000000948,,,hard_brake,mitra_t5,data\raw\mitra\Data_T5\T5_DAll.csv,2383.0,-9.421275
3143,7,819.385674,819.886175,0.5005009999999857,,,hard_brake,mitra_t5,data\raw\mitra\Data_T5\T5_DAll.csv,2386.0,-5.990375
3144,2,758.591575,759.425742,0.8341669999999795,,,hard_brake,mitra_t5,data\raw\mitra\Data_T5\T5_DAll.csv,2387.0,-18.8293625
3145,7,832.832448,833.733349,0.9009009999999762,,,hard_brake,mitra_t5,data\raw\mitra\Data_T5\T5_DAll.csv,2389.0,-13.9462875
3146,3,770.136448,770.937248,0.8007999999999811,,,hard_brake,mitra_t5,data\raw\mitra\Data_T5\T5_DAll.csv,2394.0,-23.125612500000003
3147,5,759.492475,760.960609,1.4681339999999636,,,hard_brake,mitra_t5,data\raw\mitra\Data_T5\T5_DAll.csv,2395.0,-4.83668
3148,3,771.904882,772.772416,0.8675339999999778,,,hard_brake,mitra_t5,data\raw\mitra\Data_T5\T5_DAll.csv,2400.0,-19.0708375
3149,3,775.975618,776.609585,0.6339669999999842,,,hard_brake,mitra_t5,data\raw\mitra\Data_T5\T5_DAll.csv,2403.0,-5.7086875
3150,7,830.830447,831.731348,0.9009009999999762,,,hard_brake,mitra_t5,data\raw\mitra\Data_T5\T5_DAll.csv,2405.0,-11.885449999999999
3151,4,756.089074,756.756407,0.6673329999999851,,,hard_brake,mitra_t5,data\raw\mitra\Data_T5\T5_DAll.csv,2406.0,-4.395613333333333
3152,7,838.104384,838.871818,0.7674339999999802,,,hard_brake,mitra_t5,data\raw\mitra\Data_T5\T5_DAll.csv,2412.0,-16.771575000000002
3153,2,775.14145,775.942251,0.8008010000000922,,,hard_brake,mitra_t5,data\raw\mitra\Data_T5\T5_DAll.csv,2415.0,-16.7362375
3154,3,766.399379,767.266913,0.8675340000000915,,,hard_brake,mitra_t5,data\raw\mitra\Data_T5\T5_DAll.csv,2416.0,-17.92805
3155,3,770.870515,771.771415,0.9009000000000924,,,hard_brake,mitra_t5,data\raw\mitra\Data_T5\T5_DAll.csv,2422.0,-36.381625
3156,7,843.609887,844.410688,0.8008010000000922,,,hard_brake,mitra_t5,data\raw\mitra\Data_T5\T5_DAll.csv,2425.0,-10.790387500000001
3157,3,772.839149,773.606583,0.7674339999999802,,,hard_brake,mitra_t5,data\raw\mitra\Data_T5\T5_DAll.csv,2426.0,-18.602375
3158,5,770.403381,770.870515,0.4671339999999873,,,hard_brake,mitra_t5,data\raw\mitra\Data_T5\T5_DAll.csv,2428.0,-4.242366666666666
3159,7,829.328946,830.229847,0.9009009999999762,,,hard_brake,mitra_t5,data\raw\mitra\Data_T5\T5_DAll.csv,2431.0,-5.509666666666666
3160,3,778.010985,778.778419,0.7674339999999802,,,hard_brake,mitra_t5,data\raw\mitra\Data_T5\T5_DAll.csv,2436.0,-20.526937500000003
3161,7,834.434049,835.068016,0.6339669999999842,,,hard_brake,mitra_t5,data\raw\mitra\Data_T5\T5_DAll.csv,2438.0,-5.012346666666667
3162,3,780.07972,780.947254,0.8675340000000915,,,hard_brake,mitra_t5,data\raw\mitra\Data_T5\T5_DAll.csv,2442.0,-10.055587499999998
3163,3,778.945252,779.77942,0.8341679999999769,,,hard_brake,mitra_t5,data\raw\mitra\Data_T5\T5_DAll.csv,2443.0,-48.7037625
3164,4,766.432746,767.233546,0.8008000000000948,,,hard_brake,mitra_t5,data\raw\mitra\Data_T5\T5_DAll.csv,2444.0,-4.298746666666667
3165,6,759.025342,759.559209,0.5338669999999865,,,hard_brake,mitra_t5,data\raw\mitra\Data_T5\T5_DAll.csv,2446.0,-5.200353333333334
3166,6,761.094076,762.862511,1.7684350000000677,,,hard_brake,mitra_t5,data\raw\mitra\Data_T5\T5_DAll.csv,2446.0,-10.051426666666668
3167,7,844.577521,845.411688,0.8341669999999795,,,hard_brake,mitra_t5,data\raw\mitra\Data_T5\T5_DAll.csv,2446.0,-13.152487500000001
3168,1,754.487473,754.954606,0.4671329999999898,,,hard_brake,mitra_t5,data\raw\mitra\Data_T5\T5_DAll.csv,2448.0,-5.140253333333334
3169,3,781.047354,781.781421,0.7340669999999818,,,hard_brake,mitra_t5,data\raw\mitra\Data_T5\T5_DAll.csv,2449.0,-5.330175
3170,6,765.064712,765.998979,0.9342669999999771,,,hard_brake,mitra_t5,data\raw\mitra\Data_T5\T5_DAll.csv,2450.0,-4.9776533333333335
3171,7,844.377321,845.411688,1.0343669999999747,,,hard_brake,mitra_t5,data\raw\mitra\Data_T5\T5_DAll.csv,2450.0,-6.116833333333333
3172,7,858.024295,858.925196,0.9009009999999762,,,hard_brake,mitra_t5,data\raw\mitra\Data_T5\T5_DAll.csv,2452.0,-5.313513333333334
3173,7,845.178121,846.245855,1.067733999999973,,,hard_brake,mitra_t5,data\raw\mitra\Data_T5\T5_DAll.csv,2455.0,-8.924500000000002
3174,2,786.41939,787.12009,0.7006999999999834,,,hard_brake,mitra_t5,data\raw\mitra\Data_T5\T5_DAll.csv,2456.0,-10.7339125
3175,7,859.792729,860.359963,0.5672339999999849,,,hard_brake,mitra_t5,data\raw\mitra\Data_T5\T5_DAll.csv,2457.0,-5.094986666666666
3176,7,835.53515,836.569517,1.0343669999999747,,,hard_brake,mitra_t5,data\raw\mitra\Data_T5\T5_DAll.csv,2463.0,-12.289237499999999
3177,7,862.829098,863.563165,0.7340669999999818,,,hard_brake,mitra_t5,data\raw\mitra\Data_T5\T5_DAll.csv,2466.0,-8.8419125
3178,2,790.556859,791.290926,0.7340669999999818,,,hard_brake,mitra_t5,data\raw\mitra\Data_T5\T5_DAll.csv,2468.0,-9.1937
3179,7,864.664265,865.598532,0.9342669999999771,,,hard_brake,mitra_t5,data\raw\mitra\Data_T5\T5_DAll.csv,2470.0,-5.44372
3180,2,802.902532,803.970266,1.0677340000000868,,,hard_brake,mitra_t5,data\raw\mitra\Data_T5\T5_DAll.csv,2471.0,-8.608986666666668
3181,3,788.521491,789.455758,0.9342669999999771,,,hard_brake,mitra_t5,data\raw\mitra\Data_T5\T5_DAll.csv,2473.0,-19.7374875
3182,3,786.386023,787.286924,0.9009009999999762,,,hard_brake,mitra_t5,data\raw\mitra\Data_T5\T5_DAll.csv,2474.0,-9.88605
3183,3,790.823792,791.457759,0.6339669999999842,,,hard_brake,mitra_t5,data\raw\mitra\Data_T5\T5_DAll.csv,2481.0,-6.6579500000000005
3184,7,865.898833,866.9332,1.0343670000000884,,,hard_brake,mitra_t5,data\raw\mitra\Data_T5\T5_DAll.csv,2482.0,-6.3348
3185,3,789.389025,790.289925,0.9009000000000924,,,hard_brake,mitra_t5,data\raw\mitra\Data_T5\T5_DAll.csv,2483.0,-13.275099999999998
3186,2,797.597229,798.464763,0.8675339999999778,,,hard_brake,mitra_t5,data\raw\mitra\Data_T5\T5_DAll.csv,2484.0,-11.0512875
3187,2,800.666964,801.467765,0.8008009999999786,,,hard_brake,mitra_t5,data\raw\mitra\Data_T5\T5_DAll.csv,2486.0,-20.844825
3188,7,867.0333,867.767367,0.7340669999999818,,,hard_brake,mitra_t5,data\raw\mitra\Data_T5\T5_DAll.csv,2488.0,-6.735124999999999
3189,3,797.196829,798.131096,0.9342669999999771,,,hard_brake,mitra_t5,data\raw\mitra\Data_T5\T5_DAll.csv,2490.0,-32.277587499999996
3190,3,791.624593,792.45876,0.8341669999999795,,,hard_brake,mitra_t5,data\raw\mitra\Data_T5\T5_DAll.csv,2494.0,-22.6924375
3191,7,856.756361,857.423695,0.6673339999999826,,,hard_brake,mitra_t5,data\raw\mitra\Data_T5\T5_DAll.csv,2500.0,-7.871925000000001
3192,10,797.130096,798.064363,0.9342669999999771,,,hard_brake,mitra_t5,data\raw\mitra\Data_T5\T5_DAll.csv,2501.0,-4.614660000000001
3193,3,802.502132,803.469766,0.9676340000000891,,,hard_brake,mitra_t5,data\raw\mitra\Data_T5\T5_DAll.csv,2504.0,-11.7226125
3194,2,807.707335,809.142102,1.434767000000079,,,hard_brake,mitra_t5,data\raw\mitra\Data_T5\T5_DAll.csv,2506.0,-14.32592
3195,2,809.609236,810.476769,0.8675329999999803,,,hard_brake,mitra_t5,data\raw\mitra\Data_T5\T5_DAll.csv,2508.0,-37.418825
3196,4,975.341558,976.042259,0.7007009999999809,,,hard_brake,mitra_t5,data\raw\mitra\Data_T5\T5_DAll.csv,2509.0,-5.017500000000001
3197,7,873.940204,874.440704,0.5004999999999882,,,hard_brake,mitra_t5,data\raw\mitra\Data_T5\T5_DAll.csv,2510.0,-4.254675
3198,7,880.41334,881.280874,0.8675340000000915,,,hard_brake,mitra_t5,data\raw\mitra\Data_T5\T5_DAll.csv,2512.0,-8.8175375
3199,2,811.47777,812.311937,0.8341669999999795,,,hard_brake,mitra_t5,data\raw\mitra\Data_T5\T5_DAll.csv,2517.0,-27.467987500000003
3200,7,891.724647,892.859114,1.1344669999999724,,,hard_brake,mitra_t5,data\raw\mitra\Data_T5\T5_DAll.csv,2519.0,-8.156673333333334
3201,2,813.112738,813.980271,0.8675329999999803,,,hard_brake,mitra_t5,data\raw\mitra\Data_T5\T5_DAll.csv,2520.0,-8.12015
3202,3,809.642602,810.643603,1.0010009999999738,,,hard_brake,mitra_t5,data\raw\mitra\Data_T5\T5_DAll.csv,2524.0,-19.394599999999997
3203,3,808.741702,809.642602,0.9008999999999787,,,hard_brake,mitra_t5,data\raw\mitra\Data_T5\T5_DAll.csv,2527.0,-26.602825000000003
3204,1,820.353308,821.154109,0.8008009999999786,,,hard_brake,mitra_t5,data\raw\mitra\Data_T5\T5_DAll.csv,2530.0,-5.20603
3205,2,817.21684,818.151107,0.9342669999999771,,,hard_brake,mitra_t5,data\raw\mitra\Data_T5\T5_DAll.csv,2534.0,-16.182175
3206,7,897.93085,899.298884,1.3680340000000797,,,hard_brake,mitra_t5,data\raw\mitra\Data_T5\T5_DAll.csv,2536.0,-10.657606666666664
3207,2,821.254209,821.988276,0.7340670000000955,,,hard_brake,mitra_t5,data\raw\mitra\Data_T5\T5_DAll.csv,2537.0,-10.9099125
3208,7,900.366618,900.933851,0.5672329999999874,,,hard_brake,mitra_t5,data\raw\mitra\Data_T5\T5_DAll.csv,2539.0,-7.376925
3209,7,901.834752,902.635552,0.8007999999999811,,,hard_brake,mitra_t5,data\raw\mitra\Data_T5\T5_DAll.csv,2543.0,-24.525274999999997
3210,3,817.183473,817.984273,0.8007999999999811,,,hard_brake,mitra_t5,data\raw\mitra\Data_T5\T5_DAll.csv,2544.0,-21.188825
3211,1,824.590877,825.825444,1.23456699999997,,,hard_brake,mitra_t5,data\raw\mitra\Data_T5\T5_DAll.csv,2546.0,-15.920906666666667
3212,2,823.75671,825.158111,1.4014009999999644,,,hard_brake,mitra_t5,data\raw\mitra\Data_T5\T5_DAll.csv,2547.0,-14.946419999999998
3213,2,825.358311,825.992278,0.6339670000000979,,,hard_brake,mitra_t5,data\raw\mitra\Data_T5\T5_DAll.csv,2548.0,-6.7980624999999995
3214,3,818.11774,818.985274,0.8675339999999778,,,hard_brake,mitra_t5,data\raw\mitra\Data_T5\T5_DAll.csv,2552.0,-24.6106875
3215,2,827.660612,828.294579,0.6339669999999842,,,hard_brake,mitra_t5,data\raw\mitra\Data_T5\T5_DAll.csv,2555.0,-4.9776533333333335
3216,3,805.2382,805.805434,0.5672339999999849,,,hard_brake,mitra_t5,data\raw\mitra\Data_T5\T5_DAll.csv,2557.0,-6.033
3217,3,819.986275,820.820442,0.8341669999999795,,,hard_brake,mitra_t5,data\raw\mitra\Data_T5\T5_DAll.csv,2557.0,-22.977299999999996
3218,3,821.087375,821.988276,0.9009010000000899,,,hard_brake,mitra_t5,data\raw\mitra\Data_T5\T5_DAll.csv,2561.0,-10.134187500000001
3219,1,836.002283,836.83645,0.8341669999999795,,,hard_brake,mitra_t5,data\raw\mitra\Data_T5\T5_DAll.csv,2564.0,-14.371099999999998
3220,7,910.51009,911.31089,0.8007999999999811,,,hard_brake,mitra_t5,data\raw\mitra\Data_T5\T5_DAll.csv,2565.0,-23.04145
3221,2,833.699982,834.500782,0.8007999999999811,,,hard_brake,mitra_t5,data\raw\mitra\Data_T5\T5_DAll.csv,2567.0,-8.581275
3222,3,830.997281,831.831448,0.8341669999999795,,,hard_brake,mitra_t5,data\raw\mitra\Data_T5\T5_DAll.csv,2568.0,-12.020924999999998
3223,3,825.925544,826.826445,0.9009010000000899,,,hard_brake,mitra_t5,data\raw\mitra\Data_T5\T5_DAll.csv,2570.0,-28.269112499999995
3224,6,807.573868,808.274568,0.7007000000000971,,,hard_brake,mitra_t5,data\raw\mitra\Data_T5\T5_DAll.csv,2571.0,-4.1704
3225,7,916.516093,917.116694,0.600601000000097,,,hard_brake,mitra_t5,data\raw\mitra\Data_T5\T5_DAll.csv,2571.0,-10.4267125
3226,3,824.991277,825.825444,0.8341669999999795,,,hard_brake,mitra_t5,data\raw\mitra\Data_T5\T5_DAll.csv,2572.0,-20.072325
3227,4,805.8388,806.372667,0.5338669999999865,,,hard_brake,mitra_t5,data\raw\mitra\Data_T5\T5_DAll.csv,2574.0,-4.367393333333334
3228,7,867.9342,868.768367,0.8341669999999795,,,hard_brake,mitra_t5,data\raw\mitra\Data_T5\T5_DAll.csv,2575.0,-8.505
3229,6,809.175469,810.109736,0.9342669999999771,,,hard_brake,mitra_t5,data\raw\mitra\Data_T5\T5_DAll.csv,2576.0,-4.803226666666666
3230,7,922.18843,922.98923,0.8007999999999811,,,hard_brake,mitra_t5,data\raw\mitra\Data_T5\T5_DAll.csv,2576.0,-16.707587500000002
3231,7,924.323897,925.324898,1.0010009999999738,,,hard_brake,mitra_t5,data\raw\mitra\Data_T5\T5_DAll.csv,2578.0,-17.9489625
3232,2,831.097381,831.664614,0.5672329999999874,,,hard_brake,mitra_t5,data\raw\mitra\Data_T5\T5_DAll.csv,2581.0,-11.377187500000002
3233,2,836.069017,837.003284,0.9342669999999771,,,hard_brake,mitra_t5,data\raw\mitra\Data_T5\T5_DAll.csv,2583.0,-19.0051875
3234,1,840.373319,841.174119,0.8007999999999811,,,hard_brake,mitra_t5,data\raw\mitra\Data_T5\T5_DAll.csv,2584.0,-9.771925000000001
3235,2,836.93655,837.837451,0.9009009999999762,,,hard_brake,mitra_t5,data\raw\mitra\Data_T5\T5_DAll.csv,2585.0,-16.9631875
3236,6,819.185474,819.852808,0.6673339999999826,,,hard_brake,mitra_t5,data\raw\mitra\Data_T5\T5_DAll.csv,2588.0,-7.3034
3237,2,839.672619,840.339952,0.6673329999999851,,,hard_brake,mitra_t5,data\raw\mitra\Data_T5\T5_DAll.csv,2593.0,-10.5932875
3238,6,871.137402,871.938203,0.8008010000000922,,,hard_brake,mitra_t5,data\raw\mitra\Data_T5\T5_DAll.csv,2595.0,-8.530325
3239,3,834.867816,835.668616,0.8008000000000948,,,hard_brake,mitra_t5,data\raw\mitra\Data_T5\T5_DAll.csv,2597.0,-25.6569875
3240,7,960.193083,960.860417,0.6673339999999826,,,hard_brake,mitra_t5,data\raw\mitra\Data_T5\T5_DAll.csv,2598.0,-5.910649999999999
3241,3,836.202483,836.669617,0.4671339999999873,,,hard_brake,mitra_t5,data\raw\mitra\Data_T5\T5_DAll.csv,2601.0,-7.258537499999999
3242,2,845.545155,846.846456,1.3013009999999667,,,hard_brake,mitra_t5,data\raw\mitra\Data_T5\T5_DAll.csv,2611.0,-21.69157777777778
3243,2,847.847456,848.681623,0.8341669999999795,,,hard_brake,mitra_t5,data\raw\mitra\Data_T5\T5_DAll.csv,2620.0,-30.070425
3244,7,920.186428,920.820396,0.6339679999999817,,,hard_brake,mitra_t5,data\raw\mitra\Data_T5\T5_DAll.csv,2627.0,-4.46176
3245,2,848.681623,849.849457,1.1678340000000844,,,hard_brake,mitra_t5,data\raw\mitra\Data_T5\T5_DAll.csv,2630.0,-16.127525
3246,6,904.437353,905.304887,0.8675339999999778,,,hard_brake,mitra_t5,data\raw\mitra\Data_T5\T5_DAll.csv,2635.0,-12.189712500000002
3247,7,989.889433,990.556766,0.6673329999999851,,,hard_brake,mitra_t5,data\raw\mitra\Data_T5\T5_DAll.csv,2637.0,-7.3468
3248,3,848.181123,849.01529,0.8341670000000931,,,hard_brake,mitra_t5,data\raw\mitra\Data_T5\T5_DAll.csv,2638.0,-31.6377625
3249,7,949.582478,950.349911,0.7674329999999827,,,hard_brake,mitra_t5,data\raw\mitra\Data_T5\T5_DAll.csv,2639.0,-6.9936875
3250,2,856.856461,857.857462,1.0010010000000875,,,hard_brake,mitra_t5,data\raw\mitra\Data_T5\T5_DAll.csv,2640.0,-8.6409875
3251,3,850.550158,851.350958,0.8007999999999811,,,hard_brake,mitra_t5,data\raw\mitra\Data_T5\T5_DAll.csv,2644.0,-19.001375
3252,7,986.853064,987.553765,0.7007009999999809,,,hard_brake,mitra_t5,data\raw\mitra\Data_T5\T5_DAll.csv,2645.0,-5.6814875
3253,7,906.906488,908.141055,1.2345670000000837,,,hard_brake,mitra_t5,data\raw\mitra\Data_T5\T5_DAll.csv,2649.0,-11.151820000000003
3254,3,851.084025,851.684625,0.6005999999999858,,,hard_brake,mitra_t5,data\raw\mitra\Data_T5\T5_DAll.csv,2650.0,-9.3202125
3255,7,909.008589,909.80939,0.8008009999999786,,,hard_brake,mitra_t5,data\raw\mitra\Data_T5\T5_DAll.csv,2655.0,-4.414766666666667
3256,7,946.979876,947.84741,0.8675339999999778,,,hard_brake,mitra_t5,data\raw\mitra\Data_T5\T5_DAll.csv,2656.0,-8.4386875
3257,1,831.197481,831.764714,0.5672329999999874,,,hard_brake,mitra_t5,data\raw\mitra\Data_T5\T5_DAll.csv,2660.0,-6.665393333333333
3258,2,865.398332,866.365966,0.9676339999999755,,,hard_brake,mitra_t5,data\raw\mitra\Data_T5\T5_DAll.csv,2661.0,-16.607225
3259,7,964.030252,964.864419,0.8341669999999795,,,hard_brake,mitra_t5,data\raw\mitra\Data_T5\T5_DAll.csv,2665.0,-10.091475
3260,2,866.6329,867.366967,0.7340670000000955,,,hard_brake,mitra_t5,data\raw\mitra\Data_T5\T5_DAll.csv,2666.0,-9.790025
3261,7,903.202786,903.803386,0.6006000000000995,,,hard_brake,mitra_t5,data\raw\mitra\Data_T5\T5_DAll.csv,2670.0,-9.584575000000001
3262,7,914.847759,915.648559,0.8007999999999811,,,hard_brake,mitra_t5,data\raw\mitra\Data_T5\T5_DAll.csv,2673.0,-11.8094125
3263,7,968.234454,970.036255,1.801800999999955,,,hard_brake,mitra_t5,data\raw\mitra\Data_T5\T5_DAll.csv,2674.0,-8.549466666666666
3264,3,864.197132,865.031299,0.8341669999999795,,,hard_brake,mitra_t5,data\raw\mitra\Data_T5\T5_DAll.csv,2675.0,-17.9329
3265,7,958.324549,959.025249,0.7006999999999834,,,hard_brake,mitra_t5,data\raw\mitra\Data_T5\T5_DAll.csv,2677.0,-8.180525
3266,3,866.199133,867.0333,0.8341670000000931,,,hard_brake,mitra_t5,data\raw\mitra\Data_T5\T5_DAll.csv,2681.0,-14.387762500000001
3267,3,864.797732,865.531799,0.7340669999999818,,,hard_brake,mitra_t5,data\raw\mitra\Data_T5\T5_DAll.csv,2682.0,-10.972162500000001
3268,3,866.499433,867.166767,0.6673340000000962,,,hard_brake,mitra_t5,data\raw\mitra\Data_T5\T5_DAll.csv,2684.0,-5.2739866666666675
3269,6,919.018595,919.819395,0.8007999999999811,,,hard_brake,mitra_t5,data\raw\mitra\Data_T5\T5_DAll.csv,2685.0,-13.571112500000002
3270,6,844.177121,845.678622,1.501500999999962,,,hard_brake,mitra_t5,data\raw\mitra\Data_T5\T5_DAll.csv,2686.0,-4.513753333333333
3271,7,954.887781,955.688581,0.8007999999999811,,,hard_brake,mitra_t5,data\raw\mitra\Data_T5\T5_DAll.csv,2686.0,-8.356237499999999
3272,3,868.334601,869.035301,0.7006999999999834,,,hard_brake,mitra_t5,data\raw\mitra\Data_T5\T5_DAll.csv,2692.0,-7.429987500000001
3273,2,872.004936,872.87247,0.8675339999999778,,,hard_brake,mitra_t5,data\raw\mitra\Data_T5\T5_DAll.csv,2694.0,-20.35225
3274,7,977.610493,978.377926,0.7674329999999827,,,hard_brake,mitra_t5,data\raw\mitra\Data_T5\T5_DAll.csv,2695.0,-13.477575
3275,2,874.974571,875.875471,0.9008999999999787,,,hard_brake,mitra_t5,data\raw\mitra\Data_T5\T5_DAll.csv,2696.0,-15.1790375
3276,3,869.035301,869.869468,0.8341669999999795,,,hard_brake,mitra_t5,data\raw\mitra\Data_T5\T5_DAll.csv,2697.0,-12.457999999999998
3277,1,874.974571,875.541804,0.5672329999999874,,,hard_brake,mitra_t5,data\raw\mitra\Data_T5\T5_DAll.csv,2698.0,-6.59125
3278,3,874.006937,874.874471,0.8675339999999778,,,hard_brake,mitra_t5,data\raw\mitra\Data_T5\T5_DAll.csv,2699.0,-5.174453333333333
3279,3,870.470068,871.037302,0.5672339999999849,,,hard_brake,mitra_t5,data\raw\mitra\Data_T5\T5_DAll.csv,2702.0,-10.731875000000002
3280,2,873.406337,874.207137,0.8007999999999811,,,hard_brake,mitra_t5,data\raw\mitra\Data_T5\T5_DAll.csv,2703.0,-18.9338625
3281,3,871.404336,872.038303,0.6339670000000979,,,hard_brake,mitra_t5,data\raw\mitra\Data_T5\T5_DAll.csv,2705.0,-8.9082
3282,7,988.221098,989.322199,1.1011009999999715,,,hard_brake,mitra_t5,data\raw\mitra\Data_T5\T5_DAll.csv,2709.0,-5.340273333333332
3283,3,875.141404,876.042305,0.9009010000000899,,,hard_brake,mitra_t5,data\raw\mitra\Data_T5\T5_DAll.csv,2713.0,-17.5743125
3284,2,878.91184,879.71264,0.8007999999999811,,,hard_brake,mitra_t5,data\raw\mitra\Data_T5\T5_DAll.csv,2717.0,-19.9394625
3285,3,876.676272,877.543806,0.8675339999999778,,,hard_brake,mitra_t5,data\raw\mitra\Data_T5\T5_DAll.csv,2719.0,-17.097375
3286,2,888.955212,889.722645,0.7674330000000964,,,hard_brake,mitra_t5,data\raw\mitra\Data_T5\T5_DAll.csv,2720.0,-11.686187499999999
3287,6,935.435003,937.136704,1.7017009999999573,,,hard_brake,mitra_t5,data\raw\mitra\Data_T5\T5_DAll.csv,2721.0,-10.159453333333335
3288,3,878.611539,879.378973,0.7674339999999802,,,hard_brake,mitra_t5,data\raw\mitra\Data_T5\T5_DAll.csv,2722.0,-12.382837499999999
3289,2,879.545807,880.046307,0.5004999999999882,,,hard_brake,mitra_t5,data\raw\mitra\Data_T5\T5_DAll.csv,2724.0,-4.450900000000001
3290,5,862.929198,863.429698,0.5004999999999882,,,hard_brake,mitra_t5,data\raw\mitra\Data_T5\T5_DAll.csv,2726.0,-4.375726666666666
3291,1,880.11304,881.047307,0.9342670000000908,,,hard_brake,mitra_t5,data\raw\mitra\Data_T5\T5_DAll.csv,2728.0,-14.217799999999999
3292,3,882.749008,883.549809,0.8008009999999786,,,hard_brake,mitra_t5,data\raw\mitra\Data_T5\T5_DAll.csv,2731.0,-19.9157
3293,3,880.079674,880.880474,0.8008000000000948,,,hard_brake,mitra_t5,data\raw\mitra\Data_T5\T5_DAll.csv,2735.0,-10.481762499999999
3294,7,973.606491,974.373924,0.7674329999999827,,,hard_brake,mitra_t5,data\raw\mitra\Data_T5\T5_DAll.csv,2741.0,-15.273399999999999
3295,6,857.723995,859.358962,1.6349670000000742,,,hard_brake,mitra_t5,data\raw\mitra\Data_T5\T5_DAll.csv,2746.0,-4.243933333333334
3296,3,884.250509,885.05131,0.8008009999999786,,,hard_brake,mitra_t5,data\raw\mitra\Data_T5\T5_DAll.csv,2748.0,-10.034049999999999
3297,2,892.19178,893.059314,0.8675339999999778,,,hard_brake,mitra_t5,data\raw\mitra\Data_T5\T5_DAll.csv,2755.0,-12.828912500000001
3298,3,887.086677,887.887478,0.8008009999999786,,,hard_brake,mitra_t5,data\raw\mitra\Data_T5\T5_DAll.csv,2757.0,-20.415725
3299,3,887.987578,889.055312,1.067733999999973,,,hard_brake,mitra_t5,data\raw\mitra\Data_T5\T5_DAll.csv,2762.0,-20.785387499999995
3300,6,863.663265,864.464065,0.8007999999999811,,,hard_brake,mitra_t5,data\raw\mitra\Data_T5\T5_DAll.csv,2763.0,-4.562146666666666
3301,6,990.356566,990.8237,0.4671339999999873,,,hard_brake,mitra_t5,data\raw\mitra\Data_T5\T5_DAll.csv,2763.0,-5.6871
3302,2,895.194782,895.895482,0.7006999999999834,,,hard_brake,mitra_t5,data\raw\mitra\Data_T5\T5_DAll.csv,2764.0,-13.498775
3303,7,981.981528,982.882429,0.9009009999999762,,,hard_brake,mitra_t5,data\raw\mitra\Data_T5\T5_DAll.csv,2767.0,-5.7201466666666665
3304,3,892.225147,893.059314,0.8341669999999795,,,hard_brake,mitra_t5,data\raw\mitra\Data_T5\T5_DAll.csv,2772.0,-34.2667
3305,2,900.700285,901.567818,0.8675329999999803,,,hard_brake,mitra_t5,data\raw\mitra\Data_T5\T5_DAll.csv,2773.0,-14.7880875
3306,7,945.111342,945.845409,0.7340669999999818,,,hard_brake,mitra_t5,data\raw\mitra\Data_T5\T5_DAll.csv,2774.0,-11.084625
3307,5,867.867467,868.668267,0.8007999999999811,,,hard_brake,mitra_t5,data\raw\mitra\Data_T5\T5_DAll.csv,2777.0,-5.2344066666666675
3308,3,897.53045,898.23115,0.7006999999999834,,,hard_brake,mitra_t5,data\raw\mitra\Data_T5\T5_DAll.csv,2778.0,-16.6252125
3309,2,902.502086,903.402986,0.9009000000000924,,,hard_brake,mitra_t5,data\raw\mitra\Data_T5\T5_DAll.csv,2779.0,-28.2779375
3310,7,935.501737,936.16907,0.6673329999999851,,,hard_brake,mitra_t5,data\raw\mitra\Data_T5\T5_DAll.csv,2781.0,-14.2880625
3311,1,907.774022,909.075323,1.3013010000000804,,,hard_brake,mitra_t5,data\raw\mitra\Data_T5\T5_DAll.csv,2784.0,-19.672525
3312,2,904.303887,905.07132,0.7674329999999827,,,hard_brake,mitra_t5,data\raw\mitra\Data_T5\T5_DAll.csv,2785.0,-17.8064
3313,3,901.100685,901.901485,0.8007999999999811,,,hard_brake,mitra_t5,data\raw\mitra\Data_T5\T5_DAll.csv,2787.0,-25.100674999999995
3314,2,906.706288,907.907489,1.2012010000000828,,,hard_brake,mitra_t5,data\raw\mitra\Data_T5\T5_DAll.csv,2792.0,-12.477633333333332
3315,3,902.235152,903.069319,0.8341669999999795,,,hard_brake,mitra_t5,data\raw\mitra\Data_T5\T5_DAll.csv,2795.0,-34.3459625
3316,1,917.583827,918.584828,1.0010009999999738,,,hard_brake,mitra_t5,data\raw\mitra\Data_T5\T5_DAll.csv,2796.0,-21.323225000000004
3317,3,903.536453,904.403987,0.8675339999999778,,,hard_brake,mitra_t5,data\raw\mitra\Data_T5\T5_DAll.csv,2800.0,-13.079374999999999
3318,7,953.152713,954.020247,0.8675340000000915,,,hard_brake,mitra_t5,data\raw\mitra\Data_T5\T5_DAll.csv,2802.0,-7.312225
3319,2,910.91049,912.411991,1.501500999999962,,,hard_brake,mitra_t5,data\raw\mitra\Data_T5\T5_DAll.csv,2806.0,-12.218973333333334
3320,2,916.382626,917.917494,1.534868000000074,,,hard_brake,mitra_t5,data\raw\mitra\Data_T5\T5_DAll.csv,2807.0,-20.717924999999997
3321,3,912.545458,913.079325,0.5338669999999865,,,hard_brake,mitra_t5,data\raw\mitra\Data_T5\T5_DAll.csv,2808.0,-6.6627125
3322,2,912.678924,913.579825,0.9009009999999762,,,hard_brake,mitra_t5,data\raw\mitra\Data_T5\T5_DAll.csv,2811.0,-14.5068875
3323,5,892.09168,892.625547,0.5338669999999865,,,hard_brake,mitra_t5,data\raw\mitra\Data_T5\T5_DAll.csv,2812.0,-4.828333333333333
3324,3,897.029949,897.663916,0.6339669999999842,,,hard_brake,mitra_t5,data\raw\mitra\Data_T5\T5_DAll.csv,2817.0,-5.962393333333334
3325,2,919.519095,920.419995,0.9008999999999787,,,hard_brake,mitra_t5,data\raw\mitra\Data_T5\T5_DAll.csv,2821.0,-10.879287499999998
3326,2,923.222797,923.756664,0.5338669999999865,,,hard_brake,mitra_t5,data\raw\mitra\Data_T5\T5_DAll.csv,2822.0,-7.633124999999999
3327,3,911.677924,912.411991,0.7340669999999818,,,hard_brake,mitra_t5,data\raw\mitra\Data_T5\T5_DAll.csv,2823.0,-4.885059999999999
3328,3,920.787029,921.587829,0.8008000000000948,,,hard_brake,mitra_t5,data\raw\mitra\Data_T5\T5_DAll.csv,2827.0,-42.737525
3329,3,921.053962,921.888129,0.8341670000000931,,,hard_brake,mitra_t5,data\raw\mitra\Data_T5\T5_DAll.csv,2828.0,-6.34532
3330,3,913.780025,914.747659,0.9676339999999755,,,hard_brake,mitra_t5,data\raw\mitra\Data_T5\T5_DAll.csv,2830.0,-20.216224999999998
3331,2,924.390631,925.258165,0.8675339999999778,,,hard_brake,mitra_t5,data\raw\mitra\Data_T5\T5_DAll.csv,2834.0,-34.41576250000001
3332,3,918.217794,919.085328,0.8675339999999778,,,hard_brake,mitra_t5,data\raw\mitra\Data_T5\T5_DAll.csv,2835.0,-34.636175
3333,2,927.860766,928.761666,0.9008999999999787,,,hard_brake,mitra_t5,data\raw\mitra\Data_T5\T5_DAll.csv,2836.0,-39.0426625
3334,3,919.352261,920.253162,0.9009009999999762,,,hard_brake,mitra_t5,data\raw\mitra\Data_T5\T5_DAll.csv,2840.0,-51.082525000000004
3335,2,926.459365,927.260166,0.8008009999999786,,,hard_brake,mitra_t5,data\raw\mitra\Data_T5\T5_DAll.csv,2842.0,-18.801
3336,3,919.852762,920.753662,0.9008999999999787,,,hard_brake,mitra_t5,data\raw\mitra\Data_T5\T5_DAll.csv,2844.0,-15.5700875
3337,3,924.590831,925.424998,0.8341669999999795,,,hard_brake,mitra_t5,data\raw\mitra\Data_T5\T5_DAll.csv,2847.0,-36.582975
3338,2,929.2288,929.9295,0.7006999999999834,,,hard_brake,mitra_t5,data\raw\mitra\Data_T5\T5_DAll.csv,2850.0,-8.3113625
3339,3,921.721296,922.922497,1.201200999999969,,,hard_brake,mitra_t5,data\raw\mitra\Data_T5\T5_DAll.csv,2851.0,-14.8407875
3340,3,922.88913,923.58983,0.7006999999999834,,,hard_brake,mitra_t5,data\raw\mitra\Data_T5\T5_DAll.csv,2854.0,-8.147775000000001
3341,3,927.894133,928.594833,0.7006999999999834,,,hard_brake,mitra_t5,data\raw\mitra\Data_T5\T5_DAll.csv,2857.0,-9.064237499999999
3342,3,925.958865,926.592832,0.6339670000000979,,,hard_brake,mitra_t5,data\raw\mitra\Data_T5\T5_DAll.csv,2858.0,-12.792312500000001
3343,2,933.800036,934.76767,0.9676339999999755,,,hard_brake,mitra_t5,data\raw\mitra\Data_T5\T5_DAll.csv,2859.0,-12.191524999999999
3344,7,962.228451,962.862418,0.6339670000000979,,,hard_brake,mitra_t5,data\raw\mitra\Data_T5\T5_DAll.csv,2860.0,-5.0613624999999995
3345,2,935.635203,936.602837,0.9676339999999755,,,hard_brake,mitra_t5,data\raw\mitra\Data_T5\T5_DAll.csv,2864.0,-13.230075
3346,3,928.694933,929.2288,0.5338669999999865,,,hard_brake,mitra_t5,data\raw\mitra\Data_T5\T5_DAll.csv,2867.0,-4.87448
3347,2,930.663567,931.264168,0.600601000000097,,,hard_brake,mitra_t5,data\raw\mitra\Data_T5\T5_DAll.csv,2871.0,-10.471874999999999
3348,2,937.403638,938.104338,0.7006999999999834,,,hard_brake,mitra_t5,data\raw\mitra\Data_T5\T5_DAll.csv,2873.0,-6.6033875
3349,7,967.333554,968.201088,0.8675339999999778,,,hard_brake,mitra_t5,data\raw\mitra\Data_T5\T5_DAll.csv,2876.0,-17.0288625
3350,3,936.769671,937.236804,0.4671329999999898,,,hard_brake,mitra_t5,data\raw\mitra\Data_T5\T5_DAll.csv,2878.0,-4.598666666666667
3351,1,897.363616,898.164417,0.8008009999999786,,,hard_brake,mitra_t5,data\raw\mitra\Data_T5\T5_DAll.csv,2879.0,-6.643766666666666
3352,2,938.771672,939.605839,0.8341669999999795,,,hard_brake,mitra_t5,data\raw\mitra\Data_T5\T5_DAll.csv,2881.0,-22.051287499999997
3353,3,933.533102,934.100336,0.5672339999999849,,,hard_brake,mitra_t5,data\raw\mitra\Data_T5\T5_DAll.csv,2882.0,-9.05435
3354,3,936.26917,936.936504,0.6673339999999826,,,hard_brake,mitra_t5,data\raw\mitra\Data_T5\T5_DAll.csv,2884.0,-11.075862500000001
3355,3,934.300536,935.101337,0.8008009999999786,,,hard_brake,mitra_t5,data\raw\mitra\Data_T5\T5_DAll.csv,2885.0,-24.7781125
3356,2,941.20744,942.10834,0.9008999999999787,,,hard_brake,mitra_t5,data\raw\mitra\Data_T5\T5_DAll.csv,2893.0,-10.031437500000001
3357,2,932.698935,933.599836,0.9009009999999762,,,hard_brake,mitra_t5,data\raw\mitra\Data_T5\T5_DAll.csv,2898.0,-8.876050000000001
3358,2,946.412643,947.280176,0.8675329999999803,,,hard_brake,mitra_t5,data\raw\mitra\Data_T5\T5_DAll.csv,2902.0,-17.656200000000002
3359,2,944.043608,944.777675,0.7340670000000955,,,hard_brake,mitra_t5,data\raw\mitra\Data_T5\T5_DAll.csv,2903.0,-10.323687499999998
3360,3,938.304538,939.105339,0.8008009999999786,,,hard_brake,mitra_t5,data\raw\mitra\Data_T5\T5_DAll.csv,2904.0,-20.090149999999998
3361,1,939.305539,939.939506,0.6339670000000979,,,hard_brake,mitra_t5,data\raw\mitra\Data_T5\T5_DAll.csv,2905.0,-7.735849999999999
3362,2,944.510742,945.278175,0.7674329999999827,,,hard_brake,mitra_t5,data\raw\mitra\Data_T5\T5_DAll.csv,2908.0,-20.59005
3363,3,939.038605,940.106339,1.0677340000000868,,,hard_brake,mitra_t5,data\raw\mitra\Data_T5\T5_DAll.csv,2914.0,-18.442112499999997
3364,2,951.250812,951.951512,0.7006999999999834,,,hard_brake,mitra_t5,data\raw\mitra\Data_T5\T5_DAll.csv,2917.0,-12.3134
3365,7,974.974525,975.875425,0.9008999999999787,,,hard_brake,mitra_t5,data\raw\mitra\Data_T5\T5_DAll.csv,2922.0,-8.537899999999999
3366,3,941.240806,942.10834,0.8675339999999778,,,hard_brake,mitra_t5,data\raw\mitra\Data_T5\T5_DAll.csv,2924.0,-15.8018125
3367,3,942.975874,943.776675,0.8008009999999786,,,hard_brake,mitra_t5,data\raw\mitra\Data_T5\T5_DAll.csv,2926.0,-39.2690375
3368,7,978.878427,979.54576,0.6673329999999851,,,hard_brake,mitra_t5,data\raw\mitra\Data_T5\T5_DAll.csv,2927.0,-10.202
3369,2,955.855414,956.789682,0.9342679999999746,,,hard_brake,mitra_t5,data\raw\mitra\Data_T5\T5_DAll.csv,2928.0,-21.6321
3370,3,944.010241,944.610842,0.600601000000097,,,hard_brake,mitra_t5,data\raw\mitra\Data_T5\T5_DAll.csv,2930.0,-8.5356875
3371,3,946.179076,946.779676,0.6005999999999858,,,hard_brake,mitra_t5,data\raw\mitra\Data_T5\T5_DAll.csv,2932.0,-8.5325875
3372,2,953.953513,954.78768,0.8341669999999795,,,hard_brake,mitra_t5,data\raw\mitra\Data_T5\T5_DAll.csv,2936.0,-14.859837500000001
3373,2,954.38728,955.288181,0.9009009999999762,,,hard_brake,mitra_t5,data\raw\mitra\Data_T5\T5_DAll.csv,2938.0,-10.014387500000002
3374,3,949.348911,950.283178,0.9342669999999771,,,hard_brake,mitra_t5,data\raw\mitra\Data_T5\T5_DAll.csv,2940.0,-19.941625000000002
3375,7,983.249462,983.716596,0.4671339999999873,,,hard_brake,mitra_t5,data\raw\mitra\Data_T5\T5_DAll.csv,2942.0,-5.454674999999999
3376,3,950.783678,951.451012,0.6673339999999826,,,hard_brake,mitra_t5,data\raw\mitra\Data_T5\T5_DAll.csv,2943.0,-5.66515
3377,2,955.121347,955.955514,0.8341669999999795,,,hard_brake,mitra_t5,data\raw\mitra\Data_T5\T5_DAll.csv,2944.0,-17.052912499999998
3378,7,984.851063,985.551764,0.7007010000000946,,,hard_brake,mitra_t5,data\raw\mitra\Data_T5\T5_DAll.csv,2948.0,-5.8453125
3379,5,946.212442,946.679576,0.4671339999999873,,,hard_brake,mitra_t5,data\raw\mitra\Data_T5\T5_DAll.csv,2949.0,-5.176753333333334
3380,5,989.956166,990.556766,0.6005999999999858,,,hard_brake,mitra_t5,data\raw\mitra\Data_T5\T5_DAll.csv,2951.0,-4.375206666666667
3381,3,953.08598,954.120347,1.0343670000000884,,,hard_brake,mitra_t5,data\raw\mitra\Data_T5\T5_DAll.csv,2954.0,-13.22055
3382,2,962.628851,963.463018,0.8341669999999795,,,hard_brake,mitra_t5,data\raw\mitra\Data_T5\T5_DAll.csv,2965.0,-20.991175
3383,1,960.82705,961.794684,0.9676339999999755,,,hard_brake,mitra_t5,data\raw\mitra\Data_T5\T5_DAll.csv,2967.0,-6.387073333333333
3384,2,969.569122,970.470022,0.9008999999999787,,,hard_brake,mitra_t5,data\raw\mitra\Data_T5\T5_DAll.csv,2968.0,-8.6871125
3385,3,962.428651,963.129352,0.7007010000000946,,,hard_brake,mitra_t5,data\raw\mitra\Data_T5\T5_DAll.csv,2972.0,-6.4311375
3386,3,961.260817,961.961518,0.7007009999999809,,,hard_brake,mitra_t5,data\raw\mitra\Data_T5\T5_DAll.csv,2974.0,-9.4303875
3387,3,960.52675,961.294184,0.7674339999999802,,,hard_brake,mitra_t5,data\raw\mitra\Data_T5\T5_DAll.csv,2975.0,-21.116387500000002
3388,2,966.532753,967.633854,1.1011010000000852,,,hard_brake,mitra_t5,data\raw\mitra\Data_T5\T5_DAll.csv,2977.0,-14.643087499999998
3389,3,964.363919,965.131353,0.7674339999999802,,,hard_brake,mitra_t5,data\raw\mitra\Data_T5\T5_DAll.csv,2979.0,-23.743212500000002
3390,1,962.595485,963.463018,0.8675329999999803,,,hard_brake,mitra_t5,data\raw\mitra\Data_T5\T5_DAll.csv,2982.0,-22.99385
3391,2,970.770322,971.471023,0.7007009999999809,,,hard_brake,mitra_t5,data\raw\mitra\Data_T5\T5_DAll.csv,2984.0,-15.332337500000001
3392,3,965.164719,965.96552,0.8008009999999786,,,hard_brake,mitra_t5,data\raw\mitra\Data_T5\T5_DAll.csv,2986.0,-26.906950000000002
3393,2,972.538757,973.473024,0.9342669999999771,,,hard_brake,mitra_t5,data\raw\mitra\Data_T5\T5_DAll.csv,2989.0,-22.7605
3394,3,969.669222,970.470022,0.8007999999999811,,,hard_brake,mitra_t5,data\raw\mitra\Data_T5\T5_DAll.csv,2993.0,-12.80845
3395,2,973.706591,974.307191,0.6005999999999858,,,hard_brake,mitra_t5,data\raw\mitra\Data_T5\T5_DAll.csv,2994.0,-7.524775
3396,2,974.173724,975.208091,1.0343669999999747,,,hard_brake,mitra_t5,data\raw\mitra\Data_T5\T5_DAll.csv,2998.0,-6.505526666666667
3397,1,970.903789,971.637856,0.7340670000000955,,,hard_brake,mitra_t5,data\raw\mitra\Data_T5\T5_DAll.csv,3001.0,-11.721112499999998
3398,1,980.513394,981.314195,0.8008010000000922,,,hard_brake,mitra_t5,data\raw\mitra\Data_T5\T5_DAll.csv,3002.0,-13.2863125
3399,1,978.277826,979.64586,1.368033999999966,,,hard_brake,mitra_t5,data\raw\mitra\Data_T5\T5_DAll.csv,3004.0,-15.350225000000002
3400,2,976.476025,977.310193,0.8341679999999769,,,hard_brake,mitra_t5,data\raw\mitra\Data_T5\T5_DAll.csv,3005.0,-16.3631875
3401,4,987.620498,988.254465,0.6339669999999842,,,hard_brake,mitra_t5,data\raw\mitra\Data_T5\T5_DAll.csv,3007.0,-5.024640000000001
3402,3,973.606491,974.474024,0.8675329999999803,,,hard_brake,mitra_t5,data\raw\mitra\Data_T5\T5_DAll.csv,3009.0,-11.9718375
3403,3,975.675225,976.476025,0.8008000000000948,,,hard_brake,mitra_t5,data\raw\mitra\Data_T5\T5_DAll.csv,3010.0,-25.786187500000004
3404,3,974.941158,975.808692,0.8675339999999778,,,hard_brake,mitra_t5,data\raw\mitra\Data_T5\T5_DAll.csv,3018.0,-18.40315
3405,3,976.642859,977.477026,0.8341669999999795,,,hard_brake,mitra_t5,data\raw\mitra\Data_T5\T5_DAll.csv,3019.0,-29.052124999999997
3406,2,982.181729,982.982529,0.8007999999999811,,,hard_brake,mitra_t5,data\raw\mitra\Data_T5\T5_DAll.csv,3027.0,-15.823525
3407,3,986.486031,987.320198,0.8341669999999795,,,hard_brake,mitra_t5,data\raw\mitra\Data_T5\T5_DAll.csv,3035.0,-19.087999999999997
3408,3,981.447661,982.315195,0.8675339999999778,,,hard_brake,mitra_t5,data\raw\mitra\Data_T5\T5_DAll.csv,3038.0,-7.58535
3409,3,984.08363,984.98453,0.9008999999999787,,,hard_brake,mitra_t5,data\raw\mitra\Data_T5\T5_DAll.csv,3040.0,-23.121812499999997
3410,2,987.920798,988.654865,0.7340669999999818,,,hard_brake,mitra_t5,data\raw\mitra\Data_T5\T5_DAll.csv,3043.0,-8.900475
3411,3,987.086631,987.987532,0.9009009999999762,,,hard_brake,mitra_t5,data\raw\mitra\Data_T5\T5_DAll.csv,3045.0,-6.094006666666668
3412,2,990.590133,991.090633,0.5004999999999882,,,hard_brake,mitra_t5,data\raw\mitra\Data_T5\T5_DAll.csv,3048.0,-10.7615
3413,3,987.954165,988.821699,0.8675339999999778,,,hard_brake,mitra_t5,data\raw\mitra\Data_T5\T5_DAll.csv,3049.0,-27.549262499999998
3414,3,988.821699,989.489032,0.6673329999999851,,,hard_brake,mitra_t5,data\raw\mitra\Data_T5\T5_DAll.csv,3053.0,-13.262
3415,1,986.886431,987.653865,0.7674339999999802,,,hard_brake,mitra_t5,data\raw\mitra\Data_T5\T5_DAll.csv,3054.0,-19.091325
3416,3,990.089633,990.656866,0.5672329999999874,,,hard_brake,mitra_t5,data\raw\mitra\Data_T5\T5_DAll.csv,3061.0,-6.443
3417,1,989.422299,990.156366,0.7340670000000955,,,hard_brake,mitra_t5,data\raw\mitra\Data_T5\T5_DAll.csv,3066.0,-9.725612500000002
3418,2,990.6235,991.090633,0.4671329999999898,,,hard_brake,mitra_t5,data\raw\mitra\Data_T5\T5_DAll.csv,3073.0,-7.8282625
3419,2,990.6235,991.090633,0.4671329999999898,,,hard_brake,mitra_t5,data\raw\mitra\Data_T5\T5_DAll.csv,3078.0,-7.193800000000001
3420,1,965.231453,965.698586,0.4671329999999898,,,hard_brake,mitra_t5,data\raw\mitra\Data_T5\T5_DAll.csv,3080.0,-5.841293333333334
3421,1,989.822699,990.8237,1.0010010000000875,,,hard_brake,mitra_t5,data\raw\mitra\Data_T5\T5_DAll.csv,3089.0,-11.997750000000002
3422,1,989.922799,990.8237,0.9009009999999762,,,hard_brake,mitra_t5,data\raw\mitra\Data_T5\T5_DAll.csv,3095.0,-7.522875
3423,3,990.189733,990.8237,0.6339669999999842,,,hard_brake,mitra_t5,data\raw\mitra\Data_T5\T5_DAll.csv,3098.0,-6.4999875000000005
3424,3,989.922799,990.8237,0.9009009999999762,,,hard_brake,mitra_t5,data\raw\mitra\Data_T5\T5_DAll.csv,3104.0,-44.835225
3425,10,15.782434,28.695335,12.912901,5.0,5026479.929323461,queue,mitra_t6,data\raw\mitra\Data_T6\T6_DAll.csv,,
3426,10,71.037638,82.949539,11.911901,6.0,5026467.104919566,queue,mitra_t6,data\raw\mitra\Data_T6\T6_DAll.csv,,
3427,10,443.409662,453.085996,9.676333999999997,5.0,5026461.579337666,queue,mitra_t6,data\raw\mitra\Data_T6\T6_DAll.csv,,
3428,10,656.822876,663.129177,6.306301000000076,3.0,5026480.886401347,queue,mitra_t6,data\raw\mitra\Data_T6\T6_DAll.csv,,
3429,10,673.639677,692.558579,18.918902000000003,4.0,5026481.681917197,queue,mitra_t6,data\raw\mitra\Data_T6\T6_DAll.csv,,
3430,10,823.556121,833.098988,9.542867000000001,5.0,5026473.46721602,queue,mitra_t6,data\raw\mitra\Data_T6\T6_DAll.csv,,
3431,10,933.032161,967.232997,34.20083599999998,8.0,5026462.317599062,queue,mitra_t6,data\raw\mitra\Data_T6\T6_DAll.csv,,
3432,6,10.810801,32.032002,21.221201,5.0,5026615.118085854,queue,mitra_t6,data\raw\mitra\Data_T6\T6_DAll.csv,,
3433,6,39.973269,49.78307,9.809801,5.0,5026530.716222456,queue,mitra_t6,data\raw\mitra\Data_T6\T6_DAll.csv,,
3434,6,89.289206,107.407307,18.11810100000001,6.0,5026359.104805993,queue,mitra_t6,data\raw\mitra\Data_T6\T6_DAll.csv,,
3435,6,210.376847,246.646416,36.26956899999999,5.0,5026665.438582693,queue,mitra_t6,data\raw\mitra\Data_T6\T6_DAll.csv,,
3436,6,262.22865,268.835251,6.606601000000012,5.0,5026678.618747383,queue,mitra_t6,data\raw\mitra\Data_T6\T6_DAll.csv,,
3437,7,10.844167,47.313936,36.469769,10.0,5026550.719934497,queue,mitra_t6,data\raw\mitra\Data_T6\T6_DAll.csv,,
3438,7,317.283654,327.794155,10.510500999999977,7.0,5026620.843823064,queue,mitra_t6,data\raw\mitra\Data_T6\T6_DAll.csv,,
3439,7,474.340564,481.881432,7.540868000000046,4.0,5026528.790709743,queue,mitra_t6,data\raw\mitra\Data_T6\T6_DAll.csv,,
3440,7,741.374015,748.214182,6.840167000000065,8.0,5026558.959648438,queue,mitra_t6,data\raw\mitra\Data_T6\T6_DAll.csv,,
3441,7,913.279093,930.963428,17.684335000000033,11.0,5026503.8230693545,queue,mitra_t6,data\raw\mitra\Data_T6\T6_DAll.csv,,
3442,7,1007.373099,1019.018067,11.644967999999949,9.0,5026510.454179401,queue,mitra_t6,data\raw\mitra\Data_T6\T6_DAll.csv,,
3443,5,84.684606,104.938174,20.253568,7.0,5026520.200010478,queue,mitra_t6,data\raw\mitra\Data_T6\T6_DAll.csv,,
3444,5,176.075912,188.788612,12.712700000000012,7.0,5026646.735101843,queue,mitra_t6,data\raw\mitra\Data_T6\T6_DAll.csv,,
3445,5,199.299113,212.612414,13.313300999999996,7.0,5026677.76,queue,mitra_t6,data\raw\mitra\Data_T6\T6_DAll.csv,,
3446,4,58.124737,92.826073,34.70133599999999,7.0,5026508.355492916,queue,mitra_t6,data\raw\mitra\Data_T6\T6_DAll.csv,,
3447,20,824.323554,1017.9837,193.66014600000005,14.0,5026500.1711825635,queue,mitra_t6,data\raw\mitra\Data_T6\T6_DAll.csv,,
3448,4,91.825073,92.425673,0.6006,,,hard_brake,mitra_t6,data\raw\mitra\Data_T6\T6_DAll.csv,10.0,-4.653550000000001
3449,7,78.078005,79.079005,1.0009999999999906,,,hard_brake,mitra_t6,data\raw\mitra\Data_T6\T6_DAll.csv,14.0,-9.413525
3450,5,92.792706,93.760339,0.9676330000000064,,,hard_brake,mitra_t6,data\raw\mitra\Data_T6\T6_DAll.csv,17.0,-13.086224999999999
3451,1,21.755068,22.889535,1.1344669999999972,,,hard_brake,mitra_t6,data\raw\mitra\Data_T6\T6_DAll.csv,22.0,-7.73262
3452,2,18.051368,18.718701,0.6673329999999993,,,hard_brake,mitra_t6,data\raw\mitra\Data_T6\T6_DAll.csv,24.0,-6.930400000000001
3453,7,65.465404,66.232838,0.7674339999999944,,,hard_brake,mitra_t6,data\raw\mitra\Data_T6\T6_DAll.csv,25.0,-6.994462500000001
3454,4,97.16374,98.26484,1.1011000000000024,,,hard_brake,mitra_t6,data\raw\mitra\Data_T6\T6_DAll.csv,26.0,-6.372746666666667
3455,4,100.700607,101.66824,0.9676329999999922,,,hard_brake,mitra_t6,data\raw\mitra\Data_T6\T6_DAll.csv,29.0,-5.460953333333333
3456,4,99.499407,100.26684,0.7674329999999969,,,hard_brake,mitra_t6,data\raw\mitra\Data_T6\T6_DAll.csv,31.0,-6.9999875000000005
3457,4,92.759339,93.760339,1.0010000000000048,,,hard_brake,mitra_t6,data\raw\mitra\Data_T6\T6_DAll.csv,36.0,-13.544324999999999
3458,4,102.402307,103.26984,0.8675330000000088,,,hard_brake,mitra_t6,data\raw\mitra\Data_T6\T6_DAll.csv,37.0,-12.204099999999999
3459,7,83.950539,84.417672,0.4671329999999898,,,hard_brake,mitra_t6,data\raw\mitra\Data_T6\T6_DAll.csv,40.0,-5.8414375000000005
3460,7,125.425308,126.292842,0.867533999999992,,,hard_brake,mitra_t6,data\raw\mitra\Data_T6\T6_DAll.csv,41.0,-9.675375
3461,4,108.17474,108.97554,0.8007999999999953,,,hard_brake,mitra_t6,data\raw\mitra\Data_T6\T6_DAll.csv,42.0,-4.886093333333333
3462,5,136.836709,137.637509,0.8007999999999811,,,hard_brake,mitra_t6,data\raw\mitra\Data_T6\T6_DAll.csv,44.0,-14.777562500000002
3463,5,128.561775,129.462675,0.9008999999999787,,,hard_brake,mitra_t6,data\raw\mitra\Data_T6\T6_DAll.csv,49.0,-7.211744444444444
3464,4,18.351668,18.952268,0.6006,,,hard_brake,mitra_t6,data\raw\mitra\Data_T6\T6_DAll.csv,50.0,-4.31976
3465,4,19.753068,20.520501,0.7674330000000005,,,hard_brake,mitra_t6,data\raw\mitra\Data_T6\T6_DAll.csv,50.0,-4.3949066666666665
3466,7,122.589141,123.623508,1.0343670000000031,,,hard_brake,mitra_t6,data\raw\mitra\Data_T6\T6_DAll.csv,51.0,-15.279062500000002
3467,3,6.573234,7.374034,0.8007999999999997,,,hard_brake,mitra_t6,data\raw\mitra\Data_T6\T6_DAll.csv,52.0,-4.4849749999999995
3468,2,6.139467,7.040367,0.9009,,,hard_brake,mitra_t6,data\raw\mitra\Data_T6\T6_DAll.csv,53.0,-14.190400000000002
3469,1,6.006,7.040367,1.0343669999999996,,,hard_brake,mitra_t6,data\raw\mitra\Data_T6\T6_DAll.csv,55.0,-14.165624999999999
3470,3,1.2012,2.2022,1.001,,,hard_brake,mitra_t6,data\raw\mitra\Data_T6\T6_DAll.csv,60.0,-11.558987499999999
3471,5,131.097642,132.065275,0.9676330000000064,,,hard_brake,mitra_t6,data\raw\mitra\Data_T6\T6_DAll.csv,65.0,-5.945026666666667
3472,7,114.814708,115.281841,0.467133000000004,,,hard_brake,mitra_t6,data\raw\mitra\Data_T6\T6_DAll.csv,67.0,-6.8936125
3473,7,116.182741,116.950174,0.7674330000000111,,,hard_brake,mitra_t6,data\raw\mitra\Data_T6\T6_DAll.csv,68.0,-12.802299999999999
3474,6,107.207107,108.17474,0.9676330000000064,,,hard_brake,mitra_t6,data\raw\mitra\Data_T6\T6_DAll.csv,75.0,-6.452826666666667
3475,6,81.548139,82.248839,0.7006999999999977,,,hard_brake,mitra_t6,data\raw\mitra\Data_T6\T6_DAll.csv,76.0,-6.992799999999999
3476,5,124.991542,125.959175,0.9676330000000064,,,hard_brake,mitra_t6,data\raw\mitra\Data_T6\T6_DAll.csv,77.0,-5.41952
3477,4,123.923808,124.624508,0.7007000000000119,,,hard_brake,mitra_t6,data\raw\mitra\Data_T6\T6_DAll.csv,78.0,-7.187925
3478,7,90.790706,91.591506,0.8007999999999953,,,hard_brake,mitra_t6,data\raw\mitra\Data_T6\T6_DAll.csv,79.0,-9.5557375
3479,5,101.501407,102.26884,0.7674329999999969,,,hard_brake,mitra_t6,data\raw\mitra\Data_T6\T6_DAll.csv,80.0,-15.887049999999999
3480,5,108.87544,109.776341,0.9009010000000046,,,hard_brake,mitra_t6,data\raw\mitra\Data_T6\T6_DAll.csv,81.0,-17.580875
3481,5,121.454675,122.122008,0.6673329999999993,,,hard_brake,mitra_t6,data\raw\mitra\Data_T6\T6_DAll.csv,82.0,-7.6656375
3482,5,112.612507,113.580141,0.9676340000000039,,,hard_brake,mitra_t6,data\raw\mitra\Data_T6\T6_DAll.csv,83.0,-6.771353333333334
3483,4,117.684241,118.451674,0.7674329999999969,,,hard_brake,mitra_t6,data\raw\mitra\Data_T6\T6_DAll.csv,84.0,-4.36225
3484,6,88.021272,88.922172,0.9009000000000071,,,hard_brake,mitra_t6,data\raw\mitra\Data_T6\T6_DAll.csv,88.0,-8.268500000000001
3485,6,85.218472,86.252839,1.034366999999989,,,hard_brake,mitra_t6,data\raw\mitra\Data_T6\T6_DAll.csv,89.0,-14.389587500000001
3486,5,102.635873,103.603507,0.9676339999999897,,,hard_brake,mitra_t6,data\raw\mitra\Data_T6\T6_DAll.csv,90.0,-13.7506375
3487,4,114.481041,115.281841,0.8007999999999953,,,hard_brake,mitra_t6,data\raw\mitra\Data_T6\T6_DAll.csv,91.0,-8.471475
3488,5,99.299206,100.133373,0.8341670000000079,,,hard_brake,mitra_t6,data\raw\mitra\Data_T6\T6_DAll.csv,92.0,-5.7187
3489,7,120.553775,121.521408,0.9676329999999922,,,hard_brake,mitra_t6,data\raw\mitra\Data_T6\T6_DAll.csv,93.0,-6.860126666666667
3490,6,111.211107,112.612507,1.4013999999999953,,,hard_brake,mitra_t6,data\raw\mitra\Data_T6\T6_DAll.csv,95.0,-8.140973333333333
3491,7,112.412307,113.446674,1.0343670000000031,,,hard_brake,mitra_t6,data\raw\mitra\Data_T6\T6_DAll.csv,97.0,-7.4976199999999995
3492,4,134.634509,135.201742,0.5672329999999874,,,hard_brake,mitra_t6,data\raw\mitra\Data_T6\T6_DAll.csv,98.0,-4.360673333333334
3493,5,107.640874,108.608507,0.9676330000000064,,,hard_brake,mitra_t6,data\raw\mitra\Data_T6\T6_DAll.csv,100.0,-17.1024875
3494,7,100.100007,100.76734,0.6673329999999993,,,hard_brake,mitra_t6,data\raw\mitra\Data_T6\T6_DAll.csv,101.0,-10.311200000000001
3495,4,111.845074,112.779341,0.9342670000000055,,,hard_brake,mitra_t6,data\raw\mitra\Data_T6\T6_DAll.csv,105.0,-11.354825
3496,7,138.972176,140.473676,1.5015000000000214,,,hard_brake,mitra_t6,data\raw\mitra\Data_T6\T6_DAll.csv,107.0,-12.780537500000001
3497,4,110.276841,110.944174,0.6673329999999993,,,hard_brake,mitra_t6,data\raw\mitra\Data_T6\T6_DAll.csv,108.0,-5.9517999999999995
3498,7,42.642603,43.37667,0.734066999999996,,,hard_brake,mitra_t6,data\raw\mitra\Data_T6\T6_DAll.csv,110.0,-9.458224999999999
3499,5,97.430673,98.26484,0.8341670000000079,,,hard_brake,mitra_t6,data\raw\mitra\Data_T6\T6_DAll.csv,112.0,-7.578125
3500,4,69.202471,69.736338,0.5338670000000008,,,hard_brake,mitra_t6,data\raw\mitra\Data_T6\T6_DAll.csv,116.0,-7.688712499999999
3501,4,66.299571,67.067004,0.7674329999999969,,,hard_brake,mitra_t6,data\raw\mitra\Data_T6\T6_DAll.csv,117.0,-17.2049625
3502,7,57.724337,58.39167,0.6673329999999993,,,hard_brake,mitra_t6,data\raw\mitra\Data_T6\T6_DAll.csv,118.0,-10.1489625
3503,5,78.445038,79.412672,0.9676340000000039,,,hard_brake,mitra_t6,data\raw\mitra\Data_T6\T6_DAll.csv,119.0,-7.87063
3504,5,80.146739,80.914172,0.7674329999999969,,,hard_brake,mitra_t6,data\raw\mitra\Data_T6\T6_DAll.csv,121.0,-11.681975
3505,4,80.080005,81.081005,1.0010000000000048,,,hard_brake,mitra_t6,data\raw\mitra\Data_T6\T6_DAll.csv,122.0,-6.87402
3506,4,76.443038,77.310572,0.867533999999992,,,hard_brake,mitra_t6,data\raw\mitra\Data_T6\T6_DAll.csv,124.0,-5.014573333333334
3507,5,43.67697,44.210836,0.5338660000000033,,,hard_brake,mitra_t6,data\raw\mitra\Data_T6\T6_DAll.csv,137.0,-5.8869125
3508,6,17.751068,18.518501,0.7674330000000005,,,hard_brake,mitra_t6,data\raw\mitra\Data_T6\T6_DAll.csv,144.0,-5.466888888888888
3509,7,36.369669,37.303936,0.9342669999999984,,,hard_brake,mitra_t6,data\raw\mitra\Data_T6\T6_DAll.csv,145.0,-6.881606666666666
3510,5,54.98827,55.722337,0.7340670000000031,,,hard_brake,mitra_t6,data\raw\mitra\Data_T6\T6_DAll.csv,149.0,-10.5673125
3511,5,36.469769,37.203836,0.7340670000000031,,,hard_brake,mitra_t6,data\raw\mitra\Data_T6\T6_DAll.csv,151.0,-6.678987499999999
3512,4,34.334302,35.035002,0.7006999999999977,,,hard_brake,mitra_t6,data\raw\mitra\Data_T6\T6_DAll.csv,153.0,-13.8523375
3513,4,52.819437,53.553504,0.734066999999996,,,hard_brake,mitra_t6,data\raw\mitra\Data_T6\T6_DAll.csv,157.0,-17.125600000000002
3514,4,35.602236,36.369669,0.767433000000004,,,hard_brake,mitra_t6,data\raw\mitra\Data_T6\T6_DAll.csv,158.0,-4.927533333333333
3515,5,64.297571,64.898171,0.6006,,,hard_brake,mitra_t6,data\raw\mitra\Data_T6\T6_DAll.csv,159.0,-8.860975
3516,5,49.349303,50.216837,0.8675339999999991,,,hard_brake,mitra_t6,data\raw\mitra\Data_T6\T6_DAll.csv,162.0,-11.4008125
3517,5,52.852803,53.720337,0.8675339999999991,,,hard_brake,mitra_t6,data\raw\mitra\Data_T6\T6_DAll.csv,166.0,-18.144012500000002
3518,6,32.699335,33.433402,0.7340670000000031,,,hard_brake,mitra_t6,data\raw\mitra\Data_T6\T6_DAll.csv,167.0,-5.509673333333334
3519,2,36.436402,37.604236,1.1678339999999992,,,hard_brake,mitra_t6,data\raw\mitra\Data_T6\T6_DAll.csv,168.0,-7.774773333333333
3520,4,47.58087,48.38167,0.8008000000000024,,,hard_brake,mitra_t6,data\raw\mitra\Data_T6\T6_DAll.csv,170.0,-10.7063875
3521,7,5.2052,6.006,0.8008000000000006,,,hard_brake,mitra_t6,data\raw\mitra\Data_T6\T6_DAll.csv,174.0,-9.581537500000001
3522,7,59.692971,60.560504,0.8675330000000017,,,hard_brake,mitra_t6,data\raw\mitra\Data_T6\T6_DAll.csv,177.0,-11.235262500000001
3523,7,63.563504,64.564504,1.0009999999999977,,,hard_brake,mitra_t6,data\raw\mitra\Data_T6\T6_DAll.csv,178.0,-6.70112
3524,4,81.981905,82.916172,0.9342670000000055,,,hard_brake,mitra_t6,data\raw\mitra\Data_T6\T6_DAll.csv,179.0,-7.355837500000001
3525,5,86.920172,87.754339,0.8341670000000079,,,hard_brake,mitra_t6,data\raw\mitra\Data_T6\T6_DAll.csv,182.0,-10.050412500000002
3526,5,32.766069,33.366669,0.6006,,,hard_brake,mitra_t6,data\raw\mitra\Data_T6\T6_DAll.csv,183.0,-5.956000000000001
3527,4,84.017272,84.751339,0.734066999999996,,,hard_brake,mitra_t6,data\raw\mitra\Data_T6\T6_DAll.csv,184.0,-9.980649999999999
3528,4,88.621872,89.255839,0.6339669999999984,,,hard_brake,mitra_t6,data\raw\mitra\Data_T6\T6_DAll.csv,185.0,-5.64335
3529,7,3.436767,4.170834,0.734067,,,hard_brake,mitra_t6,data\raw\mitra\Data_T6\T6_DAll.csv,186.0,-18.8212125
3530,4,51.68497,52.218837,0.5338670000000008,,,hard_brake,mitra_t6,data\raw\mitra\Data_T6\T6_DAll.csv,187.0,-6.2692375
3531,4,45.57887,46.212836,0.6339660000000009,,,hard_brake,mitra_t6,data\raw\mitra\Data_T6\T6_DAll.csv,189.0,-10.136212500000001
3532,5,45.612236,46.212836,0.6006,,,hard_brake,mitra_t6,data\raw\mitra\Data_T6\T6_DAll.csv,190.0,-8.3629125
3533,4,42.142103,42.709336,0.5672330000000017,,,hard_brake,mitra_t6,data\raw\mitra\Data_T6\T6_DAll.csv,193.0,-6.7580375
3534,5,46.646603,47.38067,0.7340670000000031,,,hard_brake,mitra_t6,data\raw\mitra\Data_T6\T6_DAll.csv,194.0,-8.326862499999999
3535,5,39.806436,40.540503,0.7340670000000031,,,hard_brake,mitra_t6,data\raw\mitra\Data_T6\T6_DAll.csv,195.0,-10.821525
3536,6,51.317937,51.88517,0.5672330000000017,,,hard_brake,mitra_t6,data\raw\mitra\Data_T6\T6_DAll.csv,196.0,-7.4128875
3537,4,27.927902,28.528502,0.6006,,,hard_brake,mitra_t6,data\raw\mitra\Data_T6\T6_DAll.csv,197.0,-10.815050000000001
3538,3,20.286935,21.054368,0.7674330000000005,,,hard_brake,mitra_t6,data\raw\mitra\Data_T6\T6_DAll.csv,201.0,-5.4923
3539,2,25.091735,25.658968,0.5672330000000017,,,hard_brake,mitra_t6,data\raw\mitra\Data_T6\T6_DAll.csv,204.0,-4.554626666666667
3540,1,33.833802,35.068369,1.2345669999999984,,,hard_brake,mitra_t6,data\raw\mitra\Data_T6\T6_DAll.csv,208.0,-9.9965375
3541,2,29.329302,30.730702,1.4014000000000024,,,hard_brake,mitra_t6,data\raw\mitra\Data_T6\T6_DAll.csv,209.0,-9.418426666666667
3542,2,39.372669,40.440403,1.0677340000000015,,,hard_brake,mitra_t6,data\raw\mitra\Data_T6\T6_DAll.csv,214.0,-5.85312
3543,4,57.524137,58.224837,0.7006999999999977,,,hard_brake,mitra_t6,data\raw\mitra\Data_T6\T6_DAll.csv,221.0,-14.856300000000001
3544,5,76.843438,77.577505,0.734066999999996,,,hard_brake,mitra_t6,data\raw\mitra\Data_T6\T6_DAll.csv,223.0,-7.651287500000001
3545,4,60.660604,61.227837,0.5672330000000017,,,hard_brake,mitra_t6,data\raw\mitra\Data_T6\T6_DAll.csv,224.0,-8.197025
3546,4,65.098371,65.732338,0.6339669999999984,,,hard_brake,mitra_t6,data\raw\mitra\Data_T6\T6_DAll.csv,226.0,-11.40935
3547,7,50.98427,51.718337,0.734066999999996,,,hard_brake,mitra_t6,data\raw\mitra\Data_T6\T6_DAll.csv,227.0,-5.3278300000000005
3548,7,55.48877,56.356304,0.8675339999999991,,,hard_brake,mitra_t6,data\raw\mitra\Data_T6\T6_DAll.csv,232.0,-5.212086666666667
3549,4,63.263204,63.897171,0.6339669999999984,,,hard_brake,mitra_t6,data\raw\mitra\Data_T6\T6_DAll.csv,234.0,-12.2669875
3550,4,72.705971,73.239838,0.5338670000000008,,,hard_brake,mitra_t6,data\raw\mitra\Data_T6\T6_DAll.csv,235.0,-5.016375
3551,6,140.173376,141.141009,0.9676330000000064,,,hard_brake,mitra_t6,data\raw\mitra\Data_T6\T6_DAll.csv,241.0,-16.575837500000002
3552,3,44.444403,45.412036,0.9676329999999993,,,hard_brake,mitra_t6,data\raw\mitra\Data_T6\T6_DAll.csv,256.0,-19.368312500000002
3553,5,144.511043,145.311843,0.8008000000000095,,,hard_brake,mitra_t6,data\raw\mitra\Data_T6\T6_DAll.csv,257.0,-10.1205
3554,1,36.169469,37.070369,0.9009,,,hard_brake,mitra_t6,data\raw\mitra\Data_T6\T6_DAll.csv,258.0,-10.134962500000002
3555,6,144.444309,145.145009,0.7006999999999834,,,hard_brake,mitra_t6,data\raw\mitra\Data_T6\T6_DAll.csv,260.0,-9.939237499999999
3556,2,52.952903,53.420037,0.4671340000000015,,,hard_brake,mitra_t6,data\raw\mitra\Data_T6\T6_DAll.csv,261.0,-5.105762500000001
3557,6,123.156375,123.723608,0.5672330000000017,,,hard_brake,mitra_t6,data\raw\mitra\Data_T6\T6_DAll.csv,263.0,-4.9035666666666655
3558,10,36.336302,37.070369,0.734066999999996,,,hard_brake,mitra_t6,data\raw\mitra\Data_T6\T6_DAll.csv,265.0,-4.515606666666667
3559,10,54.621237,55.48877,0.8675330000000017,,,hard_brake,mitra_t6,data\raw\mitra\Data_T6\T6_DAll.csv,265.0,-4.65894
3560,6,131.998542,132.966175,0.9676330000000064,,,hard_brake,mitra_t6,data\raw\mitra\Data_T6\T6_DAll.csv,267.0,-12.948487499999999
3561,7,92.459039,94.094006,1.634966999999989,,,hard_brake,mitra_t6,data\raw\mitra\Data_T6\T6_DAll.csv,268.0,-10.704153333333332
3562,5,148.414943,149.14901,0.7340670000000102,,,hard_brake,mitra_t6,data\raw\mitra\Data_T6\T6_DAll.csv,277.0,-5.0986
3563,7,148.014543,148.815343,0.8008000000000095,,,hard_brake,mitra_t6,data\raw\mitra\Data_T6\T6_DAll.csv,292.0,-15.047062499999997
3564,7,146.813343,147.480676,0.6673329999999851,,,hard_brake,mitra_t6,data\raw\mitra\Data_T6\T6_DAll.csv,296.0,-10.4268
3565,1,68.101371,68.935538,0.8341669999999937,,,hard_brake,mitra_t6,data\raw\mitra\Data_T6\T6_DAll.csv,297.0,-10.498499999999998
3566,5,114.981541,115.782341,0.8007999999999953,,,hard_brake,mitra_t6,data\raw\mitra\Data_T6\T6_DAll.csv,298.0,-16.335387499999996
3567,4,179.646145,180.180012,0.533867000000015,,,hard_brake,mitra_t6,data\raw\mitra\Data_T6\T6_DAll.csv,302.0,-6.7375125
3568,7,149.34921,150.316843,0.9676330000000064,,,hard_brake,mitra_t6,data\raw\mitra\Data_T6\T6_DAll.csv,303.0,-10.1900875
3569,7,150.183376,151.15101,0.9676340000000039,,,hard_brake,mitra_t6,data\raw\mitra\Data_T6\T6_DAll.csv,306.0,-16.3916125
3570,1,68.802071,70.036638,1.2345669999999984,,,hard_brake,mitra_t6,data\raw\mitra\Data_T6\T6_DAll.csv,307.0,-6.921146666666667
3571,2,60.126737,61.094371,0.9676340000000039,,,hard_brake,mitra_t6,data\raw\mitra\Data_T6\T6_DAll.csv,308.0,-5.330553333333333
3572,7,98.498406,99.26584,0.7674339999999944,,,hard_brake,mitra_t6,data\raw\mitra\Data_T6\T6_DAll.csv,311.0,-6.141862499999999
3573,7,151.584777,152.485677,0.9009000000000071,,,hard_brake,mitra_t6,data\raw\mitra\Data_T6\T6_DAll.csv,313.0,-27.242774999999998
3574,2,61.795071,62.762704,0.9676329999999993,,,hard_brake,mitra_t6,data\raw\mitra\Data_T6\T6_DAll.csv,315.0,-10.112125
3575,7,152.685877,153.486677,0.8007999999999811,,,hard_brake,mitra_t6,data\raw\mitra\Data_T6\T6_DAll.csv,319.0,-9.292950000000001
3576,7,108.608507,109.442674,0.8341669999999937,,,hard_brake,mitra_t6,data\raw\mitra\Data_T6\T6_DAll.csv,322.0,-15.052475000000001
3577,7,103.203107,103.937173,0.7340659999999986,,,hard_brake,mitra_t6,data\raw\mitra\Data_T6\T6_DAll.csv,324.0,-12.2255875
3578,7,104.704607,105.438674,0.7340670000000102,,,hard_brake,mitra_t6,data\raw\mitra\Data_T6\T6_DAll.csv,326.0,-5.851466666666667
3579,1,59.392671,60.093371,0.7006999999999977,,,hard_brake,mitra_t6,data\raw\mitra\Data_T6\T6_DAll.csv,330.0,-7.783562500000001
3580,2,68.868805,69.536138,0.6673329999999993,,,hard_brake,mitra_t6,data\raw\mitra\Data_T6\T6_DAll.csv,338.0,-4.95712
3581,6,115.215108,116.116008,0.9008999999999929,,,hard_brake,mitra_t6,data\raw\mitra\Data_T6\T6_DAll.csv,344.0,-7.9022
3582,3,76.476405,77.277205,0.8007999999999953,,,hard_brake,mitra_t6,data\raw\mitra\Data_T6\T6_DAll.csv,350.0,-10.28355
3583,1,82.348939,83.216472,0.8675329999999946,,,hard_brake,mitra_t6,data\raw\mitra\Data_T6\T6_DAll.csv,357.0,-5.046733333333333
3584,2,85.418672,86.953539,1.5348670000000055,,,hard_brake,mitra_t6,data\raw\mitra\Data_T6\T6_DAll.csv,362.0,-13.024137499999998
3585,3,82.982905,83.616872,0.6339669999999984,,,hard_brake,mitra_t6,data\raw\mitra\Data_T6\T6_DAll.csv,369.0,-5.7244
3586,3,77.911172,79.112372,1.2012,,,hard_brake,mitra_t6,data\raw\mitra\Data_T6\T6_DAll.csv,370.0,-6.239366666666667
3587,3,83.283205,84.217472,0.9342670000000055,,,hard_brake,mitra_t6,data\raw\mitra\Data_T6\T6_DAll.csv,382.0,-5.671793333333333
3588,3,87.220472,88.288206,1.0677340000000015,,,hard_brake,mitra_t6,data\raw\mitra\Data_T6\T6_DAll.csv,390.0,-28.2413
3589,2,94.160739,94.96154,0.8008009999999928,,,hard_brake,mitra_t6,data\raw\mitra\Data_T6\T6_DAll.csv,393.0,-4.435437500000001
3590,6,128.828708,129.629508,0.8007999999999811,,,hard_brake,mitra_t6,data\raw\mitra\Data_T6\T6_DAll.csv,397.0,-19.3475625
3591,6,163.663511,164.264111,0.6006000000000142,,,hard_brake,mitra_t6,data\raw\mitra\Data_T6\T6_DAll.csv,404.0,-6.060833333333334
3592,7,141.708243,142.642509,0.9342659999999796,,,hard_brake,mitra_t6,data\raw\mitra\Data_T6\T6_DAll.csv,408.0,-11.9217875
3593,1,108.97554,109.47604,0.5005000000000024,,,hard_brake,mitra_t6,data\raw\mitra\Data_T6\T6_DAll.csv,410.0,-4.585226666666666
3594,6,127.193742,127.961175,0.7674329999999969,,,hard_brake,mitra_t6,data\raw\mitra\Data_T6\T6_DAll.csv,412.0,-9.6096375
3595,3,94.828073,95.795706,0.9676329999999922,,,hard_brake,mitra_t6,data\raw\mitra\Data_T6\T6_DAll.csv,416.0,-5.720512500000001
3596,1,102.936173,103.736973,0.8008000000000095,,,hard_brake,mitra_t6,data\raw\mitra\Data_T6\T6_DAll.csv,417.0,-5.459726666666667
3597,7,182.515679,183.183012,0.6673329999999851,,,hard_brake,mitra_t6,data\raw\mitra\Data_T6\T6_DAll.csv,422.0,-14.119174999999998
3598,6,172.205378,173.173011,0.9676330000000064,,,hard_brake,mitra_t6,data\raw\mitra\Data_T6\T6_DAll.csv,424.0,-9.4464875
3599,3,86.252839,86.820072,0.5672330000000017,,,hard_brake,mitra_t6,data\raw\mitra\Data_T6\T6_DAll.csv,430.0,-5.1717
3600,3,99.399307,100.46704,1.067733000000004,,,hard_brake,mitra_t6,data\raw\mitra\Data_T6\T6_DAll.csv,430.0,-6.9995875
3601,2,111.444674,112.745974,1.3012999999999977,,,hard_brake,mitra_t6,data\raw\mitra\Data_T6\T6_DAll.csv,435.0,-9.218213333333333
3602,3,114.714608,115.648874,0.934266000000008,,,hard_brake,mitra_t6,data\raw\mitra\Data_T6\T6_DAll.csv,455.0,-15.894612500000001
3603,7,184.083912,185.018179,0.9342670000000055,,,hard_brake,mitra_t6,data\raw\mitra\Data_T6\T6_DAll.csv,459.0,-10.2156875
3604,3,98.531773,99.06564,0.5338670000000008,,,hard_brake,mitra_t6,data\raw\mitra\Data_T6\T6_DAll.csv,461.0,-5.4228733333333325
3605,1,123.456675,124.457675,1.0009999999999906,,,hard_brake,mitra_t6,data\raw\mitra\Data_T6\T6_DAll.csv,462.0,-5.975833333333333
3606,3,99.399307,100.26684,0.8675330000000088,,,hard_brake,mitra_t6,data\raw\mitra\Data_T6\T6_DAll.csv,465.0,-5.83926
3607,2,119.119008,120.386941,1.2679329999999993,,,hard_brake,mitra_t6,data\raw\mitra\Data_T6\T6_DAll.csv,465.0,-8.809866666666666
3608,1,94.694606,95.16174,0.4671340000000015,,,hard_brake,mitra_t6,data\raw\mitra\Data_T6\T6_DAll.csv,468.0,-4.779793333333333
3609,1,133.399942,134.334209,0.9342669999999771,,,hard_brake,mitra_t6,data\raw\mitra\Data_T6\T6_DAll.csv,468.0,-11.3833125
3610,7,204.13728,204.871347,0.7340669999999818,,,hard_brake,mitra_t6,data\raw\mitra\Data_T6\T6_DAll.csv,469.0,-15.092825
3611,3,124.924808,125.825708,0.9009000000000071,,,hard_brake,mitra_t6,data\raw\mitra\Data_T6\T6_DAll.csv,470.0,-8.662875
3612,2,126.059275,126.993542,0.9342670000000055,,,hard_brake,mitra_t6,data\raw\mitra\Data_T6\T6_DAll.csv,473.0,-17.872775
3613,7,205.071547,205.872347,0.8007999999999811,,,hard_brake,mitra_t6,data\raw\mitra\Data_T6\T6_DAll.csv,475.0,-17.733275000000003
3614,7,156.122644,156.65651,0.5338659999999891,,,hard_brake,mitra_t6,data\raw\mitra\Data_T6\T6_DAll.csv,477.0,-5.17145
3615,7,209.008814,209.876347,0.8675330000000088,,,hard_brake,mitra_t6,data\raw\mitra\Data_T6\T6_DAll.csv,480.0,-24.958350000000003
3616,2,137.370576,138.171376,0.8008000000000095,,,hard_brake,mitra_t6,data\raw\mitra\Data_T6\T6_DAll.csv,487.0,-10.0260875
3617,7,212.579047,213.213014,0.6339669999999842,,,hard_brake,mitra_t6,data\raw\mitra\Data_T6\T6_DAll.csv,489.0,-11.6735
3618,3,121.421308,122.155375,0.7340670000000102,,,hard_brake,mitra_t6,data\raw\mitra\Data_T6\T6_DAll.csv,490.0,-8.529725000000001
3619,3,136.769976,137.837709,1.0677329999999756,,,hard_brake,mitra_t6,data\raw\mitra\Data_T6\T6_DAll.csv,492.0,-7.828449999999999
3620,7,150.984177,151.818343,0.8341660000000104,,,hard_brake,mitra_t6,data\raw\mitra\Data_T6\T6_DAll.csv,508.0,-9.390862499999999
3621,1,147.914443,148.781976,0.8675329999999803,,,hard_brake,mitra_t6,data\raw\mitra\Data_T6\T6_DAll.csv,513.0,-5.0790999999999995
3622,7,215.748881,216.216014,0.4671329999999898,,,hard_brake,mitra_t6,data\raw\mitra\Data_T6\T6_DAll.csv,541.0,-5.2371125
3623,4,493.392932,493.993532,0.6006000000000427,,,hard_brake,mitra_t6,data\raw\mitra\Data_T6\T6_DAll.csv,556.0,-5.320549999999999
3624,2,158.725244,159.292477,0.5672329999999874,,,hard_brake,mitra_t6,data\raw\mitra\Data_T6\T6_DAll.csv,559.0,-4.512886666666666
3625,3,150.783977,151.45131,0.6673330000000135,,,hard_brake,mitra_t6,data\raw\mitra\Data_T6\T6_DAll.csv,561.0,-5.001853333333333
3626,3,151.985177,152.585777,0.6006000000000142,,,hard_brake,mitra_t6,data\raw\mitra\Data_T6\T6_DAll.csv,566.0,-4.832826666666667
3627,2,165.532044,166.199378,0.6673339999999826,,,hard_brake,mitra_t6,data\raw\mitra\Data_T6\T6_DAll.csv,573.0,-4.525993333333333
3628,2,167.734244,168.968811,1.2345669999999984,,,hard_brake,mitra_t6,data\raw\mitra\Data_T6\T6_DAll.csv,579.0,-7.125346666666667
3629,3,158.591777,159.692877,1.1011000000000024,,,hard_brake,mitra_t6,data\raw\mitra\Data_T6\T6_DAll.csv,586.0,-7.5641
3630,7,221.387848,222.222015,0.8341670000000079,,,hard_brake,mitra_t6,data\raw\mitra\Data_T6\T6_DAll.csv,587.0,-26.586237500000003
3631,2,171.538045,172.805978,1.2679329999999993,,,hard_brake,mitra_t6,data\raw\mitra\Data_T6\T6_DAll.csv,589.0,-7.97274
3632,3,156.85671,157.690877,0.8341670000000079,,,hard_brake,mitra_t6,data\raw\mitra\Data_T6\T6_DAll.csv,590.0,-5.86712
3633,7,236.936715,237.570682,0.6339670000000126,,,hard_brake,mitra_t6,data\raw\mitra\Data_T6\T6_DAll.csv,602.0,-10.099474999999998
3634,3,170.136644,170.870711,0.7340670000000102,,,hard_brake,mitra_t6,data\raw\mitra\Data_T6\T6_DAll.csv,610.0,-4.847573333333333
3635,1,185.084912,186.252746,1.1678339999999992,,,hard_brake,mitra_t6,data\raw\mitra\Data_T6\T6_DAll.csv,620.0,-7.426046666666666
3636,3,173.406578,174.040545,0.6339670000000126,,,hard_brake,mitra_t6,data\raw\mitra\Data_T6\T6_DAll.csv,622.0,-5.3792375
3637,3,174.007178,174.874711,0.8675329999999803,,,hard_brake,mitra_t6,data\raw\mitra\Data_T6\T6_DAll.csv,626.0,-11.981774999999999
3638,3,180.280112,181.214379,0.9342670000000055,,,hard_brake,mitra_t6,data\raw\mitra\Data_T6\T6_DAll.csv,630.0,-17.299037499999997
3639,7,213.146281,213.713514,0.5672330000000159,,,hard_brake,mitra_t6,data\raw\mitra\Data_T6\T6_DAll.csv,638.0,-5.651199999999999
3640,1,152.75261,153.25311,0.5004999999999882,,,hard_brake,mitra_t6,data\raw\mitra\Data_T6\T6_DAll.csv,639.0,-5.374300000000001
3641,1,192.926079,194.127279,1.2012,,,hard_brake,mitra_t6,data\raw\mitra\Data_T6\T6_DAll.csv,639.0,-7.2146
3642,2,172.338845,173.106278,0.7674330000000111,,,hard_brake,mitra_t6,data\raw\mitra\Data_T6\T6_DAll.csv,640.0,-6.3651133333333325
3643,7,216.883348,217.817614,0.9342659999999796,,,hard_brake,mitra_t6,data\raw\mitra\Data_T6\T6_DAll.csv,646.0,-5.723020000000001
3644,7,277.543951,278.278018,0.7340669999999818,,,hard_brake,mitra_t6,data\raw\mitra\Data_T6\T6_DAll.csv,648.0,-18.535449999999997
3645,2,198.13128,199.23238,1.1011000000000024,,,hard_brake,mitra_t6,data\raw\mitra\Data_T6\T6_DAll.csv,656.0,-15.7411625
3646,7,209.475947,210.376847,0.9009000000000071,,,hard_brake,mitra_t6,data\raw\mitra\Data_T6\T6_DAll.csv,658.0,-5.532066666666666
3647,7,276.809885,277.543951,0.7340659999999843,,,hard_brake,mitra_t6,data\raw\mitra\Data_T6\T6_DAll.csv,659.0,-6.165080000000001
3648,7,211.711514,212.378847,0.6673330000000135,,,hard_brake,mitra_t6,data\raw\mitra\Data_T6\T6_DAll.csv,671.0,-12.489625
3649,2,207.073547,207.907714,0.8341670000000079,,,hard_brake,mitra_t6,data\raw\mitra\Data_T6\T6_DAll.csv,677.0,-10.5777125
3650,3,195.461946,196.22938,0.7674339999999802,,,hard_brake,mitra_t6,data\raw\mitra\Data_T6\T6_DAll.csv,679.0,-6.540637500000001
3651,1,201.067546,202.068547,1.0010010000000023,,,hard_brake,mitra_t6,data\raw\mitra\Data_T6\T6_DAll.csv,683.0,-4.375186666666666
3652,3,201.868347,202.502313,0.6339659999999867,,,hard_brake,mitra_t6,data\raw\mitra\Data_T6\T6_DAll.csv,685.0,-4.654660000000001
3653,3,196.796613,197.564046,0.7674329999999827,,,hard_brake,mitra_t6,data\raw\mitra\Data_T6\T6_DAll.csv,686.0,-4.3872625
3654,3,197.363846,198.565046,1.2012,,,hard_brake,mitra_t6,data\raw\mitra\Data_T6\T6_DAll.csv,688.0,-6.251493333333333
3655,2,209.075547,210.376847,1.3012999999999977,,,hard_brake,mitra_t6,data\raw\mitra\Data_T6\T6_DAll.csv,698.0,-7.592273333333334
3656,1,206.94008,207.74088,0.8008000000000095,,,hard_brake,mitra_t6,data\raw\mitra\Data_T6\T6_DAll.csv,701.0,-5.351
3657,1,213.279747,214.414214,1.1344670000000008,,,hard_brake,mitra_t6,data\raw\mitra\Data_T6\T6_DAll.csv,710.0,-7.70562
3658,7,292.292019,293.126186,0.8341670000000363,,,hard_brake,mitra_t6,data\raw\mitra\Data_T6\T6_DAll.csv,714.0,-12.834749999999998
3659,1,220.753881,221.588048,0.8341669999999795,,,hard_brake,mitra_t6,data\raw\mitra\Data_T6\T6_DAll.csv,719.0,-10.43195
3660,4,236.436215,237.337116,0.9009010000000046,,,hard_brake,mitra_t6,data\raw\mitra\Data_T6\T6_DAll.csv,726.0,-5.224953333333334
3661,6,252.285383,253.353117,1.0677340000000015,,,hard_brake,mitra_t6,data\raw\mitra\Data_T6\T6_DAll.csv,726.0,-4.39446
3662,2,216.583047,217.817614,1.2345669999999984,,,hard_brake,mitra_t6,data\raw\mitra\Data_T6\T6_DAll.csv,733.0,-8.324926666666666
3663,1,187.086912,187.587412,0.5004999999999882,,,hard_brake,mitra_t6,data\raw\mitra\Data_T6\T6_DAll.csv,751.0,-5.537506666666667
3664,3,222.822615,223.923715,1.101099999999974,,,hard_brake,mitra_t6,data\raw\mitra\Data_T6\T6_DAll.csv,752.0,-15.860550000000002
3665,3,220.253381,221.087548,0.8341670000000079,,,hard_brake,mitra_t6,data\raw\mitra\Data_T6\T6_DAll.csv,760.0,-4.671362500000001
3666,7,314.580954,315.048087,0.4671329999999898,,,hard_brake,mitra_t6,data\raw\mitra\Data_T6\T6_DAll.csv,766.0,-4.164346666666667
3667,3,222.055181,222.922715,0.8675340000000062,,,hard_brake,mitra_t6,data\raw\mitra\Data_T6\T6_DAll.csv,767.0,-4.884
3668,1,195.428579,195.895713,0.4671339999999873,,,hard_brake,mitra_t6,data\raw\mitra\Data_T6\T6_DAll.csv,768.0,-5.550093333333333
3669,3,198.765246,199.365846,0.6006000000000142,,,hard_brake,mitra_t6,data\raw\mitra\Data_T6\T6_DAll.csv,770.0,-6.023093333333334
3670,2,229.529315,230.096548,0.5672330000000159,,,hard_brake,mitra_t6,data\raw\mitra\Data_T6\T6_DAll.csv,772.0,-5.913187499999999
3671,2,236.836615,237.570682,0.7340670000000102,,,hard_brake,mitra_t6,data\raw\mitra\Data_T6\T6_DAll.csv,784.0,-5.2516066666666665
3672,1,242.642416,243.776883,1.1344670000000008,,,hard_brake,mitra_t6,data\raw\mitra\Data_T6\T6_DAll.csv,788.0,-8.4610125
3673,0,206.172647,207.373847,1.2012,,,hard_brake,mitra_t6,data\raw\mitra\Data_T6\T6_DAll.csv,791.0,-18.296186666666664
3674,0,211.511314,212.879347,1.368032999999997,,,hard_brake,mitra_t6,data\raw\mitra\Data_T6\T6_DAll.csv,791.0,-13.798893333333332
3675,0,221.387848,221.854981,0.46713300000001823,,,hard_brake,mitra_t6,data\raw\mitra\Data_T6\T6_DAll.csv,791.0,-4.213606666666667
3676,1,252.01845,253.11955,1.1011000000000024,,,hard_brake,mitra_t6,data\raw\mitra\Data_T6\T6_DAll.csv,806.0,-11.828225
3677,7,316.816521,317.984354,1.1678329999999733,,,hard_brake,mitra_t6,data\raw\mitra\Data_T6\T6_DAll.csv,811.0,-6.631866666666667
3678,1,244.244016,245.278383,1.0343670000000031,,,hard_brake,mitra_t6,data\raw\mitra\Data_T6\T6_DAll.csv,817.0,-4.866600000000001
3679,1,256.389483,257.290383,0.9009000000000356,,,hard_brake,mitra_t6,data\raw\mitra\Data_T6\T6_DAll.csv,826.0,-13.042974999999998
3680,2,255.388483,256.155917,0.7674339999999802,,,hard_brake,mitra_t6,data\raw\mitra\Data_T6\T6_DAll.csv,842.0,-4.927726666666667
3681,2,263.263017,264.631051,1.3680340000000228,,,hard_brake,mitra_t6,data\raw\mitra\Data_T6\T6_DAll.csv,850.0,-13.369675
3682,3,250.984083,251.784883,0.8008000000000095,,,hard_brake,mitra_t6,data\raw\mitra\Data_T6\T6_DAll.csv,854.0,-5.503739999999999
3683,3,251.61805,252.085183,0.4671329999999898,,,hard_brake,mitra_t6,data\raw\mitra\Data_T6\T6_DAll.csv,864.0,-4.867373333333333
3684,2,271.604684,272.338751,0.7340669999999818,,,hard_brake,mitra_t6,data\raw\mitra\Data_T6\T6_DAll.csv,871.0,-4.848573333333333
3685,1,278.645052,279.746152,1.101099999999974,,,hard_brake,mitra_t6,data\raw\mitra\Data_T6\T6_DAll.csv,876.0,-17.778537500000002
3686,2,275.642051,276.643051,1.0010000000000332,,,hard_brake,mitra_t6,data\raw\mitra\Data_T6\T6_DAll.csv,879.0,-13.472987500000002
3687,7,417.316927,418.184461,0.8675339999999778,,,hard_brake,mitra_t6,data\raw\mitra\Data_T6\T6_DAll.csv,881.0,-7.513093333333334
3688,3,272.538951,273.640051,1.1011000000000308,,,hard_brake,mitra_t6,data\raw\mitra\Data_T6\T6_DAll.csv,888.0,-7.4468375
3689,2,277.143551,278.077818,0.9342669999999771,,,hard_brake,mitra_t6,data\raw\mitra\Data_T6\T6_DAll.csv,893.0,-6.5087375
3690,1,284.684419,285.985719,1.301300000000026,,,hard_brake,mitra_t6,data\raw\mitra\Data_T6\T6_DAll.csv,895.0,-7.528946666666667
3691,3,271.371118,272.472218,1.101099999999974,,,hard_brake,mitra_t6,data\raw\mitra\Data_T6\T6_DAll.csv,904.0,-7.913175000000001
3692,2,287.153552,288.121186,0.9676340000000323,,,hard_brake,mitra_t6,data\raw\mitra\Data_T6\T6_DAll.csv,917.0,-5.691999999999999
3693,7,423.222828,424.590861,1.3680330000000254,,,hard_brake,mitra_t6,data\raw\mitra\Data_T6\T6_DAll.csv,919.0,-5.22226
3694,3,277.410485,278.311385,0.9008999999999787,,,hard_brake,mitra_t6,data\raw\mitra\Data_T6\T6_DAll.csv,920.0,-13.582687499999999
3695,1,299.766153,301.167553,1.4014000000000237,,,hard_brake,mitra_t6,data\raw\mitra\Data_T6\T6_DAll.csv,923.0,-10.09768
3696,1,289.722786,290.189919,0.4671329999999898,,,hard_brake,mitra_t6,data\raw\mitra\Data_T6\T6_DAll.csv,926.0,-4.324146666666667
3697,2,295.395119,296.496219,1.101099999999974,,,hard_brake,mitra_t6,data\raw\mitra\Data_T6\T6_DAll.csv,930.0,-7.5709124999999995
3698,3,282.615685,283.650052,1.0343670000000316,,,hard_brake,mitra_t6,data\raw\mitra\Data_T6\T6_DAll.csv,932.0,-21.6184875
3699,10,276.976718,277.610685,0.6339669999999842,,,hard_brake,mitra_t6,data\raw\mitra\Data_T6\T6_DAll.csv,935.0,-6.372560000000001
3700,2,294.227286,295.161553,0.9342670000000339,,,hard_brake,mitra_t6,data\raw\mitra\Data_T6\T6_DAll.csv,939.0,-9.139962500000001
3701,4,777.843784,778.444384,0.6005999999999858,,,hard_brake,mitra_t6,data\raw\mitra\Data_T6\T6_DAll.csv,941.0,-6.4914125
3702,1,303.336387,304.270653,0.9342659999999796,,,hard_brake,mitra_t6,data\raw\mitra\Data_T6\T6_DAll.csv,943.0,-6.0222999999999995
3703,2,299.49922,300.233286,0.7340660000000412,,,hard_brake,mitra_t6,data\raw\mitra\Data_T6\T6_DAll.csv,949.0,-5.159153333333333
3704,7,449.015263,449.949529,0.9342659999999796,,,hard_brake,mitra_t6,data\raw\mitra\Data_T6\T6_DAll.csv,950.0,-11.317112499999999
3705,1,305.071453,306.172553,1.101099999999974,,,hard_brake,mitra_t6,data\raw\mitra\Data_T6\T6_DAll.csv,951.0,-7.414013333333333
3706,3,292.659052,293.259653,0.6006010000000401,,,hard_brake,mitra_t6,data\raw\mitra\Data_T6\T6_DAll.csv,955.0,-4.788766666666666
3707,7,452.819063,453.286196,0.4671329999999898,,,hard_brake,mitra_t6,data\raw\mitra\Data_T6\T6_DAll.csv,962.0,-4.6009375
3708,2,301.567953,302.50222,0.9342670000000339,,,hard_brake,mitra_t6,data\raw\mitra\Data_T6\T6_DAll.csv,966.0,-9.513325
3709,3,299.632686,300.233286,0.6006000000000427,,,hard_brake,mitra_t6,data\raw\mitra\Data_T6\T6_DAll.csv,974.0,-4.781599999999999
3710,2,309.976354,310.843887,0.8675329999999803,,,hard_brake,mitra_t6,data\raw\mitra\Data_T6\T6_DAll.csv,986.0,-8.165624999999999
3711,2,316.416121,317.350387,0.9342660000000365,,,hard_brake,mitra_t6,data\raw\mitra\Data_T6\T6_DAll.csv,1000.0,-16.203925
3712,7,492.892432,493.659866,0.767434000000037,,,hard_brake,mitra_t6,data\raw\mitra\Data_T6\T6_DAll.csv,1002.0,-19.3979125
3713,2,318.851888,319.519221,0.6673330000000419,,,hard_brake,mitra_t6,data\raw\mitra\Data_T6\T6_DAll.csv,1007.0,-4.5343333333333335
3714,7,459.292197,460.126363,0.8341660000000388,,,hard_brake,mitra_t6,data\raw\mitra\Data_T6\T6_DAll.csv,1016.0,-17.9366125
3715,2,322.121821,322.689054,0.5672329999999874,,,hard_brake,mitra_t6,data\raw\mitra\Data_T6\T6_DAll.csv,1018.0,-5.89365
3716,7,472.405298,473.306198,0.9008999999999787,,,hard_brake,mitra_t6,data\raw\mitra\Data_T6\T6_DAll.csv,1029.0,-13.5836875
3717,7,498.831699,499.665866,0.8341669999999795,,,hard_brake,mitra_t6,data\raw\mitra\Data_T6\T6_DAll.csv,1034.0,-8.206525
3718,7,476.476031,477.143365,0.6673340000000394,,,hard_brake,mitra_t6,data\raw\mitra\Data_T6\T6_DAll.csv,1038.0,-13.529887500000001
3719,7,505.138,505.8387,0.7007000000000403,,,hard_brake,mitra_t6,data\raw\mitra\Data_T6\T6_DAll.csv,1039.0,-9.0259375
3720,2,326.659688,327.527221,0.8675329999999803,,,hard_brake,mitra_t6,data\raw\mitra\Data_T6\T6_DAll.csv,1040.0,-4.8385625
3721,7,427.627228,428.261195,0.6339669999999842,,,hard_brake,mitra_t6,data\raw\mitra\Data_T6\T6_DAll.csv,1047.0,-5.391474999999999
3722,2,328.394755,329.362388,0.9676330000000348,,,hard_brake,mitra_t6,data\raw\mitra\Data_T6\T6_DAll.csv,1049.0,-5.871137500000001
3723,1,335.535222,336.769789,1.2345670000000268,,,hard_brake,mitra_t6,data\raw\mitra\Data_T6\T6_DAll.csv,1052.0,-8.651046666666668
3724,3,327.760788,328.695055,0.9342670000000339,,,hard_brake,mitra_t6,data\raw\mitra\Data_T6\T6_DAll.csv,1054.0,-16.03825
3725,7,441.441029,441.941529,0.5004999999999882,,,hard_brake,mitra_t6,data\raw\mitra\Data_T6\T6_DAll.csv,1063.0,-5.700749999999999
3726,7,573.806604,574.740871,0.9342669999999771,,,hard_brake,mitra_t6,data\raw\mitra\Data_T6\T6_DAll.csv,1077.0,-26.9792375
3727,1,345.511856,346.713056,1.2011999999999716,,,hard_brake,mitra_t6,data\raw\mitra\Data_T6\T6_DAll.csv,1079.0,-18.33965
3728,1,351.117456,352.051723,0.9342669999999771,,,hard_brake,mitra_t6,data\raw\mitra\Data_T6\T6_DAll.csv,1091.0,-12.839975
3729,1,356.022357,357.29029,1.2679330000000277,,,hard_brake,mitra_t6,data\raw\mitra\Data_T6\T6_DAll.csv,1099.0,-8.82888
3730,3,345.345023,346.045723,0.7006999999999834,,,hard_brake,mitra_t6,data\raw\mitra\Data_T6\T6_DAll.csv,1111.0,-4.9019200000000005
3731,1,360.259924,360.860524,0.6005999999999858,,,hard_brake,mitra_t6,data\raw\mitra\Data_T6\T6_DAll.csv,1112.0,-4.53438
3732,2,353.252923,354.38739,1.1344669999999724,,,hard_brake,mitra_t6,data\raw\mitra\Data_T6\T6_DAll.csv,1113.0,-15.7318125
3733,2,346.979989,347.580589,0.6005999999999858,,,hard_brake,mitra_t6,data\raw\mitra\Data_T6\T6_DAll.csv,1116.0,-5.680373333333334
3734,2,355.521857,356.723057,1.2011999999999716,,,hard_brake,mitra_t6,data\raw\mitra\Data_T6\T6_DAll.csv,1116.0,-19.107212500000003
3735,1,353.68669,354.153823,0.4671329999999898,,,hard_brake,mitra_t6,data\raw\mitra\Data_T6\T6_DAll.csv,1120.0,-4.662786666666666
3736,1,363.930257,365.098091,1.1678340000000276,,,hard_brake,mitra_t6,data\raw\mitra\Data_T6\T6_DAll.csv,1120.0,-8.15696
3737,7,521.921434,522.522034,0.6005999999999858,,,hard_brake,mitra_t6,data\raw\mitra\Data_T6\T6_DAll.csv,1130.0,-7.7564874999999995
3738,7,549.015169,549.882703,0.8675339999999778,,,hard_brake,mitra_t6,data\raw\mitra\Data_T6\T6_DAll.csv,1141.0,-6.15908
3739,3,354.954623,355.722057,0.7674339999999802,,,hard_brake,mitra_t6,data\raw\mitra\Data_T6\T6_DAll.csv,1143.0,-9.267112500000001
3740,7,544.076902,544.877702,0.8007999999999811,,,hard_brake,mitra_t6,data\raw\mitra\Data_T6\T6_DAll.csv,1151.0,-20.1612
3741,7,542.175002,542.875702,0.7007000000000971,,,hard_brake,mitra_t6,data\raw\mitra\Data_T6\T6_DAll.csv,1155.0,-8.1130625
3742,3,363.763424,364.397391,0.633967000000041,,,hard_brake,mitra_t6,data\raw\mitra\Data_T6\T6_DAll.csv,1160.0,-5.2576624999999995
3743,2,372.739058,373.573224,0.834165999999982,,,hard_brake,mitra_t6,data\raw\mitra\Data_T6\T6_DAll.csv,1161.0,-7.60415
3744,7,565.63177,567.066537,1.434767000000079,,,hard_brake,mitra_t6,data\raw\mitra\Data_T6\T6_DAll.csv,1177.0,-11.117966666666666
3745,2,376.309291,377.243558,0.9342670000000339,,,hard_brake,mitra_t6,data\raw\mitra\Data_T6\T6_DAll.csv,1178.0,-5.4875625
3746,3,374.707691,375.742058,1.0343669999999747,,,hard_brake,mitra_t6,data\raw\mitra\Data_T6\T6_DAll.csv,1181.0,-22.732474999999997
3747,3,375.908891,377.076725,1.1678340000000276,,,hard_brake,mitra_t6,data\raw\mitra\Data_T6\T6_DAll.csv,1193.0,-8.86685
3748,7,591.958072,592.592039,0.6339669999999842,,,hard_brake,mitra_t6,data\raw\mitra\Data_T6\T6_DAll.csv,1194.0,-9.837325
3749,10,391.491126,391.958259,0.4671329999999898,,,hard_brake,mitra_t6,data\raw\mitra\Data_T6\T6_DAll.csv,1199.0,-4.095093333333334
3750,3,379.112091,380.079725,0.9676339999999755,,,hard_brake,mitra_t6,data\raw\mitra\Data_T6\T6_DAll.csv,1201.0,-5.602050000000001
3751,7,468.100997,468.968531,0.8675339999999778,,,hard_brake,mitra_t6,data\raw\mitra\Data_T6\T6_DAll.csv,1213.0,-15.279399999999999
3752,2,385.318292,386.252559,0.9342670000000339,,,hard_brake,mitra_t6,data\raw\mitra\Data_T6\T6_DAll.csv,1217.0,-5.3509375
3753,7,593.025805,594.594039,1.5682339999999613,,,hard_brake,mitra_t6,data\raw\mitra\Data_T6\T6_DAll.csv,1222.0,-8.89842
3754,1,391.491126,392.759059,1.2679329999999709,,,hard_brake,mitra_t6,data\raw\mitra\Data_T6\T6_DAll.csv,1223.0,-12.7002
3755,7,595.861972,596.762872,0.9008999999999787,,,hard_brake,mitra_t6,data\raw\mitra\Data_T6\T6_DAll.csv,1232.0,-20.687375000000003
3756,10,370.670324,371.804791,1.1344670000000292,,,hard_brake,mitra_t6,data\raw\mitra\Data_T6\T6_DAll.csv,1237.0,-7.404259999999999
3757,4,1012.645033,1013.345733,0.7006999999999834,,,hard_brake,mitra_t6,data\raw\mitra\Data_T6\T6_DAll.csv,1239.0,-6.055287500000001
3758,3,386.452759,387.253559,0.8007999999999811,,,hard_brake,mitra_t6,data\raw\mitra\Data_T6\T6_DAll.csv,1240.0,-6.844387499999999
3759,4,1015.814866,1016.515566,0.7006999999999834,,,hard_brake,mitra_t6,data\raw\mitra\Data_T6\T6_DAll.csv,1245.0,-4.680873333333333
3760,2,392.992626,393.760059,0.7674330000000396,,,hard_brake,mitra_t6,data\raw\mitra\Data_T6\T6_DAll.csv,1247.0,-9.293962500000001
3761,4,1015.8816,1016.515566,0.6339659999999867,,,hard_brake,mitra_t6,data\raw\mitra\Data_T6\T6_DAll.csv,1252.0,-4.552811111111111
3762,7,652.585309,653.152543,0.5672339999999849,,,hard_brake,mitra_t6,data\raw\mitra\Data_T6\T6_DAll.csv,1257.0,-9.9304125
3763,3,396.062359,396.763059,0.7006999999999834,,,hard_brake,mitra_t6,data\raw\mitra\Data_T6\T6_DAll.csv,1261.0,-4.217575
3764,7,651.717776,652.485209,0.7674330000000964,,,hard_brake,mitra_t6,data\raw\mitra\Data_T6\T6_DAll.csv,1263.0,-23.731225
3765,1,394.827792,395.528493,0.7007010000000378,,,hard_brake,mitra_t6,data\raw\mitra\Data_T6\T6_DAll.csv,1264.0,-6.449986666666666
3766,1,403.46976,404.77106,1.3012999999999693,,,hard_brake,mitra_t6,data\raw\mitra\Data_T6\T6_DAll.csv,1264.0,-11.45175
3767,7,655.755143,656.48921,0.7340669999999818,,,hard_brake,mitra_t6,data\raw\mitra\Data_T6\T6_DAll.csv,1271.0,-6.4169625
3768,7,656.522576,657.323376,0.8008000000000948,,,hard_brake,mitra_t6,data\raw\mitra\Data_T6\T6_DAll.csv,1276.0,-5.265733333333333
3769,3,405.77206,406.87316,1.101099999999974,,,hard_brake,mitra_t6,data\raw\mitra\Data_T6\T6_DAll.csv,1280.0,-5.611559999999999
3770,3,400.900526,401.76806,0.8675339999999778,,,hard_brake,mitra_t6,data\raw\mitra\Data_T6\T6_DAll.csv,1284.0,-7.695424999999998
3771,3,398.998626,399.766059,0.7674329999999827,,,hard_brake,mitra_t6,data\raw\mitra\Data_T6\T6_DAll.csv,1287.0,-5.40602
3772,7,661.29401,662.161543,0.867533000000094,,,hard_brake,mitra_t6,data\raw\mitra\Data_T6\T6_DAll.csv,1289.0,-7.233322222222221
3773,3,402.702326,403.603226,0.9008999999999787,,,hard_brake,mitra_t6,data\raw\mitra\Data_T6\T6_DAll.csv,1292.0,-4.982225
3774,7,724.990981,725.725047,0.7340659999999843,,,hard_brake,mitra_t6,data\raw\mitra\Data_T6\T6_DAll.csv,1296.0,-17.861975
3775,1,418.017627,419.452394,1.434767000000022,,,hard_brake,mitra_t6,data\raw\mitra\Data_T6\T6_DAll.csv,1297.0,-10.614773333333334
3776,2,414.814427,416.082361,1.2679339999999684,,,hard_brake,mitra_t6,data\raw\mitra\Data_T6\T6_DAll.csv,1298.0,-7.276266666666666
3777,3,410.910527,411.611227,0.7006999999999834,,,hard_brake,mitra_t6,data\raw\mitra\Data_T6\T6_DAll.csv,1302.0,-8.074387499999998
3778,2,382.982625,383.449758,0.4671329999999898,,,hard_brake,mitra_t6,data\raw\mitra\Data_T6\T6_DAll.csv,1304.0,-5.9913
3779,2,418.684961,419.552494,0.8675330000000372,,,hard_brake,mitra_t6,data\raw\mitra\Data_T6\T6_DAll.csv,1304.0,-5.091693333333334
3780,21,414.414027,414.947894,0.5338670000000434,,,hard_brake,mitra_t6,data\raw\mitra\Data_T6\T6_DAll.csv,1307.0,-5.226046666666667
3781,1,418.117727,418.785061,0.6673339999999826,,,hard_brake,mitra_t6,data\raw\mitra\Data_T6\T6_DAll.csv,1317.0,-6.283453333333333
3782,1,425.625228,426.292561,0.6673329999999851,,,hard_brake,mitra_t6,data\raw\mitra\Data_T6\T6_DAll.csv,1317.0,-4.651813333333334
3783,2,424.524128,425.057994,0.5338659999999891,,,hard_brake,mitra_t6,data\raw\mitra\Data_T6\T6_DAll.csv,1322.0,-4.338086666666667
3784,7,496.662866,497.497033,0.8341669999999795,,,hard_brake,mitra_t6,data\raw\mitra\Data_T6\T6_DAll.csv,1331.0,-30.111449999999998
3785,1,436.836429,437.637229,0.8007999999999811,,,hard_brake,mitra_t6,data\raw\mitra\Data_T6\T6_DAll.csv,1339.0,-6.8955
3786,7,504.9378,505.671866,0.7340660000000412,,,hard_brake,mitra_t6,data\raw\mitra\Data_T6\T6_DAll.csv,1348.0,-17.799712500000002
3787,1,441.240829,442.475396,1.23456699999997,,,hard_brake,mitra_t6,data\raw\mitra\Data_T6\T6_DAll.csv,1352.0,-6.586053333333334
3788,1,451.717963,452.585496,0.8675329999999803,,,hard_brake,mitra_t6,data\raw\mitra\Data_T6\T6_DAll.csv,1357.0,-5.1123199999999995
3789,2,442.508762,443.309562,0.8008000000000379,,,hard_brake,mitra_t6,data\raw\mitra\Data_T6\T6_DAll.csv,1358.0,-9.624587500000002
3790,3,438.037629,438.971895,0.9342660000000365,,,hard_brake,mitra_t6,data\raw\mitra\Data_T6\T6_DAll.csv,1370.0,-16.67615
3791,3,446.279196,447.146729,0.8675329999999803,,,hard_brake,mitra_t6,data\raw\mitra\Data_T6\T6_DAll.csv,1386.0,-11.236374999999999
3792,2,458.624863,459.492397,0.8675339999999778,,,hard_brake,mitra_t6,data\raw\mitra\Data_T6\T6_DAll.csv,1388.0,-11.0903125
3793,3,447.847429,448.481396,0.633967000000041,,,hard_brake,mitra_t6,data\raw\mitra\Data_T6\T6_DAll.csv,1390.0,-5.308599999999999
3794,21,435.368295,435.935529,0.5672339999999849,,,hard_brake,mitra_t6,data\raw\mitra\Data_T6\T6_DAll.csv,1397.0,-5.918446666666666
3795,2,463.06263,463.830064,0.7674339999999802,,,hard_brake,mitra_t6,data\raw\mitra\Data_T6\T6_DAll.csv,1404.0,-6.531312499999999
3796,3,462.228464,462.76233,0.5338660000000459,,,hard_brake,mitra_t6,data\raw\mitra\Data_T6\T6_DAll.csv,1419.0,-4.385866666666668
3797,5,477.777331,478.544765,0.7674339999999802,,,hard_brake,mitra_t6,data\raw\mitra\Data_T6\T6_DAll.csv,1431.0,-10.077226666666666
3798,7,533.666502,534.534035,0.8675329999999803,,,hard_brake,mitra_t6,data\raw\mitra\Data_T6\T6_DAll.csv,1432.0,-5.90446
3799,5,1015.948333,1016.515566,0.5672329999999874,,,hard_brake,mitra_t6,data\raw\mitra\Data_T6\T6_DAll.csv,1436.0,-7.1047625000000005
3800,3,471.671231,472.171731,0.500500000000045,,,hard_brake,mitra_t6,data\raw\mitra\Data_T6\T6_DAll.csv,1441.0,-4.7676875
3801,7,551.083903,551.717869,0.6339659999999867,,,hard_brake,mitra_t6,data\raw\mitra\Data_T6\T6_DAll.csv,1444.0,-9.511362499999999
3802,7,535.368202,536.202368,0.834165999999982,,,hard_brake,mitra_t6,data\raw\mitra\Data_T6\T6_DAll.csv,1448.0,-13.194037499999999
3803,3,470.136364,471.003897,0.8675329999999803,,,hard_brake,mitra_t6,data\raw\mitra\Data_T6\T6_DAll.csv,1449.0,-11.806524999999999
3804,7,663.929977,664.664043,0.7340659999999843,,,hard_brake,mitra_t6,data\raw\mitra\Data_T6\T6_DAll.csv,1453.0,-13.2264875
3805,3,479.345565,480.012898,0.6673329999999851,,,hard_brake,mitra_t6,data\raw\mitra\Data_T6\T6_DAll.csv,1456.0,-4.11825
3806,7,687.987345,688.854878,0.8675329999999803,,,hard_brake,mitra_t6,data\raw\mitra\Data_T6\T6_DAll.csv,1457.0,-17.139650000000003
3807,7,529.729235,530.196368,0.4671329999999898,,,hard_brake,mitra_t6,data\raw\mitra\Data_T6\T6_DAll.csv,1462.0,-5.4105
3808,1,489.288832,490.523399,1.23456699999997,,,hard_brake,mitra_t6,data\raw\mitra\Data_T6\T6_DAll.csv,1464.0,-10.269775000000001
3809,7,532.365201,533.199368,0.8341670000000931,,,hard_brake,mitra_t6,data\raw\mitra\Data_T6\T6_DAll.csv,1467.0,-15.795425
3810,7,681.314011,682.348378,1.0343669999999747,,,hard_brake,mitra_t6,data\raw\mitra\Data_T6\T6_DAll.csv,1473.0,-14.132975
3811,3,484.150365,485.017898,0.8675329999999803,,,hard_brake,mitra_t6,data\raw\mitra\Data_T6\T6_DAll.csv,1475.0,-13.214175000000001
3812,3,488.588132,489.355565,0.7674330000000396,,,hard_brake,mitra_t6,data\raw\mitra\Data_T6\T6_DAll.csv,1476.0,-12.951875000000001
3813,2,495.828699,496.429299,0.6006000000000427,,,hard_brake,mitra_t6,data\raw\mitra\Data_T6\T6_DAll.csv,1480.0,-4.738833333333333
3814,2,492.158366,492.892432,0.7340659999999843,,,hard_brake,mitra_t6,data\raw\mitra\Data_T6\T6_DAll.csv,1482.0,-4.761866666666666
3815,1,500.299833,501.634499,1.334666000000027,,,hard_brake,mitra_t6,data\raw\mitra\Data_T6\T6_DAll.csv,1483.0,-9.495633333333332
3816,3,487.753965,488.855065,1.1011000000000308,,,hard_brake,mitra_t6,data\raw\mitra\Data_T6\T6_DAll.csv,1485.0,-15.8269125
3817,3,490.990532,491.858066,0.8675340000000347,,,hard_brake,mitra_t6,data\raw\mitra\Data_T6\T6_DAll.csv,1491.0,-11.8068125
3818,2,501.868066,502.4353,0.5672339999999849,,,hard_brake,mitra_t6,data\raw\mitra\Data_T6\T6_DAll.csv,1507.0,-4.581379999999999
3819,3,501.100633,501.868066,0.7674329999999827,,,hard_brake,mitra_t6,data\raw\mitra\Data_T6\T6_DAll.csv,1508.0,-7.8607625
3820,3,498.998533,499.532399,0.5338659999999891,,,hard_brake,mitra_t6,data\raw\mitra\Data_T6\T6_DAll.csv,1509.0,-5.964775000000001
3821,3,499.899433,501.033899,1.1344660000000317,,,hard_brake,mitra_t6,data\raw\mitra\Data_T6\T6_DAll.csv,1513.0,-30.8372625
3822,3,502.702233,503.703233,1.0010000000000332,,,hard_brake,mitra_t6,data\raw\mitra\Data_T6\T6_DAll.csv,1516.0,-11.599312499999998
3823,3,503.7366,504.871066,1.1344659999999749,,,hard_brake,mitra_t6,data\raw\mitra\Data_T6\T6_DAll.csv,1518.0,-8.4546
3824,1,503.0359,503.870066,0.834165999999982,,,hard_brake,mitra_t6,data\raw\mitra\Data_T6\T6_DAll.csv,1521.0,-6.156487500000001
3825,7,560.393203,561.52767,1.1344669999999724,,,hard_brake,mitra_t6,data\raw\mitra\Data_T6\T6_DAll.csv,1527.0,-19.977053333333334
3826,3,506.305833,507.206733,0.9008999999999787,,,hard_brake,mitra_t6,data\raw\mitra\Data_T6\T6_DAll.csv,1532.0,-8.49695
3827,3,508.174367,508.875067,0.7006999999999834,,,hard_brake,mitra_t6,data\raw\mitra\Data_T6\T6_DAll.csv,1534.0,-7.429762499999999
3828,20,484.917798,485.718598,0.8007999999999811,,,hard_brake,mitra_t6,data\raw\mitra\Data_T6\T6_DAll.csv,1541.0,-4.700926666666667
3829,7,539.438935,540.206369,0.7674339999999802,,,hard_brake,mitra_t6,data\raw\mitra\Data_T6\T6_DAll.csv,1541.0,-9.948587499999999
3830,2,524.824334,525.725234,0.9008999999999787,,,hard_brake,mitra_t6,data\raw\mitra\Data_T6\T6_DAll.csv,1546.0,-10.246999999999998
3831,3,512.4453,513.379567,0.9342669999999771,,,hard_brake,mitra_t6,data\raw\mitra\Data_T6\T6_DAll.csv,1551.0,-9.577562499999999
3832,3,513.679867,514.5474,0.867533000000094,,,hard_brake,mitra_t6,data\raw\mitra\Data_T6\T6_DAll.csv,1552.0,-12.717899999999998
3833,2,523.456301,524.390568,0.9342669999999771,,,hard_brake,mitra_t6,data\raw\mitra\Data_T6\T6_DAll.csv,1559.0,-5.418337500000001
3834,3,522.088267,523.055901,0.9676339999999755,,,hard_brake,mitra_t6,data\raw\mitra\Data_T6\T6_DAll.csv,1564.0,-5.652262500000001
3835,7,568.267737,569.068537,0.8007999999999811,,,hard_brake,mitra_t6,data\raw\mitra\Data_T6\T6_DAll.csv,1567.0,-24.694937499999998
3836,3,519.552401,520.219734,0.6673329999999851,,,hard_brake,mitra_t6,data\raw\mitra\Data_T6\T6_DAll.csv,1568.0,-5.726624999999999
3837,3,520.920434,521.888067,0.967632999999978,,,hard_brake,mitra_t6,data\raw\mitra\Data_T6\T6_DAll.csv,1570.0,-10.485574999999999
3838,1,533.933435,535.201368,1.2679329999999709,,,hard_brake,mitra_t6,data\raw\mitra\Data_T6\T6_DAll.csv,1571.0,-7.023206666666667
3839,2,528.094268,529.061901,0.967632999999978,,,hard_brake,mitra_t6,data\raw\mitra\Data_T6\T6_DAll.csv,1572.0,-11.816687500000002
3840,4,681.347378,681.881245,0.5338669999999865,,,hard_brake,mitra_t6,data\raw\mitra\Data_T6\T6_DAll.csv,1584.0,-4.657473333333333
3841,2,532.598768,533.232735,0.6339670000000979,,,hard_brake,mitra_t6,data\raw\mitra\Data_T6\T6_DAll.csv,1587.0,-6.844737500000001
3842,2,533.266102,533.833335,0.5672329999999874,,,hard_brake,mitra_t6,data\raw\mitra\Data_T6\T6_DAll.csv,1589.0,-4.5634733333333335
3843,1,545.244736,546.245736,1.0009999999999764,,,hard_brake,mitra_t6,data\raw\mitra\Data_T6\T6_DAll.csv,1600.0,-10.934349999999998
3844,2,538.070902,538.905069,0.8341669999999795,,,hard_brake,mitra_t6,data\raw\mitra\Data_T6\T6_DAll.csv,1601.0,-7.57395
3845,2,539.572402,540.907069,1.3346669999999676,,,hard_brake,mitra_t6,data\raw\mitra\Data_T6\T6_DAll.csv,1605.0,-13.469562499999999
3846,3,511.577767,512.211734,0.6339669999999842,,,hard_brake,mitra_t6,data\raw\mitra\Data_T6\T6_DAll.csv,1607.0,-6.7218333333333335
3847,3,535.201368,536.235735,1.0343669999999747,,,hard_brake,mitra_t6,data\raw\mitra\Data_T6\T6_DAll.csv,1607.0,-11.876662500000002
3848,7,576.275738,577.076538,0.8007999999999811,,,hard_brake,mitra_t6,data\raw\mitra\Data_T6\T6_DAll.csv,1609.0,-20.703975
3849,3,536.102268,536.736235,0.6339669999999842,,,hard_brake,mitra_t6,data\raw\mitra\Data_T6\T6_DAll.csv,1611.0,-6.8683875
3850,1,533.366202,534.066902,0.7006999999999834,,,hard_brake,mitra_t6,data\raw\mitra\Data_T6\T6_DAll.csv,1612.0,-7.7942625
3851,20,530.463301,531.097268,0.6339669999999842,,,hard_brake,mitra_t6,data\raw\mitra\Data_T6\T6_DAll.csv,1614.0,-4.516526666666667
3852,1,553.31947,554.187003,0.8675329999999803,,,hard_brake,mitra_t6,data\raw\mitra\Data_T6\T6_DAll.csv,1618.0,-5.295833333333333
3853,2,549.315469,550.082903,0.7674339999999802,,,hard_brake,mitra_t6,data\raw\mitra\Data_T6\T6_DAll.csv,1629.0,-6.5859000000000005
3854,1,555.955436,556.856336,0.9009000000000924,,,hard_brake,mitra_t6,data\raw\mitra\Data_T6\T6_DAll.csv,1631.0,-5.485533333333334
3855,2,535.501668,536.102268,0.6005999999999858,,,hard_brake,mitra_t6,data\raw\mitra\Data_T6\T6_DAll.csv,1635.0,-6.140193333333333
3856,3,550.149636,551.083903,0.9342669999999771,,,hard_brake,mitra_t6,data\raw\mitra\Data_T6\T6_DAll.csv,1636.0,-18.5331
3857,2,553.686503,554.72087,1.0343669999999747,,,hard_brake,mitra_t6,data\raw\mitra\Data_T6\T6_DAll.csv,1638.0,-6.685853333333332
3858,3,551.050536,552.084903,1.0343670000000884,,,hard_brake,mitra_t6,data\raw\mitra\Data_T6\T6_DAll.csv,1639.0,-12.5341875
3859,1,566.799604,567.93407,1.1344659999999749,,,hard_brake,mitra_t6,data\raw\mitra\Data_T6\T6_DAll.csv,1640.0,-8.247425
3860,3,555.888703,556.756236,0.8675329999999803,,,hard_brake,mitra_t6,data\raw\mitra\Data_T6\T6_DAll.csv,1646.0,-11.927800000000001
3861,3,562.82897,563.42957,0.6005999999999858,,,hard_brake,mitra_t6,data\raw\mitra\Data_T6\T6_DAll.csv,1648.0,-6.4578
3862,3,556.455936,557.590403,1.134467000000086,,,hard_brake,mitra_t6,data\raw\mitra\Data_T6\T6_DAll.csv,1649.0,-32.0754625
3863,7,861.994523,862.862056,0.867533000000094,,,hard_brake,mitra_t6,data\raw\mitra\Data_T6\T6_DAll.csv,1651.0,-12.7055875
3864,3,545.444936,546.312469,0.8675329999999803,,,hard_brake,mitra_t6,data\raw\mitra\Data_T6\T6_DAll.csv,1653.0,-6.8671
3865,3,557.790603,558.591403,0.8007999999999811,,,hard_brake,mitra_t6,data\raw\mitra\Data_T6\T6_DAll.csv,1653.0,-9.890324999999999
3866,2,568.634771,569.602404,0.967632999999978,,,hard_brake,mitra_t6,data\raw\mitra\Data_T6\T6_DAll.csv,1654.0,-5.6419999999999995
3867,7,633.332741,634.133541,0.8007999999999811,,,hard_brake,mitra_t6,data\raw\mitra\Data_T6\T6_DAll.csv,1668.0,-11.537337500000001
3868,3,565.398204,566.43257,1.034366000000091,,,hard_brake,mitra_t6,data\raw\mitra\Data_T6\T6_DAll.csv,1669.0,-13.020275
3869,1,578.711505,579.779238,1.0677329999999756,,,hard_brake,mitra_t6,data\raw\mitra\Data_T6\T6_DAll.csv,1678.0,-6.537780000000001
3870,10,560.62677,561.62777,1.00100000000009,,,hard_brake,mitra_t6,data\raw\mitra\Data_T6\T6_DAll.csv,1682.0,-7.748259999999999
3871,10,563.32947,563.863337,0.5338669999999865,,,hard_brake,mitra_t6,data\raw\mitra\Data_T6\T6_DAll.csv,1682.0,-5.890820000000001
3872,1,574.040171,574.941071,0.9008999999999787,,,hard_brake,mitra_t6,data\raw\mitra\Data_T6\T6_DAll.csv,1691.0,-7.3460875
3873,1,593.526305,594.393839,0.8675339999999778,,,hard_brake,mitra_t6,data\raw\mitra\Data_T6\T6_DAll.csv,1697.0,-4.971653333333334
3874,1,605.30474,606.472573,1.1678329999999733,,,hard_brake,mitra_t6,data\raw\mitra\Data_T6\T6_DAll.csv,1712.0,-16.6784125
3875,2,590.990439,591.791239,0.8007999999999811,,,hard_brake,mitra_t6,data\raw\mitra\Data_T6\T6_DAll.csv,1717.0,-10.3924625
3876,2,597.496939,598.297739,0.8007999999999811,,,hard_brake,mitra_t6,data\raw\mitra\Data_T6\T6_DAll.csv,1718.0,-6.8407625
3877,1,606.40584,607.20664,0.8007999999999811,,,hard_brake,mitra_t6,data\raw\mitra\Data_T6\T6_DAll.csv,1721.0,-5.051959999999999
3878,2,601.167273,602.134906,0.967632999999978,,,hard_brake,mitra_t6,data\raw\mitra\Data_T6\T6_DAll.csv,1723.0,-5.8025125
3879,2,599.865973,600.800239,0.9342659999999796,,,hard_brake,mitra_t6,data\raw\mitra\Data_T6\T6_DAll.csv,1725.0,-5.194500000000001
3880,3,593.159272,593.726505,0.5672329999999874,,,hard_brake,mitra_t6,data\raw\mitra\Data_T6\T6_DAll.csv,1727.0,-4.499126666666667
3881,7,654.353743,654.820876,0.4671329999999898,,,hard_brake,mitra_t6,data\raw\mitra\Data_T6\T6_DAll.csv,1736.0,-6.918275
3882,2,605.438206,606.80624,1.368033999999966,,,hard_brake,mitra_t6,data\raw\mitra\Data_T6\T6_DAll.csv,1741.0,-8.813733333333333
3883,3,569.168637,569.769237,0.6005999999999858,,,hard_brake,mitra_t6,data\raw\mitra\Data_T6\T6_DAll.csv,1742.0,-4.680053333333333
3884,2,611.143907,611.81124,0.6673329999999851,,,hard_brake,mitra_t6,data\raw\mitra\Data_T6\T6_DAll.csv,1743.0,-4.572453333333333
3885,3,575.308104,575.908704,0.6005999999999858,,,hard_brake,mitra_t6,data\raw\mitra\Data_T6\T6_DAll.csv,1746.0,-5.1366266666666665
3886,3,602.134906,603.135906,1.0009999999999764,,,hard_brake,mitra_t6,data\raw\mitra\Data_T6\T6_DAll.csv,1746.0,-6.0133625
3887,3,603.469573,604.637406,1.167833000000087,,,hard_brake,mitra_t6,data\raw\mitra\Data_T6\T6_DAll.csv,1748.0,-9.148200000000001
3888,3,607.573673,608.474573,0.9008999999999787,,,hard_brake,mitra_t6,data\raw\mitra\Data_T6\T6_DAll.csv,1757.0,-5.11785
3889,3,608.474573,609.475573,1.00100000000009,,,hard_brake,mitra_t6,data\raw\mitra\Data_T6\T6_DAll.csv,1760.0,-10.814074999999999
3890,1,617.250007,618.651407,1.401399999999967,,,hard_brake,mitra_t6,data\raw\mitra\Data_T6\T6_DAll.csv,1763.0,-9.812793333333333
3891,3,587.086538,587.587038,0.5004999999999882,,,hard_brake,mitra_t6,data\raw\mitra\Data_T6\T6_DAll.csv,1771.0,-4.3825400000000005
3892,3,618.81824,619.385474,0.5672340000000986,,,hard_brake,mitra_t6,data\raw\mitra\Data_T6\T6_DAll.csv,1780.0,-4.52436
3893,2,619.485574,620.319741,0.8341669999999795,,,hard_brake,mitra_t6,data\raw\mitra\Data_T6\T6_DAll.csv,1784.0,-11.443012500000002
3894,3,619.518941,620.486574,0.967632999999978,,,hard_brake,mitra_t6,data\raw\mitra\Data_T6\T6_DAll.csv,1787.0,-9.8813
3895,2,622.321741,623.155907,0.834165999999982,,,hard_brake,mitra_t6,data\raw\mitra\Data_T6\T6_DAll.csv,1790.0,-10.941462500000002
3896,3,622.255007,622.822241,0.5672339999999849,,,hard_brake,mitra_t6,data\raw\mitra\Data_T6\T6_DAll.csv,1802.0,-4.952549999999999
3897,1,633.499575,634.467208,0.967632999999978,,,hard_brake,mitra_t6,data\raw\mitra\Data_T6\T6_DAll.csv,1803.0,-5.92082
3898,3,627.159908,627.727141,0.5672329999999874,,,hard_brake,mitra_t6,data\raw\mitra\Data_T6\T6_DAll.csv,1810.0,-4.627353333333333
3899,1,640.239642,641.674409,1.4347669999999653,,,hard_brake,mitra_t6,data\raw\mitra\Data_T6\T6_DAll.csv,1812.0,-10.27142
3900,2,628.694774,629.228641,0.5338669999999865,,,hard_brake,mitra_t6,data\raw\mitra\Data_T6\T6_DAll.csv,1813.0,-4.527240000000001
3901,7,664.964343,665.665044,0.7007009999999809,,,hard_brake,mitra_t6,data\raw\mitra\Data_T6\T6_DAll.csv,1818.0,-14.204600000000001
3902,2,637.169908,638.437842,1.267934000000082,,,hard_brake,mitra_t6,data\raw\mitra\Data_T6\T6_DAll.csv,1822.0,-8.058526666666667
3903,1,611.21064,612.044807,0.8341669999999795,,,hard_brake,mitra_t6,data\raw\mitra\Data_T6\T6_DAll.csv,1828.0,-8.6035
3904,1,639.572308,640.306375,0.7340669999999818,,,hard_brake,mitra_t6,data\raw\mitra\Data_T6\T6_DAll.csv,1828.0,-6.261826666666667
3905,1,646.812876,647.880609,1.0677330000000893,,,hard_brake,mitra_t6,data\raw\mitra\Data_T6\T6_DAll.csv,1828.0,-5.927933333333333
3906,1,653.986709,654.687409,0.7006999999999834,,,hard_brake,mitra_t6,data\raw\mitra\Data_T6\T6_DAll.csv,1844.0,-4.843046666666666
3907,1,661.527577,662.19491,0.6673330000000988,,,hard_brake,mitra_t6,data\raw\mitra\Data_T6\T6_DAll.csv,1859.0,-4.65172
3908,3,657.29001,658.357743,1.0677329999999756,,,hard_brake,mitra_t6,data\raw\mitra\Data_T6\T6_DAll.csv,1868.0,-25.4745125
3909,1,670.236277,671.404111,1.1678339999999707,,,hard_brake,mitra_t6,data\raw\mitra\Data_T6\T6_DAll.csv,1871.0,-7.8919266666666665
3910,3,658.424476,659.19191,0.7674339999999802,,,hard_brake,mitra_t6,data\raw\mitra\Data_T6\T6_DAll.csv,1873.0,-6.48545
3911,3,659.89261,660.69341,0.8007999999999811,,,hard_brake,mitra_t6,data\raw\mitra\Data_T6\T6_DAll.csv,1877.0,-10.607487500000001
3912,10,642.975709,644.210275,1.2345659999999725,,,hard_brake,mitra_t6,data\raw\mitra\Data_T6\T6_DAll.csv,1883.0,-7.246486666666667
3913,3,661.69441,662.528577,0.8341670000000931,,,hard_brake,mitra_t6,data\raw\mitra\Data_T6\T6_DAll.csv,1884.0,-11.6213375
3914,2,671.771144,672.571944,0.8007999999999811,,,hard_brake,mitra_t6,data\raw\mitra\Data_T6\T6_DAll.csv,1889.0,-5.315666666666667
3915,2,666.265644,666.766144,0.5005000000001019,,,hard_brake,mitra_t6,data\raw\mitra\Data_T6\T6_DAll.csv,1896.0,-5.015280000000001
3916,2,673.239277,674.407111,1.1678339999999707,,,hard_brake,mitra_t6,data\raw\mitra\Data_T6\T6_DAll.csv,1896.0,-7.709706666666666
3917,2,675.675044,676.375744,0.7007000000000971,,,hard_brake,mitra_t6,data\raw\mitra\Data_T6\T6_DAll.csv,1901.0,-4.2065625
3918,1,688.621312,689.889245,1.2679329999999709,,,hard_brake,mitra_t6,data\raw\mitra\Data_T6\T6_DAll.csv,1912.0,-11.025524999999998
3919,2,673.105811,673.906611,0.8007999999999811,,,hard_brake,mitra_t6,data\raw\mitra\Data_T6\T6_DAll.csv,1916.0,-8.082826666666667
3920,2,689.989345,690.556578,0.5672329999999874,,,hard_brake,mitra_t6,data\raw\mitra\Data_T6\T6_DAll.csv,1934.0,-5.9162625
3921,3,684.216911,685.051078,0.8341669999999795,,,hard_brake,mitra_t6,data\raw\mitra\Data_T6\T6_DAll.csv,1940.0,-4.627725000000001
3922,2,694.427112,695.227912,0.8007999999999811,,,hard_brake,mitra_t6,data\raw\mitra\Data_T6\T6_DAll.csv,1950.0,-7.017337500000001
3923,1,701.100446,701.901246,0.8007999999999811,,,hard_brake,mitra_t6,data\raw\mitra\Data_T6\T6_DAll.csv,1955.0,-10.339287500000001
3924,3,707.840513,708.908246,1.0677329999999756,,,hard_brake,mitra_t6,data\raw\mitra\Data_T6\T6_DAll.csv,1985.0,-13.621275
3925,3,706.405746,707.406746,1.0009999999999764,,,hard_brake,mitra_t6,data\raw\mitra\Data_T6\T6_DAll.csv,1986.0,-11.192337499999999
3926,2,715.38138,716.248914,0.8675339999999778,,,hard_brake,mitra_t6,data\raw\mitra\Data_T6\T6_DAll.csv,2001.0,-7.928487500000001
3927,1,727.059714,728.394381,1.3346669999999676,,,hard_brake,mitra_t6,data\raw\mitra\Data_T6\T6_DAll.csv,2002.0,-9.106733333333333
3928,3,716.98298,718.08408,1.101099999999974,,,hard_brake,mitra_t6,data\raw\mitra\Data_T6\T6_DAll.csv,2008.0,-15.580012499999999
3929,1,736.502482,737.770415,1.2679329999999709,,,hard_brake,mitra_t6,data\raw\mitra\Data_T6\T6_DAll.csv,2009.0,-11.207374999999999
3930,2,724.924247,725.424747,0.5004999999999882,,,hard_brake,mitra_t6,data\raw\mitra\Data_T6\T6_DAll.csv,2016.0,-4.758112500000001
3931,1,692.325012,692.858879,0.5338669999999865,,,hard_brake,mitra_t6,data\raw\mitra\Data_T6\T6_DAll.csv,2027.0,-5.813546666666666
3932,2,732.298281,733.499481,1.2011999999999716,,,hard_brake,mitra_t6,data\raw\mitra\Data_T6\T6_DAll.csv,2027.0,-7.275486666666667
3933,1,729.762414,730.429748,0.6673339999999826,,,hard_brake,mitra_t6,data\raw\mitra\Data_T6\T6_DAll.csv,2029.0,-4.566819999999999
3934,2,728.127448,728.928248,0.8008000000000948,,,hard_brake,mitra_t6,data\raw\mitra\Data_T6\T6_DAll.csv,2033.0,-6.554162500000001
3935,3,712.011347,712.57858,0.5672329999999874,,,hard_brake,mitra_t6,data\raw\mitra\Data_T6\T6_DAll.csv,2051.0,-4.5451266666666665
3936,3,729.228548,729.929248,0.7006999999999834,,,hard_brake,mitra_t6,data\raw\mitra\Data_T6\T6_DAll.csv,2051.0,-4.7924
3937,6,1015.547933,1016.515566,0.9676330000000917,,,hard_brake,mitra_t6,data\raw\mitra\Data_T6\T6_DAll.csv,2052.0,-9.315312500000001
3938,2,741.574215,742.608582,1.0343669999999747,,,hard_brake,mitra_t6,data\raw\mitra\Data_T6\T6_DAll.csv,2058.0,-4.57104
3939,2,743.275915,743.943249,0.6673339999999826,,,hard_brake,mitra_t6,data\raw\mitra\Data_T6\T6_DAll.csv,2067.0,-7.0394375
3940,3,735.735048,736.936248,1.2011999999999716,,,hard_brake,mitra_t6,data\raw\mitra\Data_T6\T6_DAll.csv,2069.0,-6.517200000000001
3941,3,739.138448,740.106082,0.9676339999999755,,,hard_brake,mitra_t6,data\raw\mitra\Data_T6\T6_DAll.csv,2070.0,-10.062237499999998
3942,2,748.147449,749.115082,0.967632999999978,,,hard_brake,mitra_t6,data\raw\mitra\Data_T6\T6_DAll.csv,2073.0,-9.9050375
3943,1,751.183816,752.284916,1.101099999999974,,,hard_brake,mitra_t6,data\raw\mitra\Data_T6\T6_DAll.csv,2078.0,-11.867124999999998
3944,1,759.792416,760.292916,0.5004999999999882,,,hard_brake,mitra_t6,data\raw\mitra\Data_T6\T6_DAll.csv,2106.0,-5.2188375
3945,1,763.56285,764.46375,0.9008999999999787,,,hard_brake,mitra_t6,data\raw\mitra\Data_T6\T6_DAll.csv,2115.0,-8.3565375
3946,2,753.486116,754.620583,1.1344669999999724,,,hard_brake,mitra_t6,data\raw\mitra\Data_T6\T6_DAll.csv,2117.0,-6.0366875
3947,3,752.318283,753.185816,0.867533000000094,,,hard_brake,mitra_t6,data\raw\mitra\Data_T6\T6_DAll.csv,2118.0,-5.65858
3948,2,758.45775,759.291916,0.834165999999982,,,hard_brake,mitra_t6,data\raw\mitra\Data_T6\T6_DAll.csv,2123.0,-4.569987500000001
3949,3,754.387016,755.154449,0.7674329999999827,,,hard_brake,mitra_t6,data\raw\mitra\Data_T6\T6_DAll.csv,2125.0,-4.93324
3950,2,759.525483,760.45975,0.9342669999999771,,,hard_brake,mitra_t6,data\raw\mitra\Data_T6\T6_DAll.csv,2126.0,-5.351100000000001
3951,1,765.831783,766.96625,1.1344669999999724,,,hard_brake,mitra_t6,data\raw\mitra\Data_T6\T6_DAll.csv,2127.0,-8.027962500000001
3952,3,764.096717,764.96425,0.8675329999999803,,,hard_brake,mitra_t6,data\raw\mitra\Data_T6\T6_DAll.csv,2134.0,-8.2814625
3953,2,760.86015,761.96125,1.101099999999974,,,hard_brake,mitra_t6,data\raw\mitra\Data_T6\T6_DAll.csv,2136.0,-7.006213333333334
3954,3,765.998617,766.96625,0.967632999999978,,,hard_brake,mitra_t6,data\raw\mitra\Data_T6\T6_DAll.csv,2146.0,-10.328162499999998
3955,3,766.499117,767.633584,1.134467000000086,,,hard_brake,mitra_t6,data\raw\mitra\Data_T6\T6_DAll.csv,2150.0,-18.451862499999997
3956,1,771.704317,772.872151,1.1678340000000844,,,hard_brake,mitra_t6,data\raw\mitra\Data_T6\T6_DAll.csv,2152.0,-6.861426666666666
3957,3,768.300917,768.96825,0.6673329999999851,,,hard_brake,mitra_t6,data\raw\mitra\Data_T6\T6_DAll.csv,2154.0,-7.398950000000001
3958,3,768.66795,769.46875,0.8007999999999811,,,hard_brake,mitra_t6,data\raw\mitra\Data_T6\T6_DAll.csv,2157.0,-10.7305375
3959,3,769.135084,770.136084,1.0009999999999764,,,hard_brake,mitra_t6,data\raw\mitra\Data_T6\T6_DAll.csv,2160.0,-11.498725
3960,3,769.935884,770.803417,0.8675329999999803,,,hard_brake,mitra_t6,data\raw\mitra\Data_T6\T6_DAll.csv,2161.0,-14.1004125
3961,2,780.579851,781.647584,1.0677330000000893,,,hard_brake,mitra_t6,data\raw\mitra\Data_T6\T6_DAll.csv,2180.0,-25.1290375
3962,2,786.318918,786.952885,0.6339669999999842,,,hard_brake,mitra_t6,data\raw\mitra\Data_T6\T6_DAll.csv,2187.0,-4.770113333333333
3963,3,776.976251,777.977251,1.0009999999999764,,,hard_brake,mitra_t6,data\raw\mitra\Data_T6\T6_DAll.csv,2188.0,-11.196537500000002
3964,1,773.539484,774.807417,1.2679329999999709,,,hard_brake,mitra_t6,data\raw\mitra\Data_T6\T6_DAll.csv,2192.0,-18.159125
3965,0,763.229183,763.96325,0.7340669999999818,,,hard_brake,mitra_t6,data\raw\mitra\Data_T6\T6_DAll.csv,2196.0,-4.828166666666667
3966,3,777.643584,778.477751,0.8341669999999795,,,hard_brake,mitra_t6,data\raw\mitra\Data_T6\T6_DAll.csv,2198.0,-11.06055
3967,2,784.917518,785.985251,1.0677329999999756,,,hard_brake,mitra_t6,data\raw\mitra\Data_T6\T6_DAll.csv,2201.0,-26.5200125
3968,3,779.545484,780.312918,0.7674339999999802,,,hard_brake,mitra_t6,data\raw\mitra\Data_T6\T6_DAll.csv,2211.0,-5.329726666666667
3969,2,788.621218,789.255185,0.6339669999999842,,,hard_brake,mitra_t6,data\raw\mitra\Data_T6\T6_DAll.csv,2213.0,-4.898439999999999
3970,1,782.982251,783.649585,0.6673339999999826,,,hard_brake,mitra_t6,data\raw\mitra\Data_T6\T6_DAll.csv,2216.0,-7.135675
3971,1,803.436019,804.236819,0.8007999999999811,,,hard_brake,mitra_t6,data\raw\mitra\Data_T6\T6_DAll.csv,2224.0,-4.899906666666666
3972,1,797.763686,798.531119,0.7674329999999827,,,hard_brake,mitra_t6,data\raw\mitra\Data_T6\T6_DAll.csv,2226.0,-4.879779999999999
3973,2,794.226819,795.161085,0.9342659999999796,,,hard_brake,mitra_t6,data\raw\mitra\Data_T6\T6_DAll.csv,2229.0,-17.7223875
3974,1,798.664586,799.498752,0.834165999999982,,,hard_brake,mitra_t6,data\raw\mitra\Data_T6\T6_DAll.csv,2230.0,-10.035174999999999
3975,1,788.954885,789.488752,0.5338669999999865,,,hard_brake,mitra_t6,data\raw\mitra\Data_T6\T6_DAll.csv,2237.0,-5.452299999999999
3976,10,786.585851,787.052985,0.4671339999999873,,,hard_brake,mitra_t6,data\raw\mitra\Data_T6\T6_DAll.csv,2241.0,-5.198040000000001
3977,3,799.832419,800.332919,0.5004999999999882,,,hard_brake,mitra_t6,data\raw\mitra\Data_T6\T6_DAll.csv,2252.0,-5.320125
3978,1,810.876786,812.011253,1.1344669999999724,,,hard_brake,mitra_t6,data\raw\mitra\Data_T6\T6_DAll.csv,2253.0,-14.817987500000001
3979,3,800.800052,801.834419,1.0343669999999747,,,hard_brake,mitra_t6,data\raw\mitra\Data_T6\T6_DAll.csv,2259.0,-25.730687500000002
3980,2,809.008253,810.176086,1.167833000000087,,,hard_brake,mitra_t6,data\raw\mitra\Data_T6\T6_DAll.csv,2260.0,-13.985875000000002
3981,2,815.681587,816.682587,1.0009999999999764,,,hard_brake,mitra_t6,data\raw\mitra\Data_T6\T6_DAll.csv,2265.0,-5.642113333333333
3982,1,816.24882,817.016253,0.7674329999999827,,,hard_brake,mitra_t6,data\raw\mitra\Data_T6\T6_DAll.csv,2266.0,-8.6161625
3983,3,803.836419,804.370286,0.5338669999999865,,,hard_brake,mitra_t6,data\raw\mitra\Data_T6\T6_DAll.csv,2270.0,-4.467653333333334
3984,1,819.018254,819.85242,0.8341660000000957,,,hard_brake,mitra_t6,data\raw\mitra\Data_T6\T6_DAll.csv,2271.0,-10.6581875
3985,2,779.612218,780.212818,0.6005999999999858,,,hard_brake,mitra_t6,data\raw\mitra\Data_T6\T6_DAll.csv,2284.0,-8.203906666666667
3986,2,781.614218,782.782051,1.1678329999999733,,,hard_brake,mitra_t6,data\raw\mitra\Data_T6\T6_DAll.csv,2284.0,-6.8039266666666665
3987,2,821.420654,822.521754,1.101099999999974,,,hard_brake,mitra_t6,data\raw\mitra\Data_T6\T6_DAll.csv,2284.0,-7.08484
3988,1,823.722954,824.657221,0.9342670000000908,,,hard_brake,mitra_t6,data\raw\mitra\Data_T6\T6_DAll.csv,2287.0,-5.412319999999999
3989,2,794.126719,794.994252,0.8675329999999803,,,hard_brake,mitra_t6,data\raw\mitra\Data_T6\T6_DAll.csv,2289.0,-8.881553333333333
3990,10,825.191087,826.459021,1.2679339999999684,,,hard_brake,mitra_t6,data\raw\mitra\Data_T6\T6_DAll.csv,2291.0,-4.91122
3991,10,807.506753,808.84142,1.3346669999999676,,,hard_brake,mitra_t6,data\raw\mitra\Data_T6\T6_DAll.csv,2313.0,-13.700853333333333
3992,10,811.04362,811.577486,0.5338659999999891,,,hard_brake,mitra_t6,data\raw\mitra\Data_T6\T6_DAll.csv,2322.0,-4.037953333333333
3993,1,830.863421,831.363921,0.5004999999999882,,,hard_brake,mitra_t6,data\raw\mitra\Data_T6\T6_DAll.csv,2326.0,-4.811162500000001
3994,1,837.870421,839.371922,1.5015010000000757,,,hard_brake,mitra_t6,data\raw\mitra\Data_T6\T6_DAll.csv,2330.0,-12.19056
3995,3,832.865421,833.866421,1.0009999999999764,,,hard_brake,mitra_t6,data\raw\mitra\Data_T6\T6_DAll.csv,2349.0,-25.887199999999996
3996,2,842.908788,843.709589,0.8008010000000922,,,hard_brake,mitra_t6,data\raw\mitra\Data_T6\T6_DAll.csv,2352.0,-7.093050000000001
3997,3,834.500388,835.167721,0.6673329999999851,,,hard_brake,mitra_t6,data\raw\mitra\Data_T6\T6_DAll.csv,2353.0,-4.725386666666666
3998,1,844.176722,845.444655,1.2679329999999709,,,hard_brake,mitra_t6,data\raw\mitra\Data_T6\T6_DAll.csv,2356.0,-8.973866666666668
3999,1,852.184722,853.519389,1.3346670000000813,,,hard_brake,mitra_t6,data\raw\mitra\Data_T6\T6_DAll.csv,2371.0,-9.317966666666667
4000,3,859.52539,860.059256,0.5338659999999891,,,hard_brake,mitra_t6,data\raw\mitra\Data_T6\T6_DAll.csv,2396.0,-5.177862500000001
4001,1,869.73559,870.73659,1.0009999999999764,,,hard_brake,mitra_t6,data\raw\mitra\Data_T6\T6_DAll.csv,2413.0,-5.811786666666666
4002,3,856.155356,856.856056,0.7006999999999834,,,hard_brake,mitra_t6,data\raw\mitra\Data_T6\T6_DAll.csv,2416.0,-5.179173333333334
4003,2,853.586122,854.086623,0.5005009999999857,,,hard_brake,mitra_t6,data\raw\mitra\Data_T6\T6_DAll.csv,2417.0,-5.0712866666666665
4004,1,871.770957,872.73859,0.9676330000000917,,,hard_brake,mitra_t6,data\raw\mitra\Data_T6\T6_DAll.csv,2419.0,-5.508725
4005,2,865.798323,866.899423,1.101099999999974,,,hard_brake,mitra_t6,data\raw\mitra\Data_T6\T6_DAll.csv,2421.0,-7.140226666666666
4006,3,862.094623,863.062256,0.9676330000000917,,,hard_brake,mitra_t6,data\raw\mitra\Data_T6\T6_DAll.csv,2426.0,-5.2855533333333335
4007,3,878.377557,879.011524,0.6339669999999842,,,hard_brake,mitra_t6,data\raw\mitra\Data_T6\T6_DAll.csv,2458.0,-4.655466666666666
4008,3,880.145991,881.080258,0.9342669999999771,,,hard_brake,mitra_t6,data\raw\mitra\Data_T6\T6_DAll.csv,2463.0,-5.392037500000001
4009,2,886.218725,886.919425,0.7007000000000971,,,hard_brake,mitra_t6,data\raw\mitra\Data_T6\T6_DAll.csv,2476.0,-5.625475
4010,1,907.606759,908.507659,0.9008999999999787,,,hard_brake,mitra_t6,data\raw\mitra\Data_T6\T6_DAll.csv,2480.0,-5.846546666666667
4011,0,871.403924,872.471657,1.0677330000000893,,,hard_brake,mitra_t6,data\raw\mitra\Data_T6\T6_DAll.csv,2485.0,-5.217226666666667
4012,3,892.258092,893.092258,0.834165999999982,,,hard_brake,mitra_t6,data\raw\mitra\Data_T6\T6_DAll.csv,2488.0,-7.0352500000000004
4013,3,886.418925,887.553391,1.1344660000000886,,,hard_brake,mitra_t6,data\raw\mitra\Data_T6\T6_DAll.csv,2489.0,-5.719853333333333
4014,1,870.503024,870.970157,0.4671329999999898,,,hard_brake,mitra_t6,data\raw\mitra\Data_T6\T6_DAll.csv,2495.0,-5.279893333333334
4015,1,916.181993,917.383193,1.2011999999999716,,,hard_brake,mitra_t6,data\raw\mitra\Data_T6\T6_DAll.csv,2495.0,-6.750673333333334
4016,2,904.303459,905.271093,0.9676339999999755,,,hard_brake,mitra_t6,data\raw\mitra\Data_T6\T6_DAll.csv,2498.0,-6.41928
4017,3,901.367192,902.268092,0.9008999999999787,,,hard_brake,mitra_t6,data\raw\mitra\Data_T6\T6_DAll.csv,2501.0,-13.2549
4018,1,919.81896,920.61976,0.8008000000000948,,,hard_brake,mitra_t6,data\raw\mitra\Data_T6\T6_DAll.csv,2503.0,-6.8084125
4019,2,899.031525,899.498659,0.4671339999999873,,,hard_brake,mitra_t6,data\raw\mitra\Data_T6\T6_DAll.csv,2507.0,-4.4266
4020,3,898.497659,898.964792,0.4671329999999898,,,hard_brake,mitra_t6,data\raw\mitra\Data_T6\T6_DAll.csv,2510.0,-4.584553333333333
4021,2,912.21136,912.678493,0.4671329999999898,,,hard_brake,mitra_t6,data\raw\mitra\Data_T6\T6_DAll.csv,2512.0,-4.1683933333333325
4022,1,922.454927,923.355827,0.9008999999999787,,,hard_brake,mitra_t6,data\raw\mitra\Data_T6\T6_DAll.csv,2516.0,-5.859693333333333
4023,21,939.939061,940.573028,0.6339669999999842,,,hard_brake,mitra_t6,data\raw\mitra\Data_T6\T6_DAll.csv,2527.0,-6.340273333333333
4024,3,909.842326,910.943426,1.1011000000000877,,,hard_brake,mitra_t6,data\raw\mitra\Data_T6\T6_DAll.csv,2528.0,-32.2449125
4025,3,911.91106,912.545026,0.6339659999999867,,,hard_brake,mitra_t6,data\raw\mitra\Data_T6\T6_DAll.csv,2544.0,-4.811726666666667
4026,2,886.185358,886.752591,0.5672330000001011,,,hard_brake,mitra_t6,data\raw\mitra\Data_T6\T6_DAll.csv,2551.0,-6.01236
4027,2,925.391194,926.458927,1.0677329999999756,,,hard_brake,mitra_t6,data\raw\mitra\Data_T6\T6_DAll.csv,2551.0,-12.290012500000001
4028,1,914.346826,915.447927,1.1011010000000852,,,hard_brake,mitra_t6,data\raw\mitra\Data_T6\T6_DAll.csv,2554.0,-5.3532375
4029,3,915.31446,916.448927,1.1344669999999724,,,hard_brake,mitra_t6,data\raw\mitra\Data_T6\T6_DAll.csv,2557.0,-7.646246666666666
4030,2,932.231361,933.299094,1.0677329999999756,,,hard_brake,mitra_t6,data\raw\mitra\Data_T6\T6_DAll.csv,2558.0,-6.597620000000001
4031,2,927.793594,929.061527,1.2679329999999709,,,hard_brake,mitra_t6,data\raw\mitra\Data_T6\T6_DAll.csv,2559.0,-8.089946666666666
4032,3,897.863692,898.564392,0.7006999999999834,,,hard_brake,mitra_t6,data\raw\mitra\Data_T6\T6_DAll.csv,2570.0,-5.12158
4033,3,925.591394,926.292094,0.7006999999999834,,,hard_brake,mitra_t6,data\raw\mitra\Data_T6\T6_DAll.csv,2578.0,-5.735262499999999
4034,2,934.600394,935.701495,1.1011009999999715,,,hard_brake,mitra_t6,data\raw\mitra\Data_T6\T6_DAll.csv,2581.0,-6.046946666666667
4035,3,916.549027,917.01616,0.4671329999999898,,,hard_brake,mitra_t6,data\raw\mitra\Data_T6\T6_DAll.csv,2585.0,-4.596786666666666
4036,3,926.258727,926.959427,0.7006999999999834,,,hard_brake,mitra_t6,data\raw\mitra\Data_T6\T6_DAll.csv,2585.0,-4.1693
4037,3,906.805959,907.406559,0.6005999999999858,,,hard_brake,mitra_t6,data\raw\mitra\Data_T6\T6_DAll.csv,2586.0,-5.142946666666666
4038,1,924.22336,925.291094,1.0677340000000868,,,hard_brake,mitra_t6,data\raw\mitra\Data_T6\T6_DAll.csv,2587.0,-4.212949999999999
4039,1,937.970428,938.637761,0.6673329999999851,,,hard_brake,mitra_t6,data\raw\mitra\Data_T6\T6_DAll.csv,2588.0,-7.2314125
4040,1,941.907695,942.808595,0.9008999999999787,,,hard_brake,mitra_t6,data\raw\mitra\Data_T6\T6_DAll.csv,2599.0,-5.061087500000001
4041,3,926.659127,927.560027,0.9008999999999787,,,hard_brake,mitra_t6,data\raw\mitra\Data_T6\T6_DAll.csv,2605.0,-10.709886666666668
4042,2,942.675128,943.842962,1.1678340000000844,,,hard_brake,mitra_t6,data\raw\mitra\Data_T6\T6_DAll.csv,2609.0,-7.930386666666666
4043,1,928.460927,929.628761,1.1678340000000844,,,hard_brake,mitra_t6,data\raw\mitra\Data_T6\T6_DAll.csv,2610.0,-7.966637499999999
4044,1,945.844962,946.645762,0.8007999999999811,,,hard_brake,mitra_t6,data\raw\mitra\Data_T6\T6_DAll.csv,2612.0,-4.496175
4045,2,946.011795,947.546662,1.534866999999963,,,hard_brake,mitra_t6,data\raw\mitra\Data_T6\T6_DAll.csv,2618.0,-11.029779999999999
4046,3,950.215995,950.983429,0.7674339999999802,,,hard_brake,mitra_t6,data\raw\mitra\Data_T6\T6_DAll.csv,2623.0,-7.934999999999999
4047,2,950.416195,951.450562,1.0343669999999747,,,hard_brake,mitra_t6,data\raw\mitra\Data_T6\T6_DAll.csv,2628.0,-6.60362
4048,1,953.886329,954.486929,0.6005999999999858,,,hard_brake,mitra_t6,data\raw\mitra\Data_T6\T6_DAll.csv,2631.0,-6.4057875
4049,3,947.646762,948.480929,0.8341669999999795,,,hard_brake,mitra_t6,data\raw\mitra\Data_T6\T6_DAll.csv,2632.0,-10.685925
4050,1,957.489929,958.324096,0.8341670000000931,,,hard_brake,mitra_t6,data\raw\mitra\Data_T6\T6_DAll.csv,2637.0,-7.299025
4051,3,949.682129,950.316095,0.6339659999999867,,,hard_brake,mitra_t6,data\raw\mitra\Data_T6\T6_DAll.csv,2640.0,-6.578950000000001
4052,3,951.784229,952.484929,0.7006999999999834,,,hard_brake,mitra_t6,data\raw\mitra\Data_T6\T6_DAll.csv,2644.0,-5.8505875000000005
4053,2,962.99543,963.662763,0.6673329999999851,,,hard_brake,mitra_t6,data\raw\mitra\Data_T6\T6_DAll.csv,2658.0,-4.677026666666666
4054,20,933.132261,933.732861,0.6005999999999858,,,hard_brake,mitra_t6,data\raw\mitra\Data_T6\T6_DAll.csv,2663.0,-4.180960000000001
4055,3,947.112895,947.846962,0.7340669999999818,,,hard_brake,mitra_t6,data\raw\mitra\Data_T6\T6_DAll.csv,2665.0,-7.967866666666667
4056,1,970.70313,971.70413,1.0009999999999764,,,hard_brake,mitra_t6,data\raw\mitra\Data_T6\T6_DAll.csv,2669.0,-5.488573333333333
4057,2,970.970064,971.70413,0.7340659999999843,,,hard_brake,mitra_t6,data\raw\mitra\Data_T6\T6_DAll.csv,2670.0,-4.908373333333333
4058,3,967.533297,968.50093,0.9676330000000917,,,hard_brake,mitra_t6,data\raw\mitra\Data_T6\T6_DAll.csv,2676.0,-10.3060125
4059,7,972.70513,973.272364,0.5672339999999849,,,hard_brake,mitra_t6,data\raw\mitra\Data_T6\T6_DAll.csv,2679.0,-4.218673333333333
4060,2,982.414831,983.349098,0.9342669999999771,,,hard_brake,mitra_t6,data\raw\mitra\Data_T6\T6_DAll.csv,2704.0,-9.782112499999998
4061,1,990.422831,991.523932,1.1011009999999715,,,hard_brake,mitra_t6,data\raw\mitra\Data_T6\T6_DAll.csv,2708.0,-7.342733333333333
4062,1,983.682764,984.516931,0.8341669999999795,,,hard_brake,mitra_t6,data\raw\mitra\Data_T6\T6_DAll.csv,2711.0,-10.6966125
4063,3,982.848598,983.849598,1.0009999999999764,,,hard_brake,mitra_t6,data\raw\mitra\Data_T6\T6_DAll.csv,2715.0,-11.034225
4064,1,1002.701766,1003.535932,0.834165999999982,,,hard_brake,mitra_t6,data\raw\mitra\Data_T6\T6_DAll.csv,2724.0,-10.9366
4065,1,1004.536932,1005.371099,0.8341669999999795,,,hard_brake,mitra_t6,data\raw\mitra\Data_T6\T6_DAll.csv,2731.0,-10.4609625
4066,1,993.659398,994.693765,1.0343669999999747,,,hard_brake,mitra_t6,data\raw\mitra\Data_T6\T6_DAll.csv,2733.0,-10.4113125
4067,1,1008.040433,1008.874599,0.834165999999982,,,hard_brake,mitra_t6,data\raw\mitra\Data_T6\T6_DAll.csv,2737.0,-4.6290625
4068,2,994.493565,995.527932,1.0343669999999747,,,hard_brake,mitra_t6,data\raw\mitra\Data_T6\T6_DAll.csv,2742.0,-13.493099999999998
4069,3,965.264363,966.031797,0.7674339999999802,,,hard_brake,mitra_t6,data\raw\mitra\Data_T6\T6_DAll.csv,2744.0,-6.298793333333333
4070,3,991.156898,992.024432,0.8675340000000915,,,hard_brake,mitra_t6,data\raw\mitra\Data_T6\T6_DAll.csv,2744.0,-4.8046375
4071,3,991.690765,992.691765,1.0009999999999764,,,hard_brake,mitra_t6,data\raw\mitra\Data_T6\T6_DAll.csv,2747.0,-5.905349999999999
4072,1,1012.611666,1013.212266,0.6005999999999858,,,hard_brake,mitra_t6,data\raw\mitra\Data_T6\T6_DAll.csv,2749.0,-6.16755
4073,3,993.025432,994.026432,1.0009999999999764,,,hard_brake,mitra_t6,data\raw\mitra\Data_T6\T6_DAll.csv,2750.0,-6.334550000000001
4074,2,996.962699,998.030432,1.0677329999999756,,,hard_brake,mitra_t6,data\raw\mitra\Data_T6\T6_DAll.csv,2751.0,-15.4359875
4075,2,999.632032,1000.699765,1.0677329999999756,,,hard_brake,mitra_t6,data\raw\mitra\Data_T6\T6_DAll.csv,2754.0,-6.43886
4076,3,960.69313,961.427196,0.7340659999999843,,,hard_brake,mitra_t6,data\raw\mitra\Data_T6\T6_DAll.csv,2755.0,-4.583266666666668
4077,3,995.995065,996.862599,0.8675340000000915,,,hard_brake,mitra_t6,data\raw\mitra\Data_T6\T6_DAll.csv,2755.0,-7.769449999999999
4078,1,1014.313366,1015.214266,0.9008999999999787,,,hard_brake,mitra_t6,data\raw\mitra\Data_T6\T6_DAll.csv,2756.0,-8.586775
4079,2,1002.001066,1003.202266,1.2011999999999716,,,hard_brake,mitra_t6,data\raw\mitra\Data_T6\T6_DAll.csv,2759.0,-6.479593333333335
4080,3,998.030432,998.530932,0.5004999999999882,,,hard_brake,mitra_t6,data\raw\mitra\Data_T6\T6_DAll.csv,2761.0,-4.7762
4081,3,982.114531,983.115531,1.0009999999999764,,,hard_brake,mitra_t6,data\raw\mitra\Data_T6\T6_DAll.csv,2764.0,-10.371726666666666
4082,2,1016.282,1017.216267,0.9342669999999771,,,hard_brake,mitra_t6,data\raw\mitra\Data_T6\T6_DAll.csv,2778.0,-8.78105
4083,3,1006.271999,1007.039433,0.7674339999999802,,,hard_brake,mitra_t6,data\raw\mitra\Data_T6\T6_DAll.csv,2783.0,-9.5219875
4084,2,978.744497,979.678764,0.9342669999999771,,,hard_brake,mitra_t6,data\raw\mitra\Data_T6\T6_DAll.csv,2784.0,-8.582699999999999
4085,3,976.208631,976.809231,0.6005999999999858,,,hard_brake,mitra_t6,data\raw\mitra\Data_T6\T6_DAll.csv,2785.0,-4.82522
4086,2,1014.0798,1014.8806,0.8007999999999811,,,hard_brake,mitra_t6,data\raw\mitra\Data_T6\T6_DAll.csv,2790.0,-10.0677875
4087,3,1011.510566,1012.544933,1.0343669999999747,,,hard_brake,mitra_t6,data\raw\mitra\Data_T6\T6_DAll.csv,2791.0,-6.822112499999999
4088,2,1016.548933,1017.216267,0.6673339999999826,,,hard_brake,mitra_t6,data\raw\mitra\Data_T6\T6_DAll.csv,2798.0,-6.368612499999999
4089,3,971.40383,972.30473,0.9008999999999787,,,hard_brake,mitra_t6,data\raw\mitra\Data_T6\T6_DAll.csv,2800.0,-5.850673333333333
4090,3,978.110531,979.311731,1.2011999999999716,,,hard_brake,mitra_t6,data\raw\mitra\Data_T6\T6_DAll.csv,2807.0,-4.847306666666666
4091,3,1010.476199,1010.943333,0.46713400000010097,,,hard_brake,mitra_t6,data\raw\mitra\Data_T6\T6_DAll.csv,2807.0,-4.268526666666667
4092,2,1015.514566,1016.282,0.7674340000000939,,,hard_brake,mitra_t6,data\raw\mitra\Data_T6\T6_DAll.csv,2814.0,-5.543873333333333
4093,1,1015.648033,1016.282,0.6339669999999842,,,hard_brake,mitra_t6,data\raw\mitra\Data_T6\T6_DAll.csv,2817.0,-4.232233333333332
4094,1,1016.282,1017.0828,0.8007999999999811,,,hard_brake,mitra_t6,data\raw\mitra\Data_T6\T6_DAll.csv,2818.0,-6.123022222222223
4095,3,1008.641033,1009.108166,0.4671329999999898,,,hard_brake,mitra_t6,data\raw\mitra\Data_T6\T6_DAll.csv,2844.0,-4.87634
4096,3,1015.8816,1016.515566,0.6339659999999867,,,hard_brake,mitra_t6,data\raw\mitra\Data_T6\T6_DAll.csv,2885.0,-10.742424999999999
4097,3,1015.748133,1016.515566,0.7674329999999827,,,hard_brake,mitra_t6,data\raw\mitra\Data_T6\T6_DAll.csv,2894.0,-9.870537500000001
4098,3,1015.614666,1016.4822,0.8675339999999778,,,hard_brake,mitra_t6,data\raw\mitra\Data_T6\T6_DAll.csv,2899.0,-4.706786666666667
4099,10,705.404747,715.748414,10.343666999999982,3.0,5026480.747814346,queue,mitra_t7,data\raw\mitra\Data_T7\T7_DAll.csv,,
4100,10,944.076529,952.18463,8.10810099999992,3.0,5026490.21055213,queue,mitra_t7,data\raw\mitra\Data_T7\T7_DAll.csv,,
4101,7,255.655417,279.145552,23.49013500000001,9.0,5026496.729950469,queue,mitra_t7,data\raw\mitra\Data_T7\T7_DAll.csv,,
4102,7,338.037722,356.456124,18.418402000000015,8.0,5026499.248652193,queue,mitra_t7,data\raw\mitra\Data_T7\T7_DAll.csv,,
4103,7,517.283468,527.160001,9.876532999999995,8.0,5026684.199999999,queue,mitra_t7,data\raw\mitra\Data_T7\T7_DAll.csv,,
4104,20,46.646603,80.747339,34.100736,7.0,5026497.475709406,queue,mitra_t7,data\raw\mitra\Data_T7\T7_DAll.csv,,
4105,20,94.994906,180.180012,85.185106,8.0,5026490.451816724,queue,mitra_t7,data\raw\mitra\Data_T7\T7_DAll.csv,,
4106,20,221.654781,280.847252,59.19247100000001,8.0,5026515.121243738,queue,mitra_t7,data\raw\mitra\Data_T7\T7_DAll.csv,,
4107,20,734.934249,771.370651,36.43640199999993,8.0,5026505.109999298,queue,mitra_t7,data\raw\mitra\Data_T7\T7_DAll.csv,,
4108,20,804.370286,817.349921,12.97963500000003,6.0,5026493.0275451485,queue,mitra_t7,data\raw\mitra\Data_T7\T7_DAll.csv,,
4109,20,833.432655,879.812325,46.37967000000003,7.0,5026516.185803573,queue,mitra_t7,data\raw\mitra\Data_T7\T7_DAll.csv,,
4110,20,950.783229,1001.266999,50.48377000000005,9.0,5026493.549945897,queue,mitra_t7,data\raw\mitra\Data_T7\T7_DAll.csv,,
4111,3,58.825437,90.523773,31.698336000000005,6.0,5026563.256155233,queue,mitra_t7,data\raw\mitra\Data_T7\T7_DAll.csv,,
4112,3,100.033273,117.383941,17.350668,5.0,5026378.448692441,queue,mitra_t7,data\raw\mitra\Data_T7\T7_DAll.csv,,
4113,3,908.240727,951.517296,43.276568999999995,10.0,5026676.114999899,queue,mitra_t7,data\raw\mitra\Data_T7\T7_DAll.csv,,
4114,3,975.107531,990.055799,14.948267999999985,10.0,5026297.495000001,queue,mitra_t7,data\raw\mitra\Data_T7\T7_DAll.csv,,
4115,6,453.486397,469.836064,16.34966700000001,6.0,5026294.177250465,queue,mitra_t7,data\raw\mitra\Data_T7\T7_DAll.csv,,
4116,6,485.852065,513.679867,27.827801999999963,3.0,5026692.949238263,queue,mitra_t7,data\raw\mitra\Data_T7\T7_DAll.csv,,
4117,2,782.948885,818.117354,35.16846899999996,5.0,5026394.191658047,queue,mitra_t7,data\raw\mitra\Data_T7\T7_DAll.csv,,
4118,2,852.41829,862.02789,9.6096,4.0,5026538.1484931335,queue,mitra_t7,data\raw\mitra\Data_T7\T7_DAll.csv,,
4119,2,905.838327,934.567028,28.728701,7.0,5026365.8065039255,queue,mitra_t7,data\raw\mitra\Data_T7\T7_DAll.csv,,
4120,1,919.919061,960.759863,40.84080199999994,7.0,5026420.429989606,queue,mitra_t7,data\raw\mitra\Data_T7\T7_DAll.csv,,
4121,1,21.955268,22.822802,0.8675339999999991,,,hard_brake,mitra_t7,data\raw\mitra\Data_T7\T7_DAll.csv,1.0,-17.0407875
4122,3,35.602236,36.669969,1.067733000000004,,,hard_brake,mitra_t7,data\raw\mitra\Data_T7\T7_DAll.csv,8.0,-7.9424866666666665
4123,2,24.124102,24.991635,0.8675329999999981,,,hard_brake,mitra_t7,data\raw\mitra\Data_T7\T7_DAll.csv,9.0,-5.173326666666667
4124,2,32.665969,33.500136,0.8341670000000008,,,hard_brake,mitra_t7,data\raw\mitra\Data_T7\T7_DAll.csv,11.0,-10.60195
4125,3,33.133102,34.000636,0.8675339999999991,,,hard_brake,mitra_t7,data\raw\mitra\Data_T7\T7_DAll.csv,12.0,-15.095025
4126,3,31.064369,32.165469,1.1011000000000024,,,hard_brake,mitra_t7,data\raw\mitra\Data_T7\T7_DAll.csv,14.0,-6.553073333333333
4127,1,24.424402,25.325302,0.9009,,,hard_brake,mitra_t7,data\raw\mitra\Data_T7\T7_DAll.csv,15.0,-22.816250000000004
4128,2,26.326302,26.993635,0.6673330000000028,,,hard_brake,mitra_t7,data\raw\mitra\Data_T7\T7_DAll.csv,16.0,-7.6147124999999996
4129,1,31.097735,31.664969,0.5672339999999991,,,hard_brake,mitra_t7,data\raw\mitra\Data_T7\T7_DAll.csv,17.0,-6.840275000000001
4130,1,32.332302,33.166469,0.8341670000000008,,,hard_brake,mitra_t7,data\raw\mitra\Data_T7\T7_DAll.csv,18.0,-4.519053333333333
4131,3,39.639603,40.507136,0.8675330000000017,,,hard_brake,mitra_t7,data\raw\mitra\Data_T7\T7_DAll.csv,19.0,-5.88966
4132,1,25.392035,25.892535,0.5004999999999988,,,hard_brake,mitra_t7,data\raw\mitra\Data_T7\T7_DAll.csv,20.0,-4.724286666666667
4133,3,37.604236,38.671969,1.067732999999997,,,hard_brake,mitra_t7,data\raw\mitra\Data_T7\T7_DAll.csv,22.0,-6.1379866666666665
4134,1,28.661969,29.329302,0.6673329999999993,,,hard_brake,mitra_t7,data\raw\mitra\Data_T7\T7_DAll.csv,23.0,-4.884062500000001
4135,3,29.963269,30.997635,1.0343659999999986,,,hard_brake,mitra_t7,data\raw\mitra\Data_T7\T7_DAll.csv,24.0,-6.5461133333333335
4136,4,354.854523,355.355023,0.500500000000045,,,hard_brake,mitra_t7,data\raw\mitra\Data_T7\T7_DAll.csv,29.0,-6.8118625
4137,5,311.577954,312.145187,0.5672330000000443,,,hard_brake,mitra_t7,data\raw\mitra\Data_T7\T7_DAll.csv,51.0,-4.4451125
4138,4,339.972989,340.673689,0.7007000000000403,,,hard_brake,mitra_t7,data\raw\mitra\Data_T7\T7_DAll.csv,68.0,-7.496462500000001
4139,2,39.272569,40.173469,0.9009,,,hard_brake,mitra_t7,data\raw\mitra\Data_T7\T7_DAll.csv,74.0,-9.691275
4140,2,35.001636,35.668969,0.6673329999999993,,,hard_brake,mitra_t7,data\raw\mitra\Data_T7\T7_DAll.csv,75.0,-6.2692125
4141,3,42.842803,43.67697,0.8341669999999937,,,hard_brake,mitra_t7,data\raw\mitra\Data_T7\T7_DAll.csv,76.0,-13.090149999999998
4142,3,41.174469,41.841803,0.6673339999999968,,,hard_brake,mitra_t7,data\raw\mitra\Data_T7\T7_DAll.csv,80.0,-9.8078875
4143,1,42.475769,43.009636,0.5338670000000008,,,hard_brake,mitra_t7,data\raw\mitra\Data_T7\T7_DAll.csv,81.0,-4.68564
4144,1,38.872169,39.606236,0.7340670000000031,,,hard_brake,mitra_t7,data\raw\mitra\Data_T7\T7_DAll.csv,83.0,-4.618913333333334
4145,3,44.67797,45.512136,0.8341659999999962,,,hard_brake,mitra_t7,data\raw\mitra\Data_T7\T7_DAll.csv,85.0,-6.947424999999999
4146,5,309.175554,309.80952,0.6339660000000436,,,hard_brake,mitra_t7,data\raw\mitra\Data_T7\T7_DAll.csv,89.0,-5.9510749999999994
4147,1,47.347303,48.18147,0.8341670000000008,,,hard_brake,mitra_t7,data\raw\mitra\Data_T7\T7_DAll.csv,112.0,-16.882512499999997
4148,2,48.648603,49.88317,1.2345669999999984,,,hard_brake,mitra_t7,data\raw\mitra\Data_T7\T7_DAll.csv,137.0,-6.053433333333333
4149,2,53.58687,54.521137,0.9342670000000055,,,hard_brake,mitra_t7,data\raw\mitra\Data_T7\T7_DAll.csv,139.0,-6.096746666666666
4150,3,56.58987,57.524137,0.9342670000000055,,,hard_brake,mitra_t7,data\raw\mitra\Data_T7\T7_DAll.csv,141.0,-5.2712666666666665
4151,2,56.856804,57.69097,0.8341660000000033,,,hard_brake,mitra_t7,data\raw\mitra\Data_T7\T7_DAll.csv,142.0,-11.576400000000001
4152,3,61.561504,62.095371,0.5338670000000008,,,hard_brake,mitra_t7,data\raw\mitra\Data_T7\T7_DAll.csv,146.0,-4.572886666666666
4153,1,48.815437,49.68297,0.8675329999999946,,,hard_brake,mitra_t7,data\raw\mitra\Data_T7\T7_DAll.csv,147.0,-14.674687500000001
4154,4,97.26384,97.931173,0.6673329999999993,,,hard_brake,mitra_t7,data\raw\mitra\Data_T7\T7_DAll.csv,149.0,-7.657825000000001
4155,3,46.78007,47.68097,0.9009,,,hard_brake,mitra_t7,data\raw\mitra\Data_T7\T7_DAll.csv,150.0,-4.961340000000001
4156,3,11.578234,12.512501,0.9342670000000002,,,hard_brake,mitra_t7,data\raw\mitra\Data_T7\T7_DAll.csv,151.0,-9.825320000000001
4157,2,43.910536,44.644603,0.734066999999996,,,hard_brake,mitra_t7,data\raw\mitra\Data_T7\T7_DAll.csv,152.0,-5.311226666666667
4158,2,46.212836,46.67997,0.4671339999999944,,,hard_brake,mitra_t7,data\raw\mitra\Data_T7\T7_DAll.csv,155.0,-4.486726666666667
4159,4,94.26084,94.928173,0.6673329999999993,,,hard_brake,mitra_t7,data\raw\mitra\Data_T7\T7_DAll.csv,174.0,-8.030275
4160,5,27.227202,27.861169,0.633967000000002,,,hard_brake,mitra_t7,data\raw\mitra\Data_T7\T7_DAll.csv,185.0,-6.162925
4161,1,3.636967,4.971634,1.334667,,,hard_brake,mitra_t7,data\raw\mitra\Data_T7\T7_DAll.csv,223.0,-9.168612499999998
4162,3,23.790435,24.657968,0.8675330000000017,,,hard_brake,mitra_t7,data\raw\mitra\Data_T7\T7_DAll.csv,224.0,-6.714925
4163,1,9.709701,10.643967,0.9342659999999992,,,hard_brake,mitra_t7,data\raw\mitra\Data_T7\T7_DAll.csv,225.0,-6.918000000000001
4164,1,2.035367,2.8028,0.767433,,,hard_brake,mitra_t7,data\raw\mitra\Data_T7\T7_DAll.csv,226.0,-6.953237499999999
4165,3,5.005,5.972634,0.9676340000000003,,,hard_brake,mitra_t7,data\raw\mitra\Data_T7\T7_DAll.csv,227.0,-12.040949999999999
4166,2,2.335667,3.3033,0.9676330000000002,,,hard_brake,mitra_t7,data\raw\mitra\Data_T7\T7_DAll.csv,228.0,-7.90601
4167,2,13.380034,14.314301,0.9342670000000002,,,hard_brake,mitra_t7,data\raw\mitra\Data_T7\T7_DAll.csv,230.0,-12.79125
4168,1,11.811801,12.979634,1.167833,,,hard_brake,mitra_t7,data\raw\mitra\Data_T7\T7_DAll.csv,232.0,-5.3466733333333325
4169,2,9.609601,10.477134,0.8675329999999999,,,hard_brake,mitra_t7,data\raw\mitra\Data_T7\T7_DAll.csv,235.0,-17.8815
4170,3,2.5025,3.1031,0.6006,,,hard_brake,mitra_t7,data\raw\mitra\Data_T7\T7_DAll.csv,237.0,-4.811393333333333
4171,2,20.887535,21.788435,0.9009,,,hard_brake,mitra_t7,data\raw\mitra\Data_T7\T7_DAll.csv,238.0,-5.7193266666666664
4172,2,6.840167,7.474134,0.6339670000000002,,,hard_brake,mitra_t7,data\raw\mitra\Data_T7\T7_DAll.csv,239.0,-7.3269125
4173,1,13.246568,14.147468,0.9009,,,hard_brake,mitra_t7,data\raw\mitra\Data_T7\T7_DAll.csv,240.0,-22.3282375
4174,3,26.960268,27.827802,0.8675339999999991,,,hard_brake,mitra_t7,data\raw\mitra\Data_T7\T7_DAll.csv,241.0,-11.679962499999998
4175,4,359.158824,359.859524,0.7007000000000403,,,hard_brake,mitra_t7,data\raw\mitra\Data_T7\T7_DAll.csv,242.0,-9.570324999999999
4176,7,172.105278,172.906078,0.8008000000000095,,,hard_brake,mitra_t7,data\raw\mitra\Data_T7\T7_DAll.csv,246.0,-4.51712
4177,6,398.297926,399.06536,0.7674339999999802,,,hard_brake,mitra_t7,data\raw\mitra\Data_T7\T7_DAll.csv,258.0,-5.54005
4178,4,367.667324,368.368024,0.7006999999999834,,,hard_brake,mitra_t7,data\raw\mitra\Data_T7\T7_DAll.csv,259.0,-4.737775
4179,3,18.351668,19.319301,0.9676329999999993,,,hard_brake,mitra_t7,data\raw\mitra\Data_T7\T7_DAll.csv,262.0,-6.310419999999999
4180,2,17.450768,18.485135,1.0343669999999996,,,hard_brake,mitra_t7,data\raw\mitra\Data_T7\T7_DAll.csv,263.0,-14.317625
4181,3,20.720701,21.321301,0.6006,,,hard_brake,mitra_t7,data\raw\mitra\Data_T7\T7_DAll.csv,264.0,-4.28698
4182,3,28.428402,29.496135,1.0677330000000005,,,hard_brake,mitra_t7,data\raw\mitra\Data_T7\T7_DAll.csv,265.0,-8.6312
4183,3,16.349668,17.317301,0.9676329999999993,,,hard_brake,mitra_t7,data\raw\mitra\Data_T7\T7_DAll.csv,266.0,-5.060180000000001
4184,1,16.416401,17.150468,0.7340669999999996,,,hard_brake,mitra_t7,data\raw\mitra\Data_T7\T7_DAll.csv,269.0,-5.67865
4185,3,25.625602,26.526502,0.9009,,,hard_brake,mitra_t7,data\raw\mitra\Data_T7\T7_DAll.csv,270.0,-6.346873333333334
4186,2,16.449768,17.484134,1.0343660000000021,,,hard_brake,mitra_t7,data\raw\mitra\Data_T7\T7_DAll.csv,271.0,-12.1813125
4187,1,10.877534,11.544867,0.6673329999999993,,,hard_brake,mitra_t7,data\raw\mitra\Data_T7\T7_DAll.csv,272.0,-5.064613333333333
4188,2,7.807801,8.808801,1.0010000000000003,,,hard_brake,mitra_t7,data\raw\mitra\Data_T7\T7_DAll.csv,273.0,-13.0188375
4189,3,8.708701,9.476134,0.7674330000000005,,,hard_brake,mitra_t7,data\raw\mitra\Data_T7\T7_DAll.csv,274.0,-14.379325
4190,2,10.910901,11.811801,0.9009,,,hard_brake,mitra_t7,data\raw\mitra\Data_T7\T7_DAll.csv,275.0,-9.888975
4191,7,243.309749,244.077183,0.7674339999999802,,,hard_brake,mitra_t7,data\raw\mitra\Data_T7\T7_DAll.csv,287.0,-11.1439
4192,3,15.115101,15.982634,0.8675329999999999,,,hard_brake,mitra_t7,data\raw\mitra\Data_T7\T7_DAll.csv,289.0,-18.4828375
4193,7,93.76034,94.627873,0.8675329999999946,,,hard_brake,mitra_t7,data\raw\mitra\Data_T7\T7_DAll.csv,290.0,-7.130260000000001
4194,7,267.467218,268.101184,0.6339659999999867,,,hard_brake,mitra_t7,data\raw\mitra\Data_T7\T7_DAll.csv,300.0,-11.18115
4195,4,357.156824,358.024357,0.8675330000000372,,,hard_brake,mitra_t7,data\raw\mitra\Data_T7\T7_DAll.csv,307.0,-7.023475
4196,3,58.258204,59.025637,0.767433000000004,,,hard_brake,mitra_t7,data\raw\mitra\Data_T7\T7_DAll.csv,316.0,-10.943699999999998
4197,3,63.663604,64.531138,0.8675339999999991,,,hard_brake,mitra_t7,data\raw\mitra\Data_T7\T7_DAll.csv,324.0,-9.79215
4198,2,36.903536,38.004636,1.1010999999999953,,,hard_brake,mitra_t7,data\raw\mitra\Data_T7\T7_DAll.csv,327.0,-6.527273333333333
4199,7,35.568869,36.102736,0.5338670000000008,,,hard_brake,mitra_t7,data\raw\mitra\Data_T7\T7_DAll.csv,331.0,-4.5498199999999995
4200,1,59.826437,61.394671,1.568234000000004,,,hard_brake,mitra_t7,data\raw\mitra\Data_T7\T7_DAll.csv,334.0,-7.167386666666667
4201,3,69.869805,70.537138,0.6673329999999993,,,hard_brake,mitra_t7,data\raw\mitra\Data_T7\T7_DAll.csv,338.0,-6.3186125
4202,2,50.817437,51.518137,0.7007000000000048,,,hard_brake,mitra_t7,data\raw\mitra\Data_T7\T7_DAll.csv,340.0,-13.2661375
4203,1,61.795071,62.695971,0.9009,,,hard_brake,mitra_t7,data\raw\mitra\Data_T7\T7_DAll.csv,342.0,-7.594
4204,7,364.497491,365.031357,0.5338659999999891,,,hard_brake,mitra_t7,data\raw\mitra\Data_T7\T7_DAll.csv,343.0,-5.642675
4205,1,64.197471,65.198471,1.0010000000000048,,,hard_brake,mitra_t7,data\raw\mitra\Data_T7\T7_DAll.csv,344.0,-7.40411
4206,2,66.199471,67.200471,1.0009999999999906,,,hard_brake,mitra_t7,data\raw\mitra\Data_T7\T7_DAll.csv,345.0,-6.308726666666667
4207,3,71.805071,72.539138,0.734066999999996,,,hard_brake,mitra_t7,data\raw\mitra\Data_T7\T7_DAll.csv,347.0,-5.149112500000001
4208,2,63.396671,64.531138,1.1344670000000008,,,hard_brake,mitra_t7,data\raw\mitra\Data_T7\T7_DAll.csv,348.0,-6.5372
4209,3,85.051639,85.552139,0.5005000000000024,,,hard_brake,mitra_t7,data\raw\mitra\Data_T7\T7_DAll.csv,349.0,-4.130473333333334
4210,2,61.561504,62.362304,0.8008000000000024,,,hard_brake,mitra_t7,data\raw\mitra\Data_T7\T7_DAll.csv,352.0,-17.7448625
4211,2,69.636238,70.537138,0.9008999999999929,,,hard_brake,mitra_t7,data\raw\mitra\Data_T7\T7_DAll.csv,353.0,-17.9024125
4212,2,68.635238,69.536138,0.9008999999999929,,,hard_brake,mitra_t7,data\raw\mitra\Data_T7\T7_DAll.csv,356.0,-10.74455
4213,1,73.606872,74.107372,0.5005000000000024,,,hard_brake,mitra_t7,data\raw\mitra\Data_T7\T7_DAll.csv,357.0,-4.930026666666667
4214,2,73.306572,74.207472,0.9008999999999929,,,hard_brake,mitra_t7,data\raw\mitra\Data_T7\T7_DAll.csv,358.0,-10.714324999999999
4215,3,78.344939,78.878805,0.5338660000000033,,,hard_brake,mitra_t7,data\raw\mitra\Data_T7\T7_DAll.csv,359.0,-7.5539375
4216,1,66.433038,67.200471,0.7674329999999969,,,hard_brake,mitra_t7,data\raw\mitra\Data_T7\T7_DAll.csv,361.0,-13.372499999999999
4217,2,72.138738,73.039638,0.9008999999999929,,,hard_brake,mitra_t7,data\raw\mitra\Data_T7\T7_DAll.csv,362.0,-13.8585125
4218,3,81.881805,82.549139,0.6673339999999968,,,hard_brake,mitra_t7,data\raw\mitra\Data_T7\T7_DAll.csv,366.0,-10.739199999999999
4219,3,89.622873,90.557139,0.934266000000008,,,hard_brake,mitra_t7,data\raw\mitra\Data_T7\T7_DAll.csv,367.0,-6.018853333333333
4220,1,71.071005,71.871805,0.8007999999999953,,,hard_brake,mitra_t7,data\raw\mitra\Data_T7\T7_DAll.csv,368.0,-36.9888875
4221,2,74.474405,75.208472,0.734066999999996,,,hard_brake,mitra_t7,data\raw\mitra\Data_T7\T7_DAll.csv,375.0,-5.174266666666666
4222,7,235.168282,235.902349,0.7340669999999818,,,hard_brake,mitra_t7,data\raw\mitra\Data_T7\T7_DAll.csv,376.0,-5.333825000000001
4223,3,33.099736,33.666969,0.5672330000000017,,,hard_brake,mitra_t7,data\raw\mitra\Data_T7\T7_DAll.csv,382.0,-4.308400000000001
4224,2,79.245839,80.280205,1.0343659999999915,,,hard_brake,mitra_t7,data\raw\mitra\Data_T7\T7_DAll.csv,383.0,-6.761173333333334
4225,1,82.282205,83.216472,0.9342669999999913,,,hard_brake,mitra_t7,data\raw\mitra\Data_T7\T7_DAll.csv,384.0,-5.688146666666667
4226,3,38.204836,38.671969,0.4671329999999969,,,hard_brake,mitra_t7,data\raw\mitra\Data_T7\T7_DAll.csv,385.0,-4.435493333333333
4227,3,45.07837,45.912536,0.8341660000000033,,,hard_brake,mitra_t7,data\raw\mitra\Data_T7\T7_DAll.csv,386.0,-4.797186666666667
4228,3,95.428673,95.895806,0.4671329999999898,,,hard_brake,mitra_t7,data\raw\mitra\Data_T7\T7_DAll.csv,386.0,-4.181333333333333
4229,7,379.112092,379.879525,0.7674329999999827,,,hard_brake,mitra_t7,data\raw\mitra\Data_T7\T7_DAll.csv,387.0,-16.5206125
4230,3,36.503136,37.537502,1.0343660000000057,,,hard_brake,mitra_t7,data\raw\mitra\Data_T7\T7_DAll.csv,390.0,-5.453640000000001
4231,3,37.537502,38.304936,0.7674339999999944,,,hard_brake,mitra_t7,data\raw\mitra\Data_T7\T7_DAll.csv,391.0,-4.623026666666666
4232,3,50.216837,50.950903,0.7340659999999986,,,hard_brake,mitra_t7,data\raw\mitra\Data_T7\T7_DAll.csv,391.0,-4.5576
4233,3,101.46804,102.235473,0.7674329999999969,,,hard_brake,mitra_t7,data\raw\mitra\Data_T7\T7_DAll.csv,391.0,-15.5609
4234,21,61.261204,62.228837,0.9676329999999993,,,hard_brake,mitra_t7,data\raw\mitra\Data_T7\T7_DAll.csv,393.0,-4.362946666666667
4235,3,38.838803,39.305936,0.467133000000004,,,hard_brake,mitra_t7,data\raw\mitra\Data_T7\T7_DAll.csv,395.0,-4.146786666666667
4236,3,103.136373,103.636874,0.5005009999999999,,,hard_brake,mitra_t7,data\raw\mitra\Data_T7\T7_DAll.csv,395.0,-4.59042
4237,1,86.386306,87.220472,0.8341659999999962,,,hard_brake,mitra_t7,data\raw\mitra\Data_T7\T7_DAll.csv,397.0,-12.241625
4238,7,382.915892,383.716692,0.8008000000000379,,,hard_brake,mitra_t7,data\raw\mitra\Data_T7\T7_DAll.csv,402.0,-7.047937500000001
4239,3,53.353304,54.38767,1.0343659999999986,,,hard_brake,mitra_t7,data\raw\mitra\Data_T7\T7_DAll.csv,403.0,-4.62842
4240,3,107.740974,108.575141,0.8341670000000079,,,hard_brake,mitra_t7,data\raw\mitra\Data_T7\T7_DAll.csv,403.0,-12.7949
4241,1,88.888806,89.789706,0.9008999999999929,,,hard_brake,mitra_t7,data\raw\mitra\Data_T7\T7_DAll.csv,404.0,-4.425433333333333
4242,3,52.052003,52.952903,0.9009,,,hard_brake,mitra_t7,data\raw\mitra\Data_T7\T7_DAll.csv,405.0,-5.333786666666668
4243,1,91.958539,92.892806,0.9342669999999913,,,hard_brake,mitra_t7,data\raw\mitra\Data_T7\T7_DAll.csv,407.0,-20.4289875
4244,7,241.641416,242.175283,0.533867000000015,,,hard_brake,mitra_t7,data\raw\mitra\Data_T7\T7_DAll.csv,409.0,-4.255573333333333
4245,2,92.759339,93.393306,0.6339669999999984,,,hard_brake,mitra_t7,data\raw\mitra\Data_T7\T7_DAll.csv,410.0,-4.323573333333333
4246,3,114.447674,115.248474,0.8007999999999953,,,hard_brake,mitra_t7,data\raw\mitra\Data_T7\T7_DAll.csv,411.0,-8.346887500000001
4247,3,44.010636,44.47777,0.4671340000000015,,,hard_brake,mitra_t7,data\raw\mitra\Data_T7\T7_DAll.csv,412.0,-4.269139999999999
4248,3,53.253204,53.78707,0.5338660000000033,,,hard_brake,mitra_t7,data\raw\mitra\Data_T7\T7_DAll.csv,412.0,-4.1246
4249,3,110.443674,111.277841,0.8341669999999937,,,hard_brake,mitra_t7,data\raw\mitra\Data_T7\T7_DAll.csv,412.0,-5.41198
4250,7,357.89089,358.69169,0.8007999999999811,,,hard_brake,mitra_t7,data\raw\mitra\Data_T7\T7_DAll.csv,413.0,-15.592462500000002
4251,2,95.028273,95.895806,0.8675329999999946,,,hard_brake,mitra_t7,data\raw\mitra\Data_T7\T7_DAll.csv,414.0,-13.56445
4252,3,43.87717,44.344303,0.4671329999999969,,,hard_brake,mitra_t7,data\raw\mitra\Data_T7\T7_DAll.csv,416.0,-4.385660000000001
4253,3,112.412307,113.012907,0.6006,,,hard_brake,mitra_t7,data\raw\mitra\Data_T7\T7_DAll.csv,416.0,-4.8803
4254,2,98.331573,99.232473,0.9008999999999929,,,hard_brake,mitra_t7,data\raw\mitra\Data_T7\T7_DAll.csv,418.0,-14.6423875
4255,1,94.027273,94.894806,0.8675330000000088,,,hard_brake,mitra_t7,data\raw\mitra\Data_T7\T7_DAll.csv,419.0,-24.428650000000005
4256,1,96.46304,97.230473,0.7674329999999969,,,hard_brake,mitra_t7,data\raw\mitra\Data_T7\T7_DAll.csv,422.0,-12.8799375
4257,3,117.016908,117.750974,0.7340659999999986,,,hard_brake,mitra_t7,data\raw\mitra\Data_T7\T7_DAll.csv,428.0,-20.403875000000003
4258,2,101.56814,102.402307,0.8341669999999937,,,hard_brake,mitra_t7,data\raw\mitra\Data_T7\T7_DAll.csv,431.0,-5.801920000000001
4259,3,124.457675,125.258475,0.8008000000000095,,,hard_brake,mitra_t7,data\raw\mitra\Data_T7\T7_DAll.csv,434.0,-21.945637500000004
4260,3,60.160104,60.960904,0.8008000000000024,,,hard_brake,mitra_t7,data\raw\mitra\Data_T7\T7_DAll.csv,435.0,-4.367446666666667
4261,3,120.053275,121.087641,1.0343660000000057,,,hard_brake,mitra_t7,data\raw\mitra\Data_T7\T7_DAll.csv,435.0,-5.626506666666667
4262,3,127.127008,127.927808,0.8007999999999953,,,hard_brake,mitra_t7,data\raw\mitra\Data_T7\T7_DAll.csv,439.0,-9.982999999999999
4263,3,122.288841,123.089641,0.8007999999999953,,,hard_brake,mitra_t7,data\raw\mitra\Data_T7\T7_DAll.csv,440.0,-14.873062500000001
4264,1,84.517772,85.385306,0.8675340000000062,,,hard_brake,mitra_t7,data\raw\mitra\Data_T7\T7_DAll.csv,441.0,-4.95542
4265,7,377.009992,377.877525,0.8675329999999803,,,hard_brake,mitra_t7,data\raw\mitra\Data_T7\T7_DAll.csv,447.0,-21.0253375
4266,3,65.198471,66.766704,1.5682330000000064,,,hard_brake,mitra_t7,data\raw\mitra\Data_T7\T7_DAll.csv,448.0,-4.452386666666667
4267,3,129.129009,129.729609,0.6006000000000142,,,hard_brake,mitra_t7,data\raw\mitra\Data_T7\T7_DAll.csv,448.0,-4.7862599999999995
4268,7,363.029357,363.696691,0.6673339999999826,,,hard_brake,mitra_t7,data\raw\mitra\Data_T7\T7_DAll.csv,450.0,-19.041400000000003
4269,3,132.031909,132.932809,0.9008999999999787,,,hard_brake,mitra_t7,data\raw\mitra\Data_T7\T7_DAll.csv,451.0,-13.4691375
4270,1,103.503407,104.904807,1.4014000000000095,,,hard_brake,mitra_t7,data\raw\mitra\Data_T7\T7_DAll.csv,452.0,-8.551253333333333
4271,1,108.775341,110.076641,1.3012999999999977,,,hard_brake,mitra_t7,data\raw\mitra\Data_T7\T7_DAll.csv,453.0,-8.74414
4272,1,87.353939,88.221472,0.8675330000000088,,,hard_brake,mitra_t7,data\raw\mitra\Data_T7\T7_DAll.csv,455.0,-15.556787499999999
4273,2,104.504407,105.238474,0.734066999999996,,,hard_brake,mitra_t7,data\raw\mitra\Data_T7\T7_DAll.csv,456.0,-9.732800000000001
4274,3,66.599871,67.700971,1.1011000000000024,,,hard_brake,mitra_t7,data\raw\mitra\Data_T7\T7_DAll.csv,457.0,-5.42294
4275,1,112.145374,112.912807,0.7674329999999969,,,hard_brake,mitra_t7,data\raw\mitra\Data_T7\T7_DAll.csv,459.0,-10.245225
4276,2,90.290206,91.224473,0.9342670000000055,,,hard_brake,mitra_t7,data\raw\mitra\Data_T7\T7_DAll.csv,464.0,-6.239529999999999
4277,3,138.004542,138.605142,0.6006000000000142,,,hard_brake,mitra_t7,data\raw\mitra\Data_T7\T7_DAll.csv,468.0,-9.591975000000001
4278,2,119.919808,120.753975,0.8341669999999937,,,hard_brake,mitra_t7,data\raw\mitra\Data_T7\T7_DAll.csv,469.0,-15.4297
4279,3,62.262204,62.962904,0.7007000000000048,,,hard_brake,mitra_t7,data\raw\mitra\Data_T7\T7_DAll.csv,473.0,-4.274286666666667
4280,3,71.004271,72.172105,1.1678339999999992,,,hard_brake,mitra_t7,data\raw\mitra\Data_T7\T7_DAll.csv,473.0,-5.201206666666666
4281,3,139.005543,139.772976,0.7674330000000111,,,hard_brake,mitra_t7,data\raw\mitra\Data_T7\T7_DAll.csv,473.0,-6.033637499999999
4282,2,112.879441,113.746974,0.8675329999999946,,,hard_brake,mitra_t7,data\raw\mitra\Data_T7\T7_DAll.csv,474.0,-23.4783625
4283,3,72.772705,74.040638,1.2679329999999993,,,hard_brake,mitra_t7,data\raw\mitra\Data_T7\T7_DAll.csv,476.0,-4.411379999999999
4284,2,122.088641,122.922808,0.8341670000000079,,,hard_brake,mitra_t7,data\raw\mitra\Data_T7\T7_DAll.csv,481.0,-5.42536
4285,1,97.997906,98.731973,0.734066999999996,,,hard_brake,mitra_t7,data\raw\mitra\Data_T7\T7_DAll.csv,482.0,-13.57185
4286,1,115.315208,116.249474,0.934266000000008,,,hard_brake,mitra_t7,data\raw\mitra\Data_T7\T7_DAll.csv,485.0,-7.101833333333333
4287,3,74.307572,75.341938,1.0343660000000057,,,hard_brake,mitra_t7,data\raw\mitra\Data_T7\T7_DAll.csv,486.0,-4.62576
4288,3,143.94381,144.44431,0.5004999999999882,,,hard_brake,mitra_t7,data\raw\mitra\Data_T7\T7_DAll.csv,486.0,-4.96105
4289,2,123.490041,124.591142,1.1011009999999999,,,hard_brake,mitra_t7,data\raw\mitra\Data_T7\T7_DAll.csv,487.0,-6.977906666666667
4290,7,396.56286,397.397026,0.834165999999982,,,hard_brake,mitra_t7,data\raw\mitra\Data_T7\T7_DAll.csv,492.0,-22.817149999999998
4291,3,145.512043,146.279476,0.7674329999999827,,,hard_brake,mitra_t7,data\raw\mitra\Data_T7\T7_DAll.csv,493.0,-9.864162499999999
4292,2,125.358575,126.092642,0.734066999999996,,,hard_brake,mitra_t7,data\raw\mitra\Data_T7\T7_DAll.csv,494.0,-5.049393333333333
4293,1,106.47304,107.07364,0.6006,,,hard_brake,mitra_t7,data\raw\mitra\Data_T7\T7_DAll.csv,495.0,-6.596875
4294,2,106.406307,107.07364,0.6673329999999993,,,hard_brake,mitra_t7,data\raw\mitra\Data_T7\T7_DAll.csv,497.0,-14.262025
4295,1,121.054275,121.921808,0.8675329999999946,,,hard_brake,mitra_t7,data\raw\mitra\Data_T7\T7_DAll.csv,498.0,-26.492862499999998
4296,1,125.992542,127.427308,1.4347659999999962,,,hard_brake,mitra_t7,data\raw\mitra\Data_T7\T7_DAll.csv,499.0,-8.097873333333334
4297,2,111.010907,111.478041,0.4671340000000015,,,hard_brake,mitra_t7,data\raw\mitra\Data_T7\T7_DAll.csv,501.0,-4.91552
4298,2,113.480041,113.980541,0.5005000000000024,,,hard_brake,mitra_t7,data\raw\mitra\Data_T7\T7_DAll.csv,501.0,-5.06652
4299,3,78.611872,79.279205,0.6673329999999993,,,hard_brake,mitra_t7,data\raw\mitra\Data_T7\T7_DAll.csv,502.0,-4.213166666666667
4300,2,130.196742,131.097642,0.9009000000000071,,,hard_brake,mitra_t7,data\raw\mitra\Data_T7\T7_DAll.csv,502.0,-25.415374999999997
4301,1,129.162375,129.929809,0.7674340000000086,,,hard_brake,mitra_t7,data\raw\mitra\Data_T7\T7_DAll.csv,504.0,-4.72834
4302,3,81.981905,83.016272,1.0343670000000031,,,hard_brake,mitra_t7,data\raw\mitra\Data_T7\T7_DAll.csv,508.0,-4.20106
4303,3,147.14701,148.281476,1.1344660000000033,,,hard_brake,mitra_t7,data\raw\mitra\Data_T7\T7_DAll.csv,508.0,-4.841493333333333
4304,2,129.129009,129.929809,0.8008000000000095,,,hard_brake,mitra_t7,data\raw\mitra\Data_T7\T7_DAll.csv,510.0,-14.438849999999999
4305,1,133.099642,133.933809,0.8341670000000079,,,hard_brake,mitra_t7,data\raw\mitra\Data_T7\T7_DAll.csv,511.0,-10.656675
4306,1,130.430309,130.930809,0.5005000000000166,,,hard_brake,mitra_t7,data\raw\mitra\Data_T7\T7_DAll.csv,513.0,-8.277025
4307,7,401.634593,402.402027,0.7674339999999802,,,hard_brake,mitra_t7,data\raw\mitra\Data_T7\T7_DAll.csv,515.0,-9.768550000000001
4308,2,138.605142,139.606143,1.0010010000000023,,,hard_brake,mitra_t7,data\raw\mitra\Data_T7\T7_DAll.csv,519.0,-16.91675
4309,2,137.070276,137.937809,0.8675329999999803,,,hard_brake,mitra_t7,data\raw\mitra\Data_T7\T7_DAll.csv,520.0,-9.3958375
4310,3,149.716243,150.617143,0.9009000000000071,,,hard_brake,mitra_t7,data\raw\mitra\Data_T7\T7_DAll.csv,521.0,-6.50298
4311,1,117.650874,118.485041,0.8341669999999937,,,hard_brake,mitra_t7,data\raw\mitra\Data_T7\T7_DAll.csv,522.0,-5.095273333333334
4312,2,141.741609,142.609143,0.8675339999999778,,,hard_brake,mitra_t7,data\raw\mitra\Data_T7\T7_DAll.csv,523.0,-10.9592375
4313,2,140.073276,140.940809,0.8675330000000088,,,hard_brake,mitra_t7,data\raw\mitra\Data_T7\T7_DAll.csv,525.0,-7.54255
4314,1,137.303842,138.438309,1.1344670000000008,,,hard_brake,mitra_t7,data\raw\mitra\Data_T7\T7_DAll.csv,526.0,-8.131013333333334
4315,1,143.576776,144.777976,1.2012,,,hard_brake,mitra_t7,data\raw\mitra\Data_T7\T7_DAll.csv,530.0,-12.197906666666666
4316,3,151.35121,152.118643,0.7674329999999827,,,hard_brake,mitra_t7,data\raw\mitra\Data_T7\T7_DAll.csv,533.0,-13.921437499999998
4317,7,402.502127,403.236193,0.7340660000000412,,,hard_brake,mitra_t7,data\raw\mitra\Data_T7\T7_DAll.csv,535.0,-10.597387499999998
4318,1,144.94481,145.612143,0.6673330000000135,,,hard_brake,mitra_t7,data\raw\mitra\Data_T7\T7_DAll.csv,536.0,-10.8605625
4319,1,128.161375,129.095642,0.9342670000000055,,,hard_brake,mitra_t7,data\raw\mitra\Data_T7\T7_DAll.csv,537.0,-10.802249999999999
4320,2,124.791342,125.492042,0.7006999999999977,,,hard_brake,mitra_t7,data\raw\mitra\Data_T7\T7_DAll.csv,538.0,-5.31668
4321,2,144.310843,145.111643,0.8007999999999811,,,hard_brake,mitra_t7,data\raw\mitra\Data_T7\T7_DAll.csv,538.0,-20.028350000000003
4322,7,273.106185,273.606685,0.500500000000045,,,hard_brake,mitra_t7,data\raw\mitra\Data_T7\T7_DAll.csv,540.0,-7.425087499999999
4323,2,145.812343,146.779976,0.9676330000000064,,,hard_brake,mitra_t7,data\raw\mitra\Data_T7\T7_DAll.csv,541.0,-14.395612500000002
4324,1,148.915443,149.616143,0.7006999999999834,,,hard_brake,mitra_t7,data\raw\mitra\Data_T7\T7_DAll.csv,542.0,-12.9709625
4325,1,132.031909,132.765975,0.7340659999999843,,,hard_brake,mitra_t7,data\raw\mitra\Data_T7\T7_DAll.csv,543.0,-11.4366625
4326,3,125.091642,125.792342,0.7007000000000119,,,hard_brake,mitra_t7,data\raw\mitra\Data_T7\T7_DAll.csv,548.0,-4.613853333333334
4327,3,156.890077,157.790977,0.9009000000000071,,,hard_brake,mitra_t7,data\raw\mitra\Data_T7\T7_DAll.csv,549.0,-34.4678625
4328,2,150.783977,151.95181,1.1678330000000017,,,hard_brake,mitra_t7,data\raw\mitra\Data_T7\T7_DAll.csv,550.0,-8.694025
4329,1,153.219743,153.95381,0.7340670000000102,,,hard_brake,mitra_t7,data\raw\mitra\Data_T7\T7_DAll.csv,551.0,-12.434462499999999
4330,1,153.887077,154.787977,0.9009000000000071,,,hard_brake,mitra_t7,data\raw\mitra\Data_T7\T7_DAll.csv,552.0,-20.557075000000005
4331,3,127.660875,128.161375,0.5004999999999882,,,hard_brake,mitra_t7,data\raw\mitra\Data_T7\T7_DAll.csv,553.0,-4.28428
4332,3,129.329209,129.896442,0.5672330000000159,,,hard_brake,mitra_t7,data\raw\mitra\Data_T7\T7_DAll.csv,553.0,-4.279233333333334
4333,3,158.925444,159.792977,0.8675330000000088,,,hard_brake,mitra_t7,data\raw\mitra\Data_T7\T7_DAll.csv,553.0,-37.6509125
4334,2,133.500042,134.434309,0.9342670000000055,,,hard_brake,mitra_t7,data\raw\mitra\Data_T7\T7_DAll.csv,554.0,-9.883049999999999
4335,1,154.687877,155.45531,0.7674330000000111,,,hard_brake,mitra_t7,data\raw\mitra\Data_T7\T7_DAll.csv,555.0,-8.188025000000001
4336,2,153.219743,154.45431,1.2345669999999984,,,hard_brake,mitra_t7,data\raw\mitra\Data_T7\T7_DAll.csv,556.0,-9.129053333333333
4337,0,133.399942,134.267476,0.8675339999999778,,,hard_brake,mitra_t7,data\raw\mitra\Data_T7\T7_DAll.csv,557.0,-17.9735125
4338,3,161.561411,162.295477,0.7340660000000128,,,hard_brake,mitra_t7,data\raw\mitra\Data_T7\T7_DAll.csv,559.0,-5.192081818181818
4339,3,132.899442,133.867076,0.9676340000000039,,,hard_brake,mitra_t7,data\raw\mitra\Data_T7\T7_DAll.csv,560.0,-5.745813333333333
4340,3,165.431944,166.132644,0.7007000000000119,,,hard_brake,mitra_t7,data\raw\mitra\Data_T7\T7_DAll.csv,566.0,-14.3195
4341,1,139.739609,140.607143,0.8675340000000062,,,hard_brake,mitra_t7,data\raw\mitra\Data_T7\T7_DAll.csv,567.0,-5.18426
4342,2,157.15701,157.95781,0.8007999999999811,,,hard_brake,mitra_t7,data\raw\mitra\Data_T7\T7_DAll.csv,568.0,-22.4671
4343,2,159.492677,160.293477,0.8008000000000095,,,hard_brake,mitra_t7,data\raw\mitra\Data_T7\T7_DAll.csv,569.0,-6.32955
4344,1,155.889077,156.789977,0.9009000000000071,,,hard_brake,mitra_t7,data\raw\mitra\Data_T7\T7_DAll.csv,570.0,-8.28575
4345,1,141.374576,142.108643,0.7340670000000102,,,hard_brake,mitra_t7,data\raw\mitra\Data_T7\T7_DAll.csv,572.0,-19.160424999999996
4346,3,166.799978,167.634144,0.834165999999982,,,hard_brake,mitra_t7,data\raw\mitra\Data_T7\T7_DAll.csv,573.0,-25.223512500000002
4347,3,167.867711,168.635144,0.7674329999999827,,,hard_brake,mitra_t7,data\raw\mitra\Data_T7\T7_DAll.csv,576.0,-12.021524999999999
4348,2,161.027544,161.961811,0.9342670000000055,,,hard_brake,mitra_t7,data\raw\mitra\Data_T7\T7_DAll.csv,578.0,-10.129012499999998
4349,2,162.562411,163.463311,0.9009000000000071,,,hard_brake,mitra_t7,data\raw\mitra\Data_T7\T7_DAll.csv,579.0,-14.894950000000001
4350,7,416.682961,417.583861,0.9009000000000356,,,hard_brake,mitra_t7,data\raw\mitra\Data_T7\T7_DAll.csv,582.0,-12.38915
4351,1,158.55841,159.459311,0.9009010000000046,,,hard_brake,mitra_t7,data\raw\mitra\Data_T7\T7_DAll.csv,583.0,-14.025625000000002
4352,3,173.139645,173.973811,0.8341660000000104,,,hard_brake,mitra_t7,data\raw\mitra\Data_T7\T7_DAll.csv,585.0,-20.0198125
4353,3,175.008178,175.808978,0.8008000000000095,,,hard_brake,mitra_t7,data\raw\mitra\Data_T7\T7_DAll.csv,586.0,-8.947775
4354,3,169.569411,170.303478,0.7340670000000102,,,hard_brake,mitra_t7,data\raw\mitra\Data_T7\T7_DAll.csv,587.0,-11.8354875
4355,1,142.408943,143.276476,0.8675330000000088,,,hard_brake,mitra_t7,data\raw\mitra\Data_T7\T7_DAll.csv,589.0,-19.86875
4356,2,168.501678,169.636145,1.1344670000000008,,,hard_brake,mitra_t7,data\raw\mitra\Data_T7\T7_DAll.csv,590.0,-10.100993333333331
4357,1,164.664511,165.632144,0.9676330000000064,,,hard_brake,mitra_t7,data\raw\mitra\Data_T7\T7_DAll.csv,592.0,-6.05112
4358,1,167.767611,168.468311,0.7007000000000119,,,hard_brake,mitra_t7,data\raw\mitra\Data_T7\T7_DAll.csv,597.0,-13.076162499999999
4359,1,170.170011,170.803978,0.6339670000000126,,,hard_brake,mitra_t7,data\raw\mitra\Data_T7\T7_DAll.csv,598.0,-12.0120125
4360,2,175.642145,176.976812,1.334666999999996,,,hard_brake,mitra_t7,data\raw\mitra\Data_T7\T7_DAll.csv,600.0,-15.079066666666666
4361,3,178.611778,179.479312,0.8675340000000062,,,hard_brake,mitra_t7,data\raw\mitra\Data_T7\T7_DAll.csv,602.0,-12.342375
4362,2,178.811978,179.646145,0.8341669999999795,,,hard_brake,mitra_t7,data\raw\mitra\Data_T7\T7_DAll.csv,603.0,-21.18685
4363,7,281.481219,281.948352,0.4671329999999898,,,hard_brake,mitra_t7,data\raw\mitra\Data_T7\T7_DAll.csv,604.0,-4.473774999999999
4364,3,181.014179,181.548045,0.5338659999999891,,,hard_brake,mitra_t7,data\raw\mitra\Data_T7\T7_DAll.csv,605.0,-4.4334066666666665
4365,21,149.215743,150.083277,0.8675340000000062,,,hard_brake,mitra_t7,data\raw\mitra\Data_T7\T7_DAll.csv,607.0,-5.365026666666666
4366,1,171.104278,172.305478,1.2012,,,hard_brake,mitra_t7,data\raw\mitra\Data_T7\T7_DAll.csv,609.0,-10.654775
4367,2,181.414579,181.981812,0.5672329999999874,,,hard_brake,mitra_t7,data\raw\mitra\Data_T7\T7_DAll.csv,610.0,-6.270075
4368,2,184.617779,185.318479,0.7006999999999834,,,hard_brake,mitra_t7,data\raw\mitra\Data_T7\T7_DAll.csv,614.0,-8.9327375
4369,3,183.783612,184.651146,0.8675340000000062,,,hard_brake,mitra_t7,data\raw\mitra\Data_T7\T7_DAll.csv,615.0,-28.5191875
4370,1,176.576412,177.310478,0.7340659999999843,,,hard_brake,mitra_t7,data\raw\mitra\Data_T7\T7_DAll.csv,616.0,-4.422373333333334
4371,1,180.914079,181.648145,0.7340660000000128,,,hard_brake,mitra_t7,data\raw\mitra\Data_T7\T7_DAll.csv,618.0,-12.536325000000001
4372,2,185.585412,186.486312,0.9009000000000071,,,hard_brake,mitra_t7,data\raw\mitra\Data_T7\T7_DAll.csv,621.0,-15.7642625
4373,3,186.085912,186.619779,0.5338669999999865,,,hard_brake,mitra_t7,data\raw\mitra\Data_T7\T7_DAll.csv,626.0,-4.782746666666667
4374,1,181.881712,182.815979,0.9342670000000055,,,hard_brake,mitra_t7,data\raw\mitra\Data_T7\T7_DAll.csv,627.0,-10.292662500000002
4375,1,177.911078,178.645145,0.7340670000000102,,,hard_brake,mitra_t7,data\raw\mitra\Data_T7\T7_DAll.csv,628.0,-9.5859625
4376,1,184.284112,185.151646,0.8675340000000062,,,hard_brake,mitra_t7,data\raw\mitra\Data_T7\T7_DAll.csv,631.0,-9.273787500000001
4377,3,188.121279,188.821979,0.7007000000000119,,,hard_brake,mitra_t7,data\raw\mitra\Data_T7\T7_DAll.csv,632.0,-6.6892625
4378,2,189.289113,190.156646,0.8675330000000088,,,hard_brake,mitra_t7,data\raw\mitra\Data_T7\T7_DAll.csv,633.0,-11.354375000000001
4379,1,187.720879,188.655146,0.9342670000000055,,,hard_brake,mitra_t7,data\raw\mitra\Data_T7\T7_DAll.csv,634.0,-10.515062499999999
4380,2,192.258746,193.326479,1.067733000000004,,,hard_brake,mitra_t7,data\raw\mitra\Data_T7\T7_DAll.csv,638.0,-6.522053333333333
4381,3,192.792613,193.826979,1.0343660000000057,,,hard_brake,mitra_t7,data\raw\mitra\Data_T7\T7_DAll.csv,639.0,-6.13576
4382,2,190.323479,191.491313,1.1678339999999992,,,hard_brake,mitra_t7,data\raw\mitra\Data_T7\T7_DAll.csv,643.0,-9.93698
4383,1,191.791613,192.825979,1.0343659999999772,,,hard_brake,mitra_t7,data\raw\mitra\Data_T7\T7_DAll.csv,646.0,-13.245700000000001
4384,2,174.507678,175.475312,0.9676340000000039,,,hard_brake,mitra_t7,data\raw\mitra\Data_T7\T7_DAll.csv,650.0,-27.340625
4385,3,199.03218,199.666147,0.6339669999999842,,,hard_brake,mitra_t7,data\raw\mitra\Data_T7\T7_DAll.csv,652.0,-9.137699999999999
4386,3,201.568047,202.101913,0.5338659999999891,,,hard_brake,mitra_t7,data\raw\mitra\Data_T7\T7_DAll.csv,653.0,-4.834673333333333
4387,2,201.13428,202.001813,0.8675330000000088,,,hard_brake,mitra_t7,data\raw\mitra\Data_T7\T7_DAll.csv,654.0,-24.235725
4388,2,197.597413,198.498313,0.9009000000000071,,,hard_brake,mitra_t7,data\raw\mitra\Data_T7\T7_DAll.csv,655.0,-18.3366875
4389,1,175.074912,176.042545,0.967632999999978,,,hard_brake,mitra_t7,data\raw\mitra\Data_T7\T7_DAll.csv,656.0,-6.414366666666667
4390,3,206.272747,207.173647,0.9008999999999787,,,hard_brake,mitra_t7,data\raw\mitra\Data_T7\T7_DAll.csv,661.0,-6.2798533333333335
4391,3,207.54068,208.34148,0.8007999999999811,,,hard_brake,mitra_t7,data\raw\mitra\Data_T7\T7_DAll.csv,663.0,-14.563837499999998
4392,2,204.671147,205.505314,0.8341670000000079,,,hard_brake,mitra_t7,data\raw\mitra\Data_T7\T7_DAll.csv,664.0,-9.499062499999999
4393,1,197.03018,197.83098,0.8008000000000095,,,hard_brake,mitra_t7,data\raw\mitra\Data_T7\T7_DAll.csv,666.0,-16.205275
4394,1,179.179012,179.979812,0.8008000000000095,,,hard_brake,mitra_t7,data\raw\mitra\Data_T7\T7_DAll.csv,667.0,-11.944887499999998
4395,2,205.83898,206.506314,0.667334000000011,,,hard_brake,mitra_t7,data\raw\mitra\Data_T7\T7_DAll.csv,668.0,-10.816525
4396,3,208.908714,209.842981,0.9342670000000055,,,hard_brake,mitra_t7,data\raw\mitra\Data_T7\T7_DAll.csv,669.0,-6.193053333333334
4397,2,199.666147,200.500313,0.8341660000000104,,,hard_brake,mitra_t7,data\raw\mitra\Data_T7\T7_DAll.csv,670.0,-18.639575
4398,3,210.276747,211.177647,0.9009000000000071,,,hard_brake,mitra_t7,data\raw\mitra\Data_T7\T7_DAll.csv,673.0,-19.45585
4399,1,200.93408,202.168647,1.2345669999999984,,,hard_brake,mitra_t7,data\raw\mitra\Data_T7\T7_DAll.csv,674.0,-20.2854625
4400,3,151.518043,152.018543,0.5004999999999882,,,hard_brake,mitra_t7,data\raw\mitra\Data_T7\T7_DAll.csv,675.0,-4.463186666666667
4401,3,173.806978,174.474312,0.667334000000011,,,hard_brake,mitra_t7,data\raw\mitra\Data_T7\T7_DAll.csv,675.0,-4.740526666666667
4402,3,213.246381,214.013814,0.7674329999999827,,,hard_brake,mitra_t7,data\raw\mitra\Data_T7\T7_DAll.csv,679.0,-13.420512500000001
4403,2,209.409214,210.076547,0.6673330000000135,,,hard_brake,mitra_t7,data\raw\mitra\Data_T7\T7_DAll.csv,682.0,-5.3052866666666665
4404,1,202.402213,203.33648,0.9342670000000055,,,hard_brake,mitra_t7,data\raw\mitra\Data_T7\T7_DAll.csv,684.0,-7.60056
4405,1,186.719879,187.487312,0.7674330000000111,,,hard_brake,mitra_t7,data\raw\mitra\Data_T7\T7_DAll.csv,685.0,-15.267124999999998
4406,1,205.972447,207.507314,1.5348670000000197,,,hard_brake,mitra_t7,data\raw\mitra\Data_T7\T7_DAll.csv,686.0,-10.4059
4407,0,161.728244,162.295477,0.5672330000000159,,,hard_brake,mitra_t7,data\raw\mitra\Data_T7\T7_DAll.csv,690.0,-5.741826666666666
4408,1,189.222379,189.689513,0.4671340000000157,,,hard_brake,mitra_t7,data\raw\mitra\Data_T7\T7_DAll.csv,693.0,-4.4047133333333335
4409,3,175.108278,175.742245,0.6339669999999842,,,hard_brake,mitra_t7,data\raw\mitra\Data_T7\T7_DAll.csv,695.0,-4.472493333333333
4410,3,213.947081,214.847981,0.9009000000000071,,,hard_brake,mitra_t7,data\raw\mitra\Data_T7\T7_DAll.csv,695.0,-29.551437500000002
4411,2,213.446581,214.180647,0.7340659999999843,,,hard_brake,mitra_t7,data\raw\mitra\Data_T7\T7_DAll.csv,696.0,-8.3829875
4412,1,193.626779,194.494313,0.8675340000000062,,,hard_brake,mitra_t7,data\raw\mitra\Data_T7\T7_DAll.csv,697.0,-8.600475
4413,3,215.815614,216.683148,0.8675339999999778,,,hard_brake,mitra_t7,data\raw\mitra\Data_T7\T7_DAll.csv,699.0,-20.484487499999997
4414,1,208.64178,209.24238,0.6005999999999858,,,hard_brake,mitra_t7,data\raw\mitra\Data_T7\T7_DAll.csv,702.0,-4.992559999999999
4415,3,217.083548,217.850981,0.7674329999999827,,,hard_brake,mitra_t7,data\raw\mitra\Data_T7\T7_DAll.csv,703.0,-17.8463
4416,2,219.285748,220.019815,0.7340669999999818,,,hard_brake,mitra_t7,data\raw\mitra\Data_T7\T7_DAll.csv,706.0,-19.9098375
4417,3,218.685148,219.519315,0.8341670000000079,,,hard_brake,mitra_t7,data\raw\mitra\Data_T7\T7_DAll.csv,707.0,-20.997062500000002
4418,3,219.519315,220.186648,0.6673329999999851,,,hard_brake,mitra_t7,data\raw\mitra\Data_T7\T7_DAll.csv,710.0,-13.622287499999999
4419,2,220.720515,222.355481,1.6349659999999915,,,hard_brake,mitra_t7,data\raw\mitra\Data_T7\T7_DAll.csv,712.0,-9.275900000000002
4420,3,222.522315,223.356481,0.8341660000000104,,,hard_brake,mitra_t7,data\raw\mitra\Data_T7\T7_DAll.csv,713.0,-21.8182125
4421,1,213.146281,213.846981,0.7007000000000119,,,hard_brake,mitra_t7,data\raw\mitra\Data_T7\T7_DAll.csv,715.0,-24.0030125
4422,3,224.390848,225.191648,0.8007999999999811,,,hard_brake,mitra_t7,data\raw\mitra\Data_T7\T7_DAll.csv,716.0,-15.189025
4423,7,352.418757,353.18619,0.7674329999999827,,,hard_brake,mitra_t7,data\raw\mitra\Data_T7\T7_DAll.csv,718.0,-21.085637500000004
4424,1,214.714514,215.848981,1.1344670000000008,,,hard_brake,mitra_t7,data\raw\mitra\Data_T7\T7_DAll.csv,719.0,-16.662025
4425,3,227.961082,228.861982,0.9009000000000071,,,hard_brake,mitra_t7,data\raw\mitra\Data_T7\T7_DAll.csv,720.0,-11.1875625
4426,3,226.693148,227.527315,0.8341669999999795,,,hard_brake,mitra_t7,data\raw\mitra\Data_T7\T7_DAll.csv,724.0,-22.3263375
4427,1,219.219014,220.019815,0.800801000000007,,,hard_brake,mitra_t7,data\raw\mitra\Data_T7\T7_DAll.csv,727.0,-10.455475
4428,7,484.183732,484.984532,0.8007999999999811,,,hard_brake,mitra_t7,data\raw\mitra\Data_T7\T7_DAll.csv,729.0,-17.4121375
4429,1,221.955081,222.689148,0.7340669999999818,,,hard_brake,mitra_t7,data\raw\mitra\Data_T7\T7_DAll.csv,731.0,-7.298025000000001
4430,2,225.725515,226.526315,0.8008000000000095,,,hard_brake,mitra_t7,data\raw\mitra\Data_T7\T7_DAll.csv,733.0,-18.278325
4431,1,204.270747,205.171647,0.9009000000000071,,,hard_brake,mitra_t7,data\raw\mitra\Data_T7\T7_DAll.csv,734.0,-5.817480000000001
4432,3,229.762882,230.697149,0.9342670000000055,,,hard_brake,mitra_t7,data\raw\mitra\Data_T7\T7_DAll.csv,738.0,-7.490959999999999
4433,7,428.394662,429.262195,0.8675330000000372,,,hard_brake,mitra_t7,data\raw\mitra\Data_T7\T7_DAll.csv,740.0,-16.3145625
4434,7,482.215099,482.982532,0.7674329999999827,,,hard_brake,mitra_t7,data\raw\mitra\Data_T7\T7_DAll.csv,742.0,-12.900050000000002
4435,1,209.909714,210.677147,0.7674329999999827,,,hard_brake,mitra_t7,data\raw\mitra\Data_T7\T7_DAll.csv,743.0,-12.4558375
4436,2,180.914079,181.414579,0.5005000000000166,,,hard_brake,mitra_t7,data\raw\mitra\Data_T7\T7_DAll.csv,744.0,-4.165760000000001
4437,2,229.295748,230.029815,0.7340670000000102,,,hard_brake,mitra_t7,data\raw\mitra\Data_T7\T7_DAll.csv,746.0,-11.376075
4438,1,224.691148,225.525315,0.8341670000000079,,,hard_brake,mitra_t7,data\raw\mitra\Data_T7\T7_DAll.csv,749.0,-25.04635
4439,6,238.271382,238.871982,0.6006000000000142,,,hard_brake,mitra_t7,data\raw\mitra\Data_T7\T7_DAll.csv,750.0,-4.384566666666667
4440,1,217.250381,218.184648,0.9342670000000055,,,hard_brake,mitra_t7,data\raw\mitra\Data_T7\T7_DAll.csv,751.0,-20.2315875
4441,2,231.631415,232.365482,0.7340669999999818,,,hard_brake,mitra_t7,data\raw\mitra\Data_T7\T7_DAll.csv,753.0,-12.87355
4442,1,229.462582,230.697149,1.2345669999999984,,,hard_brake,mitra_t7,data\raw\mitra\Data_T7\T7_DAll.csv,755.0,-10.550699999999999
4443,3,231.431215,232.532315,1.1011000000000024,,,hard_brake,mitra_t7,data\raw\mitra\Data_T7\T7_DAll.csv,756.0,-8.91382
4444,3,233.132915,233.866982,0.7340670000000102,,,hard_brake,mitra_t7,data\raw\mitra\Data_T7\T7_DAll.csv,757.0,-12.831937500000002
4445,2,234.467582,235.668782,1.2012,,,hard_brake,mitra_t7,data\raw\mitra\Data_T7\T7_DAll.csv,759.0,-8.774053333333335
4446,2,236.169282,236.769882,0.6005999999999858,,,hard_brake,mitra_t7,data\raw\mitra\Data_T7\T7_DAll.csv,761.0,-4.98502
4447,3,200.600413,201.401213,0.8008000000000095,,,hard_brake,mitra_t7,data\raw\mitra\Data_T7\T7_DAll.csv,766.0,-4.3205
4448,3,236.202649,236.869982,0.6673329999999851,,,hard_brake,mitra_t7,data\raw\mitra\Data_T7\T7_DAll.csv,766.0,-8.6848125
4449,7,193.626779,194.360846,0.7340670000000102,,,hard_brake,mitra_t7,data\raw\mitra\Data_T7\T7_DAll.csv,769.0,-7.999286666666666
4450,2,238.571682,239.372482,0.8007999999999811,,,hard_brake,mitra_t7,data\raw\mitra\Data_T7\T7_DAll.csv,770.0,-10.0524375
4451,1,239.872983,240.707149,0.834165999999982,,,hard_brake,mitra_t7,data\raw\mitra\Data_T7\T7_DAll.csv,772.0,-13.498225000000001
4452,1,220.320115,221.187648,0.8675330000000088,,,hard_brake,mitra_t7,data\raw\mitra\Data_T7\T7_DAll.csv,773.0,-20.7259375
4453,2,239.672782,241.040816,1.3680339999999944,,,hard_brake,mitra_t7,data\raw\mitra\Data_T7\T7_DAll.csv,775.0,-9.837137499999999
4454,1,194.661146,195.762246,1.1011000000000024,,,hard_brake,mitra_t7,data\raw\mitra\Data_T7\T7_DAll.csv,776.0,-8.315386666666667
4455,2,242.809249,243.876983,1.0677340000000015,,,hard_brake,mitra_t7,data\raw\mitra\Data_T7\T7_DAll.csv,776.0,-12.4950875
4456,2,244.644416,245.378483,0.7340669999999818,,,hard_brake,mitra_t7,data\raw\mitra\Data_T7\T7_DAll.csv,777.0,-15.569125
4457,2,241.441216,242.542316,1.1011000000000024,,,hard_brake,mitra_t7,data\raw\mitra\Data_T7\T7_DAll.csv,778.0,-8.211006666666666
4458,1,223.223015,223.856981,0.6339659999999867,,,hard_brake,mitra_t7,data\raw\mitra\Data_T7\T7_DAll.csv,779.0,-6.8728625
4459,3,241.641416,242.375483,0.7340670000000102,,,hard_brake,mitra_t7,data\raw\mitra\Data_T7\T7_DAll.csv,780.0,-10.3193625
4460,1,242.041816,242.875983,0.8341669999999795,,,hard_brake,mitra_t7,data\raw\mitra\Data_T7\T7_DAll.csv,782.0,-23.186237499999997
4461,1,242.575683,243.543316,0.9676330000000064,,,hard_brake,mitra_t7,data\raw\mitra\Data_T7\T7_DAll.csv,783.0,-5.69878
4462,3,243.009449,243.710149,0.7007000000000119,,,hard_brake,mitra_t7,data\raw\mitra\Data_T7\T7_DAll.csv,784.0,-11.100925000000002
4463,3,244.611049,245.378483,0.7674339999999802,,,hard_brake,mitra_t7,data\raw\mitra\Data_T7\T7_DAll.csv,787.0,-6.899425
4464,2,247.180283,248.21465,1.0343670000000031,,,hard_brake,mitra_t7,data\raw\mitra\Data_T7\T7_DAll.csv,788.0,-15.417475
4465,2,248.581683,249.71615,1.1344670000000008,,,hard_brake,mitra_t7,data\raw\mitra\Data_T7\T7_DAll.csv,792.0,-8.408326666666666
4466,3,247.580683,248.381483,0.8008000000000095,,,hard_brake,mitra_t7,data\raw\mitra\Data_T7\T7_DAll.csv,793.0,-5.99052
4467,3,248.41485,249.21565,0.8008000000000095,,,hard_brake,mitra_t7,data\raw\mitra\Data_T7\T7_DAll.csv,795.0,-9.1382375
4468,1,231.598049,232.365482,0.7674329999999827,,,hard_brake,mitra_t7,data\raw\mitra\Data_T7\T7_DAll.csv,796.0,-5.330312500000001
4469,1,244.91135,245.71215,0.8008000000000095,,,hard_brake,mitra_t7,data\raw\mitra\Data_T7\T7_DAll.csv,797.0,-17.5074375
4470,3,250.01645,250.71715,0.7007000000000119,,,hard_brake,mitra_t7,data\raw\mitra\Data_T7\T7_DAll.csv,798.0,-6.6176625
4471,2,251.21765,252.051817,0.8341670000000079,,,hard_brake,mitra_t7,data\raw\mitra\Data_T7\T7_DAll.csv,799.0,-19.653262499999997
4472,7,200.567047,201.13428,0.5672329999999874,,,hard_brake,mitra_t7,data\raw\mitra\Data_T7\T7_DAll.csv,801.0,-6.01494
4473,3,253.82025,254.554317,0.7340670000000102,,,hard_brake,mitra_t7,data\raw\mitra\Data_T7\T7_DAll.csv,805.0,-6.2547375
4474,2,255.054817,255.72215,0.6673329999999851,,,hard_brake,mitra_t7,data\raw\mitra\Data_T7\T7_DAll.csv,810.0,-12.260787500000001
4475,7,215.148281,215.648781,0.5005000000000166,,,hard_brake,mitra_t7,data\raw\mitra\Data_T7\T7_DAll.csv,813.0,-4.08898
4476,3,255.088184,255.888984,0.8007999999999811,,,hard_brake,mitra_t7,data\raw\mitra\Data_T7\T7_DAll.csv,816.0,-12.701737499999998
4477,7,361.361024,362.195191,0.8341670000000363,,,hard_brake,mitra_t7,data\raw\mitra\Data_T7\T7_DAll.csv,818.0,-8.304125
4478,2,258.491584,259.392484,0.9009000000000356,,,hard_brake,mitra_t7,data\raw\mitra\Data_T7\T7_DAll.csv,821.0,-20.0894375
4479,3,217.450581,218.051181,0.6006000000000142,,,hard_brake,mitra_t7,data\raw\mitra\Data_T7\T7_DAll.csv,824.0,-4.310546666666667
4480,3,255.755517,256.889984,1.1344670000000292,,,hard_brake,mitra_t7,data\raw\mitra\Data_T7\T7_DAll.csv,824.0,-9.883275000000001
4481,3,258.191284,258.758517,0.5672329999999874,,,hard_brake,mitra_t7,data\raw\mitra\Data_T7\T7_DAll.csv,827.0,-4.857886666666667
4482,2,263.296384,264.230651,0.9342670000000339,,,hard_brake,mitra_t7,data\raw\mitra\Data_T7\T7_DAll.csv,828.0,-5.958646666666667
4483,2,243.576683,244.544316,0.9676330000000064,,,hard_brake,mitra_t7,data\raw\mitra\Data_T7\T7_DAll.csv,831.0,-12.720324999999999
4484,1,245.845616,246.71315,0.8675340000000062,,,hard_brake,mitra_t7,data\raw\mitra\Data_T7\T7_DAll.csv,833.0,-17.62785
4485,2,266.266018,267.300384,1.034366000000034,,,hard_brake,mitra_t7,data\raw\mitra\Data_T7\T7_DAll.csv,835.0,-8.846846666666666
4486,1,259.52595,260.393484,0.8675339999999778,,,hard_brake,mitra_t7,data\raw\mitra\Data_T7\T7_DAll.csv,838.0,-13.6311875
4487,3,260.360117,261.394484,1.0343669999999747,,,hard_brake,mitra_t7,data\raw\mitra\Data_T7\T7_DAll.csv,839.0,-7.183539999999999
4488,1,275.508585,276.075818,0.5672330000000443,,,hard_brake,mitra_t7,data\raw\mitra\Data_T7\T7_DAll.csv,841.0,-9.8654625
4489,2,264.230651,264.764517,0.5338659999999891,,,hard_brake,mitra_t7,data\raw\mitra\Data_T7\T7_DAll.csv,844.0,-4.993113333333333
4490,3,226.426215,227.126915,0.7006999999999834,,,hard_brake,mitra_t7,data\raw\mitra\Data_T7\T7_DAll.csv,845.0,-4.847866666666666
4491,3,262.195284,262.729151,0.5338669999999865,,,hard_brake,mitra_t7,data\raw\mitra\Data_T7\T7_DAll.csv,845.0,-5.813824999999999
4492,3,263.396484,264.230651,0.8341670000000363,,,hard_brake,mitra_t7,data\raw\mitra\Data_T7\T7_DAll.csv,849.0,-8.2379625
4493,1,267.800884,268.268018,0.4671339999999873,,,hard_brake,mitra_t7,data\raw\mitra\Data_T7\T7_DAll.csv,850.0,-4.22866
4494,3,264.764517,265.565318,0.8008009999999786,,,hard_brake,mitra_t7,data\raw\mitra\Data_T7\T7_DAll.csv,852.0,-17.7662375
4495,1,278.011085,278.945352,0.9342670000000339,,,hard_brake,mitra_t7,data\raw\mitra\Data_T7\T7_DAll.csv,853.0,-6.01946
4496,3,265.898984,266.766518,0.8675340000000347,,,hard_brake,mitra_t7,data\raw\mitra\Data_T7\T7_DAll.csv,854.0,-5.5816333333333334
4497,2,269.869618,270.737151,0.8675329999999803,,,hard_brake,mitra_t7,data\raw\mitra\Data_T7\T7_DAll.csv,856.0,-4.932519999999999
4498,3,267.233651,268.067818,0.8341669999999795,,,hard_brake,mitra_t7,data\raw\mitra\Data_T7\T7_DAll.csv,859.0,-8.0293875
4499,2,271.738151,273.239651,1.5014999999999645,,,hard_brake,mitra_t7,data\raw\mitra\Data_T7\T7_DAll.csv,861.0,-18.81392222222222
4500,3,235.535316,236.402849,0.8675330000000088,,,hard_brake,mitra_t7,data\raw\mitra\Data_T7\T7_DAll.csv,862.0,-5.472626666666668
4501,3,268.801884,269.569318,0.767434000000037,,,hard_brake,mitra_t7,data\raw\mitra\Data_T7\T7_DAll.csv,862.0,-7.882875
4502,3,236.502949,237.403849,0.9009000000000071,,,hard_brake,mitra_t7,data\raw\mitra\Data_T7\T7_DAll.csv,864.0,-5.082953333333334
4503,3,269.836251,270.470218,0.6339669999999842,,,hard_brake,mitra_t7,data\raw\mitra\Data_T7\T7_DAll.csv,864.0,-5.020626666666667
4504,7,367.667324,368.368024,0.7006999999999834,,,hard_brake,mitra_t7,data\raw\mitra\Data_T7\T7_DAll.csv,865.0,-22.07875
4505,7,247.71415,248.381483,0.6673330000000135,,,hard_brake,mitra_t7,data\raw\mitra\Data_T7\T7_DAll.csv,867.0,-5.058013333333333
4506,3,237.937716,238.905349,0.9676330000000064,,,hard_brake,mitra_t7,data\raw\mitra\Data_T7\T7_DAll.csv,868.0,-4.896206666666667
4507,2,270.903985,271.904985,1.0010000000000332,,,hard_brake,mitra_t7,data\raw\mitra\Data_T7\T7_DAll.csv,868.0,-11.6066375
4508,3,273.573318,274.407485,0.8341670000000363,,,hard_brake,mitra_t7,data\raw\mitra\Data_T7\T7_DAll.csv,870.0,-24.482225000000003
4509,2,278.645052,279.245652,0.6005999999999858,,,hard_brake,mitra_t7,data\raw\mitra\Data_T7\T7_DAll.csv,871.0,-7.4238125
4510,1,280.780519,281.581319,0.8007999999999811,,,hard_brake,mitra_t7,data\raw\mitra\Data_T7\T7_DAll.csv,873.0,-11.717375
4511,3,241.207649,242.041816,0.8341670000000079,,,hard_brake,mitra_t7,data\raw\mitra\Data_T7\T7_DAll.csv,874.0,-5.010940000000001
4512,3,262.028451,262.662417,0.6339659999999867,,,hard_brake,mitra_t7,data\raw\mitra\Data_T7\T7_DAll.csv,874.0,-4.565653333333333
4513,2,284.117185,284.917985,0.8007999999999811,,,hard_brake,mitra_t7,data\raw\mitra\Data_T7\T7_DAll.csv,875.0,-12.68105
4514,2,280.513585,281.581319,1.06773400000003,,,hard_brake,mitra_t7,data\raw\mitra\Data_T7\T7_DAll.csv,877.0,-11.8542
4515,7,451.95153,452.618863,0.6673329999999851,,,hard_brake,mitra_t7,data\raw\mitra\Data_T7\T7_DAll.csv,878.0,-11.0098375
4516,2,285.118185,285.752152,0.633967000000041,,,hard_brake,mitra_t7,data\raw\mitra\Data_T7\T7_DAll.csv,881.0,-9.535074999999999
4517,3,244.477583,244.978083,0.5004999999999882,,,hard_brake,mitra_t7,data\raw\mitra\Data_T7\T7_DAll.csv,882.0,-4.431206666666667
4518,3,276.943352,277.677418,0.7340659999999843,,,hard_brake,mitra_t7,data\raw\mitra\Data_T7\T7_DAll.csv,882.0,-4.513893333333333
4519,2,281.881619,282.749152,0.8675329999999803,,,hard_brake,mitra_t7,data\raw\mitra\Data_T7\T7_DAll.csv,884.0,-4.91822
4520,1,252.41885,252.91935,0.5005000000000166,,,hard_brake,mitra_t7,data\raw\mitra\Data_T7\T7_DAll.csv,886.0,-5.483486666666667
4521,3,243.776883,244.277383,0.5004999999999882,,,hard_brake,mitra_t7,data\raw\mitra\Data_T7\T7_DAll.csv,888.0,-4.120279999999999
4522,3,278.611685,279.412485,0.8007999999999811,,,hard_brake,mitra_t7,data\raw\mitra\Data_T7\T7_DAll.csv,888.0,-16.4583
4523,3,285.251652,286.085819,0.8341670000000363,,,hard_brake,mitra_t7,data\raw\mitra\Data_T7\T7_DAll.csv,890.0,-17.2684125
4524,1,270.303385,271.070818,0.7674329999999827,,,hard_brake,mitra_t7,data\raw\mitra\Data_T7\T7_DAll.csv,892.0,-12.768325
4525,1,282.949352,283.583319,0.633967000000041,,,hard_brake,mitra_t7,data\raw\mitra\Data_T7\T7_DAll.csv,893.0,-9.2534
4526,3,245.31175,246.145916,0.8341660000000104,,,hard_brake,mitra_t7,data\raw\mitra\Data_T7\T7_DAll.csv,895.0,-4.3178133333333335
4527,3,246.71315,247.61405,0.9008999999999787,,,hard_brake,mitra_t7,data\raw\mitra\Data_T7\T7_DAll.csv,896.0,-4.843913333333333
4528,3,248.248016,248.881983,0.6339669999999842,,,hard_brake,mitra_t7,data\raw\mitra\Data_T7\T7_DAll.csv,897.0,-4.1818333333333335
4529,3,284.350752,285.084819,0.7340669999999818,,,hard_brake,mitra_t7,data\raw\mitra\Data_T7\T7_DAll.csv,897.0,-11.652162500000001
4530,2,292.091819,293.259653,1.1678340000000276,,,hard_brake,mitra_t7,data\raw\mitra\Data_T7\T7_DAll.csv,898.0,-22.686625
4531,7,362.228557,363.029357,0.8007999999999811,,,hard_brake,mitra_t7,data\raw\mitra\Data_T7\T7_DAll.csv,900.0,-19.3063
4532,1,288.054452,289.589319,1.534866999999963,,,hard_brake,mitra_t7,data\raw\mitra\Data_T7\T7_DAll.csv,904.0,-14.73728
4533,3,249.682783,250.350117,0.667334000000011,,,hard_brake,mitra_t7,data\raw\mitra\Data_T7\T7_DAll.csv,909.0,-4.58346
4534,3,290.957353,291.758153,0.8007999999999811,,,hard_brake,mitra_t7,data\raw\mitra\Data_T7\T7_DAll.csv,910.0,-18.011812499999998
4535,1,293.326386,294.260653,0.9342669999999771,,,hard_brake,mitra_t7,data\raw\mitra\Data_T7\T7_DAll.csv,912.0,-7.809822222222223
4536,2,251.61805,252.11855,0.5004999999999882,,,hard_brake,mitra_t7,data\raw\mitra\Data_T7\T7_DAll.csv,913.0,-4.265333333333333
4537,3,288.621686,289.422486,0.8007999999999811,,,hard_brake,mitra_t7,data\raw\mitra\Data_T7\T7_DAll.csv,914.0,-14.2086
4538,3,292.125186,292.592319,0.4671329999999898,,,hard_brake,mitra_t7,data\raw\mitra\Data_T7\T7_DAll.csv,915.0,-6.276624999999999
4539,1,297.430486,298.264653,0.8341670000000363,,,hard_brake,mitra_t7,data\raw\mitra\Data_T7\T7_DAll.csv,916.0,-34.912124999999996
4540,3,289.522586,290.423486,0.9009000000000356,,,hard_brake,mitra_t7,data\raw\mitra\Data_T7\T7_DAll.csv,917.0,-32.0194375
4541,1,300.19992,300.933987,0.7340669999999818,,,hard_brake,mitra_t7,data\raw\mitra\Data_T7\T7_DAll.csv,918.0,-26.10055
4542,3,296.19592,297.09682,0.9008999999999787,,,hard_brake,mitra_t7,data\raw\mitra\Data_T7\T7_DAll.csv,921.0,-5.876313333333333
4543,2,297.163553,297.930986,0.7674330000000396,,,hard_brake,mitra_t7,data\raw\mitra\Data_T7\T7_DAll.csv,922.0,-7.2261750000000005
4544,3,298.464853,299.432486,0.967632999999978,,,hard_brake,mitra_t7,data\raw\mitra\Data_T7\T7_DAll.csv,924.0,-10.409233333333333
4545,7,392.291926,392.892526,0.6005999999999858,,,hard_brake,mitra_t7,data\raw\mitra\Data_T7\T7_DAll.csv,925.0,-8.385362500000001
4546,3,300.667053,301.434487,0.7674339999999802,,,hard_brake,mitra_t7,data\raw\mitra\Data_T7\T7_DAll.csv,929.0,-20.2652125
4547,2,298.264653,299.09882,0.8341669999999795,,,hard_brake,mitra_t7,data\raw\mitra\Data_T7\T7_DAll.csv,931.0,-6.559810000000001
4548,3,303.636687,304.437487,0.8007999999999811,,,hard_brake,mitra_t7,data\raw\mitra\Data_T7\T7_DAll.csv,934.0,-13.6501625
4549,2,304.170553,305.10482,0.9342670000000339,,,hard_brake,mitra_t7,data\raw\mitra\Data_T7\T7_DAll.csv,936.0,-11.591474999999999
4550,3,305.30502,306.272654,0.9676339999999755,,,hard_brake,mitra_t7,data\raw\mitra\Data_T7\T7_DAll.csv,937.0,-10.913300000000001
4551,3,307.140187,307.774154,0.6339669999999842,,,hard_brake,mitra_t7,data\raw\mitra\Data_T7\T7_DAll.csv,938.0,-6.547837499999999
4552,3,309.575954,310.10982,0.5338659999999891,,,hard_brake,mitra_t7,data\raw\mitra\Data_T7\T7_DAll.csv,940.0,-7.75315
4553,3,310.510221,311.277654,0.7674329999999827,,,hard_brake,mitra_t7,data\raw\mitra\Data_T7\T7_DAll.csv,943.0,-14.798575
4554,2,309.976354,310.777154,0.8007999999999811,,,hard_brake,mitra_t7,data\raw\mitra\Data_T7\T7_DAll.csv,944.0,-9.507950000000001
4555,2,311.577954,312.278654,0.7007000000000403,,,hard_brake,mitra_t7,data\raw\mitra\Data_T7\T7_DAll.csv,945.0,-6.2346
4556,3,311.277654,312.111821,0.8341670000000363,,,hard_brake,mitra_t7,data\raw\mitra\Data_T7\T7_DAll.csv,947.0,-26.731025
4557,2,276.643052,277.410485,0.7674329999999827,,,hard_brake,mitra_t7,data\raw\mitra\Data_T7\T7_DAll.csv,948.0,-6.88416
4558,2,312.979354,313.780154,0.8007999999999811,,,hard_brake,mitra_t7,data\raw\mitra\Data_T7\T7_DAll.csv,948.0,-9.792724999999999
4559,1,307.60732,309.10882,1.5014999999999645,,,hard_brake,mitra_t7,data\raw\mitra\Data_T7\T7_DAll.csv,950.0,-13.902099999999999
4560,3,312.545587,313.446487,0.9008999999999787,,,hard_brake,mitra_t7,data\raw\mitra\Data_T7\T7_DAll.csv,951.0,-36.12055
4561,1,295.528586,296.262653,0.7340669999999818,,,hard_brake,mitra_t7,data\raw\mitra\Data_T7\T7_DAll.csv,952.0,-14.003912499999998
4562,3,277.777518,278.444852,0.6673340000000394,,,hard_brake,mitra_t7,data\raw\mitra\Data_T7\T7_DAll.csv,953.0,-4.5335
4563,3,314.180554,314.947987,0.7674330000000396,,,hard_brake,mitra_t7,data\raw\mitra\Data_T7\T7_DAll.csv,953.0,-14.336787499999998
4564,1,301.10082,301.60132,0.5004999999999882,,,hard_brake,mitra_t7,data\raw\mitra\Data_T7\T7_DAll.csv,955.0,-4.433673333333333
4565,2,314.580954,315.448488,0.8675339999999778,,,hard_brake,mitra_t7,data\raw\mitra\Data_T7\T7_DAll.csv,956.0,-13.608925000000001
4566,1,298.364753,299.265653,0.9008999999999787,,,hard_brake,mitra_t7,data\raw\mitra\Data_T7\T7_DAll.csv,957.0,-5.59256
4567,2,316.816521,317.784154,0.967632999999978,,,hard_brake,mitra_t7,data\raw\mitra\Data_T7\T7_DAll.csv,962.0,-19.548537500000002
4568,1,309.142187,309.942987,0.8008000000000379,,,hard_brake,mitra_t7,data\raw\mitra\Data_T7\T7_DAll.csv,964.0,-13.6744125
4569,3,317.950988,318.518221,0.5672329999999874,,,hard_brake,mitra_t7,data\raw\mitra\Data_T7\T7_DAll.csv,969.0,-4.775173333333333
4570,3,320.053088,320.787155,0.7340669999999818,,,hard_brake,mitra_t7,data\raw\mitra\Data_T7\T7_DAll.csv,971.0,-12.812725
4571,1,318.051088,319.619321,1.5682330000000206,,,hard_brake,mitra_t7,data\raw\mitra\Data_T7\T7_DAll.csv,972.0,-15.136325
4572,1,323.022721,324.457488,1.434767000000022,,,hard_brake,mitra_t7,data\raw\mitra\Data_T7\T7_DAll.csv,973.0,-9.210962499999999
4573,2,322.889255,323.623321,0.7340659999999843,,,hard_brake,mitra_t7,data\raw\mitra\Data_T7\T7_DAll.csv,976.0,-7.5658125
4574,2,325.558588,326.292655,0.7340670000000387,,,hard_brake,mitra_t7,data\raw\mitra\Data_T7\T7_DAll.csv,978.0,-17.2416
4575,3,323.790155,324.624321,0.834165999999982,,,hard_brake,mitra_t7,data\raw\mitra\Data_T7\T7_DAll.csv,979.0,-4.72814
4576,3,325.258288,326.125822,0.8675340000000347,,,hard_brake,mitra_t7,data\raw\mitra\Data_T7\T7_DAll.csv,984.0,-29.909850000000002
4577,3,327.060088,327.960988,0.9008999999999787,,,hard_brake,mitra_t7,data\raw\mitra\Data_T7\T7_DAll.csv,987.0,-21.642987500000004
4578,1,311.911621,312.612321,0.7006999999999834,,,hard_brake,mitra_t7,data\raw\mitra\Data_T7\T7_DAll.csv,988.0,-5.3848666666666665
4579,3,325.692055,326.459488,0.7674330000000396,,,hard_brake,mitra_t7,data\raw\mitra\Data_T7\T7_DAll.csv,989.0,-20.445925
4580,7,473.372931,474.140365,0.7674339999999802,,,hard_brake,mitra_t7,data\raw\mitra\Data_T7\T7_DAll.csv,993.0,-4.919546666666666
4581,1,314.047087,314.947987,0.9009000000000356,,,hard_brake,mitra_t7,data\raw\mitra\Data_T7\T7_DAll.csv,994.0,-27.6581125
4582,1,314.547587,315.214921,0.6673339999999826,,,hard_brake,mitra_t7,data\raw\mitra\Data_T7\T7_DAll.csv,995.0,-5.162273333333333
4583,3,329.162188,329.629322,0.4671339999999873,,,hard_brake,mitra_t7,data\raw\mitra\Data_T7\T7_DAll.csv,997.0,-4.9544125
4584,2,334.033722,335.301655,1.2679329999999709,,,hard_brake,mitra_t7,data\raw\mitra\Data_T7\T7_DAll.csv,998.0,-10.565425000000001
4585,3,329.595955,330.463488,0.8675329999999803,,,hard_brake,mitra_t7,data\raw\mitra\Data_T7\T7_DAll.csv,999.0,-9.560925000000001
4586,1,331.030722,332.632322,1.6015999999999622,,,hard_brake,mitra_t7,data\raw\mitra\Data_T7\T7_DAll.csv,1000.0,-16.7650875
4587,2,292.792519,293.793519,1.0009999999999764,,,hard_brake,mitra_t7,data\raw\mitra\Data_T7\T7_DAll.csv,1002.0,-7.874579999999999
4588,2,336.469489,337.303656,0.8341669999999795,,,hard_brake,mitra_t7,data\raw\mitra\Data_T7\T7_DAll.csv,1002.0,-25.487387500000004
4589,1,315.648688,316.449488,0.8007999999999811,,,hard_brake,mitra_t7,data\raw\mitra\Data_T7\T7_DAll.csv,1003.0,-20.601212499999995
4590,1,342.608956,344.143823,1.5348670000000197,,,hard_brake,mitra_t7,data\raw\mitra\Data_T7\T7_DAll.csv,1005.0,-11.8488
4591,2,332.732422,333.766789,1.0343670000000316,,,hard_brake,mitra_t7,data\raw\mitra\Data_T7\T7_DAll.csv,1007.0,-6.174766666666667
4592,3,332.832522,333.633322,0.8008000000000379,,,hard_brake,mitra_t7,data\raw\mitra\Data_T7\T7_DAll.csv,1008.0,-20.2014875
4593,2,340.206556,341.641323,1.434767000000022,,,hard_brake,mitra_t7,data\raw\mitra\Data_T7\T7_DAll.csv,1009.0,-22.148699999999998
4594,7,404.504127,405.07136,0.5672330000000443,,,hard_brake,mitra_t7,data\raw\mitra\Data_T7\T7_DAll.csv,1011.0,-7.727924999999999
4595,3,293.459853,295.261653,1.8018000000000143,,,hard_brake,mitra_t7,data\raw\mitra\Data_T7\T7_DAll.csv,1012.0,-10.325846666666667
4596,3,333.900255,334.634322,0.7340669999999818,,,hard_brake,mitra_t7,data\raw\mitra\Data_T7\T7_DAll.csv,1012.0,-16.592000000000002
4597,1,336.035722,336.969989,0.9342669999999771,,,hard_brake,mitra_t7,data\raw\mitra\Data_T7\T7_DAll.csv,1013.0,-7.8934
4598,3,321.621321,322.188555,0.5672339999999849,,,hard_brake,mitra_t7,data\raw\mitra\Data_T7\T7_DAll.csv,1014.0,-4.994966666666667
4599,3,337.170189,337.970989,0.8007999999999811,,,hard_brake,mitra_t7,data\raw\mitra\Data_T7\T7_DAll.csv,1014.0,-19.598325000000003
4600,2,328.795155,329.562588,0.7674329999999827,,,hard_brake,mitra_t7,data\raw\mitra\Data_T7\T7_DAll.csv,1015.0,-7.106260000000001
4601,7,407.27356,408.07436,0.8008000000000379,,,hard_brake,mitra_t7,data\raw\mitra\Data_T7\T7_DAll.csv,1016.0,-20.86155
4602,2,344.877889,345.812156,0.9342670000000339,,,hard_brake,mitra_t7,data\raw\mitra\Data_T7\T7_DAll.csv,1017.0,-35.286699999999996
4603,3,341.908256,342.475489,0.5672329999999874,,,hard_brake,mitra_t7,data\raw\mitra\Data_T7\T7_DAll.csv,1024.0,-5.7698125000000005
4604,2,351.78479,352.652323,0.8675330000000372,,,hard_brake,mitra_t7,data\raw\mitra\Data_T7\T7_DAll.csv,1026.0,-12.2200625
4605,2,347.98099,348.648323,0.6673329999999851,,,hard_brake,mitra_t7,data\raw\mitra\Data_T7\T7_DAll.csv,1027.0,-10.186175000000002
4606,1,325.491855,326.459488,0.9676330000000348,,,hard_brake,mitra_t7,data\raw\mitra\Data_T7\T7_DAll.csv,1028.0,-17.372425
4607,3,343.876889,344.977989,1.101099999999974,,,hard_brake,mitra_t7,data\raw\mitra\Data_T7\T7_DAll.csv,1029.0,-11.934825
4608,2,346.47949,347.146823,0.6673329999999851,,,hard_brake,mitra_t7,data\raw\mitra\Data_T7\T7_DAll.csv,1031.0,-11.6660625
4609,1,348.68169,349.48249,0.8007999999999811,,,hard_brake,mitra_t7,data\raw\mitra\Data_T7\T7_DAll.csv,1036.0,-7.188787499999999
4610,1,344.444123,345.311656,0.8675330000000372,,,hard_brake,mitra_t7,data\raw\mitra\Data_T7\T7_DAll.csv,1037.0,-9.371812499999999
4611,2,354.253923,354.821157,0.5672340000000418,,,hard_brake,mitra_t7,data\raw\mitra\Data_T7\T7_DAll.csv,1038.0,-4.843400000000001
4612,3,349.248923,349.98299,0.7340669999999818,,,hard_brake,mitra_t7,data\raw\mitra\Data_T7\T7_DAll.csv,1039.0,-16.5485375
4613,1,332.598955,333.266289,0.6673339999999826,,,hard_brake,mitra_t7,data\raw\mitra\Data_T7\T7_DAll.csv,1042.0,-5.133073333333334
4614,3,347.18019,347.98099,0.8008000000000379,,,hard_brake,mitra_t7,data\raw\mitra\Data_T7\T7_DAll.csv,1044.0,-12.2465625
4615,1,355.321657,356.155824,0.8341669999999795,,,hard_brake,mitra_t7,data\raw\mitra\Data_T7\T7_DAll.csv,1045.0,-12.1368
4616,2,355.822157,356.48949,0.6673329999999851,,,hard_brake,mitra_t7,data\raw\mitra\Data_T7\T7_DAll.csv,1046.0,-8.34545
4617,2,357.79079,358.658324,0.8675339999999778,,,hard_brake,mitra_t7,data\raw\mitra\Data_T7\T7_DAll.csv,1048.0,-22.9035875
4618,10,350.817157,351.451123,0.6339659999999867,,,hard_brake,mitra_t7,data\raw\mitra\Data_T7\T7_DAll.csv,1051.0,-4.083926666666667
4619,3,350.650323,351.48449,0.8341669999999795,,,hard_brake,mitra_t7,data\raw\mitra\Data_T7\T7_DAll.csv,1052.0,-26.858812499999996
4620,2,359.459124,360.326657,0.8675330000000372,,,hard_brake,mitra_t7,data\raw\mitra\Data_T7\T7_DAll.csv,1055.0,-8.77945
4621,3,352.752423,353.48649,0.7340669999999818,,,hard_brake,mitra_t7,data\raw\mitra\Data_T7\T7_DAll.csv,1058.0,-12.4370625
4622,7,475.308198,475.975531,0.6673329999999851,,,hard_brake,mitra_t7,data\raw\mitra\Data_T7\T7_DAll.csv,1059.0,-6.3492125
4623,1,360.860524,361.661324,0.8007999999999811,,,hard_brake,mitra_t7,data\raw\mitra\Data_T7\T7_DAll.csv,1060.0,-11.4526875
4624,2,361.260924,362.328657,1.0677330000000325,,,hard_brake,mitra_t7,data\raw\mitra\Data_T7\T7_DAll.csv,1061.0,-23.499375
4625,1,361.828157,362.995991,1.1678340000000276,,,hard_brake,mitra_t7,data\raw\mitra\Data_T7\T7_DAll.csv,1062.0,-11.433126666666668
4626,3,353.58659,354.654323,1.0677329999999756,,,hard_brake,mitra_t7,data\raw\mitra\Data_T7\T7_DAll.csv,1063.0,-14.467987500000001
4627,3,354.98799,355.48849,0.5004999999999882,,,hard_brake,mitra_t7,data\raw\mitra\Data_T7\T7_DAll.csv,1065.0,-4.911762500000001
4628,1,364.263924,365.331657,1.0677330000000325,,,hard_brake,mitra_t7,data\raw\mitra\Data_T7\T7_DAll.csv,1068.0,-8.668786666666668
4629,2,362.862524,363.830157,0.967632999999978,,,hard_brake,mitra_t7,data\raw\mitra\Data_T7\T7_DAll.csv,1069.0,-9.3406125
4630,3,357.623957,358.49149,0.8675329999999803,,,hard_brake,mitra_t7,data\raw\mitra\Data_T7\T7_DAll.csv,1072.0,-36.3556
4631,3,358.858524,359.659324,0.8008000000000379,,,hard_brake,mitra_t7,data\raw\mitra\Data_T7\T7_DAll.csv,1073.0,-14.6023
4632,2,366.933258,367.667324,0.7340659999999843,,,hard_brake,mitra_t7,data\raw\mitra\Data_T7\T7_DAll.csv,1075.0,-9.333400000000001
4633,7,486.552765,487.487032,0.9342669999999771,,,hard_brake,mitra_t7,data\raw\mitra\Data_T7\T7_DAll.csv,1076.0,-6.039666666666665
4634,1,345.545223,346.312656,0.7674329999999827,,,hard_brake,mitra_t7,data\raw\mitra\Data_T7\T7_DAll.csv,1077.0,-8.9179125
4635,3,360.993991,361.828157,0.834165999999982,,,hard_brake,mitra_t7,data\raw\mitra\Data_T7\T7_DAll.csv,1081.0,-19.46885
4636,2,371.137458,372.004991,0.8675330000000372,,,hard_brake,mitra_t7,data\raw\mitra\Data_T7\T7_DAll.csv,1082.0,-26.947262499999997
4637,1,334.133822,334.667689,0.5338669999999865,,,hard_brake,mitra_t7,data\raw\mitra\Data_T7\T7_DAll.csv,1085.0,-4.879926666666666
4638,3,362.528857,363.663324,1.1344669999999724,,,hard_brake,mitra_t7,data\raw\mitra\Data_T7\T7_DAll.csv,1086.0,-16.66635
4639,1,368.935258,369.669324,0.7340660000000412,,,hard_brake,mitra_t7,data\raw\mitra\Data_T7\T7_DAll.csv,1088.0,-5.895150000000001
4640,3,355.355023,356.155824,0.8008009999999786,,,hard_brake,mitra_t7,data\raw\mitra\Data_T7\T7_DAll.csv,1089.0,-9.785125
4641,7,411.511127,412.245194,0.7340670000000387,,,hard_brake,mitra_t7,data\raw\mitra\Data_T7\T7_DAll.csv,1091.0,-8.879187499999999
4642,3,365.031357,365.832157,0.8007999999999811,,,hard_brake,mitra_t7,data\raw\mitra\Data_T7\T7_DAll.csv,1092.0,-18.0188125
4643,3,367.133458,368.167824,1.0343659999999772,,,hard_brake,mitra_t7,data\raw\mitra\Data_T7\T7_DAll.csv,1093.0,-21.753637500000004
4644,10,338.971989,340.239922,1.2679329999999709,,,hard_brake,mitra_t7,data\raw\mitra\Data_T7\T7_DAll.csv,1094.0,-6.941393333333333
4645,2,372.839158,373.673325,0.8341669999999795,,,hard_brake,mitra_t7,data\raw\mitra\Data_T7\T7_DAll.csv,1096.0,-23.443450000000002
4646,1,369.702691,370.670324,0.967632999999978,,,hard_brake,mitra_t7,data\raw\mitra\Data_T7\T7_DAll.csv,1098.0,-7.119246666666666
4647,3,369.502491,370.169824,0.6673329999999851,,,hard_brake,mitra_t7,data\raw\mitra\Data_T7\T7_DAll.csv,1099.0,-12.042200000000001
4648,2,374.073725,375.007991,0.9342659999999796,,,hard_brake,mitra_t7,data\raw\mitra\Data_T7\T7_DAll.csv,1102.0,-13.471787500000001
4649,1,374.974625,375.908891,0.9342659999999796,,,hard_brake,mitra_t7,data\raw\mitra\Data_T7\T7_DAll.csv,1105.0,-7.170266666666667
4650,2,341.741423,342.241923,0.5004999999999882,,,hard_brake,mitra_t7,data\raw\mitra\Data_T7\T7_DAll.csv,1107.0,-4.0103
4651,2,378.578225,379.512492,0.9342670000000339,,,hard_brake,mitra_t7,data\raw\mitra\Data_T7\T7_DAll.csv,1107.0,-10.727712499999999
4652,3,373.272925,374.340658,1.0677330000000325,,,hard_brake,mitra_t7,data\raw\mitra\Data_T7\T7_DAll.csv,1110.0,-14.797587499999999
4653,1,362.862524,363.663324,0.8007999999999811,,,hard_brake,mitra_t7,data\raw\mitra\Data_T7\T7_DAll.csv,1111.0,-9.6330625
4654,2,381.814792,382.849159,1.0343669999999747,,,hard_brake,mitra_t7,data\raw\mitra\Data_T7\T7_DAll.csv,1112.0,-17.006525000000003
4655,2,383.850159,384.684325,0.834165999999982,,,hard_brake,mitra_t7,data\raw\mitra\Data_T7\T7_DAll.csv,1113.0,-24.560700000000004
4656,3,342.141823,343.376389,1.2345660000000294,,,hard_brake,mitra_t7,data\raw\mitra\Data_T7\T7_DAll.csv,1114.0,-5.0398
4657,3,344.010356,345.078089,1.0677329999999756,,,hard_brake,mitra_t7,data\raw\mitra\Data_T7\T7_DAll.csv,1115.0,-4.80238
4658,3,377.176825,378.344658,1.1678329999999733,,,hard_brake,mitra_t7,data\raw\mitra\Data_T7\T7_DAll.csv,1115.0,-11.1013625
4659,3,345.078089,345.945623,0.8675340000000347,,,hard_brake,mitra_t7,data\raw\mitra\Data_T7\T7_DAll.csv,1117.0,-4.99334
4660,3,378.611592,379.512492,0.9009000000000356,,,hard_brake,mitra_t7,data\raw\mitra\Data_T7\T7_DAll.csv,1117.0,-27.2807375
4661,2,375.274925,376.342658,1.0677329999999756,,,hard_brake,mitra_t7,data\raw\mitra\Data_T7\T7_DAll.csv,1118.0,-6.2986933333333335
4662,0,355.054723,355.822157,0.7674339999999802,,,hard_brake,mitra_t7,data\raw\mitra\Data_T7\T7_DAll.csv,1119.0,-4.969493333333333
4663,2,386.686326,388.020992,1.3346659999999702,,,hard_brake,mitra_t7,data\raw\mitra\Data_T7\T7_DAll.csv,1120.0,-11.324566666666668
4664,3,345.67869,347.046723,1.3680329999999685,,,hard_brake,mitra_t7,data\raw\mitra\Data_T7\T7_DAll.csv,1121.0,-5.9064
4665,3,379.946258,380.613592,0.6673339999999826,,,hard_brake,mitra_t7,data\raw\mitra\Data_T7\T7_DAll.csv,1121.0,-5.726406666666667
4666,1,381.614592,382.515492,0.9008999999999787,,,hard_brake,mitra_t7,data\raw\mitra\Data_T7\T7_DAll.csv,1123.0,-29.632775
4667,3,346.846523,348.047723,1.2012000000000285,,,hard_brake,mitra_t7,data\raw\mitra\Data_T7\T7_DAll.csv,1125.0,-4.935033333333333
4668,3,382.248559,383.015992,0.7674329999999827,,,hard_brake,mitra_t7,data\raw\mitra\Data_T7\T7_DAll.csv,1125.0,-13.351787500000002
4669,1,387.487126,388.354659,0.8675330000000372,,,hard_brake,mitra_t7,data\raw\mitra\Data_T7\T7_DAll.csv,1126.0,-33.7160875
4670,3,347.58059,348.815156,1.2345660000000294,,,hard_brake,mitra_t7,data\raw\mitra\Data_T7\T7_DAll.csv,1127.0,-4.415193333333333
4671,3,382.915892,383.850159,0.9342670000000339,,,hard_brake,mitra_t7,data\raw\mitra\Data_T7\T7_DAll.csv,1127.0,-22.099262500000002
4672,2,390.390026,391.524493,1.1344670000000292,,,hard_brake,mitra_t7,data\raw\mitra\Data_T7\T7_DAll.csv,1130.0,-24.626762499999998
4673,3,340.206556,341.174189,0.9676330000000348,,,hard_brake,mitra_t7,data\raw\mitra\Data_T7\T7_DAll.csv,1131.0,-5.555686666666667
4674,2,366.265924,366.999991,0.7340670000000387,,,hard_brake,mitra_t7,data\raw\mitra\Data_T7\T7_DAll.csv,1134.0,-7.317825
4675,3,350.416756,351.250923,0.8341669999999795,,,hard_brake,mitra_t7,data\raw\mitra\Data_T7\T7_DAll.csv,1135.0,-6.017259999999999
4676,3,384.016992,385.017992,1.0009999999999764,,,hard_brake,mitra_t7,data\raw\mitra\Data_T7\T7_DAll.csv,1135.0,-10.146987499999998
4677,2,350.316656,351.18419,0.8675339999999778,,,hard_brake,mitra_t7,data\raw\mitra\Data_T7\T7_DAll.csv,1136.0,-4.256653333333333
4678,1,388.488126,389.355659,0.8675329999999803,,,hard_brake,mitra_t7,data\raw\mitra\Data_T7\T7_DAll.csv,1136.0,-8.0010875
4679,6,466.999898,467.500398,0.500500000000045,,,hard_brake,mitra_t7,data\raw\mitra\Data_T7\T7_DAll.csv,1139.0,-4.816966666666667
4680,2,393.626593,394.527493,0.9008999999999787,,,hard_brake,mitra_t7,data\raw\mitra\Data_T7\T7_DAll.csv,1140.0,-6.007873333333333
4681,3,350.88389,351.918257,1.0343669999999747,,,hard_brake,mitra_t7,data\raw\mitra\Data_T7\T7_DAll.csv,1141.0,-4.404893333333334
4682,3,388.421392,389.188826,0.7674339999999802,,,hard_brake,mitra_t7,data\raw\mitra\Data_T7\T7_DAll.csv,1143.0,-16.891275
4683,3,350.450123,352.08509,1.6349669999999605,,,hard_brake,mitra_t7,data\raw\mitra\Data_T7\T7_DAll.csv,1145.0,-4.197493333333333
4684,3,389.455759,390.022992,0.5672329999999874,,,hard_brake,mitra_t7,data\raw\mitra\Data_T7\T7_DAll.csv,1145.0,-6.4571250000000004
4685,1,393.226193,393.860159,0.6339659999999867,,,hard_brake,mitra_t7,data\raw\mitra\Data_T7\T7_DAll.csv,1146.0,-4.872126666666666
4686,7,422.355295,423.256195,0.9008999999999787,,,hard_brake,mitra_t7,data\raw\mitra\Data_T7\T7_DAll.csv,1147.0,-8.162244444444445
4687,3,353.419757,354.153823,0.7340659999999843,,,hard_brake,mitra_t7,data\raw\mitra\Data_T7\T7_DAll.csv,1150.0,-4.358313333333333
4688,3,391.391026,392.525493,1.1344669999999724,,,hard_brake,mitra_t7,data\raw\mitra\Data_T7\T7_DAll.csv,1150.0,-8.240373333333334
4689,3,394.394026,395.194826,0.8007999999999811,,,hard_brake,mitra_t7,data\raw\mitra\Data_T7\T7_DAll.csv,1151.0,-13.492962499999997
4690,3,354.354023,355.154823,0.8008000000000379,,,hard_brake,mitra_t7,data\raw\mitra\Data_T7\T7_DAll.csv,1155.0,-4.6285
4691,1,401.234193,402.034993,0.8007999999999811,,,hard_brake,mitra_t7,data\raw\mitra\Data_T7\T7_DAll.csv,1157.0,-29.5515625
4692,3,354.053723,355.855524,1.8018010000000118,,,hard_brake,mitra_t7,data\raw\mitra\Data_T7\T7_DAll.csv,1159.0,-4.273973333333333
4693,2,396.26256,397.36366,1.101099999999974,,,hard_brake,mitra_t7,data\raw\mitra\Data_T7\T7_DAll.csv,1159.0,-14.75475
4694,1,376.642958,377.343658,0.7006999999999834,,,hard_brake,mitra_t7,data\raw\mitra\Data_T7\T7_DAll.csv,1161.0,-4.36355
4695,1,403.66996,404.704327,1.0343669999999747,,,hard_brake,mitra_t7,data\raw\mitra\Data_T7\T7_DAll.csv,1162.0,-10.80236
4696,3,399.932893,400.700326,0.7674330000000396,,,hard_brake,mitra_t7,data\raw\mitra\Data_T7\T7_DAll.csv,1163.0,-18.5554
4697,2,398.531493,400.032993,1.5014999999999645,,,hard_brake,mitra_t7,data\raw\mitra\Data_T7\T7_DAll.csv,1164.0,-18.660137499999998
4698,3,355.221557,355.78879,0.5672329999999874,,,hard_brake,mitra_t7,data\raw\mitra\Data_T7\T7_DAll.csv,1166.0,-4.667813333333332
4699,3,396.729693,397.697326,0.967632999999978,,,hard_brake,mitra_t7,data\raw\mitra\Data_T7\T7_DAll.csv,1166.0,-22.396449999999998
4700,1,406.67296,407.707327,1.0343670000000316,,,hard_brake,mitra_t7,data\raw\mitra\Data_T7\T7_DAll.csv,1167.0,-29.9940625
4701,2,400.533493,401.36766,0.8341669999999795,,,hard_brake,mitra_t7,data\raw\mitra\Data_T7\T7_DAll.csv,1168.0,-18.871312500000002
4702,1,383.149459,383.850159,0.7007000000000403,,,hard_brake,mitra_t7,data\raw\mitra\Data_T7\T7_DAll.csv,1170.0,-5.447026666666667
4703,3,397.897526,398.698326,0.8007999999999811,,,hard_brake,mitra_t7,data\raw\mitra\Data_T7\T7_DAll.csv,1171.0,-22.264049999999997
4704,7,424.090361,424.924528,0.8341670000000363,,,hard_brake,mitra_t7,data\raw\mitra\Data_T7\T7_DAll.csv,1172.0,-8.21265
4705,1,412.578861,413.880161,1.3012999999999693,,,hard_brake,mitra_t7,data\raw\mitra\Data_T7\T7_DAll.csv,1173.0,-7.514399999999999
4706,1,413.713327,414.380661,0.6673339999999826,,,hard_brake,mitra_t7,data\raw\mitra\Data_T7\T7_DAll.csv,1175.0,-4.922346666666667
4707,2,404.437393,405.204827,0.767434000000037,,,hard_brake,mitra_t7,data\raw\mitra\Data_T7\T7_DAll.csv,1176.0,-13.59765
4708,7,508.074267,508.5414,0.4671329999999898,,,hard_brake,mitra_t7,data\raw\mitra\Data_T7\T7_DAll.csv,1178.0,-5.344913333333334
4709,1,418.017628,418.885161,0.8675329999999803,,,hard_brake,mitra_t7,data\raw\mitra\Data_T7\T7_DAll.csv,1179.0,-16.844749999999998
4710,1,384.517492,385.251559,0.7340669999999818,,,hard_brake,mitra_t7,data\raw\mitra\Data_T7\T7_DAll.csv,1180.0,-5.112626666666666
4711,7,425.358295,426.092361,0.7340659999999843,,,hard_brake,mitra_t7,data\raw\mitra\Data_T7\T7_DAll.csv,1181.0,-12.494837500000003
4712,2,363.730057,364.230557,0.5004999999999882,,,hard_brake,mitra_t7,data\raw\mitra\Data_T7\T7_DAll.csv,1182.0,-4.1842733333333335
4713,2,408.408027,409.208827,0.8007999999999811,,,hard_brake,mitra_t7,data\raw\mitra\Data_T7\T7_DAll.csv,1182.0,-17.68725
4714,1,420.219828,421.053994,0.834165999999982,,,hard_brake,mitra_t7,data\raw\mitra\Data_T7\T7_DAll.csv,1184.0,-5.496206666666667
4715,3,404.036993,404.704327,0.6673339999999826,,,hard_brake,mitra_t7,data\raw\mitra\Data_T7\T7_DAll.csv,1187.0,-9.518349999999998
4716,3,404.87116,405.705327,0.8341670000000363,,,hard_brake,mitra_t7,data\raw\mitra\Data_T7\T7_DAll.csv,1191.0,-19.085625
4717,1,421.921528,423.055995,1.1344669999999724,,,hard_brake,mitra_t7,data\raw\mitra\Data_T7\T7_DAll.csv,1193.0,-16.964850000000002
4718,3,406.17246,406.839794,0.6673339999999826,,,hard_brake,mitra_t7,data\raw\mitra\Data_T7\T7_DAll.csv,1194.0,-5.0917
4719,2,414.313927,415.047994,0.7340670000000387,,,hard_brake,mitra_t7,data\raw\mitra\Data_T7\T7_DAll.csv,1196.0,-10.043000000000001
4720,1,425.525128,426.392661,0.8675329999999803,,,hard_brake,mitra_t7,data\raw\mitra\Data_T7\T7_DAll.csv,1199.0,-5.901913333333334
4721,3,406.97326,408.040994,1.06773400000003,,,hard_brake,mitra_t7,data\raw\mitra\Data_T7\T7_DAll.csv,1200.0,-14.793225000000001
4722,2,416.015627,416.883161,0.8675339999999778,,,hard_brake,mitra_t7,data\raw\mitra\Data_T7\T7_DAll.csv,1201.0,-37.6020375
4723,3,408.77506,409.709327,0.9342669999999771,,,hard_brake,mitra_t7,data\raw\mitra\Data_T7\T7_DAll.csv,1203.0,-20.5900375
4724,1,426.592862,427.560495,0.967632999999978,,,hard_brake,mitra_t7,data\raw\mitra\Data_T7\T7_DAll.csv,1204.0,-6.652986666666667
4725,2,417.884161,418.718328,0.8341669999999795,,,hard_brake,mitra_t7,data\raw\mitra\Data_T7\T7_DAll.csv,1206.0,-12.318750000000001
4726,3,370.436758,371.971625,1.5348670000000197,,,hard_brake,mitra_t7,data\raw\mitra\Data_T7\T7_DAll.csv,1210.0,-7.82146
4727,3,410.610227,411.544494,0.9342669999999771,,,hard_brake,mitra_t7,data\raw\mitra\Data_T7\T7_DAll.csv,1210.0,-26.525325000000002
4728,3,412.378661,413.212827,0.834165999999982,,,hard_brake,mitra_t7,data\raw\mitra\Data_T7\T7_DAll.csv,1215.0,-33.067475
4729,1,374.707691,375.308291,0.6005999999999858,,,hard_brake,mitra_t7,data\raw\mitra\Data_T7\T7_DAll.csv,1216.0,-4.396066666666667
4730,2,424.991261,425.892161,0.9008999999999787,,,hard_brake,mitra_t7,data\raw\mitra\Data_T7\T7_DAll.csv,1216.0,-14.3499125
4731,3,413.646594,414.547494,0.9008999999999787,,,hard_brake,mitra_t7,data\raw\mitra\Data_T7\T7_DAll.csv,1217.0,-20.4317375
4732,3,415.014627,415.715327,0.7006999999999834,,,hard_brake,mitra_t7,data\raw\mitra\Data_T7\T7_DAll.csv,1220.0,-15.8962
4733,2,422.355295,423.723328,1.3680329999999685,,,hard_brake,mitra_t7,data\raw\mitra\Data_T7\T7_DAll.csv,1221.0,-16.330406666666665
4734,3,417.650594,418.551494,0.9008999999999787,,,hard_brake,mitra_t7,data\raw\mitra\Data_T7\T7_DAll.csv,1223.0,-9.6796875
4735,1,433.032629,433.733329,0.7007000000000403,,,hard_brake,mitra_t7,data\raw\mitra\Data_T7\T7_DAll.csv,1224.0,-4.644146666666667
4736,1,431.431028,431.998262,0.5672339999999849,,,hard_brake,mitra_t7,data\raw\mitra\Data_T7\T7_DAll.csv,1226.0,-4.9879066666666665
4737,3,419.419028,420.219828,0.8007999999999811,,,hard_brake,mitra_t7,data\raw\mitra\Data_T7\T7_DAll.csv,1227.0,-7.4585875
4738,2,432.165095,433.065995,0.9008999999999787,,,hard_brake,mitra_t7,data\raw\mitra\Data_T7\T7_DAll.csv,1229.0,-30.492787500000002
4739,2,427.360295,428.060995,0.7006999999999834,,,hard_brake,mitra_t7,data\raw\mitra\Data_T7\T7_DAll.csv,1230.0,-14.012612500000001
4740,1,438.304562,439.071996,0.767434000000037,,,hard_brake,mitra_t7,data\raw\mitra\Data_T7\T7_DAll.csv,1239.0,-14.676449999999999
4741,3,422.155095,422.889161,0.7340659999999843,,,hard_brake,mitra_t7,data\raw\mitra\Data_T7\T7_DAll.csv,1240.0,-14.643812500000001
4742,3,424.056995,425.057995,1.0010000000000332,,,hard_brake,mitra_t7,data\raw\mitra\Data_T7\T7_DAll.csv,1242.0,-13.641150000000001
4743,2,439.672596,440.907162,1.2345660000000294,,,hard_brake,mitra_t7,data\raw\mitra\Data_T7\T7_DAll.csv,1248.0,-8.650079999999999
4744,2,435.034629,436.402662,1.3680330000000254,,,hard_brake,mitra_t7,data\raw\mitra\Data_T7\T7_DAll.csv,1250.0,-23.057274999999997
4745,3,436.569496,437.437029,0.8675329999999803,,,hard_brake,mitra_t7,data\raw\mitra\Data_T7\T7_DAll.csv,1253.0,-6.565086666666668
4746,3,418.818428,419.552494,0.7340660000000412,,,hard_brake,mitra_t7,data\raw\mitra\Data_T7\T7_DAll.csv,1254.0,-25.044224999999997
4747,1,440.706962,442.408663,1.7017010000000141,,,hard_brake,mitra_t7,data\raw\mitra\Data_T7\T7_DAll.csv,1258.0,-9.95982
4748,3,430.630228,431.564495,0.9342670000000339,,,hard_brake,mitra_t7,data\raw\mitra\Data_T7\T7_DAll.csv,1262.0,-7.8813
4749,3,432.298562,433.232829,0.9342669999999771,,,hard_brake,mitra_t7,data\raw\mitra\Data_T7\T7_DAll.csv,1263.0,-15.558425
4750,2,442.875796,443.743329,0.8675330000000372,,,hard_brake,mitra_t7,data\raw\mitra\Data_T7\T7_DAll.csv,1264.0,-33.1898125
4751,1,448.94853,449.415663,0.4671329999999898,,,hard_brake,mitra_t7,data\raw\mitra\Data_T7\T7_DAll.csv,1268.0,-6.6372375
4752,3,434.267195,435.234829,0.9676339999999755,,,hard_brake,mitra_t7,data\raw\mitra\Data_T7\T7_DAll.csv,1269.0,-13.781100000000002
4753,2,445.111363,446.245829,1.1344660000000317,,,hard_brake,mitra_t7,data\raw\mitra\Data_T7\T7_DAll.csv,1275.0,-26.252987499999996
4754,1,450.85043,451.417663,0.5672329999999874,,,hard_brake,mitra_t7,data\raw\mitra\Data_T7\T7_DAll.csv,1276.0,-5.776775000000001
4755,2,446.679596,447.580496,0.9008999999999787,,,hard_brake,mitra_t7,data\raw\mitra\Data_T7\T7_DAll.csv,1277.0,-12.638349999999999
4756,1,451.65123,452.418663,0.7674329999999827,,,hard_brake,mitra_t7,data\raw\mitra\Data_T7\T7_DAll.csv,1280.0,-16.2575125
4757,2,447.94753,449.215463,1.2679330000000277,,,hard_brake,mitra_t7,data\raw\mitra\Data_T7\T7_DAll.csv,1281.0,-12.262606666666668
4758,1,453.319563,454.25383,0.9342669999999771,,,hard_brake,mitra_t7,data\raw\mitra\Data_T7\T7_DAll.csv,1284.0,-29.848537500000003
4759,3,442.074996,442.909163,0.8341669999999795,,,hard_brake,mitra_t7,data\raw\mitra\Data_T7\T7_DAll.csv,1286.0,-14.11215
4760,2,449.382296,450.416663,1.0343670000000316,,,hard_brake,mitra_t7,data\raw\mitra\Data_T7\T7_DAll.csv,1287.0,-7.7365466666666665
4761,1,430.696962,431.397662,0.7007000000000403,,,hard_brake,mitra_t7,data\raw\mitra\Data_T7\T7_DAll.csv,1290.0,-11.5050875
4762,2,451.818063,452.585497,0.7674339999999802,,,hard_brake,mitra_t7,data\raw\mitra\Data_T7\T7_DAll.csv,1291.0,-7.760887499999999
4763,3,446.045629,447.079996,1.0343669999999747,,,hard_brake,mitra_t7,data\raw\mitra\Data_T7\T7_DAll.csv,1292.0,-11.431909090909093
4764,3,447.14673,447.74733,0.6005999999999858,,,hard_brake,mitra_t7,data\raw\mitra\Data_T7\T7_DAll.csv,1294.0,-5.142149999999999
4765,3,448.74833,449.582496,0.834165999999982,,,hard_brake,mitra_t7,data\raw\mitra\Data_T7\T7_DAll.csv,1295.0,-14.23045
4766,1,436.436029,437.403662,0.967632999999978,,,hard_brake,mitra_t7,data\raw\mitra\Data_T7\T7_DAll.csv,1297.0,-6.36566
4767,2,455.45503,456.923164,1.4681339999999636,,,hard_brake,mitra_t7,data\raw\mitra\Data_T7\T7_DAll.csv,1300.0,-17.9286125
4768,3,451.417663,452.25183,0.8341669999999795,,,hard_brake,mitra_t7,data\raw\mitra\Data_T7\T7_DAll.csv,1302.0,-22.766812499999997
4769,7,462.762331,463.629864,0.8675329999999803,,,hard_brake,mitra_t7,data\raw\mitra\Data_T7\T7_DAll.csv,1303.0,-15.4936875
4770,2,456.622863,457.423664,0.8008009999999786,,,hard_brake,mitra_t7,data\raw\mitra\Data_T7\T7_DAll.csv,1307.0,-15.370350000000002
4771,1,458.224464,459.25883,1.0343659999999772,,,hard_brake,mitra_t7,data\raw\mitra\Data_T7\T7_DAll.csv,1308.0,-12.336374999999999
4772,1,439.172096,439.739329,0.5672329999999874,,,hard_brake,mitra_t7,data\raw\mitra\Data_T7\T7_DAll.csv,1310.0,-7.1043
4773,2,461.794697,462.595497,0.8008000000000379,,,hard_brake,mitra_t7,data\raw\mitra\Data_T7\T7_DAll.csv,1311.0,-7.6896875
4774,3,457.323564,458.090997,0.7674330000000396,,,hard_brake,mitra_t7,data\raw\mitra\Data_T7\T7_DAll.csv,1312.0,-19.260875
4775,2,457.990897,458.75833,0.7674329999999827,,,hard_brake,mitra_t7,data\raw\mitra\Data_T7\T7_DAll.csv,1313.0,-16.296487499999998
4776,3,458.090997,458.925164,0.8341669999999795,,,hard_brake,mitra_t7,data\raw\mitra\Data_T7\T7_DAll.csv,1314.0,-19.269025
4777,7,476.442665,477.143365,0.7007000000000403,,,hard_brake,mitra_t7,data\raw\mitra\Data_T7\T7_DAll.csv,1315.0,-10.4330625
4778,2,460.226464,461.093997,0.8675329999999803,,,hard_brake,mitra_t7,data\raw\mitra\Data_T7\T7_DAll.csv,1316.0,-11.676275
4779,2,462.428664,463.429664,1.0009999999999764,,,hard_brake,mitra_t7,data\raw\mitra\Data_T7\T7_DAll.csv,1317.0,-10.833849999999998
4780,3,460.96053,461.761331,0.8008009999999786,,,hard_brake,mitra_t7,data\raw\mitra\Data_T7\T7_DAll.csv,1319.0,-15.723612500000002
4781,3,465.498397,466.265831,0.7674339999999802,,,hard_brake,mitra_t7,data\raw\mitra\Data_T7\T7_DAll.csv,1323.0,-15.951037500000002
4782,1,467.166731,468.601498,1.4347669999999653,,,hard_brake,mitra_t7,data\raw\mitra\Data_T7\T7_DAll.csv,1324.0,-20.54635
4783,3,467.166731,467.934164,0.7674329999999827,,,hard_brake,mitra_t7,data\raw\mitra\Data_T7\T7_DAll.csv,1325.0,-14.139925
4784,1,452.35193,453.085997,0.7340670000000387,,,hard_brake,mitra_t7,data\raw\mitra\Data_T7\T7_DAll.csv,1326.0,-6.237550000000001
4785,2,465.832064,466.599497,0.7674329999999827,,,hard_brake,mitra_t7,data\raw\mitra\Data_T7\T7_DAll.csv,1327.0,-12.736637499999999
4786,3,468.301198,469.268831,0.967632999999978,,,hard_brake,mitra_t7,data\raw\mitra\Data_T7\T7_DAll.csv,1330.0,-14.136112499999998
4787,3,469.268831,469.936164,0.6673330000000419,,,hard_brake,mitra_t7,data\raw\mitra\Data_T7\T7_DAll.csv,1332.0,-7.3409
4788,2,467.066631,467.767331,0.7007000000000403,,,hard_brake,mitra_t7,data\raw\mitra\Data_T7\T7_DAll.csv,1333.0,-5.9966125
4789,2,473.072631,473.940165,0.8675339999999778,,,hard_brake,mitra_t7,data\raw\mitra\Data_T7\T7_DAll.csv,1336.0,-12.8107
4790,3,471.237464,472.104998,0.8675340000000347,,,hard_brake,mitra_t7,data\raw\mitra\Data_T7\T7_DAll.csv,1337.0,-19.184675000000002
4791,2,472.138365,473.105998,0.967632999999978,,,hard_brake,mitra_t7,data\raw\mitra\Data_T7\T7_DAll.csv,1341.0,-11.034375
4792,1,476.209098,476.943165,0.7340670000000387,,,hard_brake,mitra_t7,data\raw\mitra\Data_T7\T7_DAll.csv,1343.0,-12.6652
4793,1,456.823064,457.590497,0.7674330000000396,,,hard_brake,mitra_t7,data\raw\mitra\Data_T7\T7_DAll.csv,1344.0,-19.22115
4794,3,473.372931,474.273831,0.9008999999999787,,,hard_brake,mitra_t7,data\raw\mitra\Data_T7\T7_DAll.csv,1345.0,-8.571737500000001
4795,2,474.707598,475.541765,0.8341669999999795,,,hard_brake,mitra_t7,data\raw\mitra\Data_T7\T7_DAll.csv,1346.0,-5.783986666666666
4796,3,474.707598,475.775331,1.0677329999999756,,,hard_brake,mitra_t7,data\raw\mitra\Data_T7\T7_DAll.csv,1349.0,-8.012126666666667
4797,3,477.844065,478.611498,0.7674329999999827,,,hard_brake,mitra_t7,data\raw\mitra\Data_T7\T7_DAll.csv,1350.0,-18.5412
4798,1,459.65923,460.35993,0.7007000000000403,,,hard_brake,mitra_t7,data\raw\mitra\Data_T7\T7_DAll.csv,1352.0,-5.519026666666667
4799,3,478.377932,478.878432,0.5004999999999882,,,hard_brake,mitra_t7,data\raw\mitra\Data_T7\T7_DAll.csv,1354.0,-4.613453333333334
4800,3,479.612498,480.446665,0.8341669999999795,,,hard_brake,mitra_t7,data\raw\mitra\Data_T7\T7_DAll.csv,1356.0,-13.4529
4801,2,463.763331,464.597497,0.834165999999982,,,hard_brake,mitra_t7,data\raw\mitra\Data_T7\T7_DAll.csv,1358.0,-4.407613333333333
4802,1,477.610498,478.945165,1.3346669999999676,,,hard_brake,mitra_t7,data\raw\mitra\Data_T7\T7_DAll.csv,1360.0,-16.837106666666667
4803,2,465.198097,465.965531,0.7674339999999802,,,hard_brake,mitra_t7,data\raw\mitra\Data_T7\T7_DAll.csv,1362.0,-4.80272
4804,2,481.180732,481.781332,0.6006000000000427,,,hard_brake,mitra_t7,data\raw\mitra\Data_T7\T7_DAll.csv,1363.0,-8.93335
4805,3,463.529764,464.263831,0.7340669999999818,,,hard_brake,mitra_t7,data\raw\mitra\Data_T7\T7_DAll.csv,1364.0,-17.2202875
4806,1,480.146365,481.280832,1.1344669999999724,,,hard_brake,mitra_t7,data\raw\mitra\Data_T7\T7_DAll.csv,1365.0,-7.19288
4807,3,481.747965,482.615499,0.8675339999999778,,,hard_brake,mitra_t7,data\raw\mitra\Data_T7\T7_DAll.csv,1367.0,-26.338025
4808,1,483.916799,484.784332,0.8675329999999803,,,hard_brake,mitra_t7,data\raw\mitra\Data_T7\T7_DAll.csv,1368.0,-10.559600000000001
4809,2,482.381932,483.282832,0.9008999999999787,,,hard_brake,mitra_t7,data\raw\mitra\Data_T7\T7_DAll.csv,1370.0,-23.7269375
4810,1,485.651865,486.619499,0.9676340000000323,,,hard_brake,mitra_t7,data\raw\mitra\Data_T7\T7_DAll.csv,1371.0,-5.628046666666666
4811,2,486.619499,487.453666,0.8341669999999795,,,hard_brake,mitra_t7,data\raw\mitra\Data_T7\T7_DAll.csv,1374.0,-8.2407
4812,3,484.283832,485.117999,0.8341669999999795,,,hard_brake,mitra_t7,data\raw\mitra\Data_T7\T7_DAll.csv,1376.0,-19.624375
4813,3,487.220099,488.287832,1.0677329999999756,,,hard_brake,mitra_t7,data\raw\mitra\Data_T7\T7_DAll.csv,1377.0,-10.423079999999999
4814,2,493.459666,494.293833,0.8341669999999795,,,hard_brake,mitra_t7,data\raw\mitra\Data_T7\T7_DAll.csv,1380.0,-33.110925
4815,2,488.921799,489.789332,0.8675329999999803,,,hard_brake,mitra_t7,data\raw\mitra\Data_T7\T7_DAll.csv,1381.0,-30.315825000000004
4816,7,508.508034,509.3422,0.834165999999982,,,hard_brake,mitra_t7,data\raw\mitra\Data_T7\T7_DAll.csv,1383.0,-7.585375000000001
4817,7,509.3422,510.176367,0.8341670000000363,,,hard_brake,mitra_t7,data\raw\mitra\Data_T7\T7_DAll.csv,1384.0,-15.454987500000001
4818,3,489.255466,490.122999,0.8675329999999803,,,hard_brake,mitra_t7,data\raw\mitra\Data_T7\T7_DAll.csv,1385.0,-11.500425000000002
4819,2,477.477032,478.177732,0.7006999999999834,,,hard_brake,mitra_t7,data\raw\mitra\Data_T7\T7_DAll.csv,1388.0,-4.964646666666666
4820,1,470.837064,471.604498,0.7674339999999802,,,hard_brake,mitra_t7,data\raw\mitra\Data_T7\T7_DAll.csv,1392.0,-6.359912500000001
4821,2,497.163366,497.964166,0.8007999999999811,,,hard_brake,mitra_t7,data\raw\mitra\Data_T7\T7_DAll.csv,1393.0,-11.53585
4822,1,490.223099,491.624499,1.4014000000000237,,,hard_brake,mitra_t7,data\raw\mitra\Data_T7\T7_DAll.csv,1394.0,-10.831253333333335
4823,1,471.804698,472.438665,0.633967000000041,,,hard_brake,mitra_t7,data\raw\mitra\Data_T7\T7_DAll.csv,1396.0,-13.867012499999998
4824,2,494.293833,495.127999,0.834165999999982,,,hard_brake,mitra_t7,data\raw\mitra\Data_T7\T7_DAll.csv,1399.0,-19.3948875
4825,3,492.091633,492.959166,0.8675329999999803,,,hard_brake,mitra_t7,data\raw\mitra\Data_T7\T7_DAll.csv,1401.0,-9.316399999999998
4826,2,498.097633,498.965166,0.8675330000000372,,,hard_brake,mitra_t7,data\raw\mitra\Data_T7\T7_DAll.csv,1402.0,-9.37425
4827,3,493.459666,494.460666,1.0009999999999764,,,hard_brake,mitra_t7,data\raw\mitra\Data_T7\T7_DAll.csv,1403.0,-13.034962499999999
4828,3,494.293833,495.294833,1.0009999999999764,,,hard_brake,mitra_t7,data\raw\mitra\Data_T7\T7_DAll.csv,1404.0,-12.0501875
4829,1,497.3302,498.297833,0.9676330000000348,,,hard_brake,mitra_t7,data\raw\mitra\Data_T7\T7_DAll.csv,1406.0,-9.90998888888889
4830,3,495.962166,496.963166,1.0009999999999764,,,hard_brake,mitra_t7,data\raw\mitra\Data_T7\T7_DAll.csv,1408.0,-6.853319999999999
4831,2,499.899433,501.300833,1.4014000000000237,,,hard_brake,mitra_t7,data\raw\mitra\Data_T7\T7_DAll.csv,1410.0,-14.5444
4832,1,503.569767,504.303833,0.7340659999999843,,,hard_brake,mitra_t7,data\raw\mitra\Data_T7\T7_DAll.csv,1412.0,-6.400087500000001
4833,1,488.588132,489.455666,0.8675340000000347,,,hard_brake,mitra_t7,data\raw\mitra\Data_T7\T7_DAll.csv,1414.0,-13.004625
4834,1,499.966166,500.800333,0.8341670000000363,,,hard_brake,mitra_t7,data\raw\mitra\Data_T7\T7_DAll.csv,1417.0,-23.399524999999997
4835,2,502.9358,503.803333,0.8675330000000372,,,hard_brake,mitra_t7,data\raw\mitra\Data_T7\T7_DAll.csv,1418.0,-11.2871125
4836,3,498.664866,499.6325,0.9676339999999755,,,hard_brake,mitra_t7,data\raw\mitra\Data_T7\T7_DAll.csv,1419.0,-28.765600000000003
4837,1,504.971167,505.6385,0.6673330000000419,,,hard_brake,mitra_t7,data\raw\mitra\Data_T7\T7_DAll.csv,1422.0,-7.9546625
4838,3,501.100633,501.901433,0.8007999999999811,,,hard_brake,mitra_t7,data\raw\mitra\Data_T7\T7_DAll.csv,1424.0,-5.534626666666666
4839,3,502.969167,503.970167,1.0009999999999764,,,hard_brake,mitra_t7,data\raw\mitra\Data_T7\T7_DAll.csv,1427.0,-20.467787499999996
4840,1,509.0419,509.976167,0.9342669999999771,,,hard_brake,mitra_t7,data\raw\mitra\Data_T7\T7_DAll.csv,1428.0,-30.281962499999995
4841,7,705.538213,706.07208,0.5338669999999865,,,hard_brake,mitra_t7,data\raw\mitra\Data_T7\T7_DAll.csv,1430.0,-4.994439999999999
4842,2,501.601133,502.468667,0.8675339999999778,,,hard_brake,mitra_t7,data\raw\mitra\Data_T7\T7_DAll.csv,1432.0,-13.536124999999998
4843,2,508.407934,509.6425,1.2345659999999725,,,hard_brake,mitra_t7,data\raw\mitra\Data_T7\T7_DAll.csv,1434.0,-9.370846666666667
4844,3,504.971167,505.805333,0.8341660000000388,,,hard_brake,mitra_t7,data\raw\mitra\Data_T7\T7_DAll.csv,1438.0,-8.8369125
4845,2,513.880067,514.647501,0.7674339999999802,,,hard_brake,mitra_t7,data\raw\mitra\Data_T7\T7_DAll.csv,1439.0,-7.404337499999999
4846,7,987.186265,987.987065,0.8007999999999811,,,hard_brake,mitra_t7,data\raw\mitra\Data_T7\T7_DAll.csv,1440.0,-8.641612499999999
4847,3,510.409934,511.144,0.7340659999999843,,,hard_brake,mitra_t7,data\raw\mitra\Data_T7\T7_DAll.csv,1441.0,-14.160625
4848,2,510.810334,511.6445,0.834165999999982,,,hard_brake,mitra_t7,data\raw\mitra\Data_T7\T7_DAll.csv,1444.0,-25.259925
4849,3,507.173367,507.6405,0.4671329999999898,,,hard_brake,mitra_t7,data\raw\mitra\Data_T7\T7_DAll.csv,1447.0,-7.1334625
4850,1,498.8317,499.465666,0.6339659999999867,,,hard_brake,mitra_t7,data\raw\mitra\Data_T7\T7_DAll.csv,1450.0,-11.20715
4851,2,514.780967,515.648501,0.8675339999999778,,,hard_brake,mitra_t7,data\raw\mitra\Data_T7\T7_DAll.csv,1453.0,-7.690712499999999
4852,1,507.173367,507.974167,0.8008000000000379,,,hard_brake,mitra_t7,data\raw\mitra\Data_T7\T7_DAll.csv,1459.0,-18.8056625
4853,2,516.449301,517.316834,0.8675329999999803,,,hard_brake,mitra_t7,data\raw\mitra\Data_T7\T7_DAll.csv,1461.0,-20.0263875
4854,3,513.479667,514.313834,0.8341670000000931,,,hard_brake,mitra_t7,data\raw\mitra\Data_T7\T7_DAll.csv,1463.0,-20.6594875
4855,3,519.886068,520.486668,0.6005999999999858,,,hard_brake,mitra_t7,data\raw\mitra\Data_T7\T7_DAll.csv,1468.0,-4.5106125
4856,1,526.626135,527.994168,1.3680329999999685,,,hard_brake,mitra_t7,data\raw\mitra\Data_T7\T7_DAll.csv,1469.0,-12.011846666666665
4857,1,528.561402,529.495668,0.9342659999999796,,,hard_brake,mitra_t7,data\raw\mitra\Data_T7\T7_DAll.csv,1473.0,-6.569513333333333
4858,1,515.148001,515.815334,0.6673329999999851,,,hard_brake,mitra_t7,data\raw\mitra\Data_T7\T7_DAll.csv,1475.0,-14.6935625
4859,1,513.813334,514.447301,0.6339669999999842,,,hard_brake,mitra_t7,data\raw\mitra\Data_T7\T7_DAll.csv,1476.0,-4.871486666666667
4860,1,531.330835,532.331835,1.0009999999999764,,,hard_brake,mitra_t7,data\raw\mitra\Data_T7\T7_DAll.csv,1477.0,-10.429759999999998
4861,3,518.384568,519.318834,0.9342660000000933,,,hard_brake,mitra_t7,data\raw\mitra\Data_T7\T7_DAll.csv,1480.0,-7.2881599999999995
4862,1,515.681867,516.482667,0.8007999999999811,,,hard_brake,mitra_t7,data\raw\mitra\Data_T7\T7_DAll.csv,1481.0,-7.6742875
4863,1,534.033535,534.667502,0.6339669999999842,,,hard_brake,mitra_t7,data\raw\mitra\Data_T7\T7_DAll.csv,1483.0,-11.5322
4864,2,526.692868,527.827335,1.1344669999999724,,,hard_brake,mitra_t7,data\raw\mitra\Data_T7\T7_DAll.csv,1487.0,-18.7320125
4865,2,530.963802,531.998168,1.0343659999999772,,,hard_brake,mitra_t7,data\raw\mitra\Data_T7\T7_DAll.csv,1489.0,-14.341462499999999
4866,2,528.694868,529.996168,1.3012999999999693,,,hard_brake,mitra_t7,data\raw\mitra\Data_T7\T7_DAll.csv,1492.0,-17.500575
4867,1,518.885068,519.652501,0.7674329999999827,,,hard_brake,mitra_t7,data\raw\mitra\Data_T7\T7_DAll.csv,1496.0,-6.965587499999999
4868,3,530.930435,531.831335,0.9008999999999787,,,hard_brake,mitra_t7,data\raw\mitra\Data_T7\T7_DAll.csv,1500.0,-19.4775375
4869,2,520.219734,521.154001,0.9342669999999771,,,hard_brake,mitra_t7,data\raw\mitra\Data_T7\T7_DAll.csv,1501.0,-32.632112500000005
4870,1,520.052901,520.987168,0.9342669999999771,,,hard_brake,mitra_t7,data\raw\mitra\Data_T7\T7_DAll.csv,1502.0,-5.5612466666666664
4871,3,521.621134,522.488668,0.8675339999999778,,,hard_brake,mitra_t7,data\raw\mitra\Data_T7\T7_DAll.csv,1504.0,-17.0379625
4872,3,522.321835,523.156001,0.834165999999982,,,hard_brake,mitra_t7,data\raw\mitra\Data_T7\T7_DAll.csv,1508.0,-8.8689875
4873,2,532.665502,533.666502,1.00100000000009,,,hard_brake,mitra_t7,data\raw\mitra\Data_T7\T7_DAll.csv,1510.0,-14.0035375
4874,3,523.789968,524.657501,0.8675329999999803,,,hard_brake,mitra_t7,data\raw\mitra\Data_T7\T7_DAll.csv,1511.0,-25.247175
4875,3,532.031535,532.832335,0.8007999999999811,,,hard_brake,mitra_t7,data\raw\mitra\Data_T7\T7_DAll.csv,1515.0,-9.704449999999998
4876,2,535.067902,535.835335,0.7674329999999827,,,hard_brake,mitra_t7,data\raw\mitra\Data_T7\T7_DAll.csv,1517.0,-15.059537499999998
4877,1,537.203369,538.838336,1.6349670000000742,,,hard_brake,mitra_t7,data\raw\mitra\Data_T7\T7_DAll.csv,1518.0,-10.150850000000002
4878,1,543.242736,544.343836,1.101099999999974,,,hard_brake,mitra_t7,data\raw\mitra\Data_T7\T7_DAll.csv,1522.0,-7.64392
4879,7,597.196639,597.897339,0.7006999999999834,,,hard_brake,mitra_t7,data\raw\mitra\Data_T7\T7_DAll.csv,1527.0,-5.253446666666666
4880,2,536.035535,537.003169,0.9676339999999755,,,hard_brake,mitra_t7,data\raw\mitra\Data_T7\T7_DAll.csv,1529.0,-10.326287500000001
4881,3,533.032535,533.833335,0.8007999999999811,,,hard_brake,mitra_t7,data\raw\mitra\Data_T7\T7_DAll.csv,1530.0,-14.279912500000002
4882,2,546.679503,547.513669,0.8341660000000957,,,hard_brake,mitra_t7,data\raw\mitra\Data_T7\T7_DAll.csv,1531.0,-24.480212499999997
4883,3,533.966802,534.834335,0.8675329999999803,,,hard_brake,mitra_t7,data\raw\mitra\Data_T7\T7_DAll.csv,1533.0,-23.958375
4884,3,539.105269,539.839336,0.7340669999999818,,,hard_brake,mitra_t7,data\raw\mitra\Data_T7\T7_DAll.csv,1535.0,-14.523075
4885,3,535.034535,535.835335,0.8007999999999811,,,hard_brake,mitra_t7,data\raw\mitra\Data_T7\T7_DAll.csv,1536.0,-13.1459875
4886,3,535.468302,536.335835,0.8675329999999803,,,hard_brake,mitra_t7,data\raw\mitra\Data_T7\T7_DAll.csv,1539.0,-35.2957125
4887,2,544.177003,545.011169,0.834165999999982,,,hard_brake,mitra_t7,data\raw\mitra\Data_T7\T7_DAll.csv,1541.0,-11.335325
4888,3,537.069902,537.837336,0.7674340000000939,,,hard_brake,mitra_t7,data\raw\mitra\Data_T7\T7_DAll.csv,1544.0,-13.773712499999998
4889,7,601.467573,602.235006,0.7674329999999827,,,hard_brake,mitra_t7,data\raw\mitra\Data_T7\T7_DAll.csv,1545.0,-5.127946666666667
4890,1,544.877703,545.845336,0.967632999999978,,,hard_brake,mitra_t7,data\raw\mitra\Data_T7\T7_DAll.csv,1550.0,-7.035660000000001
4891,1,551.684503,553.186003,1.5015000000000782,,,hard_brake,mitra_t7,data\raw\mitra\Data_T7\T7_DAll.csv,1552.0,-7.6185375
4892,1,553.653137,554.353837,0.7006999999999834,,,hard_brake,mitra_t7,data\raw\mitra\Data_T7\T7_DAll.csv,1554.0,-9.52785
4893,1,554.353837,555.02117,0.6673329999999851,,,hard_brake,mitra_t7,data\raw\mitra\Data_T7\T7_DAll.csv,1557.0,-12.145187499999999
4894,3,542.108269,543.009169,0.9009000000000924,,,hard_brake,mitra_t7,data\raw\mitra\Data_T7\T7_DAll.csv,1560.0,-18.4735
4895,1,555.42157,556.355837,0.9342669999999771,,,hard_brake,mitra_t7,data\raw\mitra\Data_T7\T7_DAll.csv,1563.0,-19.328962500000003
4896,3,543.676503,544.510669,0.834165999999982,,,hard_brake,mitra_t7,data\raw\mitra\Data_T7\T7_DAll.csv,1565.0,-7.5495
4897,1,540.473302,541.340836,0.8675339999999778,,,hard_brake,mitra_t7,data\raw\mitra\Data_T7\T7_DAll.csv,1568.0,-17.80995
4898,3,544.544036,545.344836,0.8007999999999811,,,hard_brake,mitra_t7,data\raw\mitra\Data_T7\T7_DAll.csv,1569.0,-8.8917125
4899,3,545.077903,545.845336,0.7674329999999827,,,hard_brake,mitra_t7,data\raw\mitra\Data_T7\T7_DAll.csv,1572.0,-19.3737
4900,2,553.186003,554.187003,1.0009999999999764,,,hard_brake,mitra_t7,data\raw\mitra\Data_T7\T7_DAll.csv,1573.0,-19.0964125
4901,1,557.790604,558.858337,1.0677329999999756,,,hard_brake,mitra_t7,data\raw\mitra\Data_T7\T7_DAll.csv,1575.0,-15.017787499999999
4902,2,556.455937,557.02317,0.5672330000001011,,,hard_brake,mitra_t7,data\raw\mitra\Data_T7\T7_DAll.csv,1576.0,-5.548175
4903,3,546.412569,547.180003,0.7674340000000939,,,hard_brake,mitra_t7,data\raw\mitra\Data_T7\T7_DAll.csv,1581.0,-19.1309875
4904,1,561.494304,562.52867,1.0343659999999772,,,hard_brake,mitra_t7,data\raw\mitra\Data_T7\T7_DAll.csv,1583.0,-24.110412500000002
4905,2,548.080903,548.848336,0.7674329999999827,,,hard_brake,mitra_t7,data\raw\mitra\Data_T7\T7_DAll.csv,1587.0,-4.42528
4906,3,549.31547,550.01617,0.7006999999999834,,,hard_brake,mitra_t7,data\raw\mitra\Data_T7\T7_DAll.csv,1588.0,-5.6997125
4907,1,549.348836,549.849336,0.5004999999999882,,,hard_brake,mitra_t7,data\raw\mitra\Data_T7\T7_DAll.csv,1591.0,-5.344875
4908,3,550.650136,551.51767,0.8675339999999778,,,hard_brake,mitra_t7,data\raw\mitra\Data_T7\T7_DAll.csv,1592.0,-8.8913
4909,1,567.466937,568.701504,1.23456699999997,,,hard_brake,mitra_t7,data\raw\mitra\Data_T7\T7_DAll.csv,1597.0,-12.348199999999999
4910,2,559.392204,560.860337,1.4681329999999662,,,hard_brake,mitra_t7,data\raw\mitra\Data_T7\T7_DAll.csv,1602.0,-16.291249999999998
4911,3,553.286103,554.187003,0.9008999999999787,,,hard_brake,mitra_t7,data\raw\mitra\Data_T7\T7_DAll.csv,1604.0,-7.8957999999999995
4912,3,564.697504,565.698504,1.0009999999999764,,,hard_brake,mitra_t7,data\raw\mitra\Data_T7\T7_DAll.csv,1605.0,-16.9279875
4913,2,566.365837,567.033171,0.6673339999999826,,,hard_brake,mitra_t7,data\raw\mitra\Data_T7\T7_DAll.csv,1609.0,-11.447262499999999
4914,2,562.562037,563.696504,1.1344669999999724,,,hard_brake,mitra_t7,data\raw\mitra\Data_T7\T7_DAll.csv,1611.0,-27.092237499999996
4915,3,554.787603,555.688503,0.9008999999999787,,,hard_brake,mitra_t7,data\raw\mitra\Data_T7\T7_DAll.csv,1612.0,-37.7979375
4916,3,555.655137,556.355837,0.7006999999999834,,,hard_brake,mitra_t7,data\raw\mitra\Data_T7\T7_DAll.csv,1613.0,-13.793312499999999
4917,3,555.087903,555.855337,0.7674339999999802,,,hard_brake,mitra_t7,data\raw\mitra\Data_T7\T7_DAll.csv,1617.0,-12.9376625
4918,2,563.529671,565.031171,1.5014999999999645,,,hard_brake,mitra_t7,data\raw\mitra\Data_T7\T7_DAll.csv,1618.0,-14.1372125
4919,2,570.970438,572.371838,1.4014000000000806,,,hard_brake,mitra_t7,data\raw\mitra\Data_T7\T7_DAll.csv,1623.0,-12.396513333333333
4920,1,565.331471,566.199004,0.8675329999999803,,,hard_brake,mitra_t7,data\raw\mitra\Data_T7\T7_DAll.csv,1628.0,-6.5245999999999995
4921,2,565.398204,566.365837,0.9676330000000917,,,hard_brake,mitra_t7,data\raw\mitra\Data_T7\T7_DAll.csv,1630.0,-20.093875000000004
4922,1,566.365837,567.033171,0.6673339999999826,,,hard_brake,mitra_t7,data\raw\mitra\Data_T7\T7_DAll.csv,1631.0,-12.07845
4923,3,565.765237,566.532671,0.7674340000000939,,,hard_brake,mitra_t7,data\raw\mitra\Data_T7\T7_DAll.csv,1632.0,-12.702875
4924,2,569.669138,571.204004,1.5348660000000791,,,hard_brake,mitra_t7,data\raw\mitra\Data_T7\T7_DAll.csv,1633.0,-17.7904625
4925,1,573.039171,573.873338,0.8341669999999795,,,hard_brake,mitra_t7,data\raw\mitra\Data_T7\T7_DAll.csv,1635.0,-21.238437500000003
4926,3,574.640771,575.541671,0.9008999999999787,,,hard_brake,mitra_t7,data\raw\mitra\Data_T7\T7_DAll.csv,1642.0,-30.433675000000004
4927,1,581.514305,582.381838,0.8675329999999803,,,hard_brake,mitra_t7,data\raw\mitra\Data_T7\T7_DAll.csv,1643.0,-18.8748625
4928,1,579.045172,580.213005,1.1678329999999733,,,hard_brake,mitra_t7,data\raw\mitra\Data_T7\T7_DAll.csv,1644.0,-10.45142
4929,1,569.969438,570.703504,0.7340659999999843,,,hard_brake,mitra_t7,data\raw\mitra\Data_T7\T7_DAll.csv,1646.0,-9.0803
4930,3,571.737871,572.705504,0.967632999999978,,,hard_brake,mitra_t7,data\raw\mitra\Data_T7\T7_DAll.csv,1647.0,-9.198150000000002
4931,3,567.133271,568.034171,0.9008999999999787,,,hard_brake,mitra_t7,data\raw\mitra\Data_T7\T7_DAll.csv,1648.0,-33.7871125
4932,2,574.307105,575.374838,1.0677329999999756,,,hard_brake,mitra_t7,data\raw\mitra\Data_T7\T7_DAll.csv,1649.0,-21.151225000000004
4933,1,584.083539,585.051172,0.967632999999978,,,hard_brake,mitra_t7,data\raw\mitra\Data_T7\T7_DAll.csv,1651.0,-17.218825
4934,2,585.184639,586.052172,0.867533000000094,,,hard_brake,mitra_t7,data\raw\mitra\Data_T7\T7_DAll.csv,1655.0,-23.838137500000002
4935,3,570.937071,572.038171,1.1011000000000877,,,hard_brake,mitra_t7,data\raw\mitra\Data_T7\T7_DAll.csv,1657.0,-9.82916
4936,3,577.009805,577.877338,0.8675329999999803,,,hard_brake,mitra_t7,data\raw\mitra\Data_T7\T7_DAll.csv,1659.0,-33.0484875
4937,2,581.347472,582.215005,0.8675329999999803,,,hard_brake,mitra_t7,data\raw\mitra\Data_T7\T7_DAll.csv,1662.0,-15.513675
4938,3,573.539671,574.373838,0.8341669999999795,,,hard_brake,mitra_t7,data\raw\mitra\Data_T7\T7_DAll.csv,1663.0,-16.883999999999997
4939,3,576.409205,577.210005,0.8007999999999811,,,hard_brake,mitra_t7,data\raw\mitra\Data_T7\T7_DAll.csv,1664.0,-21.6580625
4940,1,576.742871,577.710505,0.9676339999999755,,,hard_brake,mitra_t7,data\raw\mitra\Data_T7\T7_DAll.csv,1670.0,-6.0602133333333335
4941,2,586.852972,587.887339,1.0343669999999747,,,hard_brake,mitra_t7,data\raw\mitra\Data_T7\T7_DAll.csv,1671.0,-11.33992222222222
4942,3,580.880338,581.881338,1.0009999999999764,,,hard_brake,mitra_t7,data\raw\mitra\Data_T7\T7_DAll.csv,1672.0,-6.451426666666666
4943,3,578.611405,579.378838,0.7674329999999827,,,hard_brake,mitra_t7,data\raw\mitra\Data_T7\T7_DAll.csv,1673.0,-8.9056625
4944,1,586.252372,587.220005,0.967632999999978,,,hard_brake,mitra_t7,data\raw\mitra\Data_T7\T7_DAll.csv,1674.0,-10.39225
4945,2,582.248372,583.216005,0.967632999999978,,,hard_brake,mitra_t7,data\raw\mitra\Data_T7\T7_DAll.csv,1677.0,-16.3018625
4946,3,582.215005,583.182639,0.9676339999999755,,,hard_brake,mitra_t7,data\raw\mitra\Data_T7\T7_DAll.csv,1678.0,-5.541479999999999
4947,1,589.322106,590.223006,0.9009000000000924,,,hard_brake,mitra_t7,data\raw\mitra\Data_T7\T7_DAll.csv,1680.0,-7.196200000000001
4948,3,585.284739,586.052172,0.7674330000000964,,,hard_brake,mitra_t7,data\raw\mitra\Data_T7\T7_DAll.csv,1684.0,-31.80085
4949,1,600.032806,601.567673,1.534866999999963,,,hard_brake,mitra_t7,data\raw\mitra\Data_T7\T7_DAll.csv,1694.0,-9.486249999999998
4950,2,591.657772,592.391839,0.7340669999999818,,,hard_brake,mitra_t7,data\raw\mitra\Data_T7\T7_DAll.csv,1698.0,-17.8466
4951,1,596.195639,597.063173,0.8675339999999778,,,hard_brake,mitra_t7,data\raw\mitra\Data_T7\T7_DAll.csv,1700.0,-8.435849999999999
4952,3,587.820605,589.055172,1.23456699999997,,,hard_brake,mitra_t7,data\raw\mitra\Data_T7\T7_DAll.csv,1701.0,-11.024826666666666
4953,2,593.092539,593.893339,0.8007999999999811,,,hard_brake,mitra_t7,data\raw\mitra\Data_T7\T7_DAll.csv,1702.0,-4.646486666666666
4954,1,603.00244,603.569673,0.5672329999999874,,,hard_brake,mitra_t7,data\raw\mitra\Data_T7\T7_DAll.csv,1705.0,-5.250275
4955,3,589.388839,590.556672,1.167833000000087,,,hard_brake,mitra_t7,data\raw\mitra\Data_T7\T7_DAll.csv,1706.0,-14.675312499999999
4956,3,591.224006,592.225006,1.0009999999999764,,,hard_brake,mitra_t7,data\raw\mitra\Data_T7\T7_DAll.csv,1711.0,-24.574675000000003
4957,3,598.664773,599.232006,0.5672329999999874,,,hard_brake,mitra_t7,data\raw\mitra\Data_T7\T7_DAll.csv,1712.0,-11.4072375
4958,3,593.392839,593.893339,0.5004999999999882,,,hard_brake,mitra_t7,data\raw\mitra\Data_T7\T7_DAll.csv,1713.0,-6.4476249999999995
4959,1,597.263373,598.064173,0.8007999999999811,,,hard_brake,mitra_t7,data\raw\mitra\Data_T7\T7_DAll.csv,1714.0,-13.444062500000001
4960,3,592.058172,592.892339,0.8341669999999795,,,hard_brake,mitra_t7,data\raw\mitra\Data_T7\T7_DAll.csv,1717.0,-15.756675
4961,3,594.460573,595.228006,0.7674330000000964,,,hard_brake,mitra_t7,data\raw\mitra\Data_T7\T7_DAll.csv,1722.0,-11.03775
4962,1,598.19764,598.89834,0.7006999999999834,,,hard_brake,mitra_t7,data\raw\mitra\Data_T7\T7_DAll.csv,1725.0,-12.3893375
4963,2,607.073173,607.90734,0.8341669999999795,,,hard_brake,mitra_t7,data\raw\mitra\Data_T7\T7_DAll.csv,1727.0,-26.803825
4964,2,605.20464,606.739507,1.534866999999963,,,hard_brake,mitra_t7,data\raw\mitra\Data_T7\T7_DAll.csv,1730.0,-15.1113
4965,3,600.566673,601.40084,0.8341669999999795,,,hard_brake,mitra_t7,data\raw\mitra\Data_T7\T7_DAll.csv,1733.0,-11.314262499999998
4966,2,601.60104,602.568673,0.967632999999978,,,hard_brake,mitra_t7,data\raw\mitra\Data_T7\T7_DAll.csv,1734.0,-6.231353333333334
4967,3,597.196639,598.064173,0.8675339999999778,,,hard_brake,mitra_t7,data\raw\mitra\Data_T7\T7_DAll.csv,1735.0,-8.0458
4968,2,608.641407,609.575674,0.9342670000000908,,,hard_brake,mitra_t7,data\raw\mitra\Data_T7\T7_DAll.csv,1736.0,-11.106487500000002
4969,1,606.90634,607.573673,0.6673329999999851,,,hard_brake,mitra_t7,data\raw\mitra\Data_T7\T7_DAll.csv,1738.0,-11.8878875
4970,2,611.143907,611.744507,0.6005999999999858,,,hard_brake,mitra_t7,data\raw\mitra\Data_T7\T7_DAll.csv,1739.0,-6.410562499999999
4971,3,601.367473,602.235006,0.8675329999999803,,,hard_brake,mitra_t7,data\raw\mitra\Data_T7\T7_DAll.csv,1741.0,-17.00985
4972,3,596.529306,597.029806,0.5004999999999882,,,hard_brake,mitra_t7,data\raw\mitra\Data_T7\T7_DAll.csv,1746.0,-4.2408866666666665
4973,3,606.672773,607.573673,0.9008999999999787,,,hard_brake,mitra_t7,data\raw\mitra\Data_T7\T7_DAll.csv,1748.0,-17.255425
4974,3,610.00944,610.61004,0.6005999999999858,,,hard_brake,mitra_t7,data\raw\mitra\Data_T7\T7_DAll.csv,1749.0,-4.306653333333333
4975,3,614.747507,615.248007,0.5004999999999882,,,hard_brake,mitra_t7,data\raw\mitra\Data_T7\T7_DAll.csv,1749.0,-4.732806666666666
4976,1,612.278374,613.913341,1.6349669999999605,,,hard_brake,mitra_t7,data\raw\mitra\Data_T7\T7_DAll.csv,1750.0,-20.9257875
4977,0,590.156272,590.890339,0.7340670000000955,,,hard_brake,mitra_t7,data\raw\mitra\Data_T7\T7_DAll.csv,1753.0,-5.3819333333333335
4978,10,611.877974,612.545307,0.6673329999999851,,,hard_brake,mitra_t7,data\raw\mitra\Data_T7\T7_DAll.csv,1753.0,-4.36926
4979,3,609.075174,609.875974,0.8008000000000948,,,hard_brake,mitra_t7,data\raw\mitra\Data_T7\T7_DAll.csv,1754.0,-4.2035
4980,3,614.046807,614.914341,0.8675340000000915,,,hard_brake,mitra_t7,data\raw\mitra\Data_T7\T7_DAll.csv,1754.0,-12.3308625
4981,3,608.641407,609.575674,0.9342670000000908,,,hard_brake,mitra_t7,data\raw\mitra\Data_T7\T7_DAll.csv,1755.0,-10.8885875
4982,2,613.01244,613.579674,0.5672339999999849,,,hard_brake,mitra_t7,data\raw\mitra\Data_T7\T7_DAll.csv,1759.0,-6.4477875000000004
4983,3,607.573673,608.40784,0.8341669999999795,,,hard_brake,mitra_t7,data\raw\mitra\Data_T7\T7_DAll.csv,1760.0,-10.537775
4984,3,607.50694,608.341107,0.8341669999999795,,,hard_brake,mitra_t7,data\raw\mitra\Data_T7\T7_DAll.csv,1765.0,-4.048026666666667
4985,3,613.212641,614.080174,0.867533000000094,,,hard_brake,mitra_t7,data\raw\mitra\Data_T7\T7_DAll.csv,1765.0,-17.522975000000002
4986,1,614.614041,615.248007,0.6339659999999867,,,hard_brake,mitra_t7,data\raw\mitra\Data_T7\T7_DAll.csv,1767.0,-10.967575
4987,3,611.744507,612.578674,0.8341669999999795,,,hard_brake,mitra_t7,data\raw\mitra\Data_T7\T7_DAll.csv,1768.0,-5.759662499999999
4988,2,617.683774,618.751508,1.067733999999973,,,hard_brake,mitra_t7,data\raw\mitra\Data_T7\T7_DAll.csv,1770.0,-23.499962500000002
4989,2,618.918341,619.518941,0.6005999999999858,,,hard_brake,mitra_t7,data\raw\mitra\Data_T7\T7_DAll.csv,1772.0,-4.948146666666665
4990,1,628.060808,628.928342,0.8675340000000915,,,hard_brake,mitra_t7,data\raw\mitra\Data_T7\T7_DAll.csv,1776.0,-19.546675000000004
4991,2,621.220641,622.088174,0.8675329999999803,,,hard_brake,mitra_t7,data\raw\mitra\Data_T7\T7_DAll.csv,1777.0,-32.3913125
4992,1,624.890975,625.424841,0.5338659999999891,,,hard_brake,mitra_t7,data\raw\mitra\Data_T7\T7_DAll.csv,1778.0,-4.4870875
4993,3,622.822241,623.656408,0.8341670000000931,,,hard_brake,mitra_t7,data\raw\mitra\Data_T7\T7_DAll.csv,1779.0,-5.71502
4994,3,617.083174,618.084174,1.0009999999999764,,,hard_brake,mitra_t7,data\raw\mitra\Data_T7\T7_DAll.csv,1780.0,-12.451949999999998
4995,2,623.789875,624.490575,0.7006999999999834,,,hard_brake,mitra_t7,data\raw\mitra\Data_T7\T7_DAll.csv,1783.0,-5.49602
4996,3,611.978074,613.079174,1.101099999999974,,,hard_brake,mitra_t7,data\raw\mitra\Data_T7\T7_DAll.csv,1786.0,-5.339526666666667
4997,3,618.618041,619.418841,0.8008000000000948,,,hard_brake,mitra_t7,data\raw\mitra\Data_T7\T7_DAll.csv,1786.0,-12.703149999999999
4998,1,629.729142,630.763508,1.0343659999999772,,,hard_brake,mitra_t7,data\raw\mitra\Data_T7\T7_DAll.csv,1787.0,-14.17265
4999,2,620.086174,620.920341,0.8341669999999795,,,hard_brake,mitra_t7,data\raw\mitra\Data_T7\T7_DAll.csv,1788.0,-16.2308125
5000,1,626.525941,627.426841,0.9008999999999787,,,hard_brake,mitra_t7,data\raw\mitra\Data_T7\T7_DAll.csv,1789.0,-7.4702375000000005
5001,1,633.232642,634.567309,1.3346669999999676,,,hard_brake,mitra_t7,data\raw\mitra\Data_T7\T7_DAll.csv,1790.0,-8.132706666666667
5002,3,621.220641,622.421841,1.2011999999999716,,,hard_brake,mitra_t7,data\raw\mitra\Data_T7\T7_DAll.csv,1794.0,-8.104506666666667
5003,3,622.188274,623.256008,1.067733999999973,,,hard_brake,mitra_t7,data\raw\mitra\Data_T7\T7_DAll.csv,1798.0,-6.602639999999999
5004,1,638.104175,639.105176,1.0010009999999738,,,hard_brake,mitra_t7,data\raw\mitra\Data_T7\T7_DAll.csv,1800.0,-5.968460000000001
5005,2,626.292375,627.159908,0.8675329999999803,,,hard_brake,mitra_t7,data\raw\mitra\Data_T7\T7_DAll.csv,1801.0,-6.045066666666667
5006,3,626.726141,628.094175,1.368033999999966,,,hard_brake,mitra_t7,data\raw\mitra\Data_T7\T7_DAll.csv,1802.0,-9.3016
5007,1,635.768509,637.270009,1.5014999999999645,,,hard_brake,mitra_t7,data\raw\mitra\Data_T7\T7_DAll.csv,1803.0,-10.3254125
5008,2,625.191275,626.092175,0.9008999999999787,,,hard_brake,mitra_t7,data\raw\mitra\Data_T7\T7_DAll.csv,1804.0,-25.009862500000004
5009,3,625.057808,626.292375,1.23456699999997,,,hard_brake,mitra_t7,data\raw\mitra\Data_T7\T7_DAll.csv,1805.0,-8.85434
5010,7,943.542662,944.109896,0.5672340000000986,,,hard_brake,mitra_t7,data\raw\mitra\Data_T7\T7_DAll.csv,1808.0,-6.789324999999999
5011,2,636.569309,637.436842,0.8675329999999803,,,hard_brake,mitra_t7,data\raw\mitra\Data_T7\T7_DAll.csv,1810.0,-8.4181625
5012,2,638.838242,639.605676,0.7674339999999802,,,hard_brake,mitra_t7,data\raw\mitra\Data_T7\T7_DAll.csv,1812.0,-11.075225
5013,3,630.997075,631.931342,0.9342669999999771,,,hard_brake,mitra_t7,data\raw\mitra\Data_T7\T7_DAll.csv,1813.0,-24.223350000000003
5014,3,637.270009,638.437842,1.167833000000087,,,hard_brake,mitra_t7,data\raw\mitra\Data_T7\T7_DAll.csv,1814.0,-14.689137500000001
5015,1,631.030442,631.931342,0.9008999999999787,,,hard_brake,mitra_t7,data\raw\mitra\Data_T7\T7_DAll.csv,1815.0,-13.482575
5016,1,645.044443,645.778509,0.7340659999999843,,,hard_brake,mitra_t7,data\raw\mitra\Data_T7\T7_DAll.csv,1823.0,-12.355312499999998
5017,3,633.432842,634.600675,1.1678329999999733,,,hard_brake,mitra_t7,data\raw\mitra\Data_T7\T7_DAll.csv,1825.0,-16.69095
5018,2,641.974709,642.775509,0.8008000000000948,,,hard_brake,mitra_t7,data\raw\mitra\Data_T7\T7_DAll.csv,1826.0,-14.3043625
5019,3,641.807876,642.775509,0.9676330000000917,,,hard_brake,mitra_t7,data\raw\mitra\Data_T7\T7_DAll.csv,1829.0,-12.955462500000001
5020,2,646.212276,647.113176,0.9008999999999787,,,hard_brake,mitra_t7,data\raw\mitra\Data_T7\T7_DAll.csv,1833.0,-13.6211875
5021,2,644.777509,645.611676,0.8341669999999795,,,hard_brake,mitra_t7,data\raw\mitra\Data_T7\T7_DAll.csv,1835.0,-8.361662500000001
5022,3,639.839242,640.940342,1.101099999999974,,,hard_brake,mitra_t7,data\raw\mitra\Data_T7\T7_DAll.csv,1839.0,-14.3585125
5023,2,648.314376,649.28201,0.9676339999999755,,,hard_brake,mitra_t7,data\raw\mitra\Data_T7\T7_DAll.csv,1841.0,-6.9891266666666665
5024,1,642.575309,643.442843,0.8675340000000915,,,hard_brake,mitra_t7,data\raw\mitra\Data_T7\T7_DAll.csv,1843.0,-13.4597
5025,1,657.79051,658.624677,0.8341669999999795,,,hard_brake,mitra_t7,data\raw\mitra\Data_T7\T7_DAll.csv,1844.0,-8.7329375
5026,2,650.616676,651.450843,0.8341669999999795,,,hard_brake,mitra_t7,data\raw\mitra\Data_T7\T7_DAll.csv,1845.0,-18.490125
5027,2,651.88461,652.618676,0.734066000000098,,,hard_brake,mitra_t7,data\raw\mitra\Data_T7\T7_DAll.csv,1847.0,-13.914387499999998
5028,3,649.148543,649.949343,0.8007999999999811,,,hard_brake,mitra_t7,data\raw\mitra\Data_T7\T7_DAll.csv,1849.0,-11.2449875
5029,3,646.912976,647.780509,0.867533000000094,,,hard_brake,mitra_t7,data\raw\mitra\Data_T7\T7_DAll.csv,1852.0,-14.365287499999999
5030,1,647.980709,648.78151,0.8008009999999786,,,hard_brake,mitra_t7,data\raw\mitra\Data_T7\T7_DAll.csv,1855.0,-7.7281249999999995
5031,2,656.822877,658.124177,1.301300000000083,,,hard_brake,mitra_t7,data\raw\mitra\Data_T7\T7_DAll.csv,1856.0,-13.538613333333334
5032,2,654.854243,655.621677,0.7674339999999802,,,hard_brake,mitra_t7,data\raw\mitra\Data_T7\T7_DAll.csv,1858.0,-13.9684125
5033,1,663.562944,664.630677,1.0677329999999756,,,hard_brake,mitra_t7,data\raw\mitra\Data_T7\T7_DAll.csv,1859.0,-29.663987499999998
5034,3,652.78551,653.78651,1.0009999999999764,,,hard_brake,mitra_t7,data\raw\mitra\Data_T7\T7_DAll.csv,1860.0,-24.572612499999998
5035,2,656.18891,656.78951,0.6005999999999858,,,hard_brake,mitra_t7,data\raw\mitra\Data_T7\T7_DAll.csv,1862.0,-10.549475
5036,3,655.955343,656.78951,0.8341669999999795,,,hard_brake,mitra_t7,data\raw\mitra\Data_T7\T7_DAll.csv,1865.0,-6.042366666666667
5037,3,658.124177,658.958344,0.8341669999999795,,,hard_brake,mitra_t7,data\raw\mitra\Data_T7\T7_DAll.csv,1866.0,-20.574550000000002
5038,2,659.19191,659.99271,0.8007999999999811,,,hard_brake,mitra_t7,data\raw\mitra\Data_T7\T7_DAll.csv,1871.0,-5.759433333333333
5039,3,659.325377,660.29301,0.967632999999978,,,hard_brake,mitra_t7,data\raw\mitra\Data_T7\T7_DAll.csv,1872.0,-9.651962499999998
5040,2,664.864244,665.798511,0.9342669999999771,,,hard_brake,mitra_t7,data\raw\mitra\Data_T7\T7_DAll.csv,1873.0,-21.7279
5041,3,660.29301,661.460844,1.1678339999999707,,,hard_brake,mitra_t7,data\raw\mitra\Data_T7\T7_DAll.csv,1876.0,-5.209406666666666
5042,3,661.827877,662.962344,1.134467000000086,,,hard_brake,mitra_t7,data\raw\mitra\Data_T7\T7_DAll.csv,1878.0,-15.351337500000001
5043,2,667.199911,667.800511,0.6005999999999858,,,hard_brake,mitra_t7,data\raw\mitra\Data_T7\T7_DAll.csv,1880.0,-6.25055
5044,2,669.368744,670.469844,1.101099999999974,,,hard_brake,mitra_t7,data\raw\mitra\Data_T7\T7_DAll.csv,1882.0,-8.591913333333334
5045,1,667.566944,668.634677,1.0677329999999756,,,hard_brake,mitra_t7,data\raw\mitra\Data_T7\T7_DAll.csv,1883.0,-14.899625
5046,3,663.629677,664.797511,1.1678339999999707,,,hard_brake,mitra_t7,data\raw\mitra\Data_T7\T7_DAll.csv,1884.0,-11.5295125
5047,1,659.158544,659.959344,0.8007999999999811,,,hard_brake,mitra_t7,data\raw\mitra\Data_T7\T7_DAll.csv,1885.0,-14.210774999999998
5048,2,668.000711,668.801511,0.8007999999999811,,,hard_brake,mitra_t7,data\raw\mitra\Data_T7\T7_DAll.csv,1886.0,-9.852725000000001
5049,3,664.430477,665.464844,1.0343669999999747,,,hard_brake,mitra_t7,data\raw\mitra\Data_T7\T7_DAll.csv,1888.0,-6.31892
5050,1,675.541578,676.309011,0.7674330000000964,,,hard_brake,mitra_t7,data\raw\mitra\Data_T7\T7_DAll.csv,1891.0,-6.3547625
5051,3,667.667044,668.801511,1.1344669999999724,,,hard_brake,mitra_t7,data\raw\mitra\Data_T7\T7_DAll.csv,1892.0,-12.197
5052,1,670.069444,670.970344,0.9008999999999787,,,hard_brake,mitra_t7,data\raw\mitra\Data_T7\T7_DAll.csv,1893.0,-14.6334375
5053,3,653.28601,653.953343,0.6673329999999851,,,hard_brake,mitra_t7,data\raw\mitra\Data_T7\T7_DAll.csv,1895.0,-4.48486
5054,3,671.003711,671.804511,0.8008000000000948,,,hard_brake,mitra_t7,data\raw\mitra\Data_T7\T7_DAll.csv,1895.0,-29.716087500000004
5055,3,668.801511,669.435478,0.6339669999999842,,,hard_brake,mitra_t7,data\raw\mitra\Data_T7\T7_DAll.csv,1898.0,-5.156373333333334
5056,1,677.310011,678.144178,0.8341669999999795,,,hard_brake,mitra_t7,data\raw\mitra\Data_T7\T7_DAll.csv,1900.0,-19.4403875
5057,1,676.475845,677.310011,0.834165999999982,,,hard_brake,mitra_t7,data\raw\mitra\Data_T7\T7_DAll.csv,1901.0,-15.164800000000001
5058,2,673.105811,674.473845,1.368033999999966,,,hard_brake,mitra_t7,data\raw\mitra\Data_T7\T7_DAll.csv,1902.0,-13.6644
5059,1,665.264644,666.132177,0.8675329999999803,,,hard_brake,mitra_t7,data\raw\mitra\Data_T7\T7_DAll.csv,1905.0,-15.7237375
5060,2,675.241278,676.042078,0.8007999999999811,,,hard_brake,mitra_t7,data\raw\mitra\Data_T7\T7_DAll.csv,1909.0,-6.05448
5061,3,675.708411,676.475845,0.7674340000000939,,,hard_brake,mitra_t7,data\raw\mitra\Data_T7\T7_DAll.csv,1914.0,-14.706187500000002
5062,3,676.542578,677.310011,0.7674329999999827,,,hard_brake,mitra_t7,data\raw\mitra\Data_T7\T7_DAll.csv,1916.0,-7.836687499999999
5063,1,668.868244,669.468844,0.6005999999999858,,,hard_brake,mitra_t7,data\raw\mitra\Data_T7\T7_DAll.csv,1917.0,-6.738000000000001
5064,2,678.277645,679.145178,0.8675329999999803,,,hard_brake,mitra_t7,data\raw\mitra\Data_T7\T7_DAll.csv,1918.0,-12.790725
5065,1,671.070444,671.804511,0.7340670000000955,,,hard_brake,mitra_t7,data\raw\mitra\Data_T7\T7_DAll.csv,1922.0,-16.8512125
5066,1,686.986345,688.321012,1.3346669999999676,,,hard_brake,mitra_t7,data\raw\mitra\Data_T7\T7_DAll.csv,1923.0,-19.186099999999996
5067,2,680.079445,681.314012,1.2345670000000837,,,hard_brake,mitra_t7,data\raw\mitra\Data_T7\T7_DAll.csv,1924.0,-16.74596
5068,1,690.690046,691.824512,1.1344659999999749,,,hard_brake,mitra_t7,data\raw\mitra\Data_T7\T7_DAll.csv,1925.0,-11.368349999999998
5069,3,678.444478,679.245278,0.8007999999999811,,,hard_brake,mitra_t7,data\raw\mitra\Data_T7\T7_DAll.csv,1928.0,-5.806240000000001
5070,1,674.106811,674.974345,0.8675339999999778,,,hard_brake,mitra_t7,data\raw\mitra\Data_T7\T7_DAll.csv,1929.0,-16.7440125
5071,1,685.818512,686.652679,0.8341669999999795,,,hard_brake,mitra_t7,data\raw\mitra\Data_T7\T7_DAll.csv,1932.0,-18.850875000000002
5072,1,684.216912,685.484845,1.2679329999999709,,,hard_brake,mitra_t7,data\raw\mitra\Data_T7\T7_DAll.csv,1933.0,-16.2373
5073,3,681.213912,682.148178,0.9342659999999796,,,hard_brake,mitra_t7,data\raw\mitra\Data_T7\T7_DAll.csv,1935.0,-22.8702125
5074,2,683.849879,684.984345,1.1344659999999749,,,hard_brake,mitra_t7,data\raw\mitra\Data_T7\T7_DAll.csv,1938.0,-15.8087
5075,3,682.581945,683.649678,1.0677329999999756,,,hard_brake,mitra_t7,data\raw\mitra\Data_T7\T7_DAll.csv,1940.0,-5.993273333333333
5076,3,663.729777,664.330377,0.6005999999999858,,,hard_brake,mitra_t7,data\raw\mitra\Data_T7\T7_DAll.csv,1943.0,-6.5701
5077,3,683.482845,684.317012,0.8341669999999795,,,hard_brake,mitra_t7,data\raw\mitra\Data_T7\T7_DAll.csv,1943.0,-14.692200000000001
5078,3,689.789146,690.656679,0.867533000000094,,,hard_brake,mitra_t7,data\raw\mitra\Data_T7\T7_DAll.csv,1944.0,-26.5141375
5079,1,696.362379,697.330013,0.9676339999999755,,,hard_brake,mitra_t7,data\raw\mitra\Data_T7\T7_DAll.csv,1948.0,-17.7543
5080,2,694.293646,695.161179,0.8675329999999803,,,hard_brake,mitra_t7,data\raw\mitra\Data_T7\T7_DAll.csv,1950.0,-18.786675
5081,3,685.484845,686.485845,1.00100000000009,,,hard_brake,mitra_t7,data\raw\mitra\Data_T7\T7_DAll.csv,1951.0,-8.520475
5082,1,682.281645,682.982345,0.7006999999999834,,,hard_brake,mitra_t7,data\raw\mitra\Data_T7\T7_DAll.csv,1952.0,-6.9230875
5083,1,699.06508,699.66568,0.6005999999999858,,,hard_brake,mitra_t7,data\raw\mitra\Data_T7\T7_DAll.csv,1953.0,-6.192874999999999
5084,3,685.117812,685.818512,0.7007000000000971,,,hard_brake,mitra_t7,data\raw\mitra\Data_T7\T7_DAll.csv,1954.0,-7.580062499999999
5085,2,693.392746,694.327013,0.9342669999999771,,,hard_brake,mitra_t7,data\raw\mitra\Data_T7\T7_DAll.csv,1955.0,-14.892675
5086,3,686.485845,686.952979,0.4671339999999873,,,hard_brake,mitra_t7,data\raw\mitra\Data_T7\T7_DAll.csv,1957.0,-4.420566666666668
5087,1,683.449478,684.150179,0.7007009999999809,,,hard_brake,mitra_t7,data\raw\mitra\Data_T7\T7_DAll.csv,1958.0,-5.275524999999999
5088,2,695.895246,696.829513,0.9342669999999771,,,hard_brake,mitra_t7,data\raw\mitra\Data_T7\T7_DAll.csv,1960.0,-36.11225
5089,3,687.687045,688.821512,1.1344669999999724,,,hard_brake,mitra_t7,data\raw\mitra\Data_T7\T7_DAll.csv,1961.0,-8.077499999999999
5090,3,693.626312,694.493846,0.8675339999999778,,,hard_brake,mitra_t7,data\raw\mitra\Data_T7\T7_DAll.csv,1962.0,-8.042975
5091,3,691.223912,692.058079,0.8341669999999795,,,hard_brake,mitra_t7,data\raw\mitra\Data_T7\T7_DAll.csv,1963.0,-4.17492
5092,3,694.727413,695.661679,0.9342660000000933,,,hard_brake,mitra_t7,data\raw\mitra\Data_T7\T7_DAll.csv,1963.0,-5.07592
5093,3,691.791146,692.658679,0.8675329999999803,,,hard_brake,mitra_t7,data\raw\mitra\Data_T7\T7_DAll.csv,1965.0,-16.961237500000003
5094,3,691.257279,692.158179,0.9008999999999787,,,hard_brake,mitra_t7,data\raw\mitra\Data_T7\T7_DAll.csv,1966.0,-20.4831
5095,3,692.425112,693.326012,0.9008999999999787,,,hard_brake,mitra_t7,data\raw\mitra\Data_T7\T7_DAll.csv,1969.0,-24.388637499999998
5096,1,688.688045,689.655679,0.9676339999999755,,,hard_brake,mitra_t7,data\raw\mitra\Data_T7\T7_DAll.csv,1971.0,-14.537625
5097,2,699.06508,699.632313,0.5672329999999874,,,hard_brake,mitra_t7,data\raw\mitra\Data_T7\T7_DAll.csv,1973.0,-4.27972
5098,2,689.522212,690.323012,0.8007999999999811,,,hard_brake,mitra_t7,data\raw\mitra\Data_T7\T7_DAll.csv,1974.0,-11.629900000000003
5099,1,705.304647,706.17218,0.8675329999999803,,,hard_brake,mitra_t7,data\raw\mitra\Data_T7\T7_DAll.csv,1980.0,-13.8425875
5100,2,703.102446,704.17018,1.067733999999973,,,hard_brake,mitra_t7,data\raw\mitra\Data_T7\T7_DAll.csv,1981.0,-11.0959
5101,2,705.37138,707.006347,1.6349669999999605,,,hard_brake,mitra_t7,data\raw\mitra\Data_T7\T7_DAll.csv,1984.0,-15.428466666666667
5102,1,708.140813,709.508847,1.368033999999966,,,hard_brake,mitra_t7,data\raw\mitra\Data_T7\T7_DAll.csv,1985.0,-14.97614
5103,3,700.96698,701.834513,0.8675329999999803,,,hard_brake,mitra_t7,data\raw\mitra\Data_T7\T7_DAll.csv,1986.0,-22.6916625
5104,2,701.000346,701.834513,0.8341669999999795,,,hard_brake,mitra_t7,data\raw\mitra\Data_T7\T7_DAll.csv,1987.0,-18.632662500000002
5105,1,703.636313,704.503847,0.8675339999999778,,,hard_brake,mitra_t7,data\raw\mitra\Data_T7\T7_DAll.csv,1989.0,-18.244912499999998
5106,2,711.07708,711.844514,0.7674339999999802,,,hard_brake,mitra_t7,data\raw\mitra\Data_T7\T7_DAll.csv,1993.0,-5.948812500000001
5107,3,686.252279,686.719412,0.4671329999999898,,,hard_brake,mitra_t7,data\raw\mitra\Data_T7\T7_DAll.csv,1994.0,-4.9373733333333325
5108,3,698.397746,699.498846,1.101099999999974,,,hard_brake,mitra_t7,data\raw\mitra\Data_T7\T7_DAll.csv,1994.0,-7.247186666666666
5109,1,711.844514,712.67868,0.834165999999982,,,hard_brake,mitra_t7,data\raw\mitra\Data_T7\T7_DAll.csv,1996.0,-6.660146666666666
5110,1,717.149814,718.684681,1.534866999999963,,,hard_brake,mitra_t7,data\raw\mitra\Data_T7\T7_DAll.csv,1999.0,-17.60859090909091
5111,2,704.87088,705.438113,0.5672329999999874,,,hard_brake,mitra_t7,data\raw\mitra\Data_T7\T7_DAll.csv,2003.0,-5.623073333333334
5112,2,711.410747,712.511847,1.101099999999974,,,hard_brake,mitra_t7,data\raw\mitra\Data_T7\T7_DAll.csv,2004.0,-10.489966666666668
5113,1,714.480481,716.015347,1.5348659999999654,,,hard_brake,mitra_t7,data\raw\mitra\Data_T7\T7_DAll.csv,2009.0,-17.5085125
5114,2,723.856514,724.523848,0.6673340000000962,,,hard_brake,mitra_t7,data\raw\mitra\Data_T7\T7_DAll.csv,2012.0,-5.104587500000001
5115,2,719.018347,719.852514,0.8341670000000931,,,hard_brake,mitra_t7,data\raw\mitra\Data_T7\T7_DAll.csv,2016.0,-16.5500625
5116,3,721.354014,722.355014,1.0009999999999764,,,hard_brake,mitra_t7,data\raw\mitra\Data_T7\T7_DAll.csv,2017.0,-24.9839875
5117,3,714.613947,715.348014,0.7340669999999818,,,hard_brake,mitra_t7,data\raw\mitra\Data_T7\T7_DAll.csv,2019.0,-16.489337499999998
5118,2,720.019348,721.020348,1.0009999999999764,,,hard_brake,mitra_t7,data\raw\mitra\Data_T7\T7_DAll.csv,2020.0,-10.9382875
5119,2,727.827148,728.494481,0.6673329999999851,,,hard_brake,mitra_t7,data\raw\mitra\Data_T7\T7_DAll.csv,2021.0,-5.164820000000001
5120,1,719.919248,720.853514,0.9342659999999796,,,hard_brake,mitra_t7,data\raw\mitra\Data_T7\T7_DAll.csv,2023.0,-5.2768266666666666
5121,3,715.648314,716.515847,0.8675329999999803,,,hard_brake,mitra_t7,data\raw\mitra\Data_T7\T7_DAll.csv,2024.0,-33.895725
5122,3,717.216547,718.017347,0.8007999999999811,,,hard_brake,mitra_t7,data\raw\mitra\Data_T7\T7_DAll.csv,2026.0,-14.793675
5123,2,721.220548,722.188181,0.967632999999978,,,hard_brake,mitra_t7,data\raw\mitra\Data_T7\T7_DAll.csv,2028.0,-30.1075875
5124,3,726.992981,728.027348,1.0343669999999747,,,hard_brake,mitra_t7,data\raw\mitra\Data_T7\T7_DAll.csv,2029.0,-10.224300000000001
5125,2,726.392381,727.693681,1.3012999999999693,,,hard_brake,mitra_t7,data\raw\mitra\Data_T7\T7_DAll.csv,2031.0,-8.971113333333333
5126,3,719.385381,720.019348,0.6339669999999842,,,hard_brake,mitra_t7,data\raw\mitra\Data_T7\T7_DAll.csv,2032.0,-9.879325
5127,3,719.952614,720.853514,0.9008999999999787,,,hard_brake,mitra_t7,data\raw\mitra\Data_T7\T7_DAll.csv,2033.0,-10.154712499999999
5128,3,722.822148,723.689681,0.8675329999999803,,,hard_brake,mitra_t7,data\raw\mitra\Data_T7\T7_DAll.csv,2035.0,-22.690624999999997
5129,1,732.498482,733.366015,0.8675329999999803,,,hard_brake,mitra_t7,data\raw\mitra\Data_T7\T7_DAll.csv,2036.0,-9.5159125
5130,2,733.666315,734.600582,0.9342669999999771,,,hard_brake,mitra_t7,data\raw\mitra\Data_T7\T7_DAll.csv,2037.0,-6.048993333333334
5131,3,724.190181,725.024348,0.8341669999999795,,,hard_brake,mitra_t7,data\raw\mitra\Data_T7\T7_DAll.csv,2039.0,-15.910575000000001
5132,2,729.462115,730.363015,0.9008999999999787,,,hard_brake,mitra_t7,data\raw\mitra\Data_T7\T7_DAll.csv,2040.0,-18.166025
5133,1,734.734049,735.534849,0.8007999999999811,,,hard_brake,mitra_t7,data\raw\mitra\Data_T7\T7_DAll.csv,2042.0,-7.9412875
5134,2,731.764415,733.032348,1.2679329999999709,,,hard_brake,mitra_t7,data\raw\mitra\Data_T7\T7_DAll.csv,2045.0,-9.900153333333332
5135,3,725.624948,726.525848,0.9008999999999787,,,hard_brake,mitra_t7,data\raw\mitra\Data_T7\T7_DAll.csv,2046.0,-20.5954375
5136,3,728.828148,729.695682,0.8675339999999778,,,hard_brake,mitra_t7,data\raw\mitra\Data_T7\T7_DAll.csv,2047.0,-21.626912500000003
5137,1,722.455114,723.356014,0.9008999999999787,,,hard_brake,mitra_t7,data\raw\mitra\Data_T7\T7_DAll.csv,2055.0,-20.008975
5138,2,736.802782,737.870515,1.0677329999999756,,,hard_brake,mitra_t7,data\raw\mitra\Data_T7\T7_DAll.csv,2056.0,-9.224349999999998
5139,3,731.530848,732.531848,1.0009999999999764,,,hard_brake,mitra_t7,data\raw\mitra\Data_T7\T7_DAll.csv,2057.0,-22.6821
5140,1,739.305282,740.139449,0.8341669999999795,,,hard_brake,mitra_t7,data\raw\mitra\Data_T7\T7_DAll.csv,2060.0,-4.629906666666667
5141,1,736.802782,737.536849,0.7340669999999818,,,hard_brake,mitra_t7,data\raw\mitra\Data_T7\T7_DAll.csv,2062.0,-12.7233875
5142,2,739.238549,740.206182,0.967632999999978,,,hard_brake,mitra_t7,data\raw\mitra\Data_T7\T7_DAll.csv,2063.0,-10.754224999999998
5143,1,740.339649,742.041349,1.7016999999999598,,,hard_brake,mitra_t7,data\raw\mitra\Data_T7\T7_DAll.csv,2064.0,-8.422839999999999
5144,3,733.299282,734.200182,0.9009000000000924,,,hard_brake,mitra_t7,data\raw\mitra\Data_T7\T7_DAll.csv,2065.0,-17.9154125
5145,1,744.176816,745.044349,0.8675329999999803,,,hard_brake,mitra_t7,data\raw\mitra\Data_T7\T7_DAll.csv,2066.0,-8.881587499999998
5146,2,742.441749,743.542849,1.1011000000000877,,,hard_brake,mitra_t7,data\raw\mitra\Data_T7\T7_DAll.csv,2069.0,-13.578344444444447
5147,3,736.869515,737.870515,1.0009999999999764,,,hard_brake,mitra_t7,data\raw\mitra\Data_T7\T7_DAll.csv,2070.0,-14.496237500000001
5148,2,744.744049,745.544849,0.8007999999999811,,,hard_brake,mitra_t7,data\raw\mitra\Data_T7\T7_DAll.csv,2072.0,-12.864612499999998
5149,2,747.146449,748.047349,0.9009000000000924,,,hard_brake,mitra_t7,data\raw\mitra\Data_T7\T7_DAll.csv,2073.0,-5.054975000000001
5150,1,735.167815,736.335649,1.1678339999999707,,,hard_brake,mitra_t7,data\raw\mitra\Data_T7\T7_DAll.csv,2074.0,-7.164446666666666
5151,1,747.980616,748.714683,0.7340669999999818,,,hard_brake,mitra_t7,data\raw\mitra\Data_T7\T7_DAll.csv,2077.0,-12.042487499999998
5152,3,738.571215,739.538849,0.9676339999999755,,,hard_brake,mitra_t7,data\raw\mitra\Data_T7\T7_DAll.csv,2079.0,-6.94834
5153,2,756.122083,756.889517,0.7674339999999802,,,hard_brake,mitra_t7,data\raw\mitra\Data_T7\T7_DAll.csv,2082.0,-9.036125
5154,3,741.307282,742.208182,0.9008999999999787,,,hard_brake,mitra_t7,data\raw\mitra\Data_T7\T7_DAll.csv,2083.0,-19.327362500000003
5155,2,754.120083,754.887517,0.7674339999999802,,,hard_brake,mitra_t7,data\raw\mitra\Data_T7\T7_DAll.csv,2084.0,-8.361799999999999
5156,2,750.716683,751.317283,0.6005999999999858,,,hard_brake,mitra_t7,data\raw\mitra\Data_T7\T7_DAll.csv,2087.0,-4.34956
5157,3,743.709682,744.310282,0.6005999999999858,,,hard_brake,mitra_t7,data\raw\mitra\Data_T7\T7_DAll.csv,2089.0,-4.7540933333333335
5158,3,736.902882,738.204182,1.3012999999999693,,,hard_brake,mitra_t7,data\raw\mitra\Data_T7\T7_DAll.csv,2093.0,-6.310646666666667
5159,3,748.247549,749.048349,0.8007999999999811,,,hard_brake,mitra_t7,data\raw\mitra\Data_T7\T7_DAll.csv,2097.0,-6.0137625
5160,1,741.907882,743.042349,1.1344669999999724,,,hard_brake,mitra_t7,data\raw\mitra\Data_T7\T7_DAll.csv,2098.0,-6.892206666666667
5161,3,736.435749,737.103082,0.6673329999999851,,,hard_brake,mitra_t7,data\raw\mitra\Data_T7\T7_DAll.csv,2099.0,-7.934373333333334
5162,3,754.75405,755.55485,0.8007999999999811,,,hard_brake,mitra_t7,data\raw\mitra\Data_T7\T7_DAll.csv,2099.0,-7.022537499999999
5163,1,752.418383,753.386016,0.9676330000000917,,,hard_brake,mitra_t7,data\raw\mitra\Data_T7\T7_DAll.csv,2103.0,-14.064925
5164,3,731.330648,732.098082,0.7674339999999802,,,hard_brake,mitra_t7,data\raw\mitra\Data_T7\T7_DAll.csv,2104.0,-8.418106666666667
5165,3,740.072716,740.740049,0.6673329999999851,,,hard_brake,mitra_t7,data\raw\mitra\Data_T7\T7_DAll.csv,2104.0,-4.196386666666666
5166,3,749.64895,750.383016,0.7340659999999843,,,hard_brake,mitra_t7,data\raw\mitra\Data_T7\T7_DAll.csv,2104.0,-14.0873125
5167,1,754.887517,755.721683,0.834165999999982,,,hard_brake,mitra_t7,data\raw\mitra\Data_T7\T7_DAll.csv,2106.0,-23.141025000000003
5168,3,737.803782,738.270915,0.4671329999999898,,,hard_brake,mitra_t7,data\raw\mitra\Data_T7\T7_DAll.csv,2108.0,-5.30206
5169,1,757.089717,758.391017,1.301300000000083,,,hard_brake,mitra_t7,data\raw\mitra\Data_T7\T7_DAll.csv,2109.0,-12.524187499999998
5170,3,741.607582,743.042349,1.4347669999999653,,,hard_brake,mitra_t7,data\raw\mitra\Data_T7\T7_DAll.csv,2110.0,-5.141146666666668
5171,3,752.618583,753.386016,0.7674330000000964,,,hard_brake,mitra_t7,data\raw\mitra\Data_T7\T7_DAll.csv,2110.0,-13.764050000000001
5172,1,751.417383,751.95125,0.5338669999999865,,,hard_brake,mitra_t7,data\raw\mitra\Data_T7\T7_DAll.csv,2115.0,-5.1286266666666664
5173,3,729.662315,730.229548,0.5672329999999874,,,hard_brake,mitra_t7,data\raw\mitra\Data_T7\T7_DAll.csv,2118.0,-5.39726
5174,1,765.331284,766.565851,1.23456699999997,,,hard_brake,mitra_t7,data\raw\mitra\Data_T7\T7_DAll.csv,2120.0,-9.151486666666667
5175,1,750.383016,751.384016,1.0009999999999764,,,hard_brake,mitra_t7,data\raw\mitra\Data_T7\T7_DAll.csv,2127.0,-6.394653333333333
5176,1,768.033984,768.601217,0.5672329999999874,,,hard_brake,mitra_t7,data\raw\mitra\Data_T7\T7_DAll.csv,2129.0,-4.870673333333333
5177,3,738.137449,739.205182,1.0677330000000893,,,hard_brake,mitra_t7,data\raw\mitra\Data_T7\T7_DAll.csv,2130.0,-10.247013333333333
5178,3,741.140449,741.841149,0.7006999999999834,,,hard_brake,mitra_t7,data\raw\mitra\Data_T7\T7_DAll.csv,2130.0,-5.3603
5179,1,770.002618,770.536484,0.5338659999999891,,,hard_brake,mitra_t7,data\raw\mitra\Data_T7\T7_DAll.csv,2132.0,-4.844373333333333
5180,1,775.441385,776.242185,0.8007999999999811,,,hard_brake,mitra_t7,data\raw\mitra\Data_T7\T7_DAll.csv,2134.0,-12.03545
5181,2,784.550485,785.418019,0.8675339999999778,,,hard_brake,mitra_t7,data\raw\mitra\Data_T7\T7_DAll.csv,2135.0,-6.5789125
5182,3,747.613583,748.514483,0.9009000000000924,,,hard_brake,mitra_t7,data\raw\mitra\Data_T7\T7_DAll.csv,2136.0,-5.31062
5183,1,751.617583,752.218183,0.6005999999999858,,,hard_brake,mitra_t7,data\raw\mitra\Data_T7\T7_DAll.csv,2137.0,-12.584687500000001
5184,3,752.95225,753.95325,1.0009999999999764,,,hard_brake,mitra_t7,data\raw\mitra\Data_T7\T7_DAll.csv,2138.0,-5.698733333333333
5185,2,786.252185,786.919519,0.6673339999999826,,,hard_brake,mitra_t7,data\raw\mitra\Data_T7\T7_DAll.csv,2139.0,-9.018212499999999
5186,3,749.94925,750.916883,0.967632999999978,,,hard_brake,mitra_t7,data\raw\mitra\Data_T7\T7_DAll.csv,2141.0,-5.409433333333333
5187,1,755.388017,756.35565,0.967632999999978,,,hard_brake,mitra_t7,data\raw\mitra\Data_T7\T7_DAll.csv,2142.0,-6.834186666666667
5188,3,754.086716,754.820783,0.7340669999999818,,,hard_brake,mitra_t7,data\raw\mitra\Data_T7\T7_DAll.csv,2145.0,-4.673820000000001
5189,7,738.904882,739.438749,0.5338669999999865,,,hard_brake,mitra_t7,data\raw\mitra\Data_T7\T7_DAll.csv,2152.0,-4.444653333333333
5190,7,741.741049,743.042349,1.3012999999999693,,,hard_brake,mitra_t7,data\raw\mitra\Data_T7\T7_DAll.csv,2152.0,-5.39992
5191,7,772.438384,773.139084,0.7006999999999834,,,hard_brake,mitra_t7,data\raw\mitra\Data_T7\T7_DAll.csv,2152.0,-4.633246666666666
5192,2,788.654585,789.588852,0.9342669999999771,,,hard_brake,mitra_t7,data\raw\mitra\Data_T7\T7_DAll.csv,2153.0,-7.9191
5193,1,784.817419,785.584852,0.7674329999999827,,,hard_brake,mitra_t7,data\raw\mitra\Data_T7\T7_DAll.csv,2155.0,-6.756325
5194,2,790.956886,791.590852,0.6339659999999867,,,hard_brake,mitra_t7,data\raw\mitra\Data_T7\T7_DAll.csv,2156.0,-8.554625
5195,2,794.994253,795.928519,0.9342660000000933,,,hard_brake,mitra_t7,data\raw\mitra\Data_T7\T7_DAll.csv,2158.0,-5.879499999999999
5196,21,765.598217,766.098717,0.5004999999999882,,,hard_brake,mitra_t7,data\raw\mitra\Data_T7\T7_DAll.csv,2159.0,-6.5287875
5197,3,761.727684,763.229184,1.5015000000000782,,,hard_brake,mitra_t7,data\raw\mitra\Data_T7\T7_DAll.csv,2160.0,-4.696486666666667
5198,3,792.024619,792.758686,0.7340669999999818,,,hard_brake,mitra_t7,data\raw\mitra\Data_T7\T7_DAll.csv,2160.0,-10.7632125
5199,1,772.538484,773.406018,0.8675339999999778,,,hard_brake,mitra_t7,data\raw\mitra\Data_T7\T7_DAll.csv,2165.0,-15.447687499999999
5200,3,786.152085,786.919519,0.7674339999999802,,,hard_brake,mitra_t7,data\raw\mitra\Data_T7\T7_DAll.csv,2166.0,-5.2275
5201,2,797.029619,797.596853,0.5672339999999849,,,hard_brake,mitra_t7,data\raw\mitra\Data_T7\T7_DAll.csv,2169.0,-5.614025000000001
5202,3,760.426384,761.36065,0.9342659999999796,,,hard_brake,mitra_t7,data\raw\mitra\Data_T7\T7_DAll.csv,2170.0,-5.21976
5203,3,788.788052,789.588852,0.8007999999999811,,,hard_brake,mitra_t7,data\raw\mitra\Data_T7\T7_DAll.csv,2170.0,-16.3313125
5204,1,788.988252,789.755685,0.7674329999999827,,,hard_brake,mitra_t7,data\raw\mitra\Data_T7\T7_DAll.csv,2172.0,-7.819274999999999
5205,1,777.576851,778.411018,0.8341669999999795,,,hard_brake,mitra_t7,data\raw\mitra\Data_T7\T7_DAll.csv,2176.0,-4.93268
5206,2,803.43602,804.603853,1.1678329999999733,,,hard_brake,mitra_t7,data\raw\mitra\Data_T7\T7_DAll.csv,2177.0,-6.734566666666667
5207,3,761.96125,762.46175,0.5005000000001019,,,hard_brake,mitra_t7,data\raw\mitra\Data_T7\T7_DAll.csv,2178.0,-4.236733333333333
5208,3,794.460386,795.261186,0.8007999999999811,,,hard_brake,mitra_t7,data\raw\mitra\Data_T7\T7_DAll.csv,2178.0,-8.657875
5209,3,798.030619,798.931519,0.9008999999999787,,,hard_brake,mitra_t7,data\raw\mitra\Data_T7\T7_DAll.csv,2180.0,-15.2762125
5210,2,806.705953,807.44002,0.7340669999999818,,,hard_brake,mitra_t7,data\raw\mitra\Data_T7\T7_DAll.csv,2182.0,-11.8542
5211,3,763.56285,765.931884,2.3690339999999424,,,hard_brake,mitra_t7,data\raw\mitra\Data_T7\T7_DAll.csv,2183.0,-4.632346666666667
5212,3,796.962886,798.097353,1.1344669999999724,,,hard_brake,mitra_t7,data\raw\mitra\Data_T7\T7_DAll.csv,2183.0,-8.99056
5213,1,781.981252,782.915518,0.9342659999999796,,,hard_brake,mitra_t7,data\raw\mitra\Data_T7\T7_DAll.csv,2188.0,-13.960837499999998
5214,1,800.499753,801.100353,0.6005999999999858,,,hard_brake,mitra_t7,data\raw\mitra\Data_T7\T7_DAll.csv,2190.0,-8.513562499999999
5215,1,787.119719,787.753685,0.6339659999999867,,,hard_brake,mitra_t7,data\raw\mitra\Data_T7\T7_DAll.csv,2195.0,-4.33427
5216,3,803.169086,803.93652,0.7674339999999802,,,hard_brake,mitra_t7,data\raw\mitra\Data_T7\T7_DAll.csv,2198.0,-7.7911875
5217,3,805.23782,806.105353,0.8675329999999803,,,hard_brake,mitra_t7,data\raw\mitra\Data_T7\T7_DAll.csv,2201.0,-18.418400000000002
5218,2,811.44402,812.278187,0.8341669999999795,,,hard_brake,mitra_t7,data\raw\mitra\Data_T7\T7_DAll.csv,2203.0,-8.232474999999999
5219,2,822.154721,822.988888,0.8341669999999795,,,hard_brake,mitra_t7,data\raw\mitra\Data_T7\T7_DAll.csv,2204.0,-5.4246
5220,1,806.505753,807.106353,0.6005999999999858,,,hard_brake,mitra_t7,data\raw\mitra\Data_T7\T7_DAll.csv,2205.0,-5.797087500000001
5221,3,807.406653,807.94052,0.5338669999999865,,,hard_brake,mitra_t7,data\raw\mitra\Data_T7\T7_DAll.csv,2207.0,-4.5470266666666666
5222,3,762.36165,762.995617,0.6339669999999842,,,hard_brake,mitra_t7,data\raw\mitra\Data_T7\T7_DAll.csv,2213.0,-5.4392933333333335
5223,1,812.44502,813.779687,1.3346669999999676,,,hard_brake,mitra_t7,data\raw\mitra\Data_T7\T7_DAll.csv,2214.0,-9.569077777777778
5224,3,765.965251,766.665951,0.7006999999999834,,,hard_brake,mitra_t7,data\raw\mitra\Data_T7\T7_DAll.csv,2220.0,-5.312706666666667
5225,3,811.110354,812.111354,1.0009999999999764,,,hard_brake,mitra_t7,data\raw\mitra\Data_T7\T7_DAll.csv,2220.0,-6.71986
5226,2,826.025255,826.792688,0.7674329999999827,,,hard_brake,mitra_t7,data\raw\mitra\Data_T7\T7_DAll.csv,2223.0,-5.8081625
5227,2,828.027255,828.794688,0.7674329999999827,,,hard_brake,mitra_t7,data\raw\mitra\Data_T7\T7_DAll.csv,2225.0,-4.458
5228,2,838.304189,839.638855,1.3346660000000838,,,hard_brake,mitra_t7,data\raw\mitra\Data_T7\T7_DAll.csv,2227.0,-7.439075
5229,3,814.680587,815.448021,0.7674340000000939,,,hard_brake,mitra_t7,data\raw\mitra\Data_T7\T7_DAll.csv,2228.0,-13.6327
5230,2,828.894788,829.962521,1.0677330000000893,,,hard_brake,mitra_t7,data\raw\mitra\Data_T7\T7_DAll.csv,2229.0,-7.628393333333333
5231,2,832.631855,833.466022,0.8341669999999795,,,hard_brake,mitra_t7,data\raw\mitra\Data_T7\T7_DAll.csv,2230.0,-10.3629625
5232,1,821.320554,822.121354,0.8007999999999811,,,hard_brake,mitra_t7,data\raw\mitra\Data_T7\T7_DAll.csv,2231.0,-8.271700000000001
5233,3,817.616854,818.451021,0.8341669999999795,,,hard_brake,mitra_t7,data\raw\mitra\Data_T7\T7_DAll.csv,2233.0,-25.631125000000004
5234,2,840.172722,840.973522,0.8007999999999811,,,hard_brake,mitra_t7,data\raw\mitra\Data_T7\T7_DAll.csv,2235.0,-16.309975
5235,1,825.291188,825.958521,0.6673329999999851,,,hard_brake,mitra_t7,data\raw\mitra\Data_T7\T7_DAll.csv,2238.0,-10.6427125
5236,2,842.875422,843.642856,0.7674340000000939,,,hard_brake,mitra_t7,data\raw\mitra\Data_T7\T7_DAll.csv,2239.0,-10.3223875
5237,3,819.685587,820.619854,0.9342669999999771,,,hard_brake,mitra_t7,data\raw\mitra\Data_T7\T7_DAll.csv,2240.0,-7.298087499999999
5238,3,782.748685,783.682952,0.9342669999999771,,,hard_brake,mitra_t7,data\raw\mitra\Data_T7\T7_DAll.csv,2241.0,-5.809293333333334
5239,2,841.407289,842.308189,0.9008999999999787,,,hard_brake,mitra_t7,data\raw\mitra\Data_T7\T7_DAll.csv,2243.0,-7.10045
5240,3,784.183452,784.984252,0.8007999999999811,,,hard_brake,mitra_t7,data\raw\mitra\Data_T7\T7_DAll.csv,2244.0,-4.764993333333334
5241,1,828.260821,829.295188,1.0343670000000884,,,hard_brake,mitra_t7,data\raw\mitra\Data_T7\T7_DAll.csv,2245.0,-8.855575
5242,3,784.316918,785.251185,0.9342669999999771,,,hard_brake,mitra_t7,data\raw\mitra\Data_T7\T7_DAll.csv,2252.0,-4.9025533333333335
5243,1,809.108353,809.94252,0.8341669999999795,,,hard_brake,mitra_t7,data\raw\mitra\Data_T7\T7_DAll.csv,2253.0,-5.4792250000000005
5244,2,845.411289,846.312189,0.9008999999999787,,,hard_brake,mitra_t7,data\raw\mitra\Data_T7\T7_DAll.csv,2255.0,-7.903099999999999
5245,3,784.984252,786.018619,1.0343669999999747,,,hard_brake,mitra_t7,data\raw\mitra\Data_T7\T7_DAll.csv,2256.0,-5.481966666666667
5246,3,785.451385,786.652585,1.2012000000000853,,,hard_brake,mitra_t7,data\raw\mitra\Data_T7\T7_DAll.csv,2257.0,-6.407573333333334
5247,3,787.486752,788.454385,0.967632999999978,,,hard_brake,mitra_t7,data\raw\mitra\Data_T7\T7_DAll.csv,2260.0,-4.700273333333333
5248,3,844.043256,844.977522,0.9342659999999796,,,hard_brake,mitra_t7,data\raw\mitra\Data_T7\T7_DAll.csv,2260.0,-19.7226125
5249,7,786.552485,787.453385,0.9008999999999787,,,hard_brake,mitra_t7,data\raw\mitra\Data_T7\T7_DAll.csv,2262.0,-4.34702
5250,3,789.255185,789.855786,0.6006009999999833,,,hard_brake,mitra_t7,data\raw\mitra\Data_T7\T7_DAll.csv,2264.0,-4.508846666666667
5251,3,848.447656,849.315189,0.8675329999999803,,,hard_brake,mitra_t7,data\raw\mitra\Data_T7\T7_DAll.csv,2264.0,-25.627025
5252,3,788.687952,789.989252,1.3012999999999693,,,hard_brake,mitra_t7,data\raw\mitra\Data_T7\T7_DAll.csv,2265.0,-4.9215800000000005
5253,3,845.778323,846.812689,1.0343659999999772,,,hard_brake,mitra_t7,data\raw\mitra\Data_T7\T7_DAll.csv,2265.0,-7.402213333333333
5254,1,829.562121,830.463022,0.9009009999999762,,,hard_brake,mitra_t7,data\raw\mitra\Data_T7\T7_DAll.csv,2267.0,-12.98095
5255,2,850.216089,850.81669,0.6006009999999833,,,hard_brake,mitra_t7,data\raw\mitra\Data_T7\T7_DAll.csv,2271.0,-10.019712499999999
5256,1,836.435655,837.136355,0.7006999999999834,,,hard_brake,mitra_t7,data\raw\mitra\Data_T7\T7_DAll.csv,2272.0,-5.8545750000000005
5257,1,851.450656,852.31819,0.8675339999999778,,,hard_brake,mitra_t7,data\raw\mitra\Data_T7\T7_DAll.csv,2277.0,-15.205187500000001
5258,2,792.858786,793.559486,0.7006999999999834,,,hard_brake,mitra_t7,data\raw\mitra\Data_T7\T7_DAll.csv,2278.0,-4.916026666666666
5259,1,852.785323,853.652856,0.867533000000094,,,hard_brake,mitra_t7,data\raw\mitra\Data_T7\T7_DAll.csv,2278.0,-15.5357875
5260,3,851.81769,852.81869,1.0009999999999764,,,hard_brake,mitra_t7,data\raw\mitra\Data_T7\T7_DAll.csv,2279.0,-18.587887499999997
5261,3,853.752956,854.487023,0.7340669999999818,,,hard_brake,mitra_t7,data\raw\mitra\Data_T7\T7_DAll.csv,2283.0,-18.2263125
5262,3,855.52139,856.155357,0.6339669999999842,,,hard_brake,mitra_t7,data\raw\mitra\Data_T7\T7_DAll.csv,2285.0,-4.6033599999999995
5263,3,857.957157,858.82469,0.8675329999999803,,,hard_brake,mitra_t7,data\raw\mitra\Data_T7\T7_DAll.csv,2287.0,-9.646112500000001
5264,3,858.557757,859.658857,1.101099999999974,,,hard_brake,mitra_t7,data\raw\mitra\Data_T7\T7_DAll.csv,2290.0,-5.967126666666667
5265,1,827.092988,827.760321,0.6673329999999851,,,hard_brake,mitra_t7,data\raw\mitra\Data_T7\T7_DAll.csv,2292.0,-4.56004
5266,10,798.764686,799.298553,0.5338669999999865,,,hard_brake,mitra_t7,data\raw\mitra\Data_T7\T7_DAll.csv,2294.0,-5.204326666666666
5267,2,831.130355,831.964522,0.8341669999999795,,,hard_brake,mitra_t7,data\raw\mitra\Data_T7\T7_DAll.csv,2295.0,-19.622925
5268,3,864.096624,865.164357,1.0677329999999756,,,hard_brake,mitra_t7,data\raw\mitra\Data_T7\T7_DAll.csv,2297.0,-7.538106666666666
5269,3,878.944791,879.678858,0.7340669999999818,,,hard_brake,mitra_t7,data\raw\mitra\Data_T7\T7_DAll.csv,2301.0,-9.025025
5270,3,880.246091,881.180358,0.9342669999999771,,,hard_brake,mitra_t7,data\raw\mitra\Data_T7\T7_DAll.csv,2303.0,-6.60236
5271,2,867.066257,867.633491,0.5672340000000986,,,hard_brake,mitra_t7,data\raw\mitra\Data_T7\T7_DAll.csv,2305.0,-4.914486666666666
5272,3,881.814325,882.681858,0.8675329999999803,,,hard_brake,mitra_t7,data\raw\mitra\Data_T7\T7_DAll.csv,2306.0,-6.3744875
5273,2,862.461657,863.32919,0.867533000000094,,,hard_brake,mitra_t7,data\raw\mitra\Data_T7\T7_DAll.csv,2307.0,-8.64335
5274,1,833.666222,834.467022,0.8008000000000948,,,hard_brake,mitra_t7,data\raw\mitra\Data_T7\T7_DAll.csv,2308.0,-4.602753333333333
5275,2,869.668857,870.503024,0.8341669999999795,,,hard_brake,mitra_t7,data\raw\mitra\Data_T7\T7_DAll.csv,2309.0,-13.0364625
5276,3,883.415925,884.016525,0.6005999999999858,,,hard_brake,mitra_t7,data\raw\mitra\Data_T7\T7_DAll.csv,2314.0,-4.828233333333333
5277,3,801.200453,801.700953,0.5004999999999882,,,hard_brake,mitra_t7,data\raw\mitra\Data_T7\T7_DAll.csv,2315.0,-4.321893333333334
5278,3,886.018525,886.852692,0.8341670000000931,,,hard_brake,mitra_t7,data\raw\mitra\Data_T7\T7_DAll.csv,2315.0,-5.1095999999999995
5279,1,870.202724,871.003524,0.8007999999999811,,,hard_brake,mitra_t7,data\raw\mitra\Data_T7\T7_DAll.csv,2317.0,-7.70735
5280,2,871.637491,872.404924,0.7674330000000964,,,hard_brake,mitra_t7,data\raw\mitra\Data_T7\T7_DAll.csv,2318.0,-4.804086666666666
5281,2,877.243091,878.344191,1.101099999999974,,,hard_brake,mitra_t7,data\raw\mitra\Data_T7\T7_DAll.csv,2319.0,-7.893573333333333
5282,2,876.275458,877.109625,0.8341670000000931,,,hard_brake,mitra_t7,data\raw\mitra\Data_T7\T7_DAll.csv,2320.0,-4.7269733333333335
5283,3,889.121625,890.022525,0.9008999999999787,,,hard_brake,mitra_t7,data\raw\mitra\Data_T7\T7_DAll.csv,2321.0,-4.78556
5284,3,870.002524,870.469657,0.4671329999999898,,,hard_brake,mitra_t7,data\raw\mitra\Data_T7\T7_DAll.csv,2326.0,-4.282513333333333
5285,1,872.137991,873.005524,0.8675329999999803,,,hard_brake,mitra_t7,data\raw\mitra\Data_T7\T7_DAll.csv,2328.0,-7.2772375
5286,1,883.048892,883.849692,0.8007999999999811,,,hard_brake,mitra_t7,data\raw\mitra\Data_T7\T7_DAll.csv,2329.0,-11.917587500000002
5287,2,882.314825,883.182358,0.8675329999999803,,,hard_brake,mitra_t7,data\raw\mitra\Data_T7\T7_DAll.csv,2330.0,-6.5208125
5288,1,873.839691,874.840691,1.0009999999999764,,,hard_brake,mitra_t7,data\raw\mitra\Data_T7\T7_DAll.csv,2331.0,-9.2141375
5289,1,862.061257,862.82869,0.7674330000000964,,,hard_brake,mitra_t7,data\raw\mitra\Data_T7\T7_DAll.csv,2337.0,-11.1825
5290,2,891.690859,892.358192,0.6673329999999851,,,hard_brake,mitra_t7,data\raw\mitra\Data_T7\T7_DAll.csv,2338.0,-4.965811111111111
5291,2,863.42929,863.896424,0.4671339999999873,,,hard_brake,mitra_t7,data\raw\mitra\Data_T7\T7_DAll.csv,2339.0,-4.656893333333333
5292,3,898.831326,899.365193,0.5338669999999865,,,hard_brake,mitra_t7,data\raw\mitra\Data_T7\T7_DAll.csv,2347.0,-5.329775
5293,3,905.070893,905.771593,0.7007000000000971,,,hard_brake,mitra_t7,data\raw\mitra\Data_T7\T7_DAll.csv,2352.0,-4.967280000000001
5294,1,867.800324,868.501024,0.7006999999999834,,,hard_brake,mitra_t7,data\raw\mitra\Data_T7\T7_DAll.csv,2357.0,-6.243262499999999
5295,1,897.696859,898.364193,0.6673339999999826,,,hard_brake,mitra_t7,data\raw\mitra\Data_T7\T7_DAll.csv,2364.0,-7.9547375
5296,3,916.448927,917.049527,0.6005999999999858,,,hard_brake,mitra_t7,data\raw\mitra\Data_T7\T7_DAll.csv,2365.0,-4.53766
5297,2,930.729861,931.397195,0.6673339999999826,,,hard_brake,mitra_t7,data\raw\mitra\Data_T7\T7_DAll.csv,2367.0,-5.392024999999999
5298,3,920.986794,921.487294,0.5004999999999882,,,hard_brake,mitra_t7,data\raw\mitra\Data_T7\T7_DAll.csv,2371.0,-4.71362
5299,3,922.988794,923.889694,0.9008999999999787,,,hard_brake,mitra_t7,data\raw\mitra\Data_T7\T7_DAll.csv,2374.0,-7.136237500000001
5300,3,925.157628,925.891694,0.7340659999999843,,,hard_brake,mitra_t7,data\raw\mitra\Data_T7\T7_DAll.csv,2376.0,-7.143975000000001
5301,3,928.494295,929.228361,0.7340659999999843,,,hard_brake,mitra_t7,data\raw\mitra\Data_T7\T7_DAll.csv,2377.0,-8.4405375
5302,3,926.759228,927.393195,0.6339669999999842,,,hard_brake,mitra_t7,data\raw\mitra\Data_T7\T7_DAll.csv,2380.0,-7.4915
5303,1,877.710225,878.511025,0.8007999999999811,,,hard_brake,mitra_t7,data\raw\mitra\Data_T7\T7_DAll.csv,2381.0,-13.119525
5304,1,938.070529,938.737862,0.6673329999999851,,,hard_brake,mitra_t7,data\raw\mitra\Data_T7\T7_DAll.csv,2384.0,-4.685862500000001
5305,3,930.029161,930.896695,0.8675339999999778,,,hard_brake,mitra_t7,data\raw\mitra\Data_T7\T7_DAll.csv,2385.0,-8.83815
5306,3,932.932062,933.732862,0.8007999999999811,,,hard_brake,mitra_t7,data\raw\mitra\Data_T7\T7_DAll.csv,2389.0,-16.029725
5307,3,935.334462,936.235362,0.9008999999999787,,,hard_brake,mitra_t7,data\raw\mitra\Data_T7\T7_DAll.csv,2393.0,-6.960963636363636
5308,1,914.280094,914.880694,0.6005999999999858,,,hard_brake,mitra_t7,data\raw\mitra\Data_T7\T7_DAll.csv,2399.0,-6.003925000000001
5309,2,944.944062,945.744862,0.8007999999999811,,,hard_brake,mitra_t7,data\raw\mitra\Data_T7\T7_DAll.csv,2400.0,-7.8391375
5310,3,940.706495,941.574029,0.8675339999999778,,,hard_brake,mitra_t7,data\raw\mitra\Data_T7\T7_DAll.csv,2401.0,-7.08141
5311,10,873.772958,874.673858,0.9008999999999787,,,hard_brake,mitra_t7,data\raw\mitra\Data_T7\T7_DAll.csv,2405.0,-5.065533333333334
5312,3,950.716496,951.58403,0.8675339999999778,,,hard_brake,mitra_t7,data\raw\mitra\Data_T7\T7_DAll.csv,2415.0,-4.971233333333333
5313,1,879.245091,879.912425,0.6673339999999826,,,hard_brake,mitra_t7,data\raw\mitra\Data_T7\T7_DAll.csv,2419.0,-4.72386
5314,1,932.598395,933.399195,0.8007999999999811,,,hard_brake,mitra_t7,data\raw\mitra\Data_T7\T7_DAll.csv,2422.0,-10.390312499999999
5315,2,954.620396,955.58803,0.9676339999999755,,,hard_brake,mitra_t7,data\raw\mitra\Data_T7\T7_DAll.csv,2425.0,-6.834949999999999
5316,2,932.264728,933.065528,0.8007999999999811,,,hard_brake,mitra_t7,data\raw\mitra\Data_T7\T7_DAll.csv,2428.0,-9.788575
5317,3,958.057163,959.09153,1.0343670000000884,,,hard_brake,mitra_t7,data\raw\mitra\Data_T7\T7_DAll.csv,2432.0,-6.149393333333333
5318,1,895.628126,896.195359,0.5672330000001011,,,hard_brake,mitra_t7,data\raw\mitra\Data_T7\T7_DAll.csv,2440.0,-5.211475
5319,1,941.273729,942.408196,1.1344669999999724,,,hard_brake,mitra_t7,data\raw\mitra\Data_T7\T7_DAll.csv,2442.0,-7.47295
5320,2,854.753956,855.52139,0.7674339999999802,,,hard_brake,mitra_t7,data\raw\mitra\Data_T7\T7_DAll.csv,2448.0,-4.4921
5321,3,859.22509,859.992523,0.7674329999999827,,,hard_brake,mitra_t7,data\raw\mitra\Data_T7\T7_DAll.csv,2465.0,-4.411286666666667
5322,1,921.921061,922.555028,0.6339669999999842,,,hard_brake,mitra_t7,data\raw\mitra\Data_T7\T7_DAll.csv,2468.0,-7.580374999999999
5323,2,928.227361,928.794595,0.5672339999999849,,,hard_brake,mitra_t7,data\raw\mitra\Data_T7\T7_DAll.csv,2469.0,-4.924386666666667
5324,3,860.793324,861.694224,0.9008999999999787,,,hard_brake,mitra_t7,data\raw\mitra\Data_T7\T7_DAll.csv,2471.0,-5.372833333333333
5325,3,864.096624,865.03089,0.9342659999999796,,,hard_brake,mitra_t7,data\raw\mitra\Data_T7\T7_DAll.csv,2474.0,-4.32372
5326,3,863.72959,864.663857,0.9342669999999771,,,hard_brake,mitra_t7,data\raw\mitra\Data_T7\T7_DAll.csv,2479.0,-5.643266666666666
5327,3,870.836691,871.637491,0.8007999999999811,,,hard_brake,mitra_t7,data\raw\mitra\Data_T7\T7_DAll.csv,2479.0,-5.065546666666666
5328,3,966.131897,966.932697,0.8007999999999811,,,hard_brake,mitra_t7,data\raw\mitra\Data_T7\T7_DAll.csv,2479.0,-8.640346666666666
5329,2,1000.065799,1000.799866,0.7340669999999818,,,hard_brake,mitra_t7,data\raw\mitra\Data_T7\T7_DAll.csv,2480.0,-5.979025
5330,3,865.731591,866.298824,0.5672329999999874,,,hard_brake,mitra_t7,data\raw\mitra\Data_T7\T7_DAll.csv,2484.0,-4.23748
5331,1,996.829233,997.630033,0.8007999999999811,,,hard_brake,mitra_t7,data\raw\mitra\Data_T7\T7_DAll.csv,2485.0,-6.284887499999999
5332,2,1007.840233,1008.641033,0.8007999999999811,,,hard_brake,mitra_t7,data\raw\mitra\Data_T7\T7_DAll.csv,2489.0,-14.5130125
5333,1,927.159628,927.726861,0.5672329999999874,,,hard_brake,mitra_t7,data\raw\mitra\Data_T7\T7_DAll.csv,2491.0,-5.313412500000001
5334,3,868.267457,869.134991,0.8675339999999778,,,hard_brake,mitra_t7,data\raw\mitra\Data_T7\T7_DAll.csv,2492.0,-5.341693333333334
5335,3,869.768957,870.503024,0.7340669999999818,,,hard_brake,mitra_t7,data\raw\mitra\Data_T7\T7_DAll.csv,2493.0,-4.338579999999999
5336,1,1005.237633,1006.138533,0.9009000000000924,,,hard_brake,mitra_t7,data\raw\mitra\Data_T7\T7_DAll.csv,2496.0,-10.4143125
5337,2,1001.567299,1002.134533,0.5672339999999849,,,hard_brake,mitra_t7,data\raw\mitra\Data_T7\T7_DAll.csv,2499.0,-8.259025
5338,2,909.275093,909.975793,0.7006999999999834,,,hard_brake,mitra_t7,data\raw\mitra\Data_T7\T7_DAll.csv,2504.0,-6.95512
5339,2,918.150627,918.751227,0.6005999999999858,,,hard_brake,mitra_t7,data\raw\mitra\Data_T7\T7_DAll.csv,2504.0,-6.399093333333334
5340,1,939.605395,940.406195,0.8007999999999811,,,hard_brake,mitra_t7,data\raw\mitra\Data_T7\T7_DAll.csv,2518.0,-12.012437499999999
5341,1,934.700495,935.568028,0.8675329999999803,,,hard_brake,mitra_t7,data\raw\mitra\Data_T7\T7_DAll.csv,2519.0,-7.6721
5342,1,942.908696,943.442562,0.5338659999999891,,,hard_brake,mitra_t7,data\raw\mitra\Data_T7\T7_DAll.csv,2524.0,-4.587366666666667
5343,2,953.118896,953.919696,0.8008000000000948,,,hard_brake,mitra_t7,data\raw\mitra\Data_T7\T7_DAll.csv,2527.0,-7.6716500000000005
5344,2,937.937062,938.604395,0.6673329999999851,,,hard_brake,mitra_t7,data\raw\mitra\Data_T7\T7_DAll.csv,2537.0,-5.105446666666667
5345,1,945.578029,946.579029,1.0009999999999764,,,hard_brake,mitra_t7,data\raw\mitra\Data_T7\T7_DAll.csv,2542.0,-7.1049
5346,2,1008.6744,1009.241633,0.5672329999999874,,,hard_brake,mitra_t7,data\raw\mitra\Data_T7\T7_DAll.csv,2580.0,-7.2000625
5347,2,1008.340733,1009.008067,0.6673339999999826,,,hard_brake,mitra_t7,data\raw\mitra\Data_T7\T7_DAll.csv,2588.0,-6.373425000000001
5348,3,1008.507567,1009.008067,0.5004999999999882,,,hard_brake,mitra_t7,data\raw\mitra\Data_T7\T7_DAll.csv,2611.0,-5.121874999999999
5349,1,1008.1739,1008.807867,0.6339669999999842,,,hard_brake,mitra_t7,data\raw\mitra\Data_T7\T7_DAll.csv,2640.0,-6.2826375
5350,10,1008.4742,1009.008067,0.5338669999999865,,,hard_brake,mitra_t7,data\raw\mitra\Data_T7\T7_DAll.csv,2654.0,-5.271925
5351,1,1007.906967,1009.008067,1.101099999999974,,,hard_brake,mitra_t7,data\raw\mitra\Data_T7\T7_DAll.csv,2660.0,-5.439073333333334
5352,20,1008.440833,1009.008067,0.5672339999999849,,,hard_brake,mitra_t7,data\raw\mitra\Data_T7\T7_DAll.csv,2674.0,-7.860637499999999
5353,0,1008.6744,1009.241633,0.5672329999999874,,,hard_brake,mitra_t7,data\raw\mitra\Data_T7\T7_DAll.csv,2701.0,-16.230275000000002
5354,21,1008.407467,1009.008067,0.6005999999999858,,,hard_brake,mitra_t7,data\raw\mitra\Data_T7\T7_DAll.csv,2722.0,-7.252587500000001
5355,11,1008.540933,1009.241633,0.7006999999999834,,,hard_brake,mitra_t7,data\raw\mitra\Data_T7\T7_DAll.csv,2725.0,-8.796700000000001
5356,20,1008.440833,1009.008067,0.5672339999999849,,,hard_brake,mitra_t7,data\raw\mitra\Data_T7\T7_DAll.csv,2765.0,-6.2367125
5357,10,1.2012,26.659967,25.458767,6.0,5026467.818104328,queue,mitra_t8,data\raw\mitra\Data_T8\T8_DAll.csv,,
5358,10,372.739033,390.456733,17.71769999999998,3.0,5026488.889077427,queue,mitra_t8,data\raw\mitra\Data_T8\T8_DAll.csv,,
5359,10,424.590833,432.465367,7.87453400000004,7.0,5026478.954984015,queue,mitra_t8,data\raw\mitra\Data_T8\T8_DAll.csv,,
5360,10,444.076967,457.190067,13.113099999999974,6.0,5026468.728067532,queue,mitra_t8,data\raw\mitra\Data_T8\T8_DAll.csv,,
5361,10,472.705567,484.250433,11.544866000000013,6.0,5026464.068490368,queue,mitra_t8,data\raw\mitra\Data_T8\T8_DAll.csv,,
5362,10,495.628467,503.0025,7.374032999999997,4.0,5026482.376744248,queue,mitra_t8,data\raw\mitra\Data_T8\T8_DAll.csv,,
5363,10,521.254067,558.291067,37.037000000000035,6.0,5026447.959973669,queue,mitra_t8,data\raw\mitra\Data_T8\T8_DAll.csv,,
5364,10,584.0835,593.3928,9.309300000000007,4.0,5026461.107641922,queue,mitra_t8,data\raw\mitra\Data_T8\T8_DAll.csv,,
5365,10,822.454967,861.227033,38.772065999999995,7.0,5026431.278906969,queue,mitra_t8,data\raw\mitra\Data_T8\T8_DAll.csv,,
5366,10,871.937733,889.121567,17.183834000000047,5.0,5026466.130406342,queue,mitra_t8,data\raw\mitra\Data_T8\T8_DAll.csv,,
5367,20,0.0,132.499033,132.499033,10.0,5026512.411001229,queue,mitra_t8,data\raw\mitra\Data_T8\T8_DAll.csv,,
5368,20,166.432933,187.187,20.75406700000002,6.0,5026500.889833793,queue,mitra_t8,data\raw\mitra\Data_T8\T8_DAll.csv,,
5369,20,206.472933,238.1379,31.66496699999999,6.0,5026509.02708445,queue,mitra_t8,data\raw\mitra\Data_T8\T8_DAll.csv,,
5370,20,406.973233,464.797667,57.824434,13.0,5026505.788735578,queue,mitra_t8,data\raw\mitra\Data_T8\T8_DAll.csv,,
5371,20,506.572733,515.781933,9.209199999999953,11.0,5026503.789999999,queue,mitra_t8,data\raw\mitra\Data_T8\T8_DAll.csv,,
5372,20,846.1453,883.949733,37.80443300000002,12.0,5026554.115377355,queue,mitra_t8,data\raw\mitra\Data_T8\T8_DAll.csv,,
5373,7,231.7315,260.26,28.52849999999998,6.0,5026510.520399134,queue,mitra_t8,data\raw\mitra\Data_T8\T8_DAll.csv,,
5374,7,315.782133,320.853867,5.071733999999992,5.0,5026581.539717813,queue,mitra_t8,data\raw\mitra\Data_T8\T8_DAll.csv,,
5375,7,339.7394,358.358,18.618600000000015,7.0,5026518.4154299935,queue,mitra_t8,data\raw\mitra\Data_T8\T8_DAll.csv,,
5376,7,775.5748,796.2955,20.720699999999965,7.0,5026488.711574668,queue,mitra_t8,data\raw\mitra\Data_T8\T8_DAll.csv,,
5377,7,807.873733,829.595433,21.72169999999994,5.0,5026508.796206875,queue,mitra_t8,data\raw\mitra\Data_T8\T8_DAll.csv,,
5378,3,2.669333,76.709967,74.04063400000001,10.0,5026672.763273869,queue,mitra_t8,data\raw\mitra\Data_T8\T8_DAll.csv,,
5379,3,672.204867,844.4436,172.2387329999999,11.0,5026596.78214092,queue,mitra_t8,data\raw\mitra\Data_T8\T8_DAll.csv,,
5380,3,861.427233,885.0842,23.65696700000001,8.0,5026672.5659593195,queue,mitra_t8,data\raw\mitra\Data_T8\T8_DAll.csv,,
5381,2,0.633967,16.6166,15.982632999999998,8.0,5026663.104572415,queue,mitra_t8,data\raw\mitra\Data_T8\T8_DAll.csv,,
5382,7,201.868333,202.7025,0.8341669999999795,,,hard_brake,mitra_t8,data\raw\mitra\Data_T8\T8_DAll.csv,27.0,-8.9221125
5383,3,47.414033,48.081367,0.6673339999999968,,,hard_brake,mitra_t8,data\raw\mitra\Data_T8\T8_DAll.csv,34.0,-12.2408875
5384,3,49.783067,50.7507,0.9676329999999993,,,hard_brake,mitra_t8,data\raw\mitra\Data_T8\T8_DAll.csv,35.0,-17.9246125
5385,3,41.408033,42.409033,1.0009999999999977,,,hard_brake,mitra_t8,data\raw\mitra\Data_T8\T8_DAll.csv,36.0,-16.6959
5386,1,37.871167,38.7387,0.8675330000000017,,,hard_brake,mitra_t8,data\raw\mitra\Data_T8\T8_DAll.csv,37.0,-8.200225
5387,1,39.9399,40.573867,0.6339669999999984,,,hard_brake,mitra_t8,data\raw\mitra\Data_T8\T8_DAll.csv,39.0,-9.067287499999999
5388,2,26.5265,27.6276,1.1011000000000024,,,hard_brake,mitra_t8,data\raw\mitra\Data_T8\T8_DAll.csv,40.0,-5.934306666666666
5389,2,49.416033,50.417033,1.0010000000000048,,,hard_brake,mitra_t8,data\raw\mitra\Data_T8\T8_DAll.csv,41.0,-7.531833333333334
5390,3,49.115733,49.916533,0.8008000000000024,,,hard_brake,mitra_t8,data\raw\mitra\Data_T8\T8_DAll.csv,42.0,-14.4854375
5391,2,46.980267,48.415033,1.4347660000000033,,,hard_brake,mitra_t8,data\raw\mitra\Data_T8\T8_DAll.csv,45.0,-5.716453333333333
5392,2,39.272567,40.073367,0.8007999999999953,,,hard_brake,mitra_t8,data\raw\mitra\Data_T8\T8_DAll.csv,46.0,-10.257125000000002
5393,1,36.403033,37.070367,0.6673339999999968,,,hard_brake,mitra_t8,data\raw\mitra\Data_T8\T8_DAll.csv,47.0,-10.6788125
5394,3,52.318933,53.086367,0.7674340000000015,,,hard_brake,mitra_t8,data\raw\mitra\Data_T8\T8_DAll.csv,48.0,-5.956977777777777
5395,7,246.479567,247.4472,0.9676330000000064,,,hard_brake,mitra_t8,data\raw\mitra\Data_T8\T8_DAll.csv,62.0,-10.043546666666666
5396,7,255.8556,256.923333,1.067733000000004,,,hard_brake,mitra_t8,data\raw\mitra\Data_T8\T8_DAll.csv,68.0,-6.16364
5397,3,43.3433,44.077367,0.7340670000000031,,,hard_brake,mitra_t8,data\raw\mitra\Data_T8\T8_DAll.csv,73.0,-11.128674999999998
5398,1,44.110733,45.578867,1.4681339999999992,,,hard_brake,mitra_t8,data\raw\mitra\Data_T8\T8_DAll.csv,86.0,-7.6675
5399,7,271.204267,271.7715,0.5672329999999874,,,hard_brake,mitra_t8,data\raw\mitra\Data_T8\T8_DAll.csv,94.0,-4.18335
5400,3,12.979633,13.880533,0.9009,,,hard_brake,mitra_t8,data\raw\mitra\Data_T8\T8_DAll.csv,98.0,-9.647650000000002
5401,2,19.452767,20.2202,0.7674329999999969,,,hard_brake,mitra_t8,data\raw\mitra\Data_T8\T8_DAll.csv,99.0,-12.466275000000001
5402,1,8.4084,9.042367,0.6339670000000002,,,hard_brake,mitra_t8,data\raw\mitra\Data_T8\T8_DAll.csv,100.0,-7.338749999999999
5403,2,21.287933,22.055367,0.7674340000000015,,,hard_brake,mitra_t8,data\raw\mitra\Data_T8\T8_DAll.csv,101.0,-12.810649999999999
5404,2,5.271933,6.039367,0.7674340000000006,,,hard_brake,mitra_t8,data\raw\mitra\Data_T8\T8_DAll.csv,102.0,-14.785812500000002
5405,2,8.375033,9.2092,0.834166999999999,,,hard_brake,mitra_t8,data\raw\mitra\Data_T8\T8_DAll.csv,104.0,-11.278725
5406,3,9.876533,10.7107,0.834166999999999,,,hard_brake,mitra_t8,data\raw\mitra\Data_T8\T8_DAll.csv,105.0,-21.28355
5407,1,10.1101,10.877533,0.7674330000000005,,,hard_brake,mitra_t8,data\raw\mitra\Data_T8\T8_DAll.csv,106.0,-11.2791375
5408,3,8.6086,9.2092,0.6006,,,hard_brake,mitra_t8,data\raw\mitra\Data_T8\T8_DAll.csv,107.0,-4.430200000000001
5409,2,11.2112,12.045367,0.8341670000000008,,,hard_brake,mitra_t8,data\raw\mitra\Data_T8\T8_DAll.csv,109.0,-11.4535
5410,2,1.835167,2.7027,0.8675330000000001,,,hard_brake,mitra_t8,data\raw\mitra\Data_T8\T8_DAll.csv,110.0,-11.8114625
5411,2,12.779433,13.546867,0.7674340000000015,,,hard_brake,mitra_t8,data\raw\mitra\Data_T8\T8_DAll.csv,111.0,-14.0845
5412,1,17.7177,18.551867,0.8341670000000008,,,hard_brake,mitra_t8,data\raw\mitra\Data_T8\T8_DAll.csv,112.0,-5.79292
5413,1,14.681333,15.548867,0.8675339999999991,,,hard_brake,mitra_t8,data\raw\mitra\Data_T8\T8_DAll.csv,114.0,-11.807637499999998
5414,3,17.650967,18.7187,1.067732999999997,,,hard_brake,mitra_t8,data\raw\mitra\Data_T8\T8_DAll.csv,115.0,-6.430553333333334
5415,3,16.549867,17.384033,0.8341659999999997,,,hard_brake,mitra_t8,data\raw\mitra\Data_T8\T8_DAll.csv,117.0,-17.020575
5416,3,20.787433,21.7217,0.9342669999999984,,,hard_brake,mitra_t8,data\raw\mitra\Data_T8\T8_DAll.csv,118.0,-7.564787500000001
5417,2,6.439767,7.540867,1.1011000000000006,,,hard_brake,mitra_t8,data\raw\mitra\Data_T8\T8_DAll.csv,119.0,-9.369613333333332
5418,3,5.4054,6.2062,0.8007999999999997,,,hard_brake,mitra_t8,data\raw\mitra\Data_T8\T8_DAll.csv,120.0,-10.1828375
5419,3,2.736067,3.7037,0.9676330000000002,,,hard_brake,mitra_t8,data\raw\mitra\Data_T8\T8_DAll.csv,121.0,-6.308153333333333
5420,1,21.955267,22.889533,0.9342660000000009,,,hard_brake,mitra_t8,data\raw\mitra\Data_T8\T8_DAll.csv,123.0,-13.234949999999998
5421,1,8.975633,9.7097,0.7340669999999996,,,hard_brake,mitra_t8,data\raw\mitra\Data_T8\T8_DAll.csv,124.0,-13.191825
5422,7,272.3721,273.273,0.9009000000000356,,,hard_brake,mitra_t8,data\raw\mitra\Data_T8\T8_DAll.csv,130.0,-6.1825625
5423,7,701.4007,702.034667,0.6339669999999842,,,hard_brake,mitra_t8,data\raw\mitra\Data_T8\T8_DAll.csv,142.0,-4.390646666666667
5424,3,30.2302,30.897533,0.6673329999999993,,,hard_brake,mitra_t8,data\raw\mitra\Data_T8\T8_DAll.csv,157.0,-11.43075
5425,2,31.698333,32.399033,0.7007000000000012,,,hard_brake,mitra_t8,data\raw\mitra\Data_T8\T8_DAll.csv,158.0,-6.687812500000001
5426,1,29.863167,30.897533,1.0343659999999986,,,hard_brake,mitra_t8,data\raw\mitra\Data_T8\T8_DAll.csv,159.0,-6.44132
5427,2,30.8308,31.564867,0.7340669999999996,,,hard_brake,mitra_t8,data\raw\mitra\Data_T8\T8_DAll.csv,160.0,-9.6084375
5428,3,37.303933,38.2382,0.9342669999999984,,,hard_brake,mitra_t8,data\raw\mitra\Data_T8\T8_DAll.csv,162.0,-18.2790375
5429,2,34.1341,34.768067,0.6339670000000055,,,hard_brake,mitra_t8,data\raw\mitra\Data_T8\T8_DAll.csv,163.0,-4.4344133333333335
5430,1,25.792433,26.259567,0.4671340000000015,,,hard_brake,mitra_t8,data\raw\mitra\Data_T8\T8_DAll.csv,164.0,-4.673826666666667
5431,1,27.260567,28.061367,0.8007999999999988,,,hard_brake,mitra_t8,data\raw\mitra\Data_T8\T8_DAll.csv,165.0,-15.084737500000003
5432,3,35.502133,36.403033,0.9009,,,hard_brake,mitra_t8,data\raw\mitra\Data_T8\T8_DAll.csv,167.0,-15.575387499999998
5433,1,23.957267,25.058367,1.1010999999999989,,,hard_brake,mitra_t8,data\raw\mitra\Data_T8\T8_DAll.csv,168.0,-5.487775
5434,2,37.470767,38.2382,0.7674329999999969,,,hard_brake,mitra_t8,data\raw\mitra\Data_T8\T8_DAll.csv,170.0,-18.9143125
5435,2,35.502133,36.403033,0.9009,,,hard_brake,mitra_t8,data\raw\mitra\Data_T8\T8_DAll.csv,171.0,-18.9306125
5436,1,34.401033,35.2352,0.8341670000000008,,,hard_brake,mitra_t8,data\raw\mitra\Data_T8\T8_DAll.csv,172.0,-18.358324999999997
5437,1,27.961267,28.895533,0.9342660000000009,,,hard_brake,mitra_t8,data\raw\mitra\Data_T8\T8_DAll.csv,173.0,-5.2277466666666665
5438,3,31.898533,32.7327,0.8341670000000008,,,hard_brake,mitra_t8,data\raw\mitra\Data_T8\T8_DAll.csv,174.0,-15.692262499999998
5439,1,20.7207,21.187833,0.46713300000000046,,,hard_brake,mitra_t8,data\raw\mitra\Data_T8\T8_DAll.csv,175.0,-4.520186666666667
5440,1,23.156467,24.057367,0.9009,,,hard_brake,mitra_t8,data\raw\mitra\Data_T8\T8_DAll.csv,176.0,-12.311499999999999
5441,2,28.194833,29.562867,1.3680340000000015,,,hard_brake,mitra_t8,data\raw\mitra\Data_T8\T8_DAll.csv,183.0,-7.030026666666667
5442,7,338.971967,339.7394,0.7674329999999827,,,hard_brake,mitra_t8,data\raw\mitra\Data_T8\T8_DAll.csv,221.0,-5.1731533333333335
5443,6,263.0628,263.6634,0.6006000000000427,,,hard_brake,mitra_t8,data\raw\mitra\Data_T8\T8_DAll.csv,236.0,-4.460006666666668
5444,1,54.621233,55.9559,1.3346670000000032,,,hard_brake,mitra_t8,data\raw\mitra\Data_T8\T8_DAll.csv,237.0,-6.469886666666667
5445,2,55.8558,56.589867,0.734066999999996,,,hard_brake,mitra_t8,data\raw\mitra\Data_T8\T8_DAll.csv,239.0,-6.9414750000000005
5446,2,62.7627,63.496767,0.734066999999996,,,hard_brake,mitra_t8,data\raw\mitra\Data_T8\T8_DAll.csv,241.0,-5.934426666666667
5447,3,64.898167,65.598867,0.7006999999999977,,,hard_brake,mitra_t8,data\raw\mitra\Data_T8\T8_DAll.csv,243.0,-5.889275
5448,3,62.695967,63.596867,0.9009,,,hard_brake,mitra_t8,data\raw\mitra\Data_T8\T8_DAll.csv,245.0,-28.7759
5449,3,66.1661,66.933533,0.7674329999999969,,,hard_brake,mitra_t8,data\raw\mitra\Data_T8\T8_DAll.csv,247.0,-9.445937500000001
5450,3,60.193467,61.2612,1.067733000000004,,,hard_brake,mitra_t8,data\raw\mitra\Data_T8\T8_DAll.csv,254.0,-8.982753333333333
5451,3,53.486767,54.187467,0.7006999999999977,,,hard_brake,mitra_t8,data\raw\mitra\Data_T8\T8_DAll.csv,255.0,-5.861833333333333
5452,3,57.824433,58.591867,0.7674340000000015,,,hard_brake,mitra_t8,data\raw\mitra\Data_T8\T8_DAll.csv,256.0,-18.263025
5453,1,57.590867,58.425033,0.8341659999999962,,,hard_brake,mitra_t8,data\raw\mitra\Data_T8\T8_DAll.csv,258.0,-13.63365
5454,3,50.283567,51.2512,0.9676329999999993,,,hard_brake,mitra_t8,data\raw\mitra\Data_T8\T8_DAll.csv,287.0,-5.3321466666666675
5455,3,112.3122,113.3132,1.0009999999999906,,,hard_brake,mitra_t8,data\raw\mitra\Data_T8\T8_DAll.csv,321.0,-10.450990000000001
5456,2,109.0089,109.843067,0.8341670000000079,,,hard_brake,mitra_t8,data\raw\mitra\Data_T8\T8_DAll.csv,322.0,-6.45622
5457,3,107.941167,108.8087,0.8675330000000088,,,hard_brake,mitra_t8,data\raw\mitra\Data_T8\T8_DAll.csv,326.0,-14.8328875
5458,7,6.373033,7.173833,0.8007999999999997,,,hard_brake,mitra_t8,data\raw\mitra\Data_T8\T8_DAll.csv,327.0,-13.337849999999998
5459,2,105.6055,106.973533,1.368032999999997,,,hard_brake,mitra_t8,data\raw\mitra\Data_T8\T8_DAll.csv,328.0,-8.1367625
5460,2,102.235467,102.969533,0.7340659999999986,,,hard_brake,mitra_t8,data\raw\mitra\Data_T8\T8_DAll.csv,331.0,-12.521199999999999
5461,3,102.869433,103.636867,0.7674339999999944,,,hard_brake,mitra_t8,data\raw\mitra\Data_T8\T8_DAll.csv,337.0,-12.4248375
5462,2,100.033267,100.8007,0.7674330000000111,,,hard_brake,mitra_t8,data\raw\mitra\Data_T8\T8_DAll.csv,338.0,-21.935762499999996
5463,3,97.464033,98.2982,0.8341669999999937,,,hard_brake,mitra_t8,data\raw\mitra\Data_T8\T8_DAll.csv,341.0,-21.034137499999996
5464,3,95.8958,96.629867,0.7340670000000102,,,hard_brake,mitra_t8,data\raw\mitra\Data_T8\T8_DAll.csv,342.0,-12.432925000000001
5465,3,93.927167,94.627867,0.7006999999999977,,,hard_brake,mitra_t8,data\raw\mitra\Data_T8\T8_DAll.csv,345.0,-5.681374999999999
5466,3,92.425667,93.460033,1.0343659999999915,,,hard_brake,mitra_t8,data\raw\mitra\Data_T8\T8_DAll.csv,346.0,-6.591293333333334
5467,2,90.5905,92.125367,1.5348669999999913,,,hard_brake,mitra_t8,data\raw\mitra\Data_T8\T8_DAll.csv,348.0,-9.008213333333334
5468,1,77.544133,79.112367,1.568234000000004,,,hard_brake,mitra_t8,data\raw\mitra\Data_T8\T8_DAll.csv,350.0,-8.6962625
5469,1,73.206467,74.2742,1.0677329999999898,,,hard_brake,mitra_t8,data\raw\mitra\Data_T8\T8_DAll.csv,352.0,-6.672386666666666
5470,3,88.221467,88.855433,0.6339660000000009,,,hard_brake,mitra_t8,data\raw\mitra\Data_T8\T8_DAll.csv,353.0,-4.156686666666666
5471,2,52.886167,53.5535,0.6673329999999993,,,hard_brake,mitra_t8,data\raw\mitra\Data_T8\T8_DAll.csv,354.0,-4.862053333333334
5472,2,83.149733,83.750333,0.6006,,,hard_brake,mitra_t8,data\raw\mitra\Data_T8\T8_DAll.csv,354.0,-4.67432
5473,1,71.905167,72.7727,0.8675329999999946,,,hard_brake,mitra_t8,data\raw\mitra\Data_T8\T8_DAll.csv,356.0,-6.556391666666667
5474,2,81.3813,82.115367,0.7340670000000102,,,hard_brake,mitra_t8,data\raw\mitra\Data_T8\T8_DAll.csv,357.0,-15.215575000000001
5475,1,74.941533,75.7757,0.8341669999999937,,,hard_brake,mitra_t8,data\raw\mitra\Data_T8\T8_DAll.csv,358.0,-19.583012500000002
5476,3,84.3843,84.951533,0.5672330000000017,,,hard_brake,mitra_t8,data\raw\mitra\Data_T8\T8_DAll.csv,359.0,-6.2941
5477,3,82.7827,83.616867,0.8341669999999937,,,hard_brake,mitra_t8,data\raw\mitra\Data_T8\T8_DAll.csv,361.0,-24.813062500000004
5478,3,19.886533,20.353667,0.4671340000000015,,,hard_brake,mitra_t8,data\raw\mitra\Data_T8\T8_DAll.csv,362.0,-5.097413333333334
5479,3,80.3803,81.448033,1.0677329999999898,,,hard_brake,mitra_t8,data\raw\mitra\Data_T8\T8_DAll.csv,362.0,-5.418873333333333
5480,2,76.6766,77.811067,1.1344670000000008,,,hard_brake,mitra_t8,data\raw\mitra\Data_T8\T8_DAll.csv,363.0,-7.879906666666667
5481,1,66.833433,67.434033,0.6006,,,hard_brake,mitra_t8,data\raw\mitra\Data_T8\T8_DAll.csv,364.0,-8.9030875
5482,2,73.4734,74.941533,1.4681330000000088,,,hard_brake,mitra_t8,data\raw\mitra\Data_T8\T8_DAll.csv,365.0,-11.77992
5483,2,56.723333,57.2572,0.5338670000000008,,,hard_brake,mitra_t8,data\raw\mitra\Data_T8\T8_DAll.csv,367.0,-4.4848875
5484,2,66.332933,67.434033,1.1011000000000024,,,hard_brake,mitra_t8,data\raw\mitra\Data_T8\T8_DAll.csv,368.0,-6.87002
5485,3,74.941533,75.608867,0.6673339999999968,,,hard_brake,mitra_t8,data\raw\mitra\Data_T8\T8_DAll.csv,369.0,-4.826890000000001
5486,3,72.105367,72.939533,0.8341659999999962,,,hard_brake,mitra_t8,data\raw\mitra\Data_T8\T8_DAll.csv,371.0,-8.435525
5487,1,64.2642,65.098367,0.8341669999999937,,,hard_brake,mitra_t8,data\raw\mitra\Data_T8\T8_DAll.csv,372.0,-7.0962125
5488,1,58.792067,59.7597,0.9676329999999993,,,hard_brake,mitra_t8,data\raw\mitra\Data_T8\T8_DAll.csv,373.0,-6.630039999999999
5489,2,59.125733,59.926533,0.8008000000000024,,,hard_brake,mitra_t8,data\raw\mitra\Data_T8\T8_DAll.csv,374.0,-19.5365875
5490,3,29.396033,29.9299,0.5338670000000008,,,hard_brake,mitra_t8,data\raw\mitra\Data_T8\T8_DAll.csv,384.0,-6.273806666666667
5491,3,77.911167,78.611867,0.7006999999999977,,,hard_brake,mitra_t8,data\raw\mitra\Data_T8\T8_DAll.csv,384.0,-10.285775000000001
5492,7,133.5334,134.134,0.6005999999999858,,,hard_brake,mitra_t8,data\raw\mitra\Data_T8\T8_DAll.csv,440.0,-6.186037499999999
5493,1,79.846433,81.2812,1.4347669999999937,,,hard_brake,mitra_t8,data\raw\mitra\Data_T8\T8_DAll.csv,444.0,-10.850999999999999
5494,1,84.851433,85.7857,0.9342670000000055,,,hard_brake,mitra_t8,data\raw\mitra\Data_T8\T8_DAll.csv,445.0,-26.116775
5495,3,111.177733,111.8117,0.6339669999999984,,,hard_brake,mitra_t8,data\raw\mitra\Data_T8\T8_DAll.csv,447.0,-11.986825000000001
5496,1,85.852433,86.7867,0.9342669999999913,,,hard_brake,mitra_t8,data\raw\mitra\Data_T8\T8_DAll.csv,449.0,-11.201775
5497,3,114.447667,115.148367,0.7006999999999977,,,hard_brake,mitra_t8,data\raw\mitra\Data_T8\T8_DAll.csv,456.0,-11.470962499999999
5498,21,44.911533,45.5455,0.6339669999999984,,,hard_brake,mitra_t8,data\raw\mitra\Data_T8\T8_DAll.csv,457.0,-7.5823625
5499,1,49.049,49.783067,0.7340670000000031,,,hard_brake,mitra_t8,data\raw\mitra\Data_T8\T8_DAll.csv,461.0,-4.57126
5500,2,50.483767,51.2512,0.7674329999999969,,,hard_brake,mitra_t8,data\raw\mitra\Data_T8\T8_DAll.csv,463.0,-13.140312499999999
5501,3,116.0159,116.8167,0.8007999999999953,,,hard_brake,mitra_t8,data\raw\mitra\Data_T8\T8_DAll.csv,465.0,-5.80477
5502,1,95.061633,96.463033,1.4013999999999953,,,hard_brake,mitra_t8,data\raw\mitra\Data_T8\T8_DAll.csv,466.0,-8.267812500000002
5503,1,52.519133,53.2532,0.7340670000000031,,,hard_brake,mitra_t8,data\raw\mitra\Data_T8\T8_DAll.csv,470.0,-16.8936125
5504,3,119.385933,120.153367,0.7674340000000086,,,hard_brake,mitra_t8,data\raw\mitra\Data_T8\T8_DAll.csv,471.0,-10.273012500000002
5505,3,120.653867,121.488033,0.8341659999999962,,,hard_brake,mitra_t8,data\raw\mitra\Data_T8\T8_DAll.csv,473.0,-26.2033875
5506,1,97.230467,97.964533,0.7340659999999986,,,hard_brake,mitra_t8,data\raw\mitra\Data_T8\T8_DAll.csv,474.0,-11.3029375
5507,1,82.148733,83.450033,1.301300000000012,,,hard_brake,mitra_t8,data\raw\mitra\Data_T8\T8_DAll.csv,475.0,-8.491325000000002
5508,2,60.326933,61.094367,0.7674340000000015,,,hard_brake,mitra_t8,data\raw\mitra\Data_T8\T8_DAll.csv,478.0,-8.994850000000001
5509,2,96.663233,97.1971,0.5338670000000008,,,hard_brake,mitra_t8,data\raw\mitra\Data_T8\T8_DAll.csv,479.0,-4.8615933333333325
5510,3,85.9859,86.953533,0.9676329999999922,,,hard_brake,mitra_t8,data\raw\mitra\Data_T8\T8_DAll.csv,482.0,-22.587450000000004
5511,2,113.146367,114.147367,1.0010000000000048,,,hard_brake,mitra_t8,data\raw\mitra\Data_T8\T8_DAll.csv,483.0,-11.40205
5512,3,56.2562,57.123733,0.8675330000000017,,,hard_brake,mitra_t8,data\raw\mitra\Data_T8\T8_DAll.csv,485.0,-5.59632
5513,6,418.418,418.951867,0.5338669999999865,,,hard_brake,mitra_t8,data\raw\mitra\Data_T8\T8_DAll.csv,488.0,-5.396933333333333
5514,3,123.590133,124.657867,1.0677340000000015,,,hard_brake,mitra_t8,data\raw\mitra\Data_T8\T8_DAll.csv,490.0,-8.498233333333333
5515,2,116.583133,117.484033,0.9008999999999929,,,hard_brake,mitra_t8,data\raw\mitra\Data_T8\T8_DAll.csv,491.0,-16.5735125
5516,3,125.125,125.8257,0.7006999999999977,,,hard_brake,mitra_t8,data\raw\mitra\Data_T8\T8_DAll.csv,493.0,-7.998075
5517,3,125.859067,126.659867,0.8008000000000095,,,hard_brake,mitra_t8,data\raw\mitra\Data_T8\T8_DAll.csv,495.0,-17.6520625
5518,2,103.2031,104.137367,0.9342669999999913,,,hard_brake,mitra_t8,data\raw\mitra\Data_T8\T8_DAll.csv,496.0,-26.106725
5519,2,121.855067,122.655867,0.8007999999999953,,,hard_brake,mitra_t8,data\raw\mitra\Data_T8\T8_DAll.csv,497.0,-17.197074999999998
5520,3,128.4283,128.9288,0.5004999999999882,,,hard_brake,mitra_t8,data\raw\mitra\Data_T8\T8_DAll.csv,498.0,-4.73152
5521,1,112.7126,113.8137,1.1011000000000024,,,hard_brake,mitra_t8,data\raw\mitra\Data_T8\T8_DAll.csv,499.0,-13.0773625
5522,2,122.7226,123.990533,1.2679329999999993,,,hard_brake,mitra_t8,data\raw\mitra\Data_T8\T8_DAll.csv,501.0,-19.630812500000005
5523,3,117.283833,118.151367,0.867533999999992,,,hard_brake,mitra_t8,data\raw\mitra\Data_T8\T8_DAll.csv,502.0,-17.962587499999998
5524,3,129.9298,130.8307,0.9009000000000071,,,hard_brake,mitra_t8,data\raw\mitra\Data_T8\T8_DAll.csv,503.0,-19.4004125
5525,2,124.958167,125.8257,0.8675329999999946,,,hard_brake,mitra_t8,data\raw\mitra\Data_T8\T8_DAll.csv,505.0,-17.248524999999997
5526,3,95.962533,96.729967,0.7674340000000086,,,hard_brake,mitra_t8,data\raw\mitra\Data_T8\T8_DAll.csv,506.0,-7.0850800000000005
5527,3,101.835067,102.769333,0.934266000000008,,,hard_brake,mitra_t8,data\raw\mitra\Data_T8\T8_DAll.csv,506.0,-6.33434
5528,1,118.051267,119.4193,1.3680330000000112,,,hard_brake,mitra_t8,data\raw\mitra\Data_T8\T8_DAll.csv,508.0,-9.489133333333333
5529,2,127.494033,128.3282,0.8341670000000079,,,hard_brake,mitra_t8,data\raw\mitra\Data_T8\T8_DAll.csv,511.0,-23.908712500000004
5530,3,132.3322,133.166367,0.8341670000000079,,,hard_brake,mitra_t8,data\raw\mitra\Data_T8\T8_DAll.csv,512.0,-13.374712500000001
5531,3,135.268467,136.002533,0.7340660000000128,,,hard_brake,mitra_t8,data\raw\mitra\Data_T8\T8_DAll.csv,515.0,-9.0956375
5532,1,128.895433,130.3302,1.4347669999999937,,,hard_brake,mitra_t8,data\raw\mitra\Data_T8\T8_DAll.csv,517.0,-11.292406666666666
5533,1,132.0319,132.999533,0.9676330000000064,,,hard_brake,mitra_t8,data\raw\mitra\Data_T8\T8_DAll.csv,519.0,-18.7605875
5534,2,130.897433,132.3322,1.4347669999999937,,,hard_brake,mitra_t8,data\raw\mitra\Data_T8\T8_DAll.csv,520.0,-8.989193333333333
5535,3,139.272467,140.006533,0.7340659999999843,,,hard_brake,mitra_t8,data\raw\mitra\Data_T8\T8_DAll.csv,521.0,-14.438450000000001
5536,3,142.408933,143.3432,0.9342670000000055,,,hard_brake,mitra_t8,data\raw\mitra\Data_T8\T8_DAll.csv,524.0,-14.625837500000001
5537,3,133.133,133.8337,0.7006999999999834,,,hard_brake,mitra_t8,data\raw\mitra\Data_T8\T8_DAll.csv,526.0,-9.646075000000002
5538,2,135.502033,136.503033,1.0009999999999764,,,hard_brake,mitra_t8,data\raw\mitra\Data_T8\T8_DAll.csv,527.0,-14.995337500000002
5539,7,232.0318,232.7325,0.7006999999999834,,,hard_brake,mitra_t8,data\raw\mitra\Data_T8\T8_DAll.csv,528.0,-4.979099999999999
5540,3,143.409933,144.677867,1.2679339999999968,,,hard_brake,mitra_t8,data\raw\mitra\Data_T8\T8_DAll.csv,530.0,-8.70905
5541,2,137.5374,138.171367,0.6339670000000126,,,hard_brake,mitra_t8,data\raw\mitra\Data_T8\T8_DAll.csv,531.0,-11.960012500000001
5542,2,140.5404,141.508033,0.9676330000000064,,,hard_brake,mitra_t8,data\raw\mitra\Data_T8\T8_DAll.csv,532.0,-13.685625
5543,3,148.281467,149.082267,0.8008000000000095,,,hard_brake,mitra_t8,data\raw\mitra\Data_T8\T8_DAll.csv,533.0,-6.1349133333333326
5544,2,133.199733,134.000533,0.8007999999999811,,,hard_brake,mitra_t8,data\raw\mitra\Data_T8\T8_DAll.csv,535.0,-15.0914125
5545,3,150.817333,151.518033,0.7007000000000119,,,hard_brake,mitra_t8,data\raw\mitra\Data_T8\T8_DAll.csv,537.0,-5.5816875
5546,1,89.2892,90.123367,0.8341670000000079,,,hard_brake,mitra_t8,data\raw\mitra\Data_T8\T8_DAll.csv,538.0,-8.7123125
5547,1,141.2411,142.175367,0.9342670000000055,,,hard_brake,mitra_t8,data\raw\mitra\Data_T8\T8_DAll.csv,539.0,-6.2798533333333335
5548,2,143.910433,144.677867,0.7674339999999802,,,hard_brake,mitra_t8,data\raw\mitra\Data_T8\T8_DAll.csv,540.0,-19.6329125
5549,3,140.206733,141.007533,0.8007999999999811,,,hard_brake,mitra_t8,data\raw\mitra\Data_T8\T8_DAll.csv,542.0,-17.3601
5550,3,151.885067,152.685867,0.8008000000000095,,,hard_brake,mitra_t8,data\raw\mitra\Data_T8\T8_DAll.csv,543.0,-10.458412500000001
5551,3,137.0369,137.670867,0.6339669999999842,,,hard_brake,mitra_t8,data\raw\mitra\Data_T8\T8_DAll.csv,544.0,-4.1962866666666665
5552,1,99.1991,99.966533,0.7674329999999969,,,hard_brake,mitra_t8,data\raw\mitra\Data_T8\T8_DAll.csv,546.0,-6.7050624999999995
5553,1,137.804333,138.3382,0.5338669999999865,,,hard_brake,mitra_t8,data\raw\mitra\Data_T8\T8_DAll.csv,547.0,-5.162825
5554,1,100.667233,101.468033,0.8008000000000095,,,hard_brake,mitra_t8,data\raw\mitra\Data_T8\T8_DAll.csv,548.0,-7.1017125000000005
5555,7,714.847467,715.548167,0.7006999999999834,,,hard_brake,mitra_t8,data\raw\mitra\Data_T8\T8_DAll.csv,549.0,-5.430626666666667
5556,2,147.580767,148.3482,0.7674329999999827,,,hard_brake,mitra_t8,data\raw\mitra\Data_T8\T8_DAll.csv,551.0,-14.877575000000002
5557,2,150.6505,151.518033,0.8675330000000088,,,hard_brake,mitra_t8,data\raw\mitra\Data_T8\T8_DAll.csv,553.0,-11.713599999999998
5558,2,151.885067,152.685867,0.8008000000000095,,,hard_brake,mitra_t8,data\raw\mitra\Data_T8\T8_DAll.csv,562.0,-9.09365
5559,1,145.7456,146.679867,0.9342670000000055,,,hard_brake,mitra_t8,data\raw\mitra\Data_T8\T8_DAll.csv,564.0,-23.705912499999997
5560,3,149.9498,150.517033,0.5672329999999874,,,hard_brake,mitra_t8,data\raw\mitra\Data_T8\T8_DAll.csv,566.0,-6.076037499999999
5561,2,99.666233,100.467033,0.8007999999999953,,,hard_brake,mitra_t8,data\raw\mitra\Data_T8\T8_DAll.csv,567.0,-18.797187500000003
5562,2,155.421933,156.3562,0.9342670000000055,,,hard_brake,mitra_t8,data\raw\mitra\Data_T8\T8_DAll.csv,568.0,-8.961162499999999
5563,1,149.816333,150.8507,1.0343670000000031,,,hard_brake,mitra_t8,data\raw\mitra\Data_T8\T8_DAll.csv,569.0,-9.78498
5564,1,151.918433,152.685867,0.7674340000000086,,,hard_brake,mitra_t8,data\raw\mitra\Data_T8\T8_DAll.csv,571.0,-8.81475
5565,1,154.0539,155.021533,0.9676330000000064,,,hard_brake,mitra_t8,data\raw\mitra\Data_T8\T8_DAll.csv,575.0,-9.105925
5566,1,132.9328,133.666867,0.7340670000000102,,,hard_brake,mitra_t8,data\raw\mitra\Data_T8\T8_DAll.csv,576.0,-17.4690875
5567,2,114.747967,115.648867,0.9008999999999929,,,hard_brake,mitra_t8,data\raw\mitra\Data_T8\T8_DAll.csv,580.0,-5.8208400000000005
5568,7,249.515933,250.083167,0.5672340000000133,,,hard_brake,mitra_t8,data\raw\mitra\Data_T8\T8_DAll.csv,581.0,-5.549775
5569,2,156.7566,158.191367,1.434767000000022,,,hard_brake,mitra_t8,data\raw\mitra\Data_T8\T8_DAll.csv,582.0,-10.03116
5570,1,115.9158,116.549767,0.6339669999999984,,,hard_brake,mitra_t8,data\raw\mitra\Data_T8\T8_DAll.csv,583.0,-4.230306666666666
5571,1,156.689867,157.190367,0.5005000000000166,,,hard_brake,mitra_t8,data\raw\mitra\Data_T8\T8_DAll.csv,584.0,-4.4274875
5572,1,158.5584,159.526033,0.9676330000000064,,,hard_brake,mitra_t8,data\raw\mitra\Data_T8\T8_DAll.csv,585.0,-11.357800000000001
5573,3,91.091,91.658233,0.5672330000000017,,,hard_brake,mitra_t8,data\raw\mitra\Data_T8\T8_DAll.csv,587.0,-4.224826666666667
5574,2,159.626133,161.194367,1.5682339999999897,,,hard_brake,mitra_t8,data\raw\mitra\Data_T8\T8_DAll.csv,591.0,-14.559566666666667
5575,3,146.6465,147.480667,0.8341670000000079,,,hard_brake,mitra_t8,data\raw\mitra\Data_T8\T8_DAll.csv,594.0,-6.340793333333334
5576,3,157.490667,158.3582,0.8675330000000088,,,hard_brake,mitra_t8,data\raw\mitra\Data_T8\T8_DAll.csv,594.0,-31.477187500000003
5577,1,160.326833,161.3612,1.0343670000000031,,,hard_brake,mitra_t8,data\raw\mitra\Data_T8\T8_DAll.csv,595.0,-8.45728
5578,1,162.295467,164.030533,1.7350659999999891,,,hard_brake,mitra_t8,data\raw\mitra\Data_T8\T8_DAll.csv,596.0,-9.0953125
5579,1,164.397567,165.198367,0.8007999999999811,,,hard_brake,mitra_t8,data\raw\mitra\Data_T8\T8_DAll.csv,597.0,-20.0144125
5580,2,164.397567,165.198367,0.8007999999999811,,,hard_brake,mitra_t8,data\raw\mitra\Data_T8\T8_DAll.csv,598.0,-4.844313333333333
5581,7,198.198,198.665133,0.4671329999999898,,,hard_brake,mitra_t8,data\raw\mitra\Data_T8\T8_DAll.csv,601.0,-4.98276
5582,7,251.584667,252.418833,0.8341660000000104,,,hard_brake,mitra_t8,data\raw\mitra\Data_T8\T8_DAll.csv,603.0,-6.5787125
5583,2,173.206367,174.040533,0.8341660000000104,,,hard_brake,mitra_t8,data\raw\mitra\Data_T8\T8_DAll.csv,605.0,-20.76035
5584,2,167.000167,168.535033,1.5348659999999938,,,hard_brake,mitra_t8,data\raw\mitra\Data_T8\T8_DAll.csv,606.0,-8.51358
5585,1,124.6245,125.3252,0.7006999999999977,,,hard_brake,mitra_t8,data\raw\mitra\Data_T8\T8_DAll.csv,609.0,-11.896587499999999
5586,2,165.298467,166.032533,0.7340660000000128,,,hard_brake,mitra_t8,data\raw\mitra\Data_T8\T8_DAll.csv,612.0,-13.6507125
5587,3,168.2681,169.035533,0.7674329999999827,,,hard_brake,mitra_t8,data\raw\mitra\Data_T8\T8_DAll.csv,614.0,-12.23955
5588,1,171.004167,171.8717,0.8675330000000088,,,hard_brake,mitra_t8,data\raw\mitra\Data_T8\T8_DAll.csv,615.0,-7.300512499999999
5589,1,167.600767,168.3682,0.7674330000000111,,,hard_brake,mitra_t8,data\raw\mitra\Data_T8\T8_DAll.csv,616.0,-14.118974999999999
5590,3,164.164,165.031533,0.8675330000000088,,,hard_brake,mitra_t8,data\raw\mitra\Data_T8\T8_DAll.csv,618.0,-17.2054
5591,21,176.209367,176.6765,0.46713300000001823,,,hard_brake,mitra_t8,data\raw\mitra\Data_T8\T8_DAll.csv,619.0,-8.663400000000001
5592,3,162.7626,163.2631,0.5005000000000166,,,hard_brake,mitra_t8,data\raw\mitra\Data_T8\T8_DAll.csv,620.0,-4.53868
5593,3,143.209733,144.177367,0.9676340000000039,,,hard_brake,mitra_t8,data\raw\mitra\Data_T8\T8_DAll.csv,621.0,-5.756106666666667
5594,3,174.3742,175.208367,0.8341670000000079,,,hard_brake,mitra_t8,data\raw\mitra\Data_T8\T8_DAll.csv,622.0,-6.7015125
5595,2,168.8687,170.3702,1.5015000000000214,,,hard_brake,mitra_t8,data\raw\mitra\Data_T8\T8_DAll.csv,623.0,-9.53914
5596,21,156.689867,157.323833,0.6339660000000151,,,hard_brake,mitra_t8,data\raw\mitra\Data_T8\T8_DAll.csv,624.0,-5.639999999999999
5597,1,178.2781,179.045533,0.7674330000000111,,,hard_brake,mitra_t8,data\raw\mitra\Data_T8\T8_DAll.csv,628.0,-8.5292375
5598,21,146.6465,147.313833,0.6673329999999851,,,hard_brake,mitra_t8,data\raw\mitra\Data_T8\T8_DAll.csv,629.0,-14.054974999999999
5599,1,138.471667,139.3392,0.8675330000000088,,,hard_brake,mitra_t8,data\raw\mitra\Data_T8\T8_DAll.csv,630.0,-22.093725000000003
5600,1,173.139633,174.040533,0.9009000000000071,,,hard_brake,mitra_t8,data\raw\mitra\Data_T8\T8_DAll.csv,633.0,-20.570725
5601,0,139.973167,140.707233,0.7340660000000128,,,hard_brake,mitra_t8,data\raw\mitra\Data_T8\T8_DAll.csv,636.0,-5.232073333333333
5602,21,152.7526,153.319833,0.5672329999999874,,,hard_brake,mitra_t8,data\raw\mitra\Data_T8\T8_DAll.csv,637.0,-7.7127125
5603,1,180.146633,181.047533,0.9008999999999787,,,hard_brake,mitra_t8,data\raw\mitra\Data_T8\T8_DAll.csv,639.0,-15.697900000000002
5604,3,173.5734,174.3742,0.8008000000000095,,,hard_brake,mitra_t8,data\raw\mitra\Data_T8\T8_DAll.csv,641.0,-5.9577
5605,2,142.375567,143.009533,0.6339660000000151,,,hard_brake,mitra_t8,data\raw\mitra\Data_T8\T8_DAll.csv,642.0,-4.596875
5606,1,181.948433,182.715867,0.7674340000000086,,,hard_brake,mitra_t8,data\raw\mitra\Data_T8\T8_DAll.csv,646.0,-5.957325000000001
5607,2,178.945433,180.3802,1.4347669999999937,,,hard_brake,mitra_t8,data\raw\mitra\Data_T8\T8_DAll.csv,648.0,-12.112175
5608,2,181.8817,183.3832,1.501499999999993,,,hard_brake,mitra_t8,data\raw\mitra\Data_T8\T8_DAll.csv,651.0,-9.41414
5609,3,177.844333,178.711867,0.8675340000000062,,,hard_brake,mitra_t8,data\raw\mitra\Data_T8\T8_DAll.csv,652.0,-28.601350000000004
5610,1,185.752233,186.719867,0.9676340000000039,,,hard_brake,mitra_t8,data\raw\mitra\Data_T8\T8_DAll.csv,654.0,-10.390149999999998
5611,3,151.618133,152.318833,0.7007000000000119,,,hard_brake,mitra_t8,data\raw\mitra\Data_T8\T8_DAll.csv,657.0,-6.573833333333334
5612,3,142.675867,143.6435,0.967632999999978,,,hard_brake,mitra_t8,data\raw\mitra\Data_T8\T8_DAll.csv,658.0,-9.34062
5613,1,153.086267,153.8537,0.7674330000000111,,,hard_brake,mitra_t8,data\raw\mitra\Data_T8\T8_DAll.csv,662.0,-14.940225000000002
5614,2,186.8867,188.221367,1.334666999999996,,,hard_brake,mitra_t8,data\raw\mitra\Data_T8\T8_DAll.csv,664.0,-13.20735
5615,3,180.914067,181.548033,0.6339660000000151,,,hard_brake,mitra_t8,data\raw\mitra\Data_T8\T8_DAll.csv,667.0,-6.218912500000001
5616,21,167.534033,168.001167,0.4671340000000157,,,hard_brake,mitra_t8,data\raw\mitra\Data_T8\T8_DAll.csv,669.0,-8.207
5617,2,190.223367,191.224367,1.0010000000000048,,,hard_brake,mitra_t8,data\raw\mitra\Data_T8\T8_DAll.csv,671.0,-26.7812125
5618,1,190.423567,191.3912,0.9676330000000064,,,hard_brake,mitra_t8,data\raw\mitra\Data_T8\T8_DAll.csv,672.0,-8.19975
5619,7,151.151,151.784967,0.6339669999999842,,,hard_brake,mitra_t8,data\raw\mitra\Data_T8\T8_DAll.csv,673.0,-5.449033333333333
5620,3,185.018167,185.552033,0.5338659999999891,,,hard_brake,mitra_t8,data\raw\mitra\Data_T8\T8_DAll.csv,674.0,-4.4557199999999995
5621,2,192.559033,193.3932,0.8341670000000079,,,hard_brake,mitra_t8,data\raw\mitra\Data_T8\T8_DAll.csv,676.0,-25.1091875
5622,2,190.8907,191.724867,0.8341669999999795,,,hard_brake,mitra_t8,data\raw\mitra\Data_T8\T8_DAll.csv,677.0,-17.567575
5623,1,192.058533,193.226367,1.1678339999999992,,,hard_brake,mitra_t8,data\raw\mitra\Data_T8\T8_DAll.csv,679.0,-13.183775
5624,2,194.260733,194.8947,0.6339670000000126,,,hard_brake,mitra_t8,data\raw\mitra\Data_T8\T8_DAll.csv,680.0,-6.0927500000000006
5625,7,264.397467,265.265,0.8675329999999803,,,hard_brake,mitra_t8,data\raw\mitra\Data_T8\T8_DAll.csv,681.0,-5.36908
5626,3,189.822967,190.8907,1.067733000000004,,,hard_brake,mitra_t8,data\raw\mitra\Data_T8\T8_DAll.csv,683.0,-7.870486666666667
5627,1,195.762233,196.3962,0.6339669999999842,,,hard_brake,mitra_t8,data\raw\mitra\Data_T8\T8_DAll.csv,684.0,-10.519375
5628,2,195.528667,196.229367,0.7006999999999834,,,hard_brake,mitra_t8,data\raw\mitra\Data_T8\T8_DAll.csv,685.0,-4.27502
5629,7,265.798867,266.599667,0.8008000000000379,,,hard_brake,mitra_t8,data\raw\mitra\Data_T8\T8_DAll.csv,687.0,-8.1713625
5630,2,196.4963,197.063533,0.5672330000000159,,,hard_brake,mitra_t8,data\raw\mitra\Data_T8\T8_DAll.csv,688.0,-5.199412499999999
5631,1,198.831967,199.465933,0.6339660000000151,,,hard_brake,mitra_t8,data\raw\mitra\Data_T8\T8_DAll.csv,691.0,-5.071626666666666
5632,1,204.837967,205.738867,0.9009000000000071,,,hard_brake,mitra_t8,data\raw\mitra\Data_T8\T8_DAll.csv,692.0,-9.633762499999998
5633,7,282.282,283.116167,0.8341670000000363,,,hard_brake,mitra_t8,data\raw\mitra\Data_T8\T8_DAll.csv,695.0,-8.2214375
5634,7,290.657033,291.124167,0.4671339999999873,,,hard_brake,mitra_t8,data\raw\mitra\Data_T8\T8_DAll.csv,696.0,-6.626312500000001
5635,2,207.874333,208.741867,0.8675340000000062,,,hard_brake,mitra_t8,data\raw\mitra\Data_T8\T8_DAll.csv,697.0,-24.493762500000003
5636,3,197.330467,198.064533,0.7340660000000128,,,hard_brake,mitra_t8,data\raw\mitra\Data_T8\T8_DAll.csv,698.0,-11.405325000000001
5637,2,204.8046,205.572033,0.7674330000000111,,,hard_brake,mitra_t8,data\raw\mitra\Data_T8\T8_DAll.csv,702.0,-22.165950000000002
5638,3,200.2,201.067533,0.8675330000000088,,,hard_brake,mitra_t8,data\raw\mitra\Data_T8\T8_DAll.csv,707.0,-6.700930000000001
5639,2,212.212,213.246367,1.0343670000000031,,,hard_brake,mitra_t8,data\raw\mitra\Data_T8\T8_DAll.csv,708.0,-19.906525000000002
5640,2,209.375833,210.243367,0.8675340000000062,,,hard_brake,mitra_t8,data\raw\mitra\Data_T8\T8_DAll.csv,709.0,-28.599112500000004
5641,3,205.171633,205.872333,0.7006999999999834,,,hard_brake,mitra_t8,data\raw\mitra\Data_T8\T8_DAll.csv,710.0,-24.353900000000003
5642,7,283.216267,284.284,1.0677329999999756,,,hard_brake,mitra_t8,data\raw\mitra\Data_T8\T8_DAll.csv,712.0,-10.833562500000001
5643,3,194.127267,195.061533,0.934266000000008,,,hard_brake,mitra_t8,data\raw\mitra\Data_T8\T8_DAll.csv,715.0,-5.375233333333333
5644,1,216.849967,218.4182,1.5682330000000206,,,hard_brake,mitra_t8,data\raw\mitra\Data_T8\T8_DAll.csv,717.0,-9.970762500000001
5645,3,203.3031,204.070533,0.7674330000000111,,,hard_brake,mitra_t8,data\raw\mitra\Data_T8\T8_DAll.csv,718.0,-16.453187500000002
5646,2,216.216,217.4172,1.2012,,,hard_brake,mitra_t8,data\raw\mitra\Data_T8\T8_DAll.csv,719.0,-12.476406666666668
5647,1,185.051533,185.718867,0.6673339999999826,,,hard_brake,mitra_t8,data\raw\mitra\Data_T8\T8_DAll.csv,722.0,-13.6603
5648,3,207.540667,208.241367,0.7006999999999834,,,hard_brake,mitra_t8,data\raw\mitra\Data_T8\T8_DAll.csv,723.0,-15.866625
5649,7,288.288,289.122167,0.8341669999999795,,,hard_brake,mitra_t8,data\raw\mitra\Data_T8\T8_DAll.csv,724.0,-5.6169400000000005
5650,7,735.5348,736.402333,0.8675329999999803,,,hard_brake,mitra_t8,data\raw\mitra\Data_T8\T8_DAll.csv,725.0,-25.285674999999998
5651,2,218.9187,219.752867,0.8341670000000079,,,hard_brake,mitra_t8,data\raw\mitra\Data_T8\T8_DAll.csv,726.0,-23.5861125
5652,3,219.886333,220.753867,0.8675340000000062,,,hard_brake,mitra_t8,data\raw\mitra\Data_T8\T8_DAll.csv,727.0,-8.0391125
5653,3,209.209,209.9097,0.7006999999999834,,,hard_brake,mitra_t8,data\raw\mitra\Data_T8\T8_DAll.csv,728.0,-14.816737499999999
5654,3,200.4002,200.9007,0.5004999999999882,,,hard_brake,mitra_t8,data\raw\mitra\Data_T8\T8_DAll.csv,729.0,-8.9047
5655,3,211.945067,212.579033,0.6339660000000151,,,hard_brake,mitra_t8,data\raw\mitra\Data_T8\T8_DAll.csv,731.0,-11.263549999999999
5656,1,223.4232,224.4242,1.0010000000000048,,,hard_brake,mitra_t8,data\raw\mitra\Data_T8\T8_DAll.csv,732.0,-7.601373333333332
5657,3,178.311467,179.4793,1.1678330000000017,,,hard_brake,mitra_t8,data\raw\mitra\Data_T8\T8_DAll.csv,733.0,-10.35396
5658,3,213.746867,214.581033,0.834165999999982,,,hard_brake,mitra_t8,data\raw\mitra\Data_T8\T8_DAll.csv,733.0,-13.5756625
5659,1,187.053533,187.8877,0.8341670000000079,,,hard_brake,mitra_t8,data\raw\mitra\Data_T8\T8_DAll.csv,734.0,-21.881249999999998
5660,21,193.860333,194.527667,0.667334000000011,,,hard_brake,mitra_t8,data\raw\mitra\Data_T8\T8_DAll.csv,737.0,-8.92015
5661,3,217.150267,217.750867,0.6005999999999858,,,hard_brake,mitra_t8,data\raw\mitra\Data_T8\T8_DAll.csv,738.0,-4.9698125
5662,1,228.561667,230.0298,1.4681329999999946,,,hard_brake,mitra_t8,data\raw\mitra\Data_T8\T8_DAll.csv,739.0,-10.483
5663,2,220.453567,221.4212,0.9676330000000064,,,hard_brake,mitra_t8,data\raw\mitra\Data_T8\T8_DAll.csv,740.0,-10.781199999999998
5664,1,193.459933,194.227367,0.7674339999999802,,,hard_brake,mitra_t8,data\raw\mitra\Data_T8\T8_DAll.csv,746.0,-20.4496
5665,21,196.7966,197.630767,0.8341669999999795,,,hard_brake,mitra_t8,data\raw\mitra\Data_T8\T8_DAll.csv,747.0,-4.774653333333333
5666,1,231.564667,232.9327,1.3680330000000254,,,hard_brake,mitra_t8,data\raw\mitra\Data_T8\T8_DAll.csv,748.0,-8.82602
5667,1,194.561033,195.361833,0.8007999999999811,,,hard_brake,mitra_t8,data\raw\mitra\Data_T8\T8_DAll.csv,750.0,-4.741346666666667
5668,2,229.796233,230.597033,0.8008000000000095,,,hard_brake,mitra_t8,data\raw\mitra\Data_T8\T8_DAll.csv,751.0,-10.319225
5669,2,176.409567,177.443933,1.0343659999999772,,,hard_brake,mitra_t8,data\raw\mitra\Data_T8\T8_DAll.csv,754.0,-11.229333333333333
5670,3,229.0288,229.9297,0.9009000000000071,,,hard_brake,mitra_t8,data\raw\mitra\Data_T8\T8_DAll.csv,754.0,-23.909162500000004
5671,3,222.222,223.089533,0.8675329999999803,,,hard_brake,mitra_t8,data\raw\mitra\Data_T8\T8_DAll.csv,755.0,-25.0965125
5672,1,238.404833,239.606033,1.2012,,,hard_brake,mitra_t8,data\raw\mitra\Data_T8\T8_DAll.csv,757.0,-9.375873333333333
5673,3,224.390833,225.4252,1.0343670000000031,,,hard_brake,mitra_t8,data\raw\mitra\Data_T8\T8_DAll.csv,758.0,-6.595853333333334
5674,3,225.658767,226.593033,0.9342659999999796,,,hard_brake,mitra_t8,data\raw\mitra\Data_T8\T8_DAll.csv,759.0,-8.883633333333332
5675,3,226.893333,227.760867,0.8675339999999778,,,hard_brake,mitra_t8,data\raw\mitra\Data_T8\T8_DAll.csv,761.0,-18.4629875
5676,1,201.9017,202.735867,0.8341670000000079,,,hard_brake,mitra_t8,data\raw\mitra\Data_T8\T8_DAll.csv,763.0,-13.554062499999999
5677,3,232.1319,232.9327,0.8008000000000095,,,hard_brake,mitra_t8,data\raw\mitra\Data_T8\T8_DAll.csv,767.0,-15.2007625
5678,1,240.5403,241.608033,1.067733000000004,,,hard_brake,mitra_t8,data\raw\mitra\Data_T8\T8_DAll.csv,768.0,-7.24184
5679,3,233.766867,234.767867,1.0010000000000048,,,hard_brake,mitra_t8,data\raw\mitra\Data_T8\T8_DAll.csv,769.0,-22.3003625
5680,3,235.268367,236.102533,0.834165999999982,,,hard_brake,mitra_t8,data\raw\mitra\Data_T8\T8_DAll.csv,772.0,-17.452462500000003
5681,2,234.8346,235.602033,0.7674330000000111,,,hard_brake,mitra_t8,data\raw\mitra\Data_T8\T8_DAll.csv,773.0,-10.333937500000001
5682,1,245.4452,246.613033,1.1678330000000017,,,hard_brake,mitra_t8,data\raw\mitra\Data_T8\T8_DAll.csv,774.0,-5.756293333333334
5683,2,236.402833,237.103533,0.7007000000000119,,,hard_brake,mitra_t8,data\raw\mitra\Data_T8\T8_DAll.csv,775.0,-8.6793625
5684,3,236.569667,237.4372,0.8675329999999803,,,hard_brake,mitra_t8,data\raw\mitra\Data_T8\T8_DAll.csv,776.0,-18.9230875
5685,7,305.071433,305.8055,0.7340669999999818,,,hard_brake,mitra_t8,data\raw\mitra\Data_T8\T8_DAll.csv,777.0,-8.1768375
5686,3,238.9387,239.772867,0.8341669999999795,,,hard_brake,mitra_t8,data\raw\mitra\Data_T8\T8_DAll.csv,778.0,-12.368937500000001
5687,7,303.136167,303.970333,0.834165999999982,,,hard_brake,mitra_t8,data\raw\mitra\Data_T8\T8_DAll.csv,779.0,-8.1233
5688,1,250.416833,251.417833,1.0010000000000048,,,hard_brake,mitra_t8,data\raw\mitra\Data_T8\T8_DAll.csv,780.0,-5.667573333333333
5689,3,240.9407,241.9417,1.0010000000000048,,,hard_brake,mitra_t8,data\raw\mitra\Data_T8\T8_DAll.csv,784.0,-12.8406375
5690,1,255.288367,256.789867,1.5015000000000214,,,hard_brake,mitra_t8,data\raw\mitra\Data_T8\T8_DAll.csv,786.0,-6.150173333333333
5691,2,191.057533,191.8917,0.8341669999999795,,,hard_brake,mitra_t8,data\raw\mitra\Data_T8\T8_DAll.csv,787.0,-6.2883000000000004
5692,2,248.248,248.9487,0.7007000000000119,,,hard_brake,mitra_t8,data\raw\mitra\Data_T8\T8_DAll.csv,789.0,-5.2521
5693,2,231.998433,232.599033,0.6005999999999858,,,hard_brake,mitra_t8,data\raw\mitra\Data_T8\T8_DAll.csv,791.0,-5.627986666666668
5694,3,245.578667,246.613033,1.0343660000000057,,,hard_brake,mitra_t8,data\raw\mitra\Data_T8\T8_DAll.csv,792.0,-9.399412499999997
5695,3,246.3461,247.280367,0.9342670000000055,,,hard_brake,mitra_t8,data\raw\mitra\Data_T8\T8_DAll.csv,793.0,-10.583587500000002
5696,1,260.326733,261.294367,0.9676340000000323,,,hard_brake,mitra_t8,data\raw\mitra\Data_T8\T8_DAll.csv,797.0,-15.4028875
5697,2,251.584667,252.9527,1.368032999999997,,,hard_brake,mitra_t8,data\raw\mitra\Data_T8\T8_DAll.csv,799.0,-8.558926666666666
5698,2,253.386467,254.120533,0.7340659999999843,,,hard_brake,mitra_t8,data\raw\mitra\Data_T8\T8_DAll.csv,801.0,-18.062175
5699,3,197.6975,198.831967,1.1344670000000008,,,hard_brake,mitra_t8,data\raw\mitra\Data_T8\T8_DAll.csv,802.0,-7.011846666666667
5700,3,250.083167,251.117533,1.0343660000000057,,,hard_brake,mitra_t8,data\raw\mitra\Data_T8\T8_DAll.csv,802.0,-8.91224
5701,3,212.5123,213.0128,0.5004999999999882,,,hard_brake,mitra_t8,data\raw\mitra\Data_T8\T8_DAll.csv,806.0,-5.424719999999999
5702,1,265.198267,265.9657,0.7674330000000396,,,hard_brake,mitra_t8,data\raw\mitra\Data_T8\T8_DAll.csv,807.0,-17.684225
5703,2,255.6554,256.789867,1.1344670000000292,,,hard_brake,mitra_t8,data\raw\mitra\Data_T8\T8_DAll.csv,810.0,-9.681613333333333
5704,1,224.557667,225.4252,0.8675329999999803,,,hard_brake,mitra_t8,data\raw\mitra\Data_T8\T8_DAll.csv,811.0,-10.572587500000003
5705,3,252.619033,253.4532,0.8341670000000079,,,hard_brake,mitra_t8,data\raw\mitra\Data_T8\T8_DAll.csv,813.0,-16.9292875
5706,2,258.491567,259.726133,1.2345660000000294,,,hard_brake,mitra_t8,data\raw\mitra\Data_T8\T8_DAll.csv,815.0,-10.7395
5707,3,265.832233,266.633033,0.8008000000000379,,,hard_brake,mitra_t8,data\raw\mitra\Data_T8\T8_DAll.csv,816.0,-16.2102
5708,1,233.8336,234.767867,0.9342670000000055,,,hard_brake,mitra_t8,data\raw\mitra\Data_T8\T8_DAll.csv,823.0,-13.045937499999999
5709,3,260.1599,260.9607,0.8007999999999811,,,hard_brake,mitra_t8,data\raw\mitra\Data_T8\T8_DAll.csv,824.0,-4.889446666666667
5710,3,218.785233,219.485933,0.7006999999999834,,,hard_brake,mitra_t8,data\raw\mitra\Data_T8\T8_DAll.csv,825.0,-4.676873333333333
5711,7,338.1378,339.005333,0.8675329999999803,,,hard_brake,mitra_t8,data\raw\mitra\Data_T8\T8_DAll.csv,829.0,-6.452920000000001
5712,1,235.602033,236.4362,0.8341670000000079,,,hard_brake,mitra_t8,data\raw\mitra\Data_T8\T8_DAll.csv,830.0,-25.6445875
5713,2,260.093167,260.9607,0.8675329999999803,,,hard_brake,mitra_t8,data\raw\mitra\Data_T8\T8_DAll.csv,831.0,-18.179675
5714,3,262.095167,262.795867,0.7006999999999834,,,hard_brake,mitra_t8,data\raw\mitra\Data_T8\T8_DAll.csv,833.0,-4.240646666666667
5715,2,262.8626,263.630033,0.7674330000000396,,,hard_brake,mitra_t8,data\raw\mitra\Data_T8\T8_DAll.csv,834.0,-11.1278
5716,3,262.929333,263.630033,0.7007000000000403,,,hard_brake,mitra_t8,data\raw\mitra\Data_T8\T8_DAll.csv,837.0,-6.6730375
5717,1,236.703133,237.604033,0.9008999999999787,,,hard_brake,mitra_t8,data\raw\mitra\Data_T8\T8_DAll.csv,838.0,-6.58381
5718,2,266.532933,267.300367,0.7674339999999802,,,hard_brake,mitra_t8,data\raw\mitra\Data_T8\T8_DAll.csv,839.0,-9.680050000000001
5719,3,267.3671,268.301367,0.9342670000000339,,,hard_brake,mitra_t8,data\raw\mitra\Data_T8\T8_DAll.csv,841.0,-12.8438375
5720,3,268.6684,269.4692,0.8007999999999811,,,hard_brake,mitra_t8,data\raw\mitra\Data_T8\T8_DAll.csv,842.0,-10.154499999999999
5721,3,270.603667,271.4712,0.8675330000000372,,,hard_brake,mitra_t8,data\raw\mitra\Data_T8\T8_DAll.csv,843.0,-14.396325000000001
5722,1,270.536933,271.304367,0.767434000000037,,,hard_brake,mitra_t8,data\raw\mitra\Data_T8\T8_DAll.csv,845.0,-12.8852625
5723,3,271.938333,272.9727,1.0343669999999747,,,hard_brake,mitra_t8,data\raw\mitra\Data_T8\T8_DAll.csv,848.0,-11.39397777777778
5724,2,277.1769,278.645033,1.468133000000023,,,hard_brake,mitra_t8,data\raw\mitra\Data_T8\T8_DAll.csv,849.0,-6.529026666666667
5725,3,273.7735,274.641033,0.8675329999999803,,,hard_brake,mitra_t8,data\raw\mitra\Data_T8\T8_DAll.csv,850.0,-28.8719625
5726,3,275.7755,276.643033,0.8675329999999803,,,hard_brake,mitra_t8,data\raw\mitra\Data_T8\T8_DAll.csv,853.0,-10.221474999999998
5727,2,283.349733,284.9847,1.6349669999999605,,,hard_brake,mitra_t8,data\raw\mitra\Data_T8\T8_DAll.csv,858.0,-6.039466666666667
5728,3,278.6784,279.4792,0.8007999999999811,,,hard_brake,mitra_t8,data\raw\mitra\Data_T8\T8_DAll.csv,862.0,-18.675075
5729,1,273.3731,274.040433,0.6673329999999851,,,hard_brake,mitra_t8,data\raw\mitra\Data_T8\T8_DAll.csv,863.0,-5.0923533333333335
5730,1,282.5823,283.416467,0.8341670000000363,,,hard_brake,mitra_t8,data\raw\mitra\Data_T8\T8_DAll.csv,866.0,-5.567033333333333
5731,2,287.9877,288.655033,0.6673329999999851,,,hard_brake,mitra_t8,data\raw\mitra\Data_T8\T8_DAll.csv,867.0,-7.723212499999999
5732,1,286.419467,287.320367,0.9008999999999787,,,hard_brake,mitra_t8,data\raw\mitra\Data_T8\T8_DAll.csv,868.0,-11.9893
5733,2,285.285,286.152533,0.8675329999999803,,,hard_brake,mitra_t8,data\raw\mitra\Data_T8\T8_DAll.csv,872.0,-17.504375
5734,2,290.223267,290.9907,0.7674329999999827,,,hard_brake,mitra_t8,data\raw\mitra\Data_T8\T8_DAll.csv,873.0,-7.7550625
5735,1,259.092167,259.9597,0.8675329999999803,,,hard_brake,mitra_t8,data\raw\mitra\Data_T8\T8_DAll.csv,876.0,-8.6543125
5736,1,291.824867,292.659033,0.8341660000000388,,,hard_brake,mitra_t8,data\raw\mitra\Data_T8\T8_DAll.csv,881.0,-17.431762499999998
5737,3,289.122167,289.9897,0.8675330000000372,,,hard_brake,mitra_t8,data\raw\mitra\Data_T8\T8_DAll.csv,882.0,-23.864237499999998
5738,3,284.817867,285.818867,1.0010000000000332,,,hard_brake,mitra_t8,data\raw\mitra\Data_T8\T8_DAll.csv,883.0,-7.090000000000001
5739,3,287.320367,287.9877,0.6673330000000419,,,hard_brake,mitra_t8,data\raw\mitra\Data_T8\T8_DAll.csv,884.0,-5.101999999999999
5740,1,266.899967,267.800867,0.9008999999999787,,,hard_brake,mitra_t8,data\raw\mitra\Data_T8\T8_DAll.csv,886.0,-11.549699999999998
5741,2,292.759133,293.4932,0.7340669999999818,,,hard_brake,mitra_t8,data\raw\mitra\Data_T8\T8_DAll.csv,888.0,-10.623037499999999
5742,1,295.128167,296.829867,1.7016999999999598,,,hard_brake,mitra_t8,data\raw\mitra\Data_T8\T8_DAll.csv,892.0,-5.296313333333333
5743,3,291.457833,292.325367,0.8675340000000347,,,hard_brake,mitra_t8,data\raw\mitra\Data_T8\T8_DAll.csv,893.0,-11.345199999999998
5744,2,268.101167,268.9687,0.8675330000000372,,,hard_brake,mitra_t8,data\raw\mitra\Data_T8\T8_DAll.csv,894.0,-11.733825
5745,2,274.507567,275.0748,0.5672329999999874,,,hard_brake,mitra_t8,data\raw\mitra\Data_T8\T8_DAll.csv,895.0,-5.555686666666667
5746,1,298.931967,300.266633,1.334666000000027,,,hard_brake,mitra_t8,data\raw\mitra\Data_T8\T8_DAll.csv,898.0,-5.659786666666666
5747,3,296.0958,296.829867,0.7340669999999818,,,hard_brake,mitra_t8,data\raw\mitra\Data_T8\T8_DAll.csv,899.0,-9.733225000000001
5748,2,301.2009,302.0017,0.8008000000000379,,,hard_brake,mitra_t8,data\raw\mitra\Data_T8\T8_DAll.csv,900.0,-9.2552125
5749,2,302.468833,303.336367,0.8675339999999778,,,hard_brake,mitra_t8,data\raw\mitra\Data_T8\T8_DAll.csv,902.0,-8.54525
5750,1,307.040067,308.341367,1.3012999999999693,,,hard_brake,mitra_t8,data\raw\mitra\Data_T8\T8_DAll.csv,904.0,-6.5920375
5751,1,271.738133,272.4722,0.7340669999999818,,,hard_brake,mitra_t8,data\raw\mitra\Data_T8\T8_DAll.csv,905.0,-7.616275000000001
5752,2,304.9046,306.1058,1.2011999999999716,,,hard_brake,mitra_t8,data\raw\mitra\Data_T8\T8_DAll.csv,907.0,-7.0671333333333335
5753,3,300.166533,301.0007,0.8341669999999795,,,hard_brake,mitra_t8,data\raw\mitra\Data_T8\T8_DAll.csv,909.0,-15.5764625
5754,3,302.8025,303.5032,0.7006999999999834,,,hard_brake,mitra_t8,data\raw\mitra\Data_T8\T8_DAll.csv,910.0,-8.2188625
5755,2,308.374733,309.342367,0.9676340000000323,,,hard_brake,mitra_t8,data\raw\mitra\Data_T8\T8_DAll.csv,911.0,-11.653587499999999
5756,7,810.843367,811.477333,0.6339660000001004,,,hard_brake,mitra_t8,data\raw\mitra\Data_T8\T8_DAll.csv,913.0,-6.048500000000001
5757,3,245.0448,246.212633,1.1678330000000017,,,hard_brake,mitra_t8,data\raw\mitra\Data_T8\T8_DAll.csv,914.0,-10.0093
5758,3,301.467833,302.335367,0.8675340000000347,,,hard_brake,mitra_t8,data\raw\mitra\Data_T8\T8_DAll.csv,914.0,-20.6296125
5759,2,310.9106,312.5122,1.601600000000019,,,hard_brake,mitra_t8,data\raw\mitra\Data_T8\T8_DAll.csv,915.0,-6.127726666666666
5760,1,275.541933,276.142533,0.6006000000000427,,,hard_brake,mitra_t8,data\raw\mitra\Data_T8\T8_DAll.csv,916.0,-5.810537500000001
5761,1,310.476833,311.0107,0.5338669999999865,,,hard_brake,mitra_t8,data\raw\mitra\Data_T8\T8_DAll.csv,919.0,-6.76115
5762,1,314.0137,314.647667,0.633967000000041,,,hard_brake,mitra_t8,data\raw\mitra\Data_T8\T8_DAll.csv,920.0,-5.074173333333333
5763,2,313.1128,314.0137,0.9008999999999787,,,hard_brake,mitra_t8,data\raw\mitra\Data_T8\T8_DAll.csv,921.0,-15.363262499999998
5764,1,277.610667,278.4782,0.8675330000000372,,,hard_brake,mitra_t8,data\raw\mitra\Data_T8\T8_DAll.csv,922.0,-10.57405
5765,3,250.383467,251.1509,0.7674330000000111,,,hard_brake,mitra_t8,data\raw\mitra\Data_T8\T8_DAll.csv,923.0,-7.05826
5766,3,306.2059,306.839867,0.633967000000041,,,hard_brake,mitra_t8,data\raw\mitra\Data_T8\T8_DAll.csv,923.0,-5.140466666666667
5767,2,315.5152,316.349367,0.8341669999999795,,,hard_brake,mitra_t8,data\raw\mitra\Data_T8\T8_DAll.csv,925.0,-23.5449125
5768,2,274.841233,275.642033,0.8008000000000379,,,hard_brake,mitra_t8,data\raw\mitra\Data_T8\T8_DAll.csv,927.0,-11.073862499999999
5769,3,308.308,309.175533,0.8675329999999803,,,hard_brake,mitra_t8,data\raw\mitra\Data_T8\T8_DAll.csv,928.0,-13.759037500000002
5770,1,317.583933,318.351367,0.7674339999999802,,,hard_brake,mitra_t8,data\raw\mitra\Data_T8\T8_DAll.csv,929.0,-10.870575
5771,3,285.018067,285.852233,0.8341660000000388,,,hard_brake,mitra_t8,data\raw\mitra\Data_T8\T8_DAll.csv,930.0,-5.03658
5772,7,360.5602,361.361,0.8007999999999811,,,hard_brake,mitra_t8,data\raw\mitra\Data_T8\T8_DAll.csv,932.0,-17.3053875
5773,2,317.9176,318.851867,0.9342670000000339,,,hard_brake,mitra_t8,data\raw\mitra\Data_T8\T8_DAll.csv,933.0,-10.331212500000001
5774,2,280.1799,280.9807,0.8008000000000379,,,hard_brake,mitra_t8,data\raw\mitra\Data_T8\T8_DAll.csv,935.0,-7.63345
5775,1,318.885233,319.852867,0.9676339999999755,,,hard_brake,mitra_t8,data\raw\mitra\Data_T8\T8_DAll.csv,936.0,-10.064924999999999
5776,2,320.953967,321.688033,0.7340660000000412,,,hard_brake,mitra_t8,data\raw\mitra\Data_T8\T8_DAll.csv,937.0,-5.21461
5777,2,319.585933,320.5202,0.9342669999999771,,,hard_brake,mitra_t8,data\raw\mitra\Data_T8\T8_DAll.csv,940.0,-8.5311
5778,3,312.4121,313.346367,0.9342669999999771,,,hard_brake,mitra_t8,data\raw\mitra\Data_T8\T8_DAll.csv,941.0,-13.951812499999999
5779,1,284.717767,285.4852,0.7674330000000396,,,hard_brake,mitra_t8,data\raw\mitra\Data_T8\T8_DAll.csv,943.0,-6.3763749999999995
5780,1,321.5212,322.355367,0.8341669999999795,,,hard_brake,mitra_t8,data\raw\mitra\Data_T8\T8_DAll.csv,944.0,-5.681353333333333
5781,0,271.738133,273.1729,1.434767000000022,,,hard_brake,mitra_t8,data\raw\mitra\Data_T8\T8_DAll.csv,945.0,-9.400693333333333
5782,3,316.983333,318.184533,1.2011999999999716,,,hard_brake,mitra_t8,data\raw\mitra\Data_T8\T8_DAll.csv,947.0,-6.30014
5783,3,318.351367,319.352367,1.0010000000000332,,,hard_brake,mitra_t8,data\raw\mitra\Data_T8\T8_DAll.csv,949.0,-8.95224
5784,2,325.992333,327.193533,1.2012000000000285,,,hard_brake,mitra_t8,data\raw\mitra\Data_T8\T8_DAll.csv,952.0,-14.326875
5785,2,332.598933,333.5332,0.9342670000000339,,,hard_brake,mitra_t8,data\raw\mitra\Data_T8\T8_DAll.csv,953.0,-5.128586666666666
5786,3,319.886233,320.5202,0.6339669999999842,,,hard_brake,mitra_t8,data\raw\mitra\Data_T8\T8_DAll.csv,954.0,-4.238113333333334
5787,1,324.1238,324.590933,0.4671329999999898,,,hard_brake,mitra_t8,data\raw\mitra\Data_T8\T8_DAll.csv,955.0,-4.378353333333333
5788,2,306.939967,308.0077,1.0677329999999756,,,hard_brake,mitra_t8,data\raw\mitra\Data_T8\T8_DAll.csv,956.0,-6.326393333333334
5789,2,333.800133,335.0347,1.23456699999997,,,hard_brake,mitra_t8,data\raw\mitra\Data_T8\T8_DAll.csv,957.0,-8.102066666666666
5790,3,327.960967,328.461467,0.500500000000045,,,hard_brake,mitra_t8,data\raw\mitra\Data_T8\T8_DAll.csv,958.0,-4.693906666666667
5791,3,322.488833,323.189533,0.7006999999999834,,,hard_brake,mitra_t8,data\raw\mitra\Data_T8\T8_DAll.csv,959.0,-6.1813625000000005
5792,2,336.1358,337.0367,0.9008999999999787,,,hard_brake,mitra_t8,data\raw\mitra\Data_T8\T8_DAll.csv,960.0,-21.150150000000004
5793,3,323.690033,324.691033,1.0009999999999764,,,hard_brake,mitra_t8,data\raw\mitra\Data_T8\T8_DAll.csv,961.0,-10.040587499999999
5794,2,337.003333,337.870867,0.8675339999999778,,,hard_brake,mitra_t8,data\raw\mitra\Data_T8\T8_DAll.csv,962.0,-16.5315625
5795,2,338.6383,339.5392,0.9008999999999787,,,hard_brake,mitra_t8,data\raw\mitra\Data_T8\T8_DAll.csv,965.0,-10.130525000000002
5796,3,336.069067,336.5362,0.4671329999999898,,,hard_brake,mitra_t8,data\raw\mitra\Data_T8\T8_DAll.csv,967.0,-4.13935
5797,1,293.026067,293.660033,0.6339659999999867,,,hard_brake,mitra_t8,data\raw\mitra\Data_T8\T8_DAll.csv,968.0,-6.899825
5798,3,331.898233,332.365367,0.4671339999999873,,,hard_brake,mitra_t8,data\raw\mitra\Data_T8\T8_DAll.csv,970.0,-4.831575000000001
5799,1,330.4301,331.297633,0.8675330000000372,,,hard_brake,mitra_t8,data\raw\mitra\Data_T8\T8_DAll.csv,975.0,-4.859846666666666
5800,1,331.664667,332.398733,0.7340659999999843,,,hard_brake,mitra_t8,data\raw\mitra\Data_T8\T8_DAll.csv,976.0,-5.5783000000000005
5801,2,340.406733,341.374367,0.9676340000000323,,,hard_brake,mitra_t8,data\raw\mitra\Data_T8\T8_DAll.csv,977.0,-7.219219999999999
5802,0,275.7755,277.410467,1.6349669999999605,,,hard_brake,mitra_t8,data\raw\mitra\Data_T8\T8_DAll.csv,978.0,-10.873646666666666
5803,2,309.242267,310.176533,0.9342659999999796,,,hard_brake,mitra_t8,data\raw\mitra\Data_T8\T8_DAll.csv,978.0,-10.258687499999999
5804,1,332.665667,333.5332,0.8675330000000372,,,hard_brake,mitra_t8,data\raw\mitra\Data_T8\T8_DAll.csv,979.0,-21.82075
5805,1,302.168533,303.0027,0.8341669999999795,,,hard_brake,mitra_t8,data\raw\mitra\Data_T8\T8_DAll.csv,980.0,-9.6065375
5806,2,342.108433,343.209533,1.1011000000000308,,,hard_brake,mitra_t8,data\raw\mitra\Data_T8\T8_DAll.csv,982.0,-5.674166666666666
5807,3,344.7444,345.712033,0.9676330000000348,,,hard_brake,mitra_t8,data\raw\mitra\Data_T8\T8_DAll.csv,983.0,-4.839426666666667
5808,3,334.867867,335.501833,0.6339659999999867,,,hard_brake,mitra_t8,data\raw\mitra\Data_T8\T8_DAll.csv,985.0,-4.597499999999999
5809,1,345.178167,345.878867,0.7007000000000403,,,hard_brake,mitra_t8,data\raw\mitra\Data_T8\T8_DAll.csv,986.0,-14.503475000000002
5810,3,337.8375,338.5382,0.7007000000000403,,,hard_brake,mitra_t8,data\raw\mitra\Data_T8\T8_DAll.csv,989.0,-4.9001874999999995
5811,2,344.4441,345.211533,0.7674329999999827,,,hard_brake,mitra_t8,data\raw\mitra\Data_T8\T8_DAll.csv,990.0,-4.923333333333333
5812,1,303.169533,303.836867,0.6673339999999826,,,hard_brake,mitra_t8,data\raw\mitra\Data_T8\T8_DAll.csv,991.0,-4.580987499999999
5813,3,338.805133,339.706033,0.9008999999999787,,,hard_brake,mitra_t8,data\raw\mitra\Data_T8\T8_DAll.csv,993.0,-23.814550000000004
5814,1,346.979967,347.714033,0.7340659999999843,,,hard_brake,mitra_t8,data\raw\mitra\Data_T8\T8_DAll.csv,996.0,-9.041425
5815,3,340.0397,340.707033,0.6673330000000419,,,hard_brake,mitra_t8,data\raw\mitra\Data_T8\T8_DAll.csv,997.0,-9.756012499999999
5816,3,342.408733,343.209533,0.8008000000000379,,,hard_brake,mitra_t8,data\raw\mitra\Data_T8\T8_DAll.csv,1000.0,-16.5450375
5817,1,351.984967,352.885867,0.9009000000000356,,,hard_brake,mitra_t8,data\raw\mitra\Data_T8\T8_DAll.csv,1001.0,-8.4621375
5818,7,666.4658,667.500167,1.0343670000000884,,,hard_brake,mitra_t8,data\raw\mitra\Data_T8\T8_DAll.csv,1002.0,-4.6920866666666665
5819,2,345.6453,346.379367,0.7340669999999818,,,hard_brake,mitra_t8,data\raw\mitra\Data_T8\T8_DAll.csv,1003.0,-14.439875
5820,2,318.685033,319.2189,0.5338670000000434,,,hard_brake,mitra_t8,data\raw\mitra\Data_T8\T8_DAll.csv,1004.0,-4.309326666666666
5821,3,346.479467,347.380367,0.9008999999999787,,,hard_brake,mitra_t8,data\raw\mitra\Data_T8\T8_DAll.csv,1007.0,-17.816325
5822,1,334.067067,334.701033,0.6339659999999867,,,hard_brake,mitra_t8,data\raw\mitra\Data_T8\T8_DAll.csv,1008.0,-12.452712499999999
5823,3,348.181167,349.0487,0.8675329999999803,,,hard_brake,mitra_t8,data\raw\mitra\Data_T8\T8_DAll.csv,1014.0,-21.045149999999996
5824,1,350.216533,351.117433,0.9008999999999787,,,hard_brake,mitra_t8,data\raw\mitra\Data_T8\T8_DAll.csv,1015.0,-5.027353333333333
5825,6,325.5252,326.459467,0.9342670000000339,,,hard_brake,mitra_t8,data\raw\mitra\Data_T8\T8_DAll.csv,1016.0,-5.419899999999999
5826,3,350.216533,351.0507,0.8341669999999795,,,hard_brake,mitra_t8,data\raw\mitra\Data_T8\T8_DAll.csv,1017.0,-11.006287500000001
5827,2,365.7654,366.999967,1.2345670000000268,,,hard_brake,mitra_t8,data\raw\mitra\Data_T8\T8_DAll.csv,1018.0,-9.07362
5828,1,360.526833,361.227533,0.7006999999999834,,,hard_brake,mitra_t8,data\raw\mitra\Data_T8\T8_DAll.csv,1019.0,-10.6118375
5829,3,351.8515,352.719033,0.8675330000000372,,,hard_brake,mitra_t8,data\raw\mitra\Data_T8\T8_DAll.csv,1020.0,-5.498793333333333
5830,1,357.890867,358.725033,0.834165999999982,,,hard_brake,mitra_t8,data\raw\mitra\Data_T8\T8_DAll.csv,1022.0,-11.369362500000003
5831,21,350.416733,351.017333,0.6005999999999858,,,hard_brake,mitra_t8,data\raw\mitra\Data_T8\T8_DAll.csv,1023.0,-7.624374999999999
5832,2,368.034333,368.901867,0.8675339999999778,,,hard_brake,mitra_t8,data\raw\mitra\Data_T8\T8_DAll.csv,1024.0,-8.046550000000002
5833,3,353.419733,354.387367,0.9676339999999755,,,hard_brake,mitra_t8,data\raw\mitra\Data_T8\T8_DAll.csv,1025.0,-6.4847
5834,1,335.068067,335.668667,0.6006000000000427,,,hard_brake,mitra_t8,data\raw\mitra\Data_T8\T8_DAll.csv,1028.0,-4.745466666666667
5835,3,354.9546,355.888867,0.9342669999999771,,,hard_brake,mitra_t8,data\raw\mitra\Data_T8\T8_DAll.csv,1029.0,-8.336025
5836,1,367.6673,368.5682,0.9008999999999787,,,hard_brake,mitra_t8,data\raw\mitra\Data_T8\T8_DAll.csv,1030.0,-15.947075
5837,2,370.503467,371.5712,1.0677329999999756,,,hard_brake,mitra_t8,data\raw\mitra\Data_T8\T8_DAll.csv,1032.0,-8.905439999999999
5838,2,352.4521,353.219533,0.7674330000000396,,,hard_brake,mitra_t8,data\raw\mitra\Data_T8\T8_DAll.csv,1033.0,-16.955624999999998
5839,3,357.5572,358.391367,0.8341669999999795,,,hard_brake,mitra_t8,data\raw\mitra\Data_T8\T8_DAll.csv,1034.0,-17.631337499999997
5840,3,361.0607,362.0617,1.0009999999999764,,,hard_brake,mitra_t8,data\raw\mitra\Data_T8\T8_DAll.csv,1035.0,-11.874649999999999
5841,1,369.2689,369.902867,0.633967000000041,,,hard_brake,mitra_t8,data\raw\mitra\Data_T8\T8_DAll.csv,1036.0,-9.447525
5842,1,354.9546,355.722033,0.7674329999999827,,,hard_brake,mitra_t8,data\raw\mitra\Data_T8\T8_DAll.csv,1037.0,-8.276975
5843,1,361.8615,362.729033,0.8675330000000372,,,hard_brake,mitra_t8,data\raw\mitra\Data_T8\T8_DAll.csv,1039.0,-10.596362500000001
5844,2,358.7584,359.726033,0.967632999999978,,,hard_brake,mitra_t8,data\raw\mitra\Data_T8\T8_DAll.csv,1045.0,-22.433925000000002
5845,2,328.0277,328.861867,0.8341670000000363,,,hard_brake,mitra_t8,data\raw\mitra\Data_T8\T8_DAll.csv,1049.0,-18.5109625
5846,3,368.201167,368.901867,0.7006999999999834,,,hard_brake,mitra_t8,data\raw\mitra\Data_T8\T8_DAll.csv,1051.0,-11.0932
5847,1,374.107067,374.640933,0.5338660000000459,,,hard_brake,mitra_t8,data\raw\mitra\Data_T8\T8_DAll.csv,1053.0,-4.67276
5848,2,378.9786,379.912867,0.9342670000000339,,,hard_brake,mitra_t8,data\raw\mitra\Data_T8\T8_DAll.csv,1054.0,-7.522693333333334
5849,2,381.0807,381.914867,0.8341670000000363,,,hard_brake,mitra_t8,data\raw\mitra\Data_T8\T8_DAll.csv,1055.0,-7.7971875
5850,3,314.681033,315.481833,0.8007999999999811,,,hard_brake,mitra_t8,data\raw\mitra\Data_T8\T8_DAll.csv,1056.0,-7.762013333333333
5851,3,370.37,371.237533,0.8675329999999803,,,hard_brake,mitra_t8,data\raw\mitra\Data_T8\T8_DAll.csv,1056.0,-9.345775000000001
5852,0,308.675033,309.142167,0.4671339999999873,,,hard_brake,mitra_t8,data\raw\mitra\Data_T8\T8_DAll.csv,1057.0,-5.086366666666666
5853,2,355.688667,356.389367,0.7006999999999834,,,hard_brake,mitra_t8,data\raw\mitra\Data_T8\T8_DAll.csv,1057.0,-7.348587500000001
5854,1,337.5372,338.371367,0.8341670000000363,,,hard_brake,mitra_t8,data\raw\mitra\Data_T8\T8_DAll.csv,1058.0,-6.0071125
5855,2,376.342633,377.5772,1.2345670000000268,,,hard_brake,mitra_t8,data\raw\mitra\Data_T8\T8_DAll.csv,1061.0,-7.242413333333333
5856,1,338.9386,339.5392,0.6005999999999858,,,hard_brake,mitra_t8,data\raw\mitra\Data_T8\T8_DAll.csv,1062.0,-4.387074999999999
5857,7,664.997667,665.731733,0.7340659999999843,,,hard_brake,mitra_t8,data\raw\mitra\Data_T8\T8_DAll.csv,1064.0,-5.15234
5858,1,340.006333,340.5402,0.5338670000000434,,,hard_brake,mitra_t8,data\raw\mitra\Data_T8\T8_DAll.csv,1066.0,-4.497746666666667
5859,2,357.323633,358.224533,0.9009000000000356,,,hard_brake,mitra_t8,data\raw\mitra\Data_T8\T8_DAll.csv,1068.0,-16.832349999999998
5860,1,341.007333,341.5412,0.5338669999999865,,,hard_brake,mitra_t8,data\raw\mitra\Data_T8\T8_DAll.csv,1069.0,-4.42912
5861,3,374.140433,375.0747,0.9342670000000339,,,hard_brake,mitra_t8,data\raw\mitra\Data_T8\T8_DAll.csv,1070.0,-22.0386625
5862,3,382.014967,382.915867,0.9008999999999787,,,hard_brake,mitra_t8,data\raw\mitra\Data_T8\T8_DAll.csv,1073.0,-7.581890000000001
5863,3,375.0747,375.908867,0.8341669999999795,,,hard_brake,mitra_t8,data\raw\mitra\Data_T8\T8_DAll.csv,1076.0,-16.8486625
5864,7,314.4141,315.548567,1.1344669999999724,,,hard_brake,mitra_t8,data\raw\mitra\Data_T8\T8_DAll.csv,1077.0,-10.292533333333333
5865,7,444.8444,445.511733,0.6673329999999851,,,hard_brake,mitra_t8,data\raw\mitra\Data_T8\T8_DAll.csv,1077.0,-7.044666666666667
5866,1,342.675667,343.176167,0.500500000000045,,,hard_brake,mitra_t8,data\raw\mitra\Data_T8\T8_DAll.csv,1078.0,-4.791853333333333
5867,2,387.7874,388.755033,0.9676330000000348,,,hard_brake,mitra_t8,data\raw\mitra\Data_T8\T8_DAll.csv,1079.0,-5.089153333333333
5868,3,377.543833,378.5782,1.0343669999999747,,,hard_brake,mitra_t8,data\raw\mitra\Data_T8\T8_DAll.csv,1082.0,-5.378066666666666
5869,1,381.347633,382.415367,1.06773400000003,,,hard_brake,mitra_t8,data\raw\mitra\Data_T8\T8_DAll.csv,1083.0,-7.4464
5870,0,342.175167,343.109433,0.9342660000000365,,,hard_brake,mitra_t8,data\raw\mitra\Data_T8\T8_DAll.csv,1084.0,-8.463253333333334
5871,0,367.2669,368.234533,0.967632999999978,,,hard_brake,mitra_t8,data\raw\mitra\Data_T8\T8_DAll.csv,1084.0,-17.5803
5872,1,387.920867,388.721667,0.8008000000000379,,,hard_brake,mitra_t8,data\raw\mitra\Data_T8\T8_DAll.csv,1085.0,-11.715637500000001
5873,10,367.200167,367.8675,0.6673329999999851,,,hard_brake,mitra_t8,data\raw\mitra\Data_T8\T8_DAll.csv,1086.0,-5.521537499999999
5874,1,384.317267,385.551833,1.2345659999999725,,,hard_brake,mitra_t8,data\raw\mitra\Data_T8\T8_DAll.csv,1088.0,-6.261799999999999
5875,1,353.319633,354.0537,0.7340669999999818,,,hard_brake,mitra_t8,data\raw\mitra\Data_T8\T8_DAll.csv,1089.0,-9.3747875
5876,21,352.0517,352.518833,0.4671329999999898,,,hard_brake,mitra_t8,data\raw\mitra\Data_T8\T8_DAll.csv,1090.0,-7.7615
5877,3,382.849133,383.5832,0.7340669999999818,,,hard_brake,mitra_t8,data\raw\mitra\Data_T8\T8_DAll.csv,1091.0,-5.44198
5878,2,392.458733,393.259533,0.8007999999999811,,,hard_brake,mitra_t8,data\raw\mitra\Data_T8\T8_DAll.csv,1094.0,-15.44965
5879,2,388.921867,389.756033,0.834165999999982,,,hard_brake,mitra_t8,data\raw\mitra\Data_T8\T8_DAll.csv,1096.0,-9.934962500000001
5880,3,387.053333,387.920867,0.8675339999999778,,,hard_brake,mitra_t8,data\raw\mitra\Data_T8\T8_DAll.csv,1099.0,-15.3568125
5881,2,395.0947,395.5952,0.5004999999999882,,,hard_brake,mitra_t8,data\raw\mitra\Data_T8\T8_DAll.csv,1101.0,-4.667773333333333
5882,3,388.821767,389.5892,0.7674329999999827,,,hard_brake,mitra_t8,data\raw\mitra\Data_T8\T8_DAll.csv,1102.0,-9.9941
5883,1,391.157433,391.924867,0.7674339999999802,,,hard_brake,mitra_t8,data\raw\mitra\Data_T8\T8_DAll.csv,1105.0,-12.8006125
5884,3,394.727667,395.2949,0.5672329999999874,,,hard_brake,mitra_t8,data\raw\mitra\Data_T8\T8_DAll.csv,1106.0,-4.547193333333333
5885,3,390.757033,391.5912,0.8341670000000363,,,hard_brake,mitra_t8,data\raw\mitra\Data_T8\T8_DAll.csv,1107.0,-26.145500000000002
5886,1,396.4961,397.5972,1.101099999999974,,,hard_brake,mitra_t8,data\raw\mitra\Data_T8\T8_DAll.csv,1113.0,-7.913553333333334
5887,1,366.399367,367.0667,0.6673330000000419,,,hard_brake,mitra_t8,data\raw\mitra\Data_T8\T8_DAll.csv,1115.0,-7.174524999999999
5888,2,338.104433,338.8385,0.7340670000000387,,,hard_brake,mitra_t8,data\raw\mitra\Data_T8\T8_DAll.csv,1116.0,-8.122153333333333
5889,2,399.532467,400.433367,0.9008999999999787,,,hard_brake,mitra_t8,data\raw\mitra\Data_T8\T8_DAll.csv,1116.0,-10.938075
5890,3,398.431367,399.432367,1.0009999999999764,,,hard_brake,mitra_t8,data\raw\mitra\Data_T8\T8_DAll.csv,1117.0,-10.440255555555556
5891,7,720.252867,720.753367,0.5004999999999882,,,hard_brake,mitra_t8,data\raw\mitra\Data_T8\T8_DAll.csv,1118.0,-4.43924
5892,2,400.9005,401.768033,0.8675329999999803,,,hard_brake,mitra_t8,data\raw\mitra\Data_T8\T8_DAll.csv,1121.0,-23.69205
5893,3,397.163433,397.930867,0.7674339999999802,,,hard_brake,mitra_t8,data\raw\mitra\Data_T8\T8_DAll.csv,1122.0,-4.65192
5894,2,393.1928,394.0937,0.9009000000000356,,,hard_brake,mitra_t8,data\raw\mitra\Data_T8\T8_DAll.csv,1123.0,-16.722962499999998
5895,1,372.5722,373.239533,0.6673329999999851,,,hard_brake,mitra_t8,data\raw\mitra\Data_T8\T8_DAll.csv,1129.0,-6.492237500000001
5896,2,402.535467,403.269533,0.7340660000000412,,,hard_brake,mitra_t8,data\raw\mitra\Data_T8\T8_DAll.csv,1130.0,-19.5974125
5897,3,400.1998,401.1007,0.9009000000000356,,,hard_brake,mitra_t8,data\raw\mitra\Data_T8\T8_DAll.csv,1132.0,-23.579637499999997
5898,7,713.446067,714.380333,0.9342659999999796,,,hard_brake,mitra_t8,data\raw\mitra\Data_T8\T8_DAll.csv,1135.0,-5.592053333333334
5899,3,402.335267,403.269533,0.9342660000000365,,,hard_brake,mitra_t8,data\raw\mitra\Data_T8\T8_DAll.csv,1136.0,-25.543662500000003
5900,1,405.9055,406.773033,0.8675329999999803,,,hard_brake,mitra_t8,data\raw\mitra\Data_T8\T8_DAll.csv,1137.0,-19.124212500000002
5901,1,407.7073,409.1087,1.4014000000000237,,,hard_brake,mitra_t8,data\raw\mitra\Data_T8\T8_DAll.csv,1138.0,-6.648433333333333
5902,3,403.035967,403.936867,0.9008999999999787,,,hard_brake,mitra_t8,data\raw\mitra\Data_T8\T8_DAll.csv,1139.0,-10.8123875
5903,2,346.012333,346.813133,0.8007999999999811,,,hard_brake,mitra_t8,data\raw\mitra\Data_T8\T8_DAll.csv,1140.0,-7.089926666666667
5904,7,731.564167,732.098033,0.5338659999999891,,,hard_brake,mitra_t8,data\raw\mitra\Data_T8\T8_DAll.csv,1142.0,-4.589433333333333
5905,2,372.538833,373.2729,0.7340669999999818,,,hard_brake,mitra_t8,data\raw\mitra\Data_T8\T8_DAll.csv,1146.0,-11.065653333333334
5906,2,392.392,393.459733,1.0677330000000325,,,hard_brake,mitra_t8,data\raw\mitra\Data_T8\T8_DAll.csv,1146.0,-13.40594
5907,1,413.045967,414.280533,1.2345659999999725,,,hard_brake,mitra_t8,data\raw\mitra\Data_T8\T8_DAll.csv,1147.0,-6.758086666666667
5908,1,415.3149,415.782033,0.4671329999999898,,,hard_brake,mitra_t8,data\raw\mitra\Data_T8\T8_DAll.csv,1150.0,-4.248162499999999
5909,2,410.543467,411.411,0.8675329999999803,,,hard_brake,mitra_t8,data\raw\mitra\Data_T8\T8_DAll.csv,1151.0,-5.035426666666666
5910,3,407.6072,408.441367,0.8341670000000363,,,hard_brake,mitra_t8,data\raw\mitra\Data_T8\T8_DAll.csv,1152.0,-5.2495866666666675
5911,3,412.078333,412.945867,0.8675340000000347,,,hard_brake,mitra_t8,data\raw\mitra\Data_T8\T8_DAll.csv,1153.0,-20.756449999999997
5912,3,410.743667,411.778033,1.0343659999999772,,,hard_brake,mitra_t8,data\raw\mitra\Data_T8\T8_DAll.csv,1154.0,-8.03188
5913,1,415.782033,416.6162,0.8341669999999795,,,hard_brake,mitra_t8,data\raw\mitra\Data_T8\T8_DAll.csv,1159.0,-9.6912125
5914,2,415.848767,416.6162,0.7674329999999827,,,hard_brake,mitra_t8,data\raw\mitra\Data_T8\T8_DAll.csv,1161.0,-15.1264625
5915,2,413.980233,415.448367,1.4681340000000205,,,hard_brake,mitra_t8,data\raw\mitra\Data_T8\T8_DAll.csv,1164.0,-8.175149999999999
5916,7,748.781367,749.315233,0.5338659999999891,,,hard_brake,mitra_t8,data\raw\mitra\Data_T8\T8_DAll.csv,1169.0,-4.254313333333333
5917,7,929.094833,929.929,0.8341669999999795,,,hard_brake,mitra_t8,data\raw\mitra\Data_T8\T8_DAll.csv,1171.0,-28.009375000000002
5918,7,751.083667,751.751,0.6673329999999851,,,hard_brake,mitra_t8,data\raw\mitra\Data_T8\T8_DAll.csv,1173.0,-4.53126
5919,3,416.449367,417.6172,1.16783300000003,,,hard_brake,mitra_t8,data\raw\mitra\Data_T8\T8_DAll.csv,1174.0,-10.64212
5920,2,404.937867,405.671933,0.7340660000000412,,,hard_brake,mitra_t8,data\raw\mitra\Data_T8\T8_DAll.csv,1175.0,-6.137546666666667
5921,1,418.484733,420.286533,1.8018000000000143,,,hard_brake,mitra_t8,data\raw\mitra\Data_T8\T8_DAll.csv,1176.0,-9.18994
5922,1,416.6162,417.450367,0.8341670000000363,,,hard_brake,mitra_t8,data\raw\mitra\Data_T8\T8_DAll.csv,1178.0,-17.695712500000003
5923,1,421.454367,422.288533,0.834165999999982,,,hard_brake,mitra_t8,data\raw\mitra\Data_T8\T8_DAll.csv,1179.0,-23.900325000000002
5924,2,421.988233,422.955867,0.9676340000000323,,,hard_brake,mitra_t8,data\raw\mitra\Data_T8\T8_DAll.csv,1180.0,-6.30528
5925,3,419.051967,419.786033,0.7340659999999843,,,hard_brake,mitra_t8,data\raw\mitra\Data_T8\T8_DAll.csv,1181.0,-6.861750000000001
5926,1,389.322267,390.0897,0.7674329999999827,,,hard_brake,mitra_t8,data\raw\mitra\Data_T8\T8_DAll.csv,1182.0,-13.299325
5927,7,751.917833,752.752,0.8341669999999795,,,hard_brake,mitra_t8,data\raw\mitra\Data_T8\T8_DAll.csv,1186.0,-9.135824999999999
5928,3,419.886133,421.1207,1.2345670000000268,,,hard_brake,mitra_t8,data\raw\mitra\Data_T8\T8_DAll.csv,1189.0,-8.5866
5929,3,430.9305,431.798033,0.8675329999999803,,,hard_brake,mitra_t8,data\raw\mitra\Data_T8\T8_DAll.csv,1190.0,-5.562833333333334
5930,7,753.385967,754.2535,0.8675329999999803,,,hard_brake,mitra_t8,data\raw\mitra\Data_T8\T8_DAll.csv,1191.0,-8.2726625
5931,3,421.5211,422.455367,0.9342670000000339,,,hard_brake,mitra_t8,data\raw\mitra\Data_T8\T8_DAll.csv,1192.0,-8.437025
5932,1,422.889133,423.790033,0.9008999999999787,,,hard_brake,mitra_t8,data\raw\mitra\Data_T8\T8_DAll.csv,1193.0,-21.850275000000003
5933,2,426.0256,427.1267,1.1011000000000308,,,hard_brake,mitra_t8,data\raw\mitra\Data_T8\T8_DAll.csv,1194.0,-9.406306666666666
5934,7,408.6082,409.375633,0.7674329999999827,,,hard_brake,mitra_t8,data\raw\mitra\Data_T8\T8_DAll.csv,1195.0,-7.455933333333333
5935,1,427.160067,428.6282,1.4681329999999662,,,hard_brake,mitra_t8,data\raw\mitra\Data_T8\T8_DAll.csv,1196.0,-8.923493333333333
5936,3,424.8244,425.6252,0.8007999999999811,,,hard_brake,mitra_t8,data\raw\mitra\Data_T8\T8_DAll.csv,1197.0,-8.7884125
5937,3,426.058967,427.1267,1.0677330000000325,,,hard_brake,mitra_t8,data\raw\mitra\Data_T8\T8_DAll.csv,1204.0,-7.058893333333334
5938,2,430.196433,430.797033,0.6005999999999858,,,hard_brake,mitra_t8,data\raw\mitra\Data_T8\T8_DAll.csv,1209.0,-7.804637499999999
5939,1,424.3239,425.291533,0.9676330000000348,,,hard_brake,mitra_t8,data\raw\mitra\Data_T8\T8_DAll.csv,1210.0,-22.084162500000005
5940,3,428.661567,429.6292,0.9676330000000348,,,hard_brake,mitra_t8,data\raw\mitra\Data_T8\T8_DAll.csv,1211.0,-12.535612500000001
5941,1,397.9976,399.0987,1.1011000000000308,,,hard_brake,mitra_t8,data\raw\mitra\Data_T8\T8_DAll.csv,1212.0,-6.345106666666667
5942,3,392.9926,393.9936,1.0010000000000332,,,hard_brake,mitra_t8,data\raw\mitra\Data_T8\T8_DAll.csv,1213.0,-5.471306666666666
5943,3,435.568467,436.469367,0.9008999999999787,,,hard_brake,mitra_t8,data\raw\mitra\Data_T8\T8_DAll.csv,1214.0,-28.5335125
5944,2,431.3309,432.298533,0.9676330000000348,,,hard_brake,mitra_t8,data\raw\mitra\Data_T8\T8_DAll.csv,1217.0,-10.471288888888887
5945,3,437.770667,438.6382,0.8675329999999803,,,hard_brake,mitra_t8,data\raw\mitra\Data_T8\T8_DAll.csv,1222.0,-19.0863125
5946,1,430.2298,431.1307,0.9008999999999787,,,hard_brake,mitra_t8,data\raw\mitra\Data_T8\T8_DAll.csv,1223.0,-8.868337499999999
5947,7,933.666067,934.4335,0.7674329999999827,,,hard_brake,mitra_t8,data\raw\mitra\Data_T8\T8_DAll.csv,1224.0,-15.272524999999998
5948,3,439.7393,440.473367,0.7340669999999818,,,hard_brake,mitra_t8,data\raw\mitra\Data_T8\T8_DAll.csv,1227.0,-12.418412499999999
5949,3,435.0346,435.802033,0.7674329999999827,,,hard_brake,mitra_t8,data\raw\mitra\Data_T8\T8_DAll.csv,1229.0,-22.788637499999997
5950,3,444.377267,444.977867,0.6005999999999858,,,hard_brake,mitra_t8,data\raw\mitra\Data_T8\T8_DAll.csv,1230.0,-6.004175
5951,3,441.0406,441.808033,0.7674330000000396,,,hard_brake,mitra_t8,data\raw\mitra\Data_T8\T8_DAll.csv,1231.0,-25.172062500000003
5952,1,432.565467,433.466367,0.9008999999999787,,,hard_brake,mitra_t8,data\raw\mitra\Data_T8\T8_DAll.csv,1232.0,-18.442275
5953,3,443.109333,443.810033,0.7006999999999834,,,hard_brake,mitra_t8,data\raw\mitra\Data_T8\T8_DAll.csv,1234.0,-8.218950000000001
5954,7,759.525433,760.426333,0.9008999999999787,,,hard_brake,mitra_t8,data\raw\mitra\Data_T8\T8_DAll.csv,1235.0,-16.441287499999998
5955,2,434.667567,435.1347,0.4671329999999898,,,hard_brake,mitra_t8,data\raw\mitra\Data_T8\T8_DAll.csv,1236.0,-4.086180000000001
5956,2,443.709933,444.977867,1.2679340000000252,,,hard_brake,mitra_t8,data\raw\mitra\Data_T8\T8_DAll.csv,1237.0,-10.140646666666665
5957,2,403.269533,404.270533,1.0009999999999764,,,hard_brake,mitra_t8,data\raw\mitra\Data_T8\T8_DAll.csv,1238.0,-6.210146666666666
5958,3,445.6452,446.479367,0.8341670000000363,,,hard_brake,mitra_t8,data\raw\mitra\Data_T8\T8_DAll.csv,1241.0,-25.9489875
5959,3,408.3079,409.1087,0.8007999999999811,,,hard_brake,mitra_t8,data\raw\mitra\Data_T8\T8_DAll.csv,1242.0,-15.929775000000001
5960,1,438.204433,438.971867,0.7674339999999802,,,hard_brake,mitra_t8,data\raw\mitra\Data_T8\T8_DAll.csv,1243.0,-6.005040000000001
5961,3,447.213433,447.814033,0.6005999999999858,,,hard_brake,mitra_t8,data\raw\mitra\Data_T8\T8_DAll.csv,1244.0,-5.3108
5962,2,445.445,446.312533,0.8675329999999803,,,hard_brake,mitra_t8,data\raw\mitra\Data_T8\T8_DAll.csv,1251.0,-19.8765125
5963,1,447.713933,448.6482,0.9342669999999771,,,hard_brake,mitra_t8,data\raw\mitra\Data_T8\T8_DAll.csv,1253.0,-5.2349266666666665
5964,3,450.8504,451.818033,0.9676330000000348,,,hard_brake,mitra_t8,data\raw\mitra\Data_T8\T8_DAll.csv,1255.0,-8.01465
5965,3,452.318533,453.1527,0.8341669999999795,,,hard_brake,mitra_t8,data\raw\mitra\Data_T8\T8_DAll.csv,1257.0,-7.405912500000001
5966,2,448.8484,449.816033,0.967632999999978,,,hard_brake,mitra_t8,data\raw\mitra\Data_T8\T8_DAll.csv,1259.0,-10.667425
5967,1,449.2488,450.483367,1.23456699999997,,,hard_brake,mitra_t8,data\raw\mitra\Data_T8\T8_DAll.csv,1260.0,-7.382673333333333
5968,1,451.3509,452.1517,0.8007999999999811,,,hard_brake,mitra_t8,data\raw\mitra\Data_T8\T8_DAll.csv,1261.0,-18.73955
5969,2,456.088967,456.989867,0.9008999999999787,,,hard_brake,mitra_t8,data\raw\mitra\Data_T8\T8_DAll.csv,1262.0,-7.631144444444445
5970,3,456.0556,456.989867,0.9342669999999771,,,hard_brake,mitra_t8,data\raw\mitra\Data_T8\T8_DAll.csv,1265.0,-22.88115
5971,3,448.9485,449.816033,0.8675329999999803,,,hard_brake,mitra_t8,data\raw\mitra\Data_T8\T8_DAll.csv,1266.0,-15.6068125
5972,2,454.187067,454.987867,0.8007999999999811,,,hard_brake,mitra_t8,data\raw\mitra\Data_T8\T8_DAll.csv,1268.0,-7.1989125000000005
5973,1,453.6532,454.6542,1.0009999999999764,,,hard_brake,mitra_t8,data\raw\mitra\Data_T8\T8_DAll.csv,1269.0,-16.401725
5974,3,457.423633,458.324533,0.9008999999999787,,,hard_brake,mitra_t8,data\raw\mitra\Data_T8\T8_DAll.csv,1270.0,-8.8554875
5975,10,415.248167,415.9155,0.6673329999999851,,,hard_brake,mitra_t8,data\raw\mitra\Data_T8\T8_DAll.csv,1272.0,-4.6573400000000005
5976,3,458.5581,459.325533,0.7674329999999827,,,hard_brake,mitra_t8,data\raw\mitra\Data_T8\T8_DAll.csv,1274.0,-9.400862499999999
5977,2,455.0546,455.988867,0.9342670000000339,,,hard_brake,mitra_t8,data\raw\mitra\Data_T8\T8_DAll.csv,1275.0,-7.84478
5978,1,458.2578,459.1587,0.9009000000000356,,,hard_brake,mitra_t8,data\raw\mitra\Data_T8\T8_DAll.csv,1277.0,-9.6899625
5979,2,457.123333,457.990867,0.8675339999999778,,,hard_brake,mitra_t8,data\raw\mitra\Data_T8\T8_DAll.csv,1278.0,-14.834187499999999
5980,2,458.591467,459.492367,0.9008999999999787,,,hard_brake,mitra_t8,data\raw\mitra\Data_T8\T8_DAll.csv,1279.0,-7.756975
5981,1,420.353267,421.1207,0.7674329999999827,,,hard_brake,mitra_t8,data\raw\mitra\Data_T8\T8_DAll.csv,1281.0,-15.5173125
5982,1,462.995867,464.1637,1.16783300000003,,,hard_brake,mitra_t8,data\raw\mitra\Data_T8\T8_DAll.csv,1285.0,-14.1669625
5983,3,463.696567,464.497367,0.8007999999999811,,,hard_brake,mitra_t8,data\raw\mitra\Data_T8\T8_DAll.csv,1287.0,-16.4123875
5984,1,466.132333,467.1667,1.0343669999999747,,,hard_brake,mitra_t8,data\raw\mitra\Data_T8\T8_DAll.csv,1288.0,-6.33062
5985,2,461.727933,462.6622,0.9342669999999771,,,hard_brake,mitra_t8,data\raw\mitra\Data_T8\T8_DAll.csv,1289.0,-24.5908375
5986,7,758.4577,759.2585,0.8007999999999811,,,hard_brake,mitra_t8,data\raw\mitra\Data_T8\T8_DAll.csv,1291.0,-5.926449999999999
5987,1,467.300167,468.1677,0.8675330000000372,,,hard_brake,mitra_t8,data\raw\mitra\Data_T8\T8_DAll.csv,1292.0,-8.613600000000002
5988,1,459.292167,460.1597,0.8675329999999803,,,hard_brake,mitra_t8,data\raw\mitra\Data_T8\T8_DAll.csv,1296.0,-12.435900000000002
5989,1,431.397633,432.1317,0.7340670000000387,,,hard_brake,mitra_t8,data\raw\mitra\Data_T8\T8_DAll.csv,1297.0,-13.440837499999999
5990,7,762.027933,763.095667,1.0677340000000868,,,hard_brake,mitra_t8,data\raw\mitra\Data_T8\T8_DAll.csv,1298.0,-7.339146666666666
5991,3,464.9645,465.832033,0.8675330000000372,,,hard_brake,mitra_t8,data\raw\mitra\Data_T8\T8_DAll.csv,1299.0,-14.469600000000002
5992,1,469.6692,470.503367,0.8341670000000363,,,hard_brake,mitra_t8,data\raw\mitra\Data_T8\T8_DAll.csv,1302.0,-5.246613333333333
5993,3,467.1667,468.1677,1.0010000000000332,,,hard_brake,mitra_t8,data\raw\mitra\Data_T8\T8_DAll.csv,1304.0,-5.16994
5994,3,432.064967,432.5321,0.4671329999999898,,,hard_brake,mitra_t8,data\raw\mitra\Data_T8\T8_DAll.csv,1306.0,-4.294746666666667
5995,3,468.201067,469.1687,0.967632999999978,,,hard_brake,mitra_t8,data\raw\mitra\Data_T8\T8_DAll.csv,1306.0,-6.518853333333333
5996,2,468.234433,469.1687,0.9342669999999771,,,hard_brake,mitra_t8,data\raw\mitra\Data_T8\T8_DAll.csv,1307.0,-17.1821375
5997,1,435.6352,436.469367,0.8341669999999795,,,hard_brake,mitra_t8,data\raw\mitra\Data_T8\T8_DAll.csv,1309.0,-11.054400000000001
5998,2,469.6692,470.1697,0.5004999999999882,,,hard_brake,mitra_t8,data\raw\mitra\Data_T8\T8_DAll.csv,1310.0,-7.7051
5999,1,437.069967,437.804033,0.7340659999999843,,,hard_brake,mitra_t8,data\raw\mitra\Data_T8\T8_DAll.csv,1314.0,-13.80685
6000,3,471.838033,472.6722,0.8341669999999795,,,hard_brake,mitra_t8,data\raw\mitra\Data_T8\T8_DAll.csv,1318.0,-8.2777375
6001,2,437.303533,438.0376,0.7340669999999818,,,hard_brake,mitra_t8,data\raw\mitra\Data_T8\T8_DAll.csv,1321.0,-9.124173333333335
6002,3,473.7733,474.841033,1.0677329999999756,,,hard_brake,mitra_t8,data\raw\mitra\Data_T8\T8_DAll.csv,1321.0,-4.593313333333334
6003,3,477.8774,478.845033,0.967632999999978,,,hard_brake,mitra_t8,data\raw\mitra\Data_T8\T8_DAll.csv,1322.0,-6.05054
6004,1,473.1727,474.006867,0.8341669999999795,,,hard_brake,mitra_t8,data\raw\mitra\Data_T8\T8_DAll.csv,1323.0,-11.4873875
6005,3,479.9795,480.513367,0.5338670000000434,,,hard_brake,mitra_t8,data\raw\mitra\Data_T8\T8_DAll.csv,1326.0,-4.3065
6006,1,474.7743,475.908767,1.1344670000000292,,,hard_brake,mitra_t8,data\raw\mitra\Data_T8\T8_DAll.csv,1327.0,-7.0390733333333335
6007,7,919.4185,920.252667,0.8341669999999795,,,hard_brake,mitra_t8,data\raw\mitra\Data_T8\T8_DAll.csv,1329.0,-8.5402
6008,3,475.541733,476.342533,0.8007999999999811,,,hard_brake,mitra_t8,data\raw\mitra\Data_T8\T8_DAll.csv,1330.0,-5.30504
6009,2,478.110967,478.5781,0.4671329999999898,,,hard_brake,mitra_t8,data\raw\mitra\Data_T8\T8_DAll.csv,1331.0,-4.366173333333333
6010,3,482.448633,483.1827,0.7340670000000387,,,hard_brake,mitra_t8,data\raw\mitra\Data_T8\T8_DAll.csv,1332.0,-10.2395375
6011,1,441.774667,442.809033,1.0343659999999772,,,hard_brake,mitra_t8,data\raw\mitra\Data_T8\T8_DAll.csv,1334.0,-5.957333333333334
6012,3,485.151333,486.018867,0.8675339999999778,,,hard_brake,mitra_t8,data\raw\mitra\Data_T8\T8_DAll.csv,1337.0,-22.3282
6013,3,440.9405,441.6412,0.7007000000000403,,,hard_brake,mitra_t8,data\raw\mitra\Data_T8\T8_DAll.csv,1339.0,-4.722606666666667
6014,3,483.7833,484.851033,1.0677329999999756,,,hard_brake,mitra_t8,data\raw\mitra\Data_T8\T8_DAll.csv,1339.0,-9.51615
6015,7,768.9682,769.935833,0.967632999999978,,,hard_brake,mitra_t8,data\raw\mitra\Data_T8\T8_DAll.csv,1340.0,-6.702920000000001
6016,2,481.814667,482.6822,0.8675330000000372,,,hard_brake,mitra_t8,data\raw\mitra\Data_T8\T8_DAll.csv,1341.0,-16.1395875
6017,2,476.509367,477.343533,0.834165999999982,,,hard_brake,mitra_t8,data\raw\mitra\Data_T8\T8_DAll.csv,1343.0,-10.8302125
6018,1,444.610833,445.478367,0.8675339999999778,,,hard_brake,mitra_t8,data\raw\mitra\Data_T8\T8_DAll.csv,1344.0,-10.840862500000002
6019,3,487.9875,488.855033,0.8675329999999803,,,hard_brake,mitra_t8,data\raw\mitra\Data_T8\T8_DAll.csv,1345.0,-19.228312499999998
6020,2,483.316167,484.1837,0.8675329999999803,,,hard_brake,mitra_t8,data\raw\mitra\Data_T8\T8_DAll.csv,1347.0,-18.029787499999998
6021,1,445.6452,446.479367,0.8341670000000363,,,hard_brake,mitra_t8,data\raw\mitra\Data_T8\T8_DAll.csv,1348.0,-5.906125
6022,2,485.051233,486.1857,1.1344669999999724,,,hard_brake,mitra_t8,data\raw\mitra\Data_T8\T8_DAll.csv,1349.0,-9.790953333333334
6023,1,479.412267,480.346533,0.9342660000000365,,,hard_brake,mitra_t8,data\raw\mitra\Data_T8\T8_DAll.csv,1351.0,-16.7852875
6024,1,446.446,447.1467,0.7006999999999834,,,hard_brake,mitra_t8,data\raw\mitra\Data_T8\T8_DAll.csv,1352.0,-6.319137499999999
6025,1,483.616467,484.517367,0.9008999999999787,,,hard_brake,mitra_t8,data\raw\mitra\Data_T8\T8_DAll.csv,1354.0,-18.542175
6026,1,481.547733,482.515367,0.9676340000000323,,,hard_brake,mitra_t8,data\raw\mitra\Data_T8\T8_DAll.csv,1356.0,-12.8532625
6027,0,447.613833,448.314533,0.7006999999999834,,,hard_brake,mitra_t8,data\raw\mitra\Data_T8\T8_DAll.csv,1357.0,-6.9639625
6028,2,491.257433,491.858033,0.6005999999999858,,,hard_brake,mitra_t8,data\raw\mitra\Data_T8\T8_DAll.csv,1360.0,-9.343225
6029,3,492.158333,493.025867,0.8675339999999778,,,hard_brake,mitra_t8,data\raw\mitra\Data_T8\T8_DAll.csv,1364.0,-31.4543625
6030,2,489.222067,490.022867,0.8008000000000379,,,hard_brake,mitra_t8,data\raw\mitra\Data_T8\T8_DAll.csv,1368.0,-12.4392
6031,1,454.620833,455.1547,0.5338669999999865,,,hard_brake,mitra_t8,data\raw\mitra\Data_T8\T8_DAll.csv,1369.0,-4.888346666666666
6032,1,487.820667,488.855033,1.0343659999999772,,,hard_brake,mitra_t8,data\raw\mitra\Data_T8\T8_DAll.csv,1372.0,-21.40435
6033,3,493.626467,494.360533,0.7340659999999843,,,hard_brake,mitra_t8,data\raw\mitra\Data_T8\T8_DAll.csv,1374.0,-13.3448875
6034,1,455.6552,456.322533,0.6673330000000419,,,hard_brake,mitra_t8,data\raw\mitra\Data_T8\T8_DAll.csv,1375.0,-6.979175
6035,2,486.552733,487.520367,0.9676340000000323,,,hard_brake,mitra_t8,data\raw\mitra\Data_T8\T8_DAll.csv,1377.0,-10.384099999999998
6036,2,494.861033,495.6952,0.8341669999999795,,,hard_brake,mitra_t8,data\raw\mitra\Data_T8\T8_DAll.csv,1379.0,-18.098475
6037,2,485.852033,486.486,0.6339669999999842,,,hard_brake,mitra_t8,data\raw\mitra\Data_T8\T8_DAll.csv,1381.0,-5.190259999999999
6038,7,775.4747,776.442333,0.967632999999978,,,hard_brake,mitra_t8,data\raw\mitra\Data_T8\T8_DAll.csv,1382.0,-9.4889625
6039,1,464.897767,465.832033,0.9342660000000365,,,hard_brake,mitra_t8,data\raw\mitra\Data_T8\T8_DAll.csv,1383.0,-8.6919625
6040,3,499.432267,500.333167,0.9008999999999787,,,hard_brake,mitra_t8,data\raw\mitra\Data_T8\T8_DAll.csv,1385.0,-5.124499999999999
6041,1,493.726567,495.027867,1.301300000000026,,,hard_brake,mitra_t8,data\raw\mitra\Data_T8\T8_DAll.csv,1387.0,-7.9594000000000005
6042,1,496.7963,498.1977,1.4014000000000237,,,hard_brake,mitra_t8,data\raw\mitra\Data_T8\T8_DAll.csv,1389.0,-7.70518
6043,1,502.6021,503.2027,0.6005999999999858,,,hard_brake,mitra_t8,data\raw\mitra\Data_T8\T8_DAll.csv,1392.0,-6.070187499999999
6044,2,498.664833,499.365533,0.7007000000000403,,,hard_brake,mitra_t8,data\raw\mitra\Data_T8\T8_DAll.csv,1393.0,-4.5136
6045,1,472.104967,473.005867,0.9009000000000356,,,hard_brake,mitra_t8,data\raw\mitra\Data_T8\T8_DAll.csv,1395.0,-10.439924999999999
6046,3,508.341167,509.2087,0.8675330000000372,,,hard_brake,mitra_t8,data\raw\mitra\Data_T8\T8_DAll.csv,1396.0,-16.3841375
6047,2,501.467633,502.535367,1.06773400000003,,,hard_brake,mitra_t8,data\raw\mitra\Data_T8\T8_DAll.csv,1399.0,-8.640279999999999
6048,1,504.170333,506.038867,1.8685339999999542,,,hard_brake,mitra_t8,data\raw\mitra\Data_T8\T8_DAll.csv,1400.0,-9.902080000000002
6049,3,510.142967,510.877033,0.7340659999999843,,,hard_brake,mitra_t8,data\raw\mitra\Data_T8\T8_DAll.csv,1401.0,-10.255650000000001
6050,2,492.492,493.459633,0.967632999999978,,,hard_brake,mitra_t8,data\raw\mitra\Data_T8\T8_DAll.csv,1403.0,-5.970346666666667
6051,2,505.938767,506.539367,0.6006000000000427,,,hard_brake,mitra_t8,data\raw\mitra\Data_T8\T8_DAll.csv,1405.0,-5.846675
6052,7,781.8811,782.782,0.9009000000000924,,,hard_brake,mitra_t8,data\raw\mitra\Data_T8\T8_DAll.csv,1406.0,-16.9753
6053,3,511.944767,512.7122,0.7674330000000396,,,hard_brake,mitra_t8,data\raw\mitra\Data_T8\T8_DAll.csv,1408.0,-12.442787500000001
6054,3,507.039867,508.040867,1.0009999999999764,,,hard_brake,mitra_t8,data\raw\mitra\Data_T8\T8_DAll.csv,1410.0,-6.361326666666667
6055,3,512.478633,513.7132,1.2345670000000837,,,hard_brake,mitra_t8,data\raw\mitra\Data_T8\T8_DAll.csv,1412.0,-6.551433333333334
6056,2,508.975133,509.7092,0.7340669999999818,,,hard_brake,mitra_t8,data\raw\mitra\Data_T8\T8_DAll.csv,1414.0,-4.473646666666667
6057,3,515.2147,516.048867,0.8341669999999795,,,hard_brake,mitra_t8,data\raw\mitra\Data_T8\T8_DAll.csv,1418.0,-15.7167
6058,1,508.574733,509.542367,0.9676340000000323,,,hard_brake,mitra_t8,data\raw\mitra\Data_T8\T8_DAll.csv,1423.0,-5.34748
6059,2,512.378533,513.2127,0.8341670000000931,,,hard_brake,mitra_t8,data\raw\mitra\Data_T8\T8_DAll.csv,1424.0,-29.780737500000004
6060,2,518.8183,519.552367,0.7340669999999818,,,hard_brake,mitra_t8,data\raw\mitra\Data_T8\T8_DAll.csv,1426.0,-17.840575
6061,7,782.448333,783.449333,1.0009999999999764,,,hard_brake,mitra_t8,data\raw\mitra\Data_T8\T8_DAll.csv,1427.0,-11.105075000000001
6062,1,506.839667,507.540367,0.7006999999999834,,,hard_brake,mitra_t8,data\raw\mitra\Data_T8\T8_DAll.csv,1429.0,-5.22255
6063,3,520.286433,521.2207,0.9342669999999771,,,hard_brake,mitra_t8,data\raw\mitra\Data_T8\T8_DAll.csv,1431.0,-10.8393375
6064,3,521.587733,522.388533,0.8008000000000948,,,hard_brake,mitra_t8,data\raw\mitra\Data_T8\T8_DAll.csv,1432.0,-12.514787500000002
6065,1,523.155967,524.557367,1.401399999999967,,,hard_brake,mitra_t8,data\raw\mitra\Data_T8\T8_DAll.csv,1433.0,-9.601186666666669
6066,3,516.949767,517.7172,0.7674330000000964,,,hard_brake,mitra_t8,data\raw\mitra\Data_T8\T8_DAll.csv,1435.0,-22.560374999999997
6067,2,512.979133,513.446267,0.4671339999999873,,,hard_brake,mitra_t8,data\raw\mitra\Data_T8\T8_DAll.csv,1441.0,-4.6776333333333335
6068,2,514.8143,515.7152,0.9008999999999787,,,hard_brake,mitra_t8,data\raw\mitra\Data_T8\T8_DAll.csv,1442.0,-26.3739625
6069,7,783.6829,784.6839,1.0009999999999764,,,hard_brake,mitra_t8,data\raw\mitra\Data_T8\T8_DAll.csv,1447.0,-5.45322
6070,3,538.971767,539.7392,0.7674329999999827,,,hard_brake,mitra_t8,data\raw\mitra\Data_T8\T8_DAll.csv,1448.0,-18.8162125
6071,3,535.801933,536.569367,0.7674340000000939,,,hard_brake,mitra_t8,data\raw\mitra\Data_T8\T8_DAll.csv,1452.0,-12.562199999999999
6072,1,516.516,518.050867,1.5348670000000766,,,hard_brake,mitra_t8,data\raw\mitra\Data_T8\T8_DAll.csv,1453.0,-16.561437499999997
6073,3,539.6391,540.573367,0.9342669999999771,,,hard_brake,mitra_t8,data\raw\mitra\Data_T8\T8_DAll.csv,1455.0,-10.7514125
6074,7,768.000567,768.501067,0.5004999999999882,,,hard_brake,mitra_t8,data\raw\mitra\Data_T8\T8_DAll.csv,1456.0,-4.843273333333332
6075,7,770.035933,770.603167,0.5672339999999849,,,hard_brake,mitra_t8,data\raw\mitra\Data_T8\T8_DAll.csv,1456.0,-5.410353333333333
6076,2,525.9254,526.7262,0.8007999999999811,,,hard_brake,mitra_t8,data\raw\mitra\Data_T8\T8_DAll.csv,1459.0,-8.117175
6077,3,540.9404,541.7412,0.8008000000000948,,,hard_brake,mitra_t8,data\raw\mitra\Data_T8\T8_DAll.csv,1460.0,-28.719975
6078,2,532.198333,532.899033,0.7006999999999834,,,hard_brake,mitra_t8,data\raw\mitra\Data_T8\T8_DAll.csv,1463.0,-6.2502875
6079,3,542.208333,542.675467,0.4671339999999873,,,hard_brake,mitra_t8,data\raw\mitra\Data_T8\T8_DAll.csv,1464.0,-4.516113333333334
6080,1,499.866033,500.7002,0.8341669999999795,,,hard_brake,mitra_t8,data\raw\mitra\Data_T8\T8_DAll.csv,1465.0,-19.784112500000003
6081,2,534.066867,535.401533,1.3346659999999702,,,hard_brake,mitra_t8,data\raw\mitra\Data_T8\T8_DAll.csv,1468.0,-11.115093333333332
6082,2,540.072867,540.907033,0.834165999999982,,,hard_brake,mitra_t8,data\raw\mitra\Data_T8\T8_DAll.csv,1469.0,-9.8655
6083,2,535.801933,536.903033,1.1011000000000877,,,hard_brake,mitra_t8,data\raw\mitra\Data_T8\T8_DAll.csv,1474.0,-11.577387499999999
6084,3,547.513633,548.414533,0.9008999999999787,,,hard_brake,mitra_t8,data\raw\mitra\Data_T8\T8_DAll.csv,1475.0,-10.327087500000001
6085,3,547.713833,548.915033,1.2011999999999716,,,hard_brake,mitra_t8,data\raw\mitra\Data_T8\T8_DAll.csv,1478.0,-8.677973333333334
6086,1,530.2297,531.564367,1.3346669999999676,,,hard_brake,mitra_t8,data\raw\mitra\Data_T8\T8_DAll.csv,1482.0,-10.905622222222222
6087,2,538.804933,539.906033,1.101099999999974,,,hard_brake,mitra_t8,data\raw\mitra\Data_T8\T8_DAll.csv,1483.0,-16.7417625
6088,3,498.9985,499.465633,0.46713300000004665,,,hard_brake,mitra_t8,data\raw\mitra\Data_T8\T8_DAll.csv,1485.0,-4.6881
6089,3,551.217333,552.084867,0.8675339999999778,,,hard_brake,mitra_t8,data\raw\mitra\Data_T8\T8_DAll.csv,1488.0,-24.363925000000002
6090,2,544.277067,545.2447,0.967632999999978,,,hard_brake,mitra_t8,data\raw\mitra\Data_T8\T8_DAll.csv,1489.0,-11.794962499999999
6091,3,531.864667,532.565367,0.7006999999999834,,,hard_brake,mitra_t8,data\raw\mitra\Data_T8\T8_DAll.csv,1491.0,-5.22426
6092,3,551.8513,552.7522,0.9008999999999787,,,hard_brake,mitra_t8,data\raw\mitra\Data_T8\T8_DAll.csv,1491.0,-15.771224999999998
6093,3,543.576367,544.410533,0.834165999999982,,,hard_brake,mitra_t8,data\raw\mitra\Data_T8\T8_DAll.csv,1494.0,-30.423112500000002
6094,7,803.969833,804.804,0.8341669999999795,,,hard_brake,mitra_t8,data\raw\mitra\Data_T8\T8_DAll.csv,1495.0,-11.142687500000001
6095,3,555.288067,556.088867,0.8008000000000948,,,hard_brake,mitra_t8,data\raw\mitra\Data_T8\T8_DAll.csv,1496.0,-24.854587500000004
6096,1,535.101233,535.902033,0.8007999999999811,,,hard_brake,mitra_t8,data\raw\mitra\Data_T8\T8_DAll.csv,1497.0,-21.734575000000003
6097,1,541.307433,542.2417,0.9342670000000908,,,hard_brake,mitra_t8,data\raw\mitra\Data_T8\T8_DAll.csv,1499.0,-10.950737499999999
6098,7,804.937467,805.971833,1.0343659999999772,,,hard_brake,mitra_t8,data\raw\mitra\Data_T8\T8_DAll.csv,1500.0,-5.828106666666667
6099,3,557.7572,558.7582,1.0009999999999764,,,hard_brake,mitra_t8,data\raw\mitra\Data_T8\T8_DAll.csv,1501.0,-16.416125
6100,2,548.8483,549.916033,1.0677329999999756,,,hard_brake,mitra_t8,data\raw\mitra\Data_T8\T8_DAll.csv,1502.0,-27.0500375
6101,2,551.317433,552.2517,0.9342669999999771,,,hard_brake,mitra_t8,data\raw\mitra\Data_T8\T8_DAll.csv,1503.0,-14.609625000000001
6102,3,563.129233,563.7632,0.6339669999999842,,,hard_brake,mitra_t8,data\raw\mitra\Data_T8\T8_DAll.csv,1504.0,-12.033750000000001
6103,3,560.3598,560.927033,0.5672330000001011,,,hard_brake,mitra_t8,data\raw\mitra\Data_T8\T8_DAll.csv,1505.0,-4.421587499999999
6104,1,537.6371,538.571367,0.9342669999999771,,,hard_brake,mitra_t8,data\raw\mitra\Data_T8\T8_DAll.csv,1508.0,-16.7383875
6105,3,564.4639,565.2647,0.8007999999999811,,,hard_brake,mitra_t8,data\raw\mitra\Data_T8\T8_DAll.csv,1511.0,-7.46065
6106,2,552.218333,552.885667,0.6673339999999826,,,hard_brake,mitra_t8,data\raw\mitra\Data_T8\T8_DAll.csv,1513.0,-20.4333625
6107,2,541.908033,542.7422,0.8341669999999795,,,hard_brake,mitra_t8,data\raw\mitra\Data_T8\T8_DAll.csv,1514.0,-31.459025
6108,1,512.445267,513.2127,0.7674330000000964,,,hard_brake,mitra_t8,data\raw\mitra\Data_T8\T8_DAll.csv,1516.0,-18.970012500000003
6109,1,543.609733,544.410533,0.8007999999999811,,,hard_brake,mitra_t8,data\raw\mitra\Data_T8\T8_DAll.csv,1518.0,-22.1041125
6110,21,521.354167,522.188333,0.834165999999982,,,hard_brake,mitra_t8,data\raw\mitra\Data_T8\T8_DAll.csv,1520.0,-6.081569999999999
6111,2,554.520633,555.922033,1.4014000000000806,,,hard_brake,mitra_t8,data\raw\mitra\Data_T8\T8_DAll.csv,1522.0,-10.707733333333334
6112,1,553.4529,554.587367,1.1344669999999724,,,hard_brake,mitra_t8,data\raw\mitra\Data_T8\T8_DAll.csv,1524.0,-15.2213125
6113,3,568.134233,569.1686,1.0343669999999747,,,hard_brake,mitra_t8,data\raw\mitra\Data_T8\T8_DAll.csv,1525.0,-6.59226
6114,2,553.0525,553.819933,0.7674329999999827,,,hard_brake,mitra_t8,data\raw\mitra\Data_T8\T8_DAll.csv,1526.0,-6.509486666666666
6115,0,489.922767,491.224067,1.3012999999999693,,,hard_brake,mitra_t8,data\raw\mitra\Data_T8\T8_DAll.csv,1531.0,-8.53722
6116,2,564.0635,564.931033,0.8675329999999803,,,hard_brake,mitra_t8,data\raw\mitra\Data_T8\T8_DAll.csv,1543.0,-15.073175
6117,21,529.862667,530.53,0.6673329999999851,,,hard_brake,mitra_t8,data\raw\mitra\Data_T8\T8_DAll.csv,1546.0,-12.9637625
6118,2,566.799567,567.600367,0.8007999999999811,,,hard_brake,mitra_t8,data\raw\mitra\Data_T8\T8_DAll.csv,1549.0,-26.06225
6119,3,577.4769,578.2777,0.8007999999999811,,,hard_brake,mitra_t8,data\raw\mitra\Data_T8\T8_DAll.csv,1551.0,-6.4282125
6120,2,569.302067,570.102867,0.8007999999999811,,,hard_brake,mitra_t8,data\raw\mitra\Data_T8\T8_DAll.csv,1553.0,-13.2392375
6121,2,571.3708,572.104867,0.7340669999999818,,,hard_brake,mitra_t8,data\raw\mitra\Data_T8\T8_DAll.csv,1557.0,-10.947949999999999
6122,1,558.8583,559.7592,0.9008999999999787,,,hard_brake,mitra_t8,data\raw\mitra\Data_T8\T8_DAll.csv,1561.0,-12.794675000000002
6123,2,572.4719,573.2727,0.8007999999999811,,,hard_brake,mitra_t8,data\raw\mitra\Data_T8\T8_DAll.csv,1562.0,-10.6152375
6124,1,528.160967,529.2287,1.0677329999999756,,,hard_brake,mitra_t8,data\raw\mitra\Data_T8\T8_DAll.csv,1564.0,-7.53462
6125,3,582.0815,583.115867,1.0343669999999747,,,hard_brake,mitra_t8,data\raw\mitra\Data_T8\T8_DAll.csv,1565.0,-7.795599999999999
6126,1,562.995767,564.096867,1.101099999999974,,,hard_brake,mitra_t8,data\raw\mitra\Data_T8\T8_DAll.csv,1567.0,-12.556833333333332
6127,2,574.106867,574.941033,0.834165999999982,,,hard_brake,mitra_t8,data\raw\mitra\Data_T8\T8_DAll.csv,1568.0,-15.210725
6128,1,532.3318,533.065867,0.7340669999999818,,,hard_brake,mitra_t8,data\raw\mitra\Data_T8\T8_DAll.csv,1569.0,-15.733150000000002
6129,1,561.227333,562.094867,0.8675339999999778,,,hard_brake,mitra_t8,data\raw\mitra\Data_T8\T8_DAll.csv,1572.0,-16.85855
6130,7,806.071933,807.3065,1.2345670000000837,,,hard_brake,mitra_t8,data\raw\mitra\Data_T8\T8_DAll.csv,1573.0,-5.730686666666666
6131,3,573.2727,573.9734,0.7006999999999834,,,hard_brake,mitra_t8,data\raw\mitra\Data_T8\T8_DAll.csv,1576.0,-5.792199999999999
6132,3,586.7862,587.453533,0.6673329999999851,,,hard_brake,mitra_t8,data\raw\mitra\Data_T8\T8_DAll.csv,1577.0,-14.068637500000001
6133,2,536.669467,537.570367,0.9008999999999787,,,hard_brake,mitra_t8,data\raw\mitra\Data_T8\T8_DAll.csv,1579.0,-14.430824999999999
6134,3,588.054133,588.955033,0.9008999999999787,,,hard_brake,mitra_t8,data\raw\mitra\Data_T8\T8_DAll.csv,1581.0,-23.942175
6135,1,539.005133,539.572367,0.5672339999999849,,,hard_brake,mitra_t8,data\raw\mitra\Data_T8\T8_DAll.csv,1582.0,-5.6709375
6136,1,564.3638,565.2647,0.9008999999999787,,,hard_brake,mitra_t8,data\raw\mitra\Data_T8\T8_DAll.csv,1584.0,-30.449975
6137,3,590.222967,590.957033,0.7340659999999843,,,hard_brake,mitra_t8,data\raw\mitra\Data_T8\T8_DAll.csv,1585.0,-13.6585375
6138,3,595.761833,596.629367,0.8675339999999778,,,hard_brake,mitra_t8,data\raw\mitra\Data_T8\T8_DAll.csv,1587.0,-17.6120375
6139,1,571.103867,571.938033,0.834165999999982,,,hard_brake,mitra_t8,data\raw\mitra\Data_T8\T8_DAll.csv,1589.0,-21.3972875
6140,2,575.575,576.2757,0.7006999999999834,,,hard_brake,mitra_t8,data\raw\mitra\Data_T8\T8_DAll.csv,1590.0,-12.5468125
6141,2,579.312067,580.2797,0.9676330000000917,,,hard_brake,mitra_t8,data\raw\mitra\Data_T8\T8_DAll.csv,1591.0,-9.02453
6142,2,577.209967,577.944033,0.7340659999999843,,,hard_brake,mitra_t8,data\raw\mitra\Data_T8\T8_DAll.csv,1592.0,-14.244812499999998
6143,3,600.232967,600.8002,0.5672329999999874,,,hard_brake,mitra_t8,data\raw\mitra\Data_T8\T8_DAll.csv,1593.0,-8.602387499999999
6144,2,586.8863,587.453533,0.5672329999999874,,,hard_brake,mitra_t8,data\raw\mitra\Data_T8\T8_DAll.csv,1594.0,-4.604255555555556
6145,1,580.8803,581.614367,0.7340669999999818,,,hard_brake,mitra_t8,data\raw\mitra\Data_T8\T8_DAll.csv,1597.0,-17.300175
6146,1,584.550633,585.7852,1.2345670000000837,,,hard_brake,mitra_t8,data\raw\mitra\Data_T8\T8_DAll.csv,1600.0,-12.398900000000001
6147,3,520.4199,521.3208,0.9008999999999787,,,hard_brake,mitra_t8,data\raw\mitra\Data_T8\T8_DAll.csv,1603.0,-5.53726
6148,21,560.593367,561.227333,0.6339660000001004,,,hard_brake,mitra_t8,data\raw\mitra\Data_T8\T8_DAll.csv,1604.0,-7.0492
6149,2,589.121867,590.623367,1.5015000000000782,,,hard_brake,mitra_t8,data\raw\mitra\Data_T8\T8_DAll.csv,1605.0,-19.172325000000004
6150,1,586.552633,587.2867,0.7340669999999818,,,hard_brake,mitra_t8,data\raw\mitra\Data_T8\T8_DAll.csv,1606.0,-7.688
6151,1,592.458533,593.2927,0.8341669999999795,,,hard_brake,mitra_t8,data\raw\mitra\Data_T8\T8_DAll.csv,1607.0,-11.4303625
6152,2,591.157233,591.958033,0.8007999999999811,,,hard_brake,mitra_t8,data\raw\mitra\Data_T8\T8_DAll.csv,1608.0,-9.527287500000002
6153,21,654.8542,655.321333,0.4671329999999898,,,hard_brake,mitra_t8,data\raw\mitra\Data_T8\T8_DAll.csv,1611.0,-6.623500000000001
6154,3,603.669733,604.637367,0.9676340000000891,,,hard_brake,mitra_t8,data\raw\mitra\Data_T8\T8_DAll.csv,1612.0,-31.508762500000003
6155,1,595.461533,596.462533,1.0009999999999764,,,hard_brake,mitra_t8,data\raw\mitra\Data_T8\T8_DAll.csv,1615.0,-7.17792
6156,1,597.2967,598.464533,1.1678329999999733,,,hard_brake,mitra_t8,data\raw\mitra\Data_T8\T8_DAll.csv,1619.0,-8.306773333333332
6157,3,609.2086,609.976033,0.7674329999999827,,,hard_brake,mitra_t8,data\raw\mitra\Data_T8\T8_DAll.csv,1620.0,-27.145049999999998
6158,3,597.063133,597.7972,0.7340669999999818,,,hard_brake,mitra_t8,data\raw\mitra\Data_T8\T8_DAll.csv,1623.0,-14.8405
6159,1,603.0024,604.3037,1.301300000000083,,,hard_brake,mitra_t8,data\raw\mitra\Data_T8\T8_DAll.csv,1624.0,-13.49326
6160,2,574.8743,575.575,0.7007000000000971,,,hard_brake,mitra_t8,data\raw\mitra\Data_T8\T8_DAll.csv,1626.0,-6.13884
6161,2,601.2006,601.968033,0.7674329999999827,,,hard_brake,mitra_t8,data\raw\mitra\Data_T8\T8_DAll.csv,1626.0,-8.5833
6162,2,541.8413,542.4419,0.6005999999999858,,,hard_brake,mitra_t8,data\raw\mitra\Data_T8\T8_DAll.csv,1627.0,-5.191146666666667
6163,2,600.566633,601.467533,0.9008999999999787,,,hard_brake,mitra_t8,data\raw\mitra\Data_T8\T8_DAll.csv,1627.0,-15.6730375
6164,1,567.199967,567.934033,0.7340659999999843,,,hard_brake,mitra_t8,data\raw\mitra\Data_T8\T8_DAll.csv,1630.0,-4.84383
6165,2,605.605,606.3057,0.7006999999999834,,,hard_brake,mitra_t8,data\raw\mitra\Data_T8\T8_DAll.csv,1635.0,-10.8221125
6166,3,598.130867,598.965033,0.834165999999982,,,hard_brake,mitra_t8,data\raw\mitra\Data_T8\T8_DAll.csv,1636.0,-9.1841125
6167,3,604.837567,605.471533,0.6339659999999867,,,hard_brake,mitra_t8,data\raw\mitra\Data_T8\T8_DAll.csv,1639.0,-7.242975
6168,11,558.524633,559.0585,0.5338669999999865,,,hard_brake,mitra_t8,data\raw\mitra\Data_T8\T8_DAll.csv,1645.0,-6.648366666666666
6169,2,568.634733,569.2687,0.6339669999999842,,,hard_brake,mitra_t8,data\raw\mitra\Data_T8\T8_DAll.csv,1645.0,-7.433787499999999
6170,3,614.180233,614.8142,0.6339669999999842,,,hard_brake,mitra_t8,data\raw\mitra\Data_T8\T8_DAll.csv,1646.0,-5.462549999999999
6171,2,607.8072,608.641367,0.8341669999999795,,,hard_brake,mitra_t8,data\raw\mitra\Data_T8\T8_DAll.csv,1648.0,-29.180912499999998
6172,2,602.668733,603.5029,0.8341669999999795,,,hard_brake,mitra_t8,data\raw\mitra\Data_T8\T8_DAll.csv,1651.0,-6.4799066666666665
6173,2,596.2957,597.129867,0.8341669999999795,,,hard_brake,mitra_t8,data\raw\mitra\Data_T8\T8_DAll.csv,1653.0,-15.109225
6174,1,613.980033,615.348067,1.368033999999966,,,hard_brake,mitra_t8,data\raw\mitra\Data_T8\T8_DAll.csv,1654.0,-9.809333333333333
6175,1,577.410167,578.311067,0.9008999999999787,,,hard_brake,mitra_t8,data\raw\mitra\Data_T8\T8_DAll.csv,1655.0,-5.5907
6176,2,615.681733,616.649367,0.9676339999999755,,,hard_brake,mitra_t8,data\raw\mitra\Data_T8\T8_DAll.csv,1658.0,-17.5220875
6177,1,606.639367,607.473533,0.834165999999982,,,hard_brake,mitra_t8,data\raw\mitra\Data_T8\T8_DAll.csv,1659.0,-18.7376875
6178,1,617.683733,618.651367,0.9676340000000891,,,hard_brake,mitra_t8,data\raw\mitra\Data_T8\T8_DAll.csv,1661.0,-12.650687499999998
6179,2,618.651367,619.485533,0.834165999999982,,,hard_brake,mitra_t8,data\raw\mitra\Data_T8\T8_DAll.csv,1662.0,-11.2966375
6180,3,618.250967,619.151867,0.9009000000000924,,,hard_brake,mitra_t8,data\raw\mitra\Data_T8\T8_DAll.csv,1663.0,-19.233275
6181,2,617.683733,618.484533,0.8008000000000948,,,hard_brake,mitra_t8,data\raw\mitra\Data_T8\T8_DAll.csv,1664.0,-6.481862499999999
6182,2,606.572633,607.473533,0.9008999999999787,,,hard_brake,mitra_t8,data\raw\mitra\Data_T8\T8_DAll.csv,1667.0,-22.267275
6183,1,630.096133,631.063767,0.9676339999999755,,,hard_brake,mitra_t8,data\raw\mitra\Data_T8\T8_DAll.csv,1669.0,-8.033573333333333
6184,2,619.852567,620.653367,0.8007999999999811,,,hard_brake,mitra_t8,data\raw\mitra\Data_T8\T8_DAll.csv,1670.0,-14.4471375
6185,3,626.1255,626.659367,0.5338669999999865,,,hard_brake,mitra_t8,data\raw\mitra\Data_T8\T8_DAll.csv,1671.0,-8.3218125
6186,1,619.619,620.486533,0.8675329999999803,,,hard_brake,mitra_t8,data\raw\mitra\Data_T8\T8_DAll.csv,1673.0,-12.532987499999999
6187,3,627.259967,627.994033,0.7340659999999843,,,hard_brake,mitra_t8,data\raw\mitra\Data_T8\T8_DAll.csv,1674.0,-17.705125000000002
6188,1,634.400433,635.3347,0.9342669999999771,,,hard_brake,mitra_t8,data\raw\mitra\Data_T8\T8_DAll.csv,1676.0,-9.3404125
6189,2,620.853567,621.654367,0.8007999999999811,,,hard_brake,mitra_t8,data\raw\mitra\Data_T8\T8_DAll.csv,1678.0,-16.071425
6190,3,622.9223,623.8232,0.9009000000000924,,,hard_brake,mitra_t8,data\raw\mitra\Data_T8\T8_DAll.csv,1680.0,-5.125062499999999
6191,3,579.011767,579.6791,0.6673329999999851,,,hard_brake,mitra_t8,data\raw\mitra\Data_T8\T8_DAll.csv,1681.0,-6.868586666666667
6192,3,628.594633,629.8292,1.23456699999997,,,hard_brake,mitra_t8,data\raw\mitra\Data_T8\T8_DAll.csv,1681.0,-9.9944875
6193,1,635.635,636.3357,0.7006999999999834,,,hard_brake,mitra_t8,data\raw\mitra\Data_T8\T8_DAll.csv,1683.0,-5.686986666666667
6194,2,625.8252,626.492533,0.6673329999999851,,,hard_brake,mitra_t8,data\raw\mitra\Data_T8\T8_DAll.csv,1685.0,-8.02305
6195,0,576.509267,577.043133,0.5338659999999891,,,hard_brake,mitra_t8,data\raw\mitra\Data_T8\T8_DAll.csv,1686.0,-6.063506666666666
6196,3,635.568267,636.502533,0.9342659999999796,,,hard_brake,mitra_t8,data\raw\mitra\Data_T8\T8_DAll.csv,1687.0,-15.0912125
6197,1,637.1365,638.004033,0.867533000000094,,,hard_brake,mitra_t8,data\raw\mitra\Data_T8\T8_DAll.csv,1688.0,-28.233200000000004
6198,2,622.9223,624.490533,1.5682330000000775,,,hard_brake,mitra_t8,data\raw\mitra\Data_T8\T8_DAll.csv,1689.0,-10.460962499999999
6199,1,594.2937,594.961033,0.6673330000000988,,,hard_brake,mitra_t8,data\raw\mitra\Data_T8\T8_DAll.csv,1690.0,-7.732275
6200,21,613.7131,614.280333,0.5672329999999874,,,hard_brake,mitra_t8,data\raw\mitra\Data_T8\T8_DAll.csv,1691.0,-6.458775
6201,3,630.896933,631.8312,0.9342669999999771,,,hard_brake,mitra_t8,data\raw\mitra\Data_T8\T8_DAll.csv,1692.0,-32.3455125
6202,2,636.002033,637.003033,1.0009999999999764,,,hard_brake,mitra_t8,data\raw\mitra\Data_T8\T8_DAll.csv,1694.0,-17.7155875
6203,3,637.703733,638.671367,0.9676339999999755,,,hard_brake,mitra_t8,data\raw\mitra\Data_T8\T8_DAll.csv,1697.0,-28.848612499999998
6204,3,639.0384,639.705733,0.6673329999999851,,,hard_brake,mitra_t8,data\raw\mitra\Data_T8\T8_DAll.csv,1699.0,-5.45326
6205,2,618.951667,619.785833,0.834165999999982,,,hard_brake,mitra_t8,data\raw\mitra\Data_T8\T8_DAll.csv,1700.0,-9.25932
6206,1,637.970667,639.505533,1.5348659999999654,,,hard_brake,mitra_t8,data\raw\mitra\Data_T8\T8_DAll.csv,1701.0,-8.82496
6207,2,626.9263,627.8272,0.9008999999999787,,,hard_brake,mitra_t8,data\raw\mitra\Data_T8\T8_DAll.csv,1704.0,-29.135287500000004
6208,7,743.275867,744.477067,1.2012000000000853,,,hard_brake,mitra_t8,data\raw\mitra\Data_T8\T8_DAll.csv,1705.0,-5.542420000000001
6209,2,634.9343,635.8352,0.9008999999999787,,,hard_brake,mitra_t8,data\raw\mitra\Data_T8\T8_DAll.csv,1706.0,-6.984522222222223
6210,3,642.642,643.676367,1.0343669999999747,,,hard_brake,mitra_t8,data\raw\mitra\Data_T8\T8_DAll.csv,1707.0,-22.6711875
6211,1,609.442167,610.142867,0.7006999999999834,,,hard_brake,mitra_t8,data\raw\mitra\Data_T8\T8_DAll.csv,1710.0,-10.1047875
6212,3,644.910933,645.711733,0.8007999999999811,,,hard_brake,mitra_t8,data\raw\mitra\Data_T8\T8_DAll.csv,1713.0,-4.769313333333333
6213,2,610.643367,611.477533,0.834165999999982,,,hard_brake,mitra_t8,data\raw\mitra\Data_T8\T8_DAll.csv,1715.0,-16.498862499999998
6214,2,642.308333,643.175867,0.8675340000000915,,,hard_brake,mitra_t8,data\raw\mitra\Data_T8\T8_DAll.csv,1716.0,-10.06635
6215,2,648.581267,649.515533,0.9342659999999796,,,hard_brake,mitra_t8,data\raw\mitra\Data_T8\T8_DAll.csv,1719.0,-9.777212500000001
6216,3,646.212233,647.013033,0.8007999999999811,,,hard_brake,mitra_t8,data\raw\mitra\Data_T8\T8_DAll.csv,1721.0,-6.33345
6217,1,612.178233,612.979033,0.8007999999999811,,,hard_brake,mitra_t8,data\raw\mitra\Data_T8\T8_DAll.csv,1724.0,-16.780437499999998
6218,2,645.8452,646.512533,0.6673329999999851,,,hard_brake,mitra_t8,data\raw\mitra\Data_T8\T8_DAll.csv,1725.0,-4.916713333333334
6219,1,643.376067,644.3437,0.967632999999978,,,hard_brake,mitra_t8,data\raw\mitra\Data_T8\T8_DAll.csv,1727.0,-24.610225000000003
6220,2,655.688367,656.3557,0.6673329999999851,,,hard_brake,mitra_t8,data\raw\mitra\Data_T8\T8_DAll.csv,1728.0,-10.090024999999999
6221,3,647.613633,648.514533,0.9008999999999787,,,hard_brake,mitra_t8,data\raw\mitra\Data_T8\T8_DAll.csv,1729.0,-15.1479875
6222,1,644.5439,645.511533,0.967632999999978,,,hard_brake,mitra_t8,data\raw\mitra\Data_T8\T8_DAll.csv,1730.0,-20.13855
6223,3,648.8482,650.182867,1.3346669999999676,,,hard_brake,mitra_t8,data\raw\mitra\Data_T8\T8_DAll.csv,1731.0,-8.672859999999998
6224,21,640.272967,640.973667,0.7006999999999834,,,hard_brake,mitra_t8,data\raw\mitra\Data_T8\T8_DAll.csv,1734.0,-8.7978875
6225,21,621.654367,622.1215,0.4671329999999898,,,hard_brake,mitra_t8,data\raw\mitra\Data_T8\T8_DAll.csv,1735.0,-6.8683749999999995
6226,3,651.083767,652.018033,0.9342659999999796,,,hard_brake,mitra_t8,data\raw\mitra\Data_T8\T8_DAll.csv,1738.0,-10.6587125
6227,2,659.091767,660.693367,1.6015999999999622,,,hard_brake,mitra_t8,data\raw\mitra\Data_T8\T8_DAll.csv,1739.0,-9.331033333333332
6228,7,601.968033,602.535267,0.5672339999999849,,,hard_brake,mitra_t8,data\raw\mitra\Data_T8\T8_DAll.csv,1741.0,-4.754793333333334
6229,3,655.388067,656.522533,1.1344659999999749,,,hard_brake,mitra_t8,data\raw\mitra\Data_T8\T8_DAll.csv,1743.0,-16.076874999999998
6230,1,651.817833,653.719733,1.9019000000000688,,,hard_brake,mitra_t8,data\raw\mitra\Data_T8\T8_DAll.csv,1744.0,-7.422266666666667
6231,3,656.422433,657.690367,1.267934000000082,,,hard_brake,mitra_t8,data\raw\mitra\Data_T8\T8_DAll.csv,1746.0,-10.983937500000001
6232,2,666.2656,666.8662,0.6006000000000995,,,hard_brake,mitra_t8,data\raw\mitra\Data_T8\T8_DAll.csv,1749.0,-8.6878375
6233,1,665.197867,665.8652,0.6673329999999851,,,hard_brake,mitra_t8,data\raw\mitra\Data_T8\T8_DAll.csv,1751.0,-5.9975125
6234,3,659.125133,659.925933,0.8007999999999811,,,hard_brake,mitra_t8,data\raw\mitra\Data_T8\T8_DAll.csv,1753.0,-4.281313333333333
6235,2,658.424433,659.191867,0.7674339999999802,,,hard_brake,mitra_t8,data\raw\mitra\Data_T8\T8_DAll.csv,1754.0,-17.673225
6236,2,669.8692,670.703367,0.8341669999999795,,,hard_brake,mitra_t8,data\raw\mitra\Data_T8\T8_DAll.csv,1758.0,-9.682287500000001
6237,3,652.7521,653.686367,0.9342669999999771,,,hard_brake,mitra_t8,data\raw\mitra\Data_T8\T8_DAll.csv,1760.0,-20.674274999999998
6238,7,750.382967,751.1504,0.7674329999999827,,,hard_brake,mitra_t8,data\raw\mitra\Data_T8\T8_DAll.csv,1761.0,-6.2236199999999995
6239,1,631.664367,632.498533,0.834165999999982,,,hard_brake,mitra_t8,data\raw\mitra\Data_T8\T8_DAll.csv,1762.0,-18.532162500000002
6240,2,672.938933,673.706367,0.7674339999999802,,,hard_brake,mitra_t8,data\raw\mitra\Data_T8\T8_DAll.csv,1763.0,-13.1780875
6241,2,667.133133,668.034033,0.9008999999999787,,,hard_brake,mitra_t8,data\raw\mitra\Data_T8\T8_DAll.csv,1764.0,-15.366
6242,3,660.1595,660.66,0.5004999999999882,,,hard_brake,mitra_t8,data\raw\mitra\Data_T8\T8_DAll.csv,1766.0,-4.2141
6243,1,660.526533,661.8612,1.3346670000000813,,,hard_brake,mitra_t8,data\raw\mitra\Data_T8\T8_DAll.csv,1767.0,-9.235913333333334
6244,1,662.1615,663.3627,1.2011999999999716,,,hard_brake,mitra_t8,data\raw\mitra\Data_T8\T8_DAll.csv,1768.0,-5.5502199999999995
6245,2,680.2796,680.8802,0.6005999999999858,,,hard_brake,mitra_t8,data\raw\mitra\Data_T8\T8_DAll.csv,1769.0,-5.990449999999999
6246,3,660.726733,661.293967,0.5672339999999849,,,hard_brake,mitra_t8,data\raw\mitra\Data_T8\T8_DAll.csv,1772.0,-4.294020000000001
6247,1,680.446433,681.847833,1.4014000000000806,,,hard_brake,mitra_t8,data\raw\mitra\Data_T8\T8_DAll.csv,1773.0,-5.85352
6248,3,609.241967,610.0094,0.7674329999999827,,,hard_brake,mitra_t8,data\raw\mitra\Data_T8\T8_DAll.csv,1776.0,-5.365939999999999
6249,3,663.429433,664.664,1.23456699999997,,,hard_brake,mitra_t8,data\raw\mitra\Data_T8\T8_DAll.csv,1776.0,-4.43708
6250,2,683.115767,684.050033,0.9342659999999796,,,hard_brake,mitra_t8,data\raw\mitra\Data_T8\T8_DAll.csv,1779.0,-11.988349999999999
6251,3,699.031667,699.732367,0.7006999999999834,,,hard_brake,mitra_t8,data\raw\mitra\Data_T8\T8_DAll.csv,1782.0,-7.650075
6252,1,663.7631,664.697367,0.9342669999999771,,,hard_brake,mitra_t8,data\raw\mitra\Data_T8\T8_DAll.csv,1784.0,-19.4435875
6253,3,689.021667,690.022667,1.0009999999999764,,,hard_brake,mitra_t8,data\raw\mitra\Data_T8\T8_DAll.csv,1787.0,-6.16882
6254,3,658.691367,659.2586,0.5672329999999874,,,hard_brake,mitra_t8,data\raw\mitra\Data_T8\T8_DAll.csv,1789.0,-6.27794
6255,3,690.923567,691.8912,0.967632999999978,,,hard_brake,mitra_t8,data\raw\mitra\Data_T8\T8_DAll.csv,1789.0,-5.823433333333333
6256,7,931.597333,932.4315,0.8341669999999795,,,hard_brake,mitra_t8,data\raw\mitra\Data_T8\T8_DAll.csv,1791.0,-15.390837499999998
6257,3,695.7951,696.562533,0.7674329999999827,,,hard_brake,mitra_t8,data\raw\mitra\Data_T8\T8_DAll.csv,1793.0,-10.795837500000001
6258,7,867.933733,868.5677,0.6339669999999842,,,hard_brake,mitra_t8,data\raw\mitra\Data_T8\T8_DAll.csv,1798.0,-6.074520000000001
6259,3,701.634267,702.568533,0.9342659999999796,,,hard_brake,mitra_t8,data\raw\mitra\Data_T8\T8_DAll.csv,1799.0,-5.52106
6260,1,667.333333,668.534533,1.2011999999999716,,,hard_brake,mitra_t8,data\raw\mitra\Data_T8\T8_DAll.csv,1800.0,-8.9126625
6261,3,704.036667,704.704,0.6673329999999851,,,hard_brake,mitra_t8,data\raw\mitra\Data_T8\T8_DAll.csv,1801.0,-5.107453333333334
6262,1,675.5749,676.542533,0.9676330000000917,,,hard_brake,mitra_t8,data\raw\mitra\Data_T8\T8_DAll.csv,1802.0,-9.126312500000001
6263,1,649.3487,650.3497,1.0009999999999764,,,hard_brake,mitra_t8,data\raw\mitra\Data_T8\T8_DAll.csv,1806.0,-9.4011875
6264,3,706.1054,706.9062,0.8007999999999811,,,hard_brake,mitra_t8,data\raw\mitra\Data_T8\T8_DAll.csv,1807.0,-7.0761875
6265,3,708.3076,709.075033,0.7674329999999827,,,hard_brake,mitra_t8,data\raw\mitra\Data_T8\T8_DAll.csv,1809.0,-7.098725
6266,3,711.444067,712.244867,0.8007999999999811,,,hard_brake,mitra_t8,data\raw\mitra\Data_T8\T8_DAll.csv,1810.0,-7.3238875
6267,3,678.2776,679.1785,0.9008999999999787,,,hard_brake,mitra_t8,data\raw\mitra\Data_T8\T8_DAll.csv,1811.0,-4.445986666666666
6268,3,713.746367,714.4137,0.6673329999999851,,,hard_brake,mitra_t8,data\raw\mitra\Data_T8\T8_DAll.csv,1811.0,-9.773462499999999
6269,1,678.1775,679.211867,1.0343669999999747,,,hard_brake,mitra_t8,data\raw\mitra\Data_T8\T8_DAll.csv,1813.0,-7.170886666666666
6270,3,715.448067,716.248867,0.8007999999999811,,,hard_brake,mitra_t8,data\raw\mitra\Data_T8\T8_DAll.csv,1816.0,-9.68165
6271,1,687.0864,688.3877,1.3012999999999693,,,hard_brake,mitra_t8,data\raw\mitra\Data_T8\T8_DAll.csv,1819.0,-6.5477533333333335
6272,3,717.383333,718.084033,0.7006999999999834,,,hard_brake,mitra_t8,data\raw\mitra\Data_T8\T8_DAll.csv,1821.0,-13.214550000000001
6273,2,689.922567,690.8902,0.9676330000000917,,,hard_brake,mitra_t8,data\raw\mitra\Data_T8\T8_DAll.csv,1824.0,-11.984662499999999
6274,1,698.631267,699.2986,0.6673329999999851,,,hard_brake,mitra_t8,data\raw\mitra\Data_T8\T8_DAll.csv,1825.0,-4.8820533333333325
6275,3,720.252867,721.087033,0.834165999999982,,,hard_brake,mitra_t8,data\raw\mitra\Data_T8\T8_DAll.csv,1826.0,-12.6140625
6276,3,721.787733,722.588533,0.8007999999999811,,,hard_brake,mitra_t8,data\raw\mitra\Data_T8\T8_DAll.csv,1827.0,-10.829450000000001
6277,3,723.289233,724.090033,0.8007999999999811,,,hard_brake,mitra_t8,data\raw\mitra\Data_T8\T8_DAll.csv,1831.0,-14.9017125
6278,2,693.225867,694.226867,1.0009999999999764,,,hard_brake,mitra_t8,data\raw\mitra\Data_T8\T8_DAll.csv,1832.0,-7.3427500000000006
6279,1,704.3036,704.9042,0.6005999999999858,,,hard_brake,mitra_t8,data\raw\mitra\Data_T8\T8_DAll.csv,1833.0,-5.7242
6280,2,695.695,696.562533,0.8675329999999803,,,hard_brake,mitra_t8,data\raw\mitra\Data_T8\T8_DAll.csv,1835.0,-19.237550000000002
6281,2,701.734367,702.568533,0.834165999999982,,,hard_brake,mitra_t8,data\raw\mitra\Data_T8\T8_DAll.csv,1836.0,-13.00685
6282,3,727.593533,728.4277,0.8341669999999795,,,hard_brake,mitra_t8,data\raw\mitra\Data_T8\T8_DAll.csv,1837.0,-10.274312499999999
6283,1,710.776733,711.744367,0.9676339999999755,,,hard_brake,mitra_t8,data\raw\mitra\Data_T8\T8_DAll.csv,1838.0,-7.2353250000000005
6284,3,729.962567,730.763367,0.8007999999999811,,,hard_brake,mitra_t8,data\raw\mitra\Data_T8\T8_DAll.csv,1839.0,-6.0432875
6285,1,708.6079,709.075033,0.4671329999999898,,,hard_brake,mitra_t8,data\raw\mitra\Data_T8\T8_DAll.csv,1844.0,-4.6772375
6286,3,733.566167,734.266867,0.7007000000000971,,,hard_brake,mitra_t8,data\raw\mitra\Data_T8\T8_DAll.csv,1846.0,-4.448822222222223
6287,1,672.638633,673.539533,0.9008999999999787,,,hard_brake,mitra_t8,data\raw\mitra\Data_T8\T8_DAll.csv,1851.0,-9.345400000000001
6288,2,711.844467,712.4117,0.5672329999999874,,,hard_brake,mitra_t8,data\raw\mitra\Data_T8\T8_DAll.csv,1853.0,-5.681575
6289,3,735.501433,736.068667,0.5672339999999849,,,hard_brake,mitra_t8,data\raw\mitra\Data_T8\T8_DAll.csv,1859.0,-4.37034
6290,1,713.6129,714.246867,0.6339669999999842,,,hard_brake,mitra_t8,data\raw\mitra\Data_T8\T8_DAll.csv,1861.0,-7.867912499999999
6291,2,714.447067,716.082033,1.6349660000000767,,,hard_brake,mitra_t8,data\raw\mitra\Data_T8\T8_DAll.csv,1863.0,-8.186626666666667
6292,2,717.550167,718.4177,0.8675329999999803,,,hard_brake,mitra_t8,data\raw\mitra\Data_T8\T8_DAll.csv,1867.0,-6.019886666666666
6293,1,684.350333,685.418067,1.067733999999973,,,hard_brake,mitra_t8,data\raw\mitra\Data_T8\T8_DAll.csv,1868.0,-8.022846666666668
6294,2,725.391333,726.092033,0.7006999999999834,,,hard_brake,mitra_t8,data\raw\mitra\Data_T8\T8_DAll.csv,1872.0,-14.809337499999998
6295,1,715.147767,715.781733,0.6339659999999867,,,hard_brake,mitra_t8,data\raw\mitra\Data_T8\T8_DAll.csv,1874.0,-4.71628
6296,1,690.556533,691.424067,0.8675340000000915,,,hard_brake,mitra_t8,data\raw\mitra\Data_T8\T8_DAll.csv,1875.0,-5.138419999999999
6297,1,717.883833,718.584533,0.7006999999999834,,,hard_brake,mitra_t8,data\raw\mitra\Data_T8\T8_DAll.csv,1878.0,-6.875525
6298,2,728.1274,728.9282,0.8007999999999811,,,hard_brake,mitra_t8,data\raw\mitra\Data_T8\T8_DAll.csv,1884.0,-7.600600000000001
6299,3,661.2606,662.028033,0.7674330000000964,,,hard_brake,mitra_t8,data\raw\mitra\Data_T8\T8_DAll.csv,1886.0,-4.5482933333333335
6300,3,692.024667,692.525167,0.5004999999999882,,,hard_brake,mitra_t8,data\raw\mitra\Data_T8\T8_DAll.csv,1886.0,-5.3986600000000005
6301,0,679.3787,680.246233,0.8675329999999803,,,hard_brake,mitra_t8,data\raw\mitra\Data_T8\T8_DAll.csv,1887.0,-7.308746666666667
6302,2,731.4307,732.398333,0.967632999999978,,,hard_brake,mitra_t8,data\raw\mitra\Data_T8\T8_DAll.csv,1888.0,-5.440533333333333
6303,1,731.4307,732.098033,0.6673329999999851,,,hard_brake,mitra_t8,data\raw\mitra\Data_T8\T8_DAll.csv,1891.0,-5.928875
6304,2,733.4327,734.4337,1.00100000000009,,,hard_brake,mitra_t8,data\raw\mitra\Data_T8\T8_DAll.csv,1892.0,-6.768153333333333
6305,2,734.800733,735.768367,0.9676339999999755,,,hard_brake,mitra_t8,data\raw\mitra\Data_T8\T8_DAll.csv,1893.0,-10.353225000000002
6306,3,707.773733,708.3076,0.5338669999999865,,,hard_brake,mitra_t8,data\raw\mitra\Data_T8\T8_DAll.csv,1894.0,-4.265793333333333
6307,3,747.980567,748.481067,0.5005000000001019,,,hard_brake,mitra_t8,data\raw\mitra\Data_T8\T8_DAll.csv,1894.0,-4.19444
6308,1,693.826467,694.8942,1.0677329999999756,,,hard_brake,mitra_t8,data\raw\mitra\Data_T8\T8_DAll.csv,1896.0,-11.103762499999998
6309,2,737.670267,738.4377,0.7674329999999827,,,hard_brake,mitra_t8,data\raw\mitra\Data_T8\T8_DAll.csv,1899.0,-12.958974999999999
6310,2,743.175767,744.110033,0.9342660000000933,,,hard_brake,mitra_t8,data\raw\mitra\Data_T8\T8_DAll.csv,1900.0,-12.031537500000002
6311,3,755.488067,756.0553,0.5672329999999874,,,hard_brake,mitra_t8,data\raw\mitra\Data_T8\T8_DAll.csv,1902.0,-4.904286666666667
6312,3,759.125033,760.126033,1.0009999999999764,,,hard_brake,mitra_t8,data\raw\mitra\Data_T8\T8_DAll.csv,1905.0,-5.727
6313,2,745.277867,745.9452,0.6673329999999851,,,hard_brake,mitra_t8,data\raw\mitra\Data_T8\T8_DAll.csv,1906.0,-7.8482875000000005
6314,3,753.686267,754.186767,0.5004999999999882,,,hard_brake,mitra_t8,data\raw\mitra\Data_T8\T8_DAll.csv,1907.0,-4.775540000000001
6315,3,749.181767,749.9492,0.7674329999999827,,,hard_brake,mitra_t8,data\raw\mitra\Data_T8\T8_DAll.csv,1911.0,-18.158775000000002
6316,2,747.4467,748.280867,0.8341669999999795,,,hard_brake,mitra_t8,data\raw\mitra\Data_T8\T8_DAll.csv,1912.0,-10.8375875
6317,3,762.228133,762.9622,0.7340670000000955,,,hard_brake,mitra_t8,data\raw\mitra\Data_T8\T8_DAll.csv,1913.0,-9.3727625
6318,1,706.372333,707.073033,0.7006999999999834,,,hard_brake,mitra_t8,data\raw\mitra\Data_T8\T8_DAll.csv,1914.0,-7.774862499999999
6319,3,768.4677,769.135033,0.6673329999999851,,,hard_brake,mitra_t8,data\raw\mitra\Data_T8\T8_DAll.csv,1916.0,-4.289553333333333
6320,2,750.182767,751.4507,1.2679329999999709,,,hard_brake,mitra_t8,data\raw\mitra\Data_T8\T8_DAll.csv,1918.0,-7.774653333333333
6321,3,771.5708,772.805367,1.2345670000000837,,,hard_brake,mitra_t8,data\raw\mitra\Data_T8\T8_DAll.csv,1922.0,-7.793006666666667
6322,3,769.835733,770.636533,0.8007999999999811,,,hard_brake,mitra_t8,data\raw\mitra\Data_T8\T8_DAll.csv,1924.0,-12.880725
6323,3,700.1995,701.033667,0.8341670000000931,,,hard_brake,mitra_t8,data\raw\mitra\Data_T8\T8_DAll.csv,1925.0,-7.290953333333333
6324,1,721.1204,721.9212,0.8007999999999811,,,hard_brake,mitra_t8,data\raw\mitra\Data_T8\T8_DAll.csv,1926.0,-6.8701125
6325,2,752.218133,752.9522,0.7340669999999818,,,hard_brake,mitra_t8,data\raw\mitra\Data_T8\T8_DAll.csv,1927.0,-8.709687500000001
6326,2,754.8541,755.9552,1.101099999999974,,,hard_brake,mitra_t8,data\raw\mitra\Data_T8\T8_DAll.csv,1928.0,-6.521593333333333
6327,2,753.018933,753.786367,0.7674340000000939,,,hard_brake,mitra_t8,data\raw\mitra\Data_T8\T8_DAll.csv,1929.0,-4.626006666666667
6328,2,760.926833,761.794367,0.8675339999999778,,,hard_brake,mitra_t8,data\raw\mitra\Data_T8\T8_DAll.csv,1934.0,-16.783137500000002
6329,3,775.141033,775.9752,0.8341669999999795,,,hard_brake,mitra_t8,data\raw\mitra\Data_T8\T8_DAll.csv,1935.0,-14.016237499999999
6330,7,702.4017,703.4027,1.0009999999999764,,,hard_brake,mitra_t8,data\raw\mitra\Data_T8\T8_DAll.csv,1938.0,-5.752093333333334
6331,2,723.556167,724.256867,0.7007000000000971,,,hard_brake,mitra_t8,data\raw\mitra\Data_T8\T8_DAll.csv,1939.0,-13.933325
6332,3,774.1734,774.9742,0.8007999999999811,,,hard_brake,mitra_t8,data\raw\mitra\Data_T8\T8_DAll.csv,1940.0,-11.7918875
6333,2,729.895833,730.596533,0.7006999999999834,,,hard_brake,mitra_t8,data\raw\mitra\Data_T8\T8_DAll.csv,1941.0,-9.498125
6334,1,757.923833,759.4587,1.5348670000000766,,,hard_brake,mitra_t8,data\raw\mitra\Data_T8\T8_DAll.csv,1942.0,-7.704453333333333
6335,3,777.009567,777.9772,0.9676330000000917,,,hard_brake,mitra_t8,data\raw\mitra\Data_T8\T8_DAll.csv,1943.0,-27.019062500000004
6336,1,735.968567,736.4357,0.4671329999999898,,,hard_brake,mitra_t8,data\raw\mitra\Data_T8\T8_DAll.csv,1951.0,-6.152175
6337,7,696.028667,696.662633,0.6339659999999867,,,hard_brake,mitra_t8,data\raw\mitra\Data_T8\T8_DAll.csv,1952.0,-5.760253333333334
6338,7,698.364333,698.9983,0.6339669999999842,,,hard_brake,mitra_t8,data\raw\mitra\Data_T8\T8_DAll.csv,1952.0,-5.80246
6339,1,764.530433,766.2655,1.7350669999999582,,,hard_brake,mitra_t8,data\raw\mitra\Data_T8\T8_DAll.csv,1954.0,-7.704166666666667
6340,2,774.5738,775.4747,0.9008999999999787,,,hard_brake,mitra_t8,data\raw\mitra\Data_T8\T8_DAll.csv,1957.0,-13.1632625
6341,3,779.712267,780.4797,0.7674329999999827,,,hard_brake,mitra_t8,data\raw\mitra\Data_T8\T8_DAll.csv,1959.0,-11.442537499999998
6342,0,715.848467,716.949567,1.101099999999974,,,hard_brake,mitra_t8,data\raw\mitra\Data_T8\T8_DAll.csv,1961.0,-6.363706666666667
6343,1,774.5738,775.307867,0.7340669999999818,,,hard_brake,mitra_t8,data\raw\mitra\Data_T8\T8_DAll.csv,1966.0,-10.148249999999999
6344,2,772.104667,772.9722,0.867533000000094,,,hard_brake,mitra_t8,data\raw\mitra\Data_T8\T8_DAll.csv,1967.0,-10.657087500000001
6345,3,776.008567,776.809367,0.8007999999999811,,,hard_brake,mitra_t8,data\raw\mitra\Data_T8\T8_DAll.csv,1968.0,-11.5224875
6346,3,786.1854,786.9862,0.8008000000000948,,,hard_brake,mitra_t8,data\raw\mitra\Data_T8\T8_DAll.csv,1969.0,-9.247725
6347,3,764.096667,764.9642,0.8675329999999803,,,hard_brake,mitra_t8,data\raw\mitra\Data_T8\T8_DAll.csv,1972.0,-10.408012499999998
6348,2,741.6409,742.608533,0.967632999999978,,,hard_brake,mitra_t8,data\raw\mitra\Data_T8\T8_DAll.csv,1973.0,-10.661525000000001
6349,1,743.5428,744.276867,0.7340669999999818,,,hard_brake,mitra_t8,data\raw\mitra\Data_T8\T8_DAll.csv,1976.0,-6.203275000000001
6350,3,790.79,791.657533,0.8675329999999803,,,hard_brake,mitra_t8,data\raw\mitra\Data_T8\T8_DAll.csv,1977.0,-11.9906875
6351,1,768.000567,768.801367,0.8007999999999811,,,hard_brake,mitra_t8,data\raw\mitra\Data_T8\T8_DAll.csv,1978.0,-7.290587499999999
6352,2,777.810367,778.9782,1.1678329999999733,,,hard_brake,mitra_t8,data\raw\mitra\Data_T8\T8_DAll.csv,1980.0,-9.648506666666666
6353,1,776.0753,776.609167,0.5338669999999865,,,hard_brake,mitra_t8,data\raw\mitra\Data_T8\T8_DAll.csv,1981.0,-4.752973333333333
6354,1,772.2715,773.139033,0.867533000000094,,,hard_brake,mitra_t8,data\raw\mitra\Data_T8\T8_DAll.csv,1983.0,-20.4774375
6355,3,791.857733,792.658533,0.8007999999999811,,,hard_brake,mitra_t8,data\raw\mitra\Data_T8\T8_DAll.csv,1984.0,-17.456425
6356,2,784.817367,785.4847,0.6673329999999851,,,hard_brake,mitra_t8,data\raw\mitra\Data_T8\T8_DAll.csv,1985.0,-11.875575000000001
6357,2,786.552433,787.319867,0.7674340000000939,,,hard_brake,mitra_t8,data\raw\mitra\Data_T8\T8_DAll.csv,1986.0,-18.7079
6358,21,743.2425,743.909833,0.6673330000000988,,,hard_brake,mitra_t8,data\raw\mitra\Data_T8\T8_DAll.csv,1987.0,-5.358344444444445
6359,3,793.526067,794.326867,0.8007999999999811,,,hard_brake,mitra_t8,data\raw\mitra\Data_T8\T8_DAll.csv,1988.0,-10.302375
6360,1,775.441333,776.308867,0.8675339999999778,,,hard_brake,mitra_t8,data\raw\mitra\Data_T8\T8_DAll.csv,1989.0,-5.1564733333333335
6361,1,746.112033,746.712633,0.6005999999999858,,,hard_brake,mitra_t8,data\raw\mitra\Data_T8\T8_DAll.csv,1993.0,-4.840459999999999
6362,3,778.844733,779.812367,0.9676339999999755,,,hard_brake,mitra_t8,data\raw\mitra\Data_T8\T8_DAll.csv,1994.0,-18.199174999999997
6363,2,787.9872,788.821367,0.8341669999999795,,,hard_brake,mitra_t8,data\raw\mitra\Data_T8\T8_DAll.csv,1995.0,-25.128287500000003
6364,2,793.2925,794.160033,0.8675329999999803,,,hard_brake,mitra_t8,data\raw\mitra\Data_T8\T8_DAll.csv,1996.0,-20.389075
6365,2,742.475067,743.2425,0.7674329999999827,,,hard_brake,mitra_t8,data\raw\mitra\Data_T8\T8_DAll.csv,1998.0,-8.11928
6366,2,797.363233,797.830367,0.4671339999999873,,,hard_brake,mitra_t8,data\raw\mitra\Data_T8\T8_DAll.csv,1998.0,-4.4950375000000005
6367,2,789.522067,790.0893,0.5672329999999874,,,hard_brake,mitra_t8,data\raw\mitra\Data_T8\T8_DAll.csv,1999.0,-4.827179999999999
6368,3,795.161033,795.6949,0.5338669999999865,,,hard_brake,mitra_t8,data\raw\mitra\Data_T8\T8_DAll.csv,2000.0,-4.9458400000000005
6369,2,795.461333,796.328867,0.8675339999999778,,,hard_brake,mitra_t8,data\raw\mitra\Data_T8\T8_DAll.csv,2003.0,-19.611487500000003
6370,1,747.413333,748.280867,0.8675339999999778,,,hard_brake,mitra_t8,data\raw\mitra\Data_T8\T8_DAll.csv,2004.0,-19.0709625
6371,21,758.491067,759.2585,0.7674329999999827,,,hard_brake,mitra_t8,data\raw\mitra\Data_T8\T8_DAll.csv,2006.0,-12.4704
6372,1,782.3816,783.9832,1.6015999999999622,,,hard_brake,mitra_t8,data\raw\mitra\Data_T8\T8_DAll.csv,2007.0,-7.3282375
6373,3,803.803,804.670533,0.8675329999999803,,,hard_brake,mitra_t8,data\raw\mitra\Data_T8\T8_DAll.csv,2009.0,-19.675374999999995
6374,2,800.166033,801.0002,0.8341669999999795,,,hard_brake,mitra_t8,data\raw\mitra\Data_T8\T8_DAll.csv,2010.0,-8.9126875
6375,3,798.831367,799.4987,0.6673329999999851,,,hard_brake,mitra_t8,data\raw\mitra\Data_T8\T8_DAll.csv,2014.0,-5.803537500000001
6376,2,802.668533,803.335867,0.6673339999999826,,,hard_brake,mitra_t8,data\raw\mitra\Data_T8\T8_DAll.csv,2015.0,-9.164362500000001
6377,2,792.124667,792.9922,0.8675329999999803,,,hard_brake,mitra_t8,data\raw\mitra\Data_T8\T8_DAll.csv,2017.0,-9.561649999999998
6378,2,804.6038,805.5047,0.9008999999999787,,,hard_brake,mitra_t8,data\raw\mitra\Data_T8\T8_DAll.csv,2020.0,-15.822175000000001
6379,1,752.9522,753.786367,0.8341670000000931,,,hard_brake,mitra_t8,data\raw\mitra\Data_T8\T8_DAll.csv,2021.0,-15.6783625
6380,1,792.258133,792.825367,0.5672339999999849,,,hard_brake,mitra_t8,data\raw\mitra\Data_T8\T8_DAll.csv,2022.0,-5.849600000000001
6381,3,807.640167,808.5077,0.8675329999999803,,,hard_brake,mitra_t8,data\raw\mitra\Data_T8\T8_DAll.csv,2026.0,-9.1490125
6382,11,744.1434,744.810733,0.6673329999999851,,,hard_brake,mitra_t8,data\raw\mitra\Data_T8\T8_DAll.csv,2028.0,-4.520713333333333
6383,2,758.2575,759.125033,0.8675329999999803,,,hard_brake,mitra_t8,data\raw\mitra\Data_T8\T8_DAll.csv,2028.0,-35.4344625
6384,3,811.544067,812.344867,0.8007999999999811,,,hard_brake,mitra_t8,data\raw\mitra\Data_T8\T8_DAll.csv,2029.0,-18.118862500000002
6385,21,769.802367,770.436333,0.6339659999999867,,,hard_brake,mitra_t8,data\raw\mitra\Data_T8\T8_DAll.csv,2031.0,-8.718125
6386,1,796.061933,796.829367,0.7674340000000939,,,hard_brake,mitra_t8,data\raw\mitra\Data_T8\T8_DAll.csv,2032.0,-14.218925
6387,3,815.681533,816.5157,0.8341670000000931,,,hard_brake,mitra_t8,data\raw\mitra\Data_T8\T8_DAll.csv,2033.0,-17.4466375
6388,2,808.1073,809.0082,0.9008999999999787,,,hard_brake,mitra_t8,data\raw\mitra\Data_T8\T8_DAll.csv,2035.0,-9.3918375
6389,1,766.532433,767.4667,0.9342669999999771,,,hard_brake,mitra_t8,data\raw\mitra\Data_T8\T8_DAll.csv,2037.0,-5.84428
6390,1,801.634167,803.0022,1.3680329999999685,,,hard_brake,mitra_t8,data\raw\mitra\Data_T8\T8_DAll.csv,2039.0,-10.447640000000002
6391,1,805.671533,806.672533,1.00100000000009,,,hard_brake,mitra_t8,data\raw\mitra\Data_T8\T8_DAll.csv,2040.0,-6.902253333333333
6392,2,812.178033,813.0122,0.8341669999999795,,,hard_brake,mitra_t8,data\raw\mitra\Data_T8\T8_DAll.csv,2042.0,-21.075062499999998
6393,3,765.631533,766.4657,0.8341669999999795,,,hard_brake,mitra_t8,data\raw\mitra\Data_T8\T8_DAll.csv,2043.0,-22.777299999999997
6394,3,819.1183,820.0192,0.9008999999999787,,,hard_brake,mitra_t8,data\raw\mitra\Data_T8\T8_DAll.csv,2045.0,-15.982887499999999
6395,1,808.274133,809.175033,0.9008999999999787,,,hard_brake,mitra_t8,data\raw\mitra\Data_T8\T8_DAll.csv,2046.0,-15.594225
6396,1,810.643167,811.5107,0.867533000000094,,,hard_brake,mitra_t8,data\raw\mitra\Data_T8\T8_DAll.csv,2053.0,-15.328249999999997
6397,1,814.146667,815.481333,1.3346659999999702,,,hard_brake,mitra_t8,data\raw\mitra\Data_T8\T8_DAll.csv,2055.0,-5.829006666666667
6398,2,770.035933,770.703267,0.6673339999999826,,,hard_brake,mitra_t8,data\raw\mitra\Data_T8\T8_DAll.csv,2056.0,-4.79338
6399,3,820.486333,821.353867,0.8675340000000915,,,hard_brake,mitra_t8,data\raw\mitra\Data_T8\T8_DAll.csv,2057.0,-25.363575000000004
6400,2,819.185033,820.186033,1.0009999999999764,,,hard_brake,mitra_t8,data\raw\mitra\Data_T8\T8_DAll.csv,2058.0,-7.578973333333334
6401,2,772.8721,773.339233,0.4671329999999898,,,hard_brake,mitra_t8,data\raw\mitra\Data_T8\T8_DAll.csv,2060.0,-4.358386666666666
6402,1,778.110667,778.811367,0.7006999999999834,,,hard_brake,mitra_t8,data\raw\mitra\Data_T8\T8_DAll.csv,2061.0,-6.0721875
6403,2,825.858367,826.358867,0.5004999999999882,,,hard_brake,mitra_t8,data\raw\mitra\Data_T8\T8_DAll.csv,2063.0,-4.671753333333332
6404,1,779.111667,779.9792,0.8675329999999803,,,hard_brake,mitra_t8,data\raw\mitra\Data_T8\T8_DAll.csv,2065.0,-5.019286666666668
6405,3,743.743,744.810733,1.0677329999999756,,,hard_brake,mitra_t8,data\raw\mitra\Data_T8\T8_DAll.csv,2066.0,-9.579786666666667
6406,3,823.956467,824.857367,0.9008999999999787,,,hard_brake,mitra_t8,data\raw\mitra\Data_T8\T8_DAll.csv,2066.0,-21.049149999999997
6407,2,829.0282,829.862367,0.8341669999999795,,,hard_brake,mitra_t8,data\raw\mitra\Data_T8\T8_DAll.csv,2068.0,-12.5633875
6408,1,780.813367,781.4807,0.6673329999999851,,,hard_brake,mitra_t8,data\raw\mitra\Data_T8\T8_DAll.csv,2069.0,-4.7420125
6409,3,828.294133,829.195033,0.9008999999999787,,,hard_brake,mitra_t8,data\raw\mitra\Data_T8\T8_DAll.csv,2070.0,-29.535887499999998
6410,3,830.362867,831.363867,1.0009999999999764,,,hard_brake,mitra_t8,data\raw\mitra\Data_T8\T8_DAll.csv,2072.0,-9.014949999999999
6411,3,831.597433,832.364867,0.7674339999999802,,,hard_brake,mitra_t8,data\raw\mitra\Data_T8\T8_DAll.csv,2074.0,-4.9935599999999996
6412,1,817.6168,819.051567,1.4347669999999653,,,hard_brake,mitra_t8,data\raw\mitra\Data_T8\T8_DAll.csv,2077.0,-6.3259533333333335
6413,7,962.227933,962.795167,0.5672339999999849,,,hard_brake,mitra_t8,data\raw\mitra\Data_T8\T8_DAll.csv,2078.0,-7.931125
6414,3,749.582167,750.4497,0.8675329999999803,,,hard_brake,mitra_t8,data\raw\mitra\Data_T8\T8_DAll.csv,2079.0,-10.5772875
6415,3,753.0523,753.886467,0.8341670000000931,,,hard_brake,mitra_t8,data\raw\mitra\Data_T8\T8_DAll.csv,2079.0,-4.36932
6416,1,787.953833,788.954833,1.0009999999999764,,,hard_brake,mitra_t8,data\raw\mitra\Data_T8\T8_DAll.csv,2080.0,-6.236673333333333
6417,1,794.059933,794.827367,0.7674339999999802,,,hard_brake,mitra_t8,data\raw\mitra\Data_T8\T8_DAll.csv,2082.0,-14.5402125
6418,2,833.866367,835.367867,1.5015000000000782,,,hard_brake,mitra_t8,data\raw\mitra\Data_T8\T8_DAll.csv,2083.0,-11.505846666666665
6419,3,844.577067,845.5447,0.967632999999978,,,hard_brake,mitra_t8,data\raw\mitra\Data_T8\T8_DAll.csv,2084.0,-6.76684
6420,1,822.688533,824.056567,1.368033999999966,,,hard_brake,mitra_t8,data\raw\mitra\Data_T8\T8_DAll.csv,2085.0,-6.755746666666666
6421,3,835.768267,836.702533,0.9342659999999796,,,hard_brake,mitra_t8,data\raw\mitra\Data_T8\T8_DAll.csv,2086.0,-20.92315
6422,2,837.3365,838.204033,0.8675329999999803,,,hard_brake,mitra_t8,data\raw\mitra\Data_T8\T8_DAll.csv,2087.0,-9.835862500000001
6423,2,840.005833,840.706533,0.7006999999999834,,,hard_brake,mitra_t8,data\raw\mitra\Data_T8\T8_DAll.csv,2088.0,-6.140675
6424,2,824.089933,825.191033,1.101099999999974,,,hard_brake,mitra_t8,data\raw\mitra\Data_T8\T8_DAll.csv,2089.0,-7.155653333333333
6425,2,840.773267,841.5407,0.7674329999999827,,,hard_brake,mitra_t8,data\raw\mitra\Data_T8\T8_DAll.csv,2090.0,-5.697866666666666
6426,1,797.2965,798.164033,0.8675329999999803,,,hard_brake,mitra_t8,data\raw\mitra\Data_T8\T8_DAll.csv,2093.0,-15.485100000000001
6427,3,837.369867,838.204033,0.834165999999982,,,hard_brake,mitra_t8,data\raw\mitra\Data_T8\T8_DAll.csv,2094.0,-12.8839375
6428,2,845.477967,846.378867,0.9008999999999787,,,hard_brake,mitra_t8,data\raw\mitra\Data_T8\T8_DAll.csv,2096.0,-5.19364
6429,2,840.773267,841.874367,1.101099999999974,,,hard_brake,mitra_t8,data\raw\mitra\Data_T8\T8_DAll.csv,2099.0,-11.749613333333334
6430,2,848.480967,849.381867,0.9009000000000924,,,hard_brake,mitra_t8,data\raw\mitra\Data_T8\T8_DAll.csv,2101.0,-11.5379625
6431,3,838.4376,839.071567,0.6339669999999842,,,hard_brake,mitra_t8,data\raw\mitra\Data_T8\T8_DAll.csv,2102.0,-5.074013333333332
6432,3,847.713533,849.0482,1.3346669999999676,,,hard_brake,mitra_t8,data\raw\mitra\Data_T8\T8_DAll.csv,2106.0,-7.717853333333333
6433,3,843.475967,844.376867,0.9008999999999787,,,hard_brake,mitra_t8,data\raw\mitra\Data_T8\T8_DAll.csv,2107.0,-10.984187499999999
6434,1,829.495333,830.362867,0.8675340000000915,,,hard_brake,mitra_t8,data\raw\mitra\Data_T8\T8_DAll.csv,2108.0,-22.065575
6435,2,831.7309,832.698533,0.967632999999978,,,hard_brake,mitra_t8,data\raw\mitra\Data_T8\T8_DAll.csv,2112.0,-5.639986666666668
6436,3,787.4867,788.220767,0.7340669999999818,,,hard_brake,mitra_t8,data\raw\mitra\Data_T8\T8_DAll.csv,2113.0,-5.490053333333334
6437,3,849.682167,850.716533,1.0343659999999772,,,hard_brake,mitra_t8,data\raw\mitra\Data_T8\T8_DAll.csv,2113.0,-11.699637499999998
6438,1,806.972833,807.840367,0.8675339999999778,,,hard_brake,mitra_t8,data\raw\mitra\Data_T8\T8_DAll.csv,2114.0,-15.2708625
6439,1,845.077567,846.2454,1.1678329999999733,,,hard_brake,mitra_t8,data\raw\mitra\Data_T8\T8_DAll.csv,2115.0,-7.096293333333334
6440,3,853.4526,854.920733,1.4681330000000798,,,hard_brake,mitra_t8,data\raw\mitra\Data_T8\T8_DAll.csv,2119.0,-6.705486666666667
6441,1,809.809,810.676533,0.8675329999999803,,,hard_brake,mitra_t8,data\raw\mitra\Data_T8\T8_DAll.csv,2120.0,-11.5013
6442,1,834.200033,834.867367,0.6673339999999826,,,hard_brake,mitra_t8,data\raw\mitra\Data_T8\T8_DAll.csv,2123.0,-10.5995875
6443,3,775.341233,776.6759,1.3346669999999676,,,hard_brake,mitra_t8,data\raw\mitra\Data_T8\T8_DAll.csv,2127.0,-4.52786
6444,3,859.859,860.726533,0.8675329999999803,,,hard_brake,mitra_t8,data\raw\mitra\Data_T8\T8_DAll.csv,2127.0,-11.2477375
6445,3,852.418233,853.419233,1.0009999999999764,,,hard_brake,mitra_t8,data\raw\mitra\Data_T8\T8_DAll.csv,2128.0,-5.4248400000000006
6446,2,815.981833,816.849367,0.8675339999999778,,,hard_brake,mitra_t8,data\raw\mitra\Data_T8\T8_DAll.csv,2131.0,-21.6499125
6447,3,779.044933,781.213767,2.168833999999947,,,hard_brake,mitra_t8,data\raw\mitra\Data_T8\T8_DAll.csv,2133.0,-4.30246
6448,3,855.187667,856.622433,1.4347659999999678,,,hard_brake,mitra_t8,data\raw\mitra\Data_T8\T8_DAll.csv,2135.0,-6.504553333333333
6449,3,866.999467,867.900367,0.9008999999999787,,,hard_brake,mitra_t8,data\raw\mitra\Data_T8\T8_DAll.csv,2135.0,-10.5865875
6450,2,850.4496,851.217033,0.7674329999999827,,,hard_brake,mitra_t8,data\raw\mitra\Data_T8\T8_DAll.csv,2136.0,-5.86536
6451,2,852.284767,853.0522,0.7674329999999827,,,hard_brake,mitra_t8,data\raw\mitra\Data_T8\T8_DAll.csv,2136.0,-27.183849999999996
6452,21,829.762267,830.496333,0.734066000000098,,,hard_brake,mitra_t8,data\raw\mitra\Data_T8\T8_DAll.csv,2137.0,-14.112087500000001
6453,21,831.163667,831.831,0.6673329999999851,,,hard_brake,mitra_t8,data\raw\mitra\Data_T8\T8_DAll.csv,2138.0,-9.819625
6454,2,855.321133,856.889367,1.5682339999999613,,,hard_brake,mitra_t8,data\raw\mitra\Data_T8\T8_DAll.csv,2139.0,-12.649750000000001
6455,2,857.857,858.5577,0.7006999999999834,,,hard_brake,mitra_t8,data\raw\mitra\Data_T8\T8_DAll.csv,2141.0,-11.34635
6456,21,832.698533,833.165667,0.4671339999999873,,,hard_brake,mitra_t8,data\raw\mitra\Data_T8\T8_DAll.csv,2142.0,-11.4567
6457,3,829.695533,830.763267,1.0677340000000868,,,hard_brake,mitra_t8,data\raw\mitra\Data_T8\T8_DAll.csv,2143.0,-8.949673333333333
6458,2,863.229033,864.0632,0.8341670000000931,,,hard_brake,mitra_t8,data\raw\mitra\Data_T8\T8_DAll.csv,2144.0,-27.047362500000006
6459,3,799.532067,800.666533,1.1344659999999749,,,hard_brake,mitra_t8,data\raw\mitra\Data_T8\T8_DAll.csv,2145.0,-4.946299999999999
6460,3,858.123933,858.7579,0.6339669999999842,,,hard_brake,mitra_t8,data\raw\mitra\Data_T8\T8_DAll.csv,2145.0,-4.335113333333334
6461,1,852.685167,854.0532,1.3680329999999685,,,hard_brake,mitra_t8,data\raw\mitra\Data_T8\T8_DAll.csv,2147.0,-10.205025000000001
6462,2,868.300767,868.901367,0.6006000000000995,,,hard_brake,mitra_t8,data\raw\mitra\Data_T8\T8_DAll.csv,2148.0,-9.210437500000001
6463,3,859.692167,860.726533,1.0343659999999772,,,hard_brake,mitra_t8,data\raw\mitra\Data_T8\T8_DAll.csv,2149.0,-5.59338
6464,0,801.367233,802.4016,1.0343669999999747,,,hard_brake,mitra_t8,data\raw\mitra\Data_T8\T8_DAll.csv,2150.0,-8.91626
6465,1,820.085933,820.853367,0.7674340000000939,,,hard_brake,mitra_t8,data\raw\mitra\Data_T8\T8_DAll.csv,2151.0,-8.60155
6466,3,854.386867,855.621433,1.2345659999999725,,,hard_brake,mitra_t8,data\raw\mitra\Data_T8\T8_DAll.csv,2153.0,-6.0715666666666674
6467,3,865.698167,866.398867,0.7006999999999834,,,hard_brake,mitra_t8,data\raw\mitra\Data_T8\T8_DAll.csv,2153.0,-9.7147125
6468,3,800.666533,801.734267,1.0677340000000868,,,hard_brake,mitra_t8,data\raw\mitra\Data_T8\T8_DAll.csv,2154.0,-5.64046
6469,3,855.9551,857.590067,1.6349669999999605,,,hard_brake,mitra_t8,data\raw\mitra\Data_T8\T8_DAll.csv,2156.0,-6.432599999999999
6470,3,868.701167,869.5687,0.8675329999999803,,,hard_brake,mitra_t8,data\raw\mitra\Data_T8\T8_DAll.csv,2156.0,-9.479325
6471,2,875.875,877.443233,1.5682329999999638,,,hard_brake,mitra_t8,data\raw\mitra\Data_T8\T8_DAll.csv,2157.0,-7.246473333333332
6472,2,854.420233,855.0542,0.6339669999999842,,,hard_brake,mitra_t8,data\raw\mitra\Data_T8\T8_DAll.csv,2159.0,-10.318212500000001
6473,2,879.3785,880.312767,0.9342669999999771,,,hard_brake,mitra_t8,data\raw\mitra\Data_T8\T8_DAll.csv,2162.0,-5.67616
6474,3,838.604433,839.3385,0.7340669999999818,,,hard_brake,mitra_t8,data\raw\mitra\Data_T8\T8_DAll.csv,2163.0,-5.568513333333333
6475,3,820.586433,821.287133,0.7006999999999834,,,hard_brake,mitra_t8,data\raw\mitra\Data_T8\T8_DAll.csv,2169.0,-5.6579
6476,3,880.713167,881.347133,0.6339659999999867,,,hard_brake,mitra_t8,data\raw\mitra\Data_T8\T8_DAll.csv,2169.0,-4.43438
6477,2,881.313767,882.1813,0.8675329999999803,,,hard_brake,mitra_t8,data\raw\mitra\Data_T8\T8_DAll.csv,2173.0,-4.9401600000000006
6478,3,872.404867,873.305767,0.9008999999999787,,,hard_brake,mitra_t8,data\raw\mitra\Data_T8\T8_DAll.csv,2174.0,-5.732833333333334
6479,3,888.454233,889.255033,0.8007999999999811,,,hard_brake,mitra_t8,data\raw\mitra\Data_T8\T8_DAll.csv,2174.0,-7.475725
6480,2,832.4316,833.199033,0.7674329999999827,,,hard_brake,mitra_t8,data\raw\mitra\Data_T8\T8_DAll.csv,2178.0,-16.9345625
6481,3,892.4916,893.0922,0.6006000000000995,,,hard_brake,mitra_t8,data\raw\mitra\Data_T8\T8_DAll.csv,2180.0,-9.054450000000001
6482,1,863.9631,865.397867,1.4347669999999653,,,hard_brake,mitra_t8,data\raw\mitra\Data_T8\T8_DAll.csv,2183.0,-14.299119999999998
6483,1,880.212667,881.0802,0.8675329999999803,,,hard_brake,mitra_t8,data\raw\mitra\Data_T8\T8_DAll.csv,2186.0,-14.670337500000002
6484,1,872.438233,873.405867,0.9676339999999755,,,hard_brake,mitra_t8,data\raw\mitra\Data_T8\T8_DAll.csv,2190.0,-6.656993333333333
6485,1,835.1343,836.0352,0.9008999999999787,,,hard_brake,mitra_t8,data\raw\mitra\Data_T8\T8_DAll.csv,2191.0,-10.739474999999999
6486,1,866.899367,867.733533,0.834165999999982,,,hard_brake,mitra_t8,data\raw\mitra\Data_T8\T8_DAll.csv,2192.0,-27.042137499999995
6487,3,816.549067,817.1163,0.5672329999999874,,,hard_brake,mitra_t8,data\raw\mitra\Data_T8\T8_DAll.csv,2193.0,-4.696646666666666
6488,3,875.641433,877.009467,1.368033999999966,,,hard_brake,mitra_t8,data\raw\mitra\Data_T8\T8_DAll.csv,2193.0,-4.824166666666667
6489,2,886.418867,887.419867,1.0009999999999764,,,hard_brake,mitra_t8,data\raw\mitra\Data_T8\T8_DAll.csv,2195.0,-7.90565
6490,2,884.250033,885.251033,1.0009999999999764,,,hard_brake,mitra_t8,data\raw\mitra\Data_T8\T8_DAll.csv,2196.0,-8.112933333333332
6491,3,817.950467,818.584433,0.6339659999999867,,,hard_brake,mitra_t8,data\raw\mitra\Data_T8\T8_DAll.csv,2197.0,-4.52086
6492,3,876.542333,877.843633,1.3012999999999693,,,hard_brake,mitra_t8,data\raw\mitra\Data_T8\T8_DAll.csv,2197.0,-4.88888
6493,3,821.987833,822.688533,0.7006999999999834,,,hard_brake,mitra_t8,data\raw\mitra\Data_T8\T8_DAll.csv,2199.0,-5.00382
6494,2,893.359133,894.760533,1.401399999999967,,,hard_brake,mitra_t8,data\raw\mitra\Data_T8\T8_DAll.csv,2208.0,-12.056424999999999
6495,3,820.686533,821.2204,0.5338669999999865,,,hard_brake,mitra_t8,data\raw\mitra\Data_T8\T8_DAll.csv,2209.0,-5.411553333333333
6496,3,908.8079,909.6087,0.8007999999999811,,,hard_brake,mitra_t8,data\raw\mitra\Data_T8\T8_DAll.csv,2209.0,-5.71039
6497,2,889.154933,890.5897,1.4347669999999653,,,hard_brake,mitra_t8,data\raw\mitra\Data_T8\T8_DAll.csv,2210.0,-9.37506
6498,3,910.442867,911.277033,0.834165999999982,,,hard_brake,mitra_t8,data\raw\mitra\Data_T8\T8_DAll.csv,2213.0,-11.644174999999999
6499,2,895.628067,896.428867,0.8007999999999811,,,hard_brake,mitra_t8,data\raw\mitra\Data_T8\T8_DAll.csv,2214.0,-11.922275
6500,2,897.5967,898.430867,0.8341669999999795,,,hard_brake,mitra_t8,data\raw\mitra\Data_T8\T8_DAll.csv,2215.0,-10.717637499999999
6501,21,865.831633,866.3655,0.5338669999999865,,,hard_brake,mitra_t8,data\raw\mitra\Data_T8\T8_DAll.csv,2217.0,-5.968
6502,2,901.367133,902.268033,0.9008999999999787,,,hard_brake,mitra_t8,data\raw\mitra\Data_T8\T8_DAll.csv,2218.0,-25.497362499999998
6503,2,869.235033,870.0692,0.8341669999999795,,,hard_brake,mitra_t8,data\raw\mitra\Data_T8\T8_DAll.csv,2219.0,-16.6861875
6504,3,916.081833,916.949367,0.8675340000000915,,,hard_brake,mitra_t8,data\raw\mitra\Data_T8\T8_DAll.csv,2223.0,-16.3002
6505,1,861.7609,862.728533,0.967632999999978,,,hard_brake,mitra_t8,data\raw\mitra\Data_T8\T8_DAll.csv,2226.0,-11.6956625
6506,1,880.813267,881.747533,0.9342659999999796,,,hard_brake,mitra_t8,data\raw\mitra\Data_T8\T8_DAll.csv,2229.0,-12.731575000000001
6507,21,872.838633,873.3725,0.5338669999999865,,,hard_brake,mitra_t8,data\raw\mitra\Data_T8\T8_DAll.csv,2230.0,-6.428325
6508,1,884.450233,885.417867,0.9676339999999755,,,hard_brake,mitra_t8,data\raw\mitra\Data_T8\T8_DAll.csv,2231.0,-17.892449999999997
6509,2,905.8049,907.1062,1.3012999999999693,,,hard_brake,mitra_t8,data\raw\mitra\Data_T8\T8_DAll.csv,2232.0,-10.3039
6510,3,829.895733,831.163667,1.267934000000082,,,hard_brake,mitra_t8,data\raw\mitra\Data_T8\T8_DAll.csv,2234.0,-7.845693333333333
6511,1,892.057833,892.758533,0.7007000000000971,,,hard_brake,mitra_t8,data\raw\mitra\Data_T8\T8_DAll.csv,2237.0,-8.7387875
6512,1,866.432233,867.233033,0.8007999999999811,,,hard_brake,mitra_t8,data\raw\mitra\Data_T8\T8_DAll.csv,2238.0,-16.910687499999998
6513,7,845.9451,846.7459,0.8007999999999811,,,hard_brake,mitra_t8,data\raw\mitra\Data_T8\T8_DAll.csv,2239.0,-5.907486666666667
6514,1,913.445867,914.1132,0.6673329999999851,,,hard_brake,mitra_t8,data\raw\mitra\Data_T8\T8_DAll.csv,2240.0,-6.8078375
6515,7,846.9461,847.7469,0.8007999999999811,,,hard_brake,mitra_t8,data\raw\mitra\Data_T8\T8_DAll.csv,2242.0,-5.559773333333334
6516,7,925.891633,926.759167,0.8675340000000915,,,hard_brake,mitra_t8,data\raw\mitra\Data_T8\T8_DAll.csv,2242.0,-9.896453333333334
6517,3,903.168933,903.903,0.7340669999999818,,,hard_brake,mitra_t8,data\raw\mitra\Data_T8\T8_DAll.csv,2243.0,-4.896946666666666
6518,1,894.827267,895.5947,0.7674329999999827,,,hard_brake,mitra_t8,data\raw\mitra\Data_T8\T8_DAll.csv,2244.0,-13.543575
6519,3,923.4225,924.4235,1.0009999999999764,,,hard_brake,mitra_t8,data\raw\mitra\Data_T8\T8_DAll.csv,2246.0,-5.332400000000001
6520,1,879.211667,879.912367,0.7006999999999834,,,hard_brake,mitra_t8,data\raw\mitra\Data_T8\T8_DAll.csv,2248.0,-15.261537500000001
6521,1,868.9681,869.735533,0.7674329999999827,,,hard_brake,mitra_t8,data\raw\mitra\Data_T8\T8_DAll.csv,2249.0,-6.9952250000000005
6522,2,898.6978,899.5987,0.9008999999999787,,,hard_brake,mitra_t8,data\raw\mitra\Data_T8\T8_DAll.csv,2250.0,-7.867787500000001
6523,2,917.383133,918.951367,1.5682339999999613,,,hard_brake,mitra_t8,data\raw\mitra\Data_T8\T8_DAll.csv,2251.0,-9.1905625
6524,2,870.0692,871.0702,1.0009999999999764,,,hard_brake,mitra_t8,data\raw\mitra\Data_T8\T8_DAll.csv,2253.0,-7.12116
6525,1,907.773533,908.774533,1.0009999999999764,,,hard_brake,mitra_t8,data\raw\mitra\Data_T8\T8_DAll.csv,2256.0,-9.608422222222222
6526,3,927.493233,928.460867,0.9676339999999755,,,hard_brake,mitra_t8,data\raw\mitra\Data_T8\T8_DAll.csv,2257.0,-8.174949999999999
6527,1,921.754167,922.6217,0.8675329999999803,,,hard_brake,mitra_t8,data\raw\mitra\Data_T8\T8_DAll.csv,2260.0,-11.294712500000001
6528,1,903.669433,904.436867,0.7674339999999802,,,hard_brake,mitra_t8,data\raw\mitra\Data_T8\T8_DAll.csv,2262.0,-10.8388625
6529,3,929.662067,930.396133,0.7340659999999843,,,hard_brake,mitra_t8,data\raw\mitra\Data_T8\T8_DAll.csv,2265.0,-5.754646666666668
6530,2,925.958367,926.792533,0.8341660000000957,,,hard_brake,mitra_t8,data\raw\mitra\Data_T8\T8_DAll.csv,2266.0,-9.813024999999998
6531,2,909.0081,909.942367,0.9342669999999771,,,hard_brake,mitra_t8,data\raw\mitra\Data_T8\T8_DAll.csv,2267.0,-9.993737499999998
6532,1,910.843267,911.777533,0.9342659999999796,,,hard_brake,mitra_t8,data\raw\mitra\Data_T8\T8_DAll.csv,2268.0,-15.1518
6533,1,905.671433,906.438867,0.7674339999999802,,,hard_brake,mitra_t8,data\raw\mitra\Data_T8\T8_DAll.csv,2269.0,-12.746637499999999
6534,3,931.697433,932.464867,0.7674339999999802,,,hard_brake,mitra_t8,data\raw\mitra\Data_T8\T8_DAll.csv,2273.0,-11.535562500000001
6535,3,941.874267,942.808533,0.9342659999999796,,,hard_brake,mitra_t8,data\raw\mitra\Data_T8\T8_DAll.csv,2274.0,-8.0153625
6536,3,913.779533,914.6137,0.8341669999999795,,,hard_brake,mitra_t8,data\raw\mitra\Data_T8\T8_DAll.csv,2275.0,-12.677437499999998
6537,2,931.997733,933.1322,1.1344669999999724,,,hard_brake,mitra_t8,data\raw\mitra\Data_T8\T8_DAll.csv,2277.0,-5.5550733333333335
6538,1,919.985733,920.786533,0.8007999999999811,,,hard_brake,mitra_t8,data\raw\mitra\Data_T8\T8_DAll.csv,2279.0,-9.070149999999998
6539,2,912.144567,913.4125,1.2679329999999709,,,hard_brake,mitra_t8,data\raw\mitra\Data_T8\T8_DAll.csv,2280.0,-8.134126666666667
6540,1,882.314767,883.249033,0.9342660000000933,,,hard_brake,mitra_t8,data\raw\mitra\Data_T8\T8_DAll.csv,2281.0,-5.454546666666666
6541,3,943.943,944.810533,0.8675329999999803,,,hard_brake,mitra_t8,data\raw\mitra\Data_T8\T8_DAll.csv,2284.0,-19.951462499999998
6542,0,871.3705,871.904367,0.5338669999999865,,,hard_brake,mitra_t8,data\raw\mitra\Data_T8\T8_DAll.csv,2285.0,-5.341313333333333
6543,2,936.502233,937.303033,0.8007999999999811,,,hard_brake,mitra_t8,data\raw\mitra\Data_T8\T8_DAll.csv,2288.0,-18.1461
6544,3,913.646067,914.246667,0.6005999999999858,,,hard_brake,mitra_t8,data\raw\mitra\Data_T8\T8_DAll.csv,2289.0,-5.526366666666666
6545,2,930.6297,931.463867,0.8341670000000931,,,hard_brake,mitra_t8,data\raw\mitra\Data_T8\T8_DAll.csv,2290.0,-20.154137499999997
6546,2,924.089833,924.957367,0.8675339999999778,,,hard_brake,mitra_t8,data\raw\mitra\Data_T8\T8_DAll.csv,2291.0,-8.2752875
6547,3,946.3454,947.1462,0.8007999999999811,,,hard_brake,mitra_t8,data\raw\mitra\Data_T8\T8_DAll.csv,2294.0,-20.495374999999996
6548,2,938.6377,939.471867,0.8341669999999795,,,hard_brake,mitra_t8,data\raw\mitra\Data_T8\T8_DAll.csv,2295.0,-7.611249999999999
6549,3,950.8499,951.6507,0.8007999999999811,,,hard_brake,mitra_t8,data\raw\mitra\Data_T8\T8_DAll.csv,2299.0,-5.865663636363636
6550,2,928.360767,929.595333,1.2345659999999725,,,hard_brake,mitra_t8,data\raw\mitra\Data_T8\T8_DAll.csv,2302.0,-10.099846666666668
6551,1,936.769167,937.469867,0.7006999999999834,,,hard_brake,mitra_t8,data\raw\mitra\Data_T8\T8_DAll.csv,2303.0,-12.633412499999999
6552,3,940.005733,940.806533,0.8007999999999811,,,hard_brake,mitra_t8,data\raw\mitra\Data_T8\T8_DAll.csv,2308.0,-19.781375000000004
6553,3,954.119833,954.987367,0.8675339999999778,,,hard_brake,mitra_t8,data\raw\mitra\Data_T8\T8_DAll.csv,2309.0,-23.645175
6554,1,898.364133,899.265033,0.9008999999999787,,,hard_brake,mitra_t8,data\raw\mitra\Data_T8\T8_DAll.csv,2312.0,-33.6743875
6555,3,955.120833,955.821533,0.7007000000000971,,,hard_brake,mitra_t8,data\raw\mitra\Data_T8\T8_DAll.csv,2313.0,-5.282674999999999
6556,2,916.148567,916.682433,0.5338659999999891,,,hard_brake,mitra_t8,data\raw\mitra\Data_T8\T8_DAll.csv,2314.0,-4.554766666666666
6557,2,943.609333,944.476867,0.8675339999999778,,,hard_brake,mitra_t8,data\raw\mitra\Data_T8\T8_DAll.csv,2314.0,-24.226437500000003
6558,1,937.202933,938.6377,1.4347669999999653,,,hard_brake,mitra_t8,data\raw\mitra\Data_T8\T8_DAll.csv,2320.0,-10.531993333333332
6559,1,904.370133,905.271033,0.9008999999999787,,,hard_brake,mitra_t8,data\raw\mitra\Data_T8\T8_DAll.csv,2322.0,-6.290525000000001
6560,2,948.514233,949.4485,0.9342669999999771,,,hard_brake,mitra_t8,data\raw\mitra\Data_T8\T8_DAll.csv,2324.0,-5.4998733333333325
6561,1,906.5056,907.439867,0.9342670000000908,,,hard_brake,mitra_t8,data\raw\mitra\Data_T8\T8_DAll.csv,2325.0,-6.216800000000001
6562,1,947.813533,948.480867,0.6673339999999826,,,hard_brake,mitra_t8,data\raw\mitra\Data_T8\T8_DAll.csv,2330.0,-11.002525000000002
6563,2,955.5546,956.488867,0.9342669999999771,,,hard_brake,mitra_t8,data\raw\mitra\Data_T8\T8_DAll.csv,2332.0,-6.061006666666667
6564,2,951.517233,952.6517,1.1344669999999724,,,hard_brake,mitra_t8,data\raw\mitra\Data_T8\T8_DAll.csv,2333.0,-9.457813333333332
6565,3,963.295667,963.996367,0.7006999999999834,,,hard_brake,mitra_t8,data\raw\mitra\Data_T8\T8_DAll.csv,2334.0,-13.129475
6566,1,915.581333,916.448867,0.8675339999999778,,,hard_brake,mitra_t8,data\raw\mitra\Data_T8\T8_DAll.csv,2336.0,-12.9476625
6567,2,950.8499,951.6507,0.8007999999999811,,,hard_brake,mitra_t8,data\raw\mitra\Data_T8\T8_DAll.csv,2338.0,-14.5141875
6568,3,959.525233,960.4595,0.9342670000000908,,,hard_brake,mitra_t8,data\raw\mitra\Data_T8\T8_DAll.csv,2339.0,-5.322373333333333
6569,1,916.3154,917.1162,0.8008000000000948,,,hard_brake,mitra_t8,data\raw\mitra\Data_T8\T8_DAll.csv,2341.0,-22.302325000000003
6570,2,952.952,953.519233,0.5672329999999874,,,hard_brake,mitra_t8,data\raw\mitra\Data_T8\T8_DAll.csv,2343.0,-4.880486666666667
6571,3,966.598967,967.333033,0.7340659999999843,,,hard_brake,mitra_t8,data\raw\mitra\Data_T8\T8_DAll.csv,2344.0,-10.3361625
6572,2,956.7558,957.489867,0.7340669999999818,,,hard_brake,mitra_t8,data\raw\mitra\Data_T8\T8_DAll.csv,2346.0,-18.238787499999997
6573,2,958.390767,959.325033,0.9342659999999796,,,hard_brake,mitra_t8,data\raw\mitra\Data_T8\T8_DAll.csv,2348.0,-10.649599999999998
6574,3,964.129833,964.830533,0.7006999999999834,,,hard_brake,mitra_t8,data\raw\mitra\Data_T8\T8_DAll.csv,2351.0,-12.4629125
6575,21,990.356033,990.823167,0.4671339999999873,,,hard_brake,mitra_t8,data\raw\mitra\Data_T8\T8_DAll.csv,2352.0,-4.947025000000001
6576,1,927.8269,928.460867,0.6339669999999842,,,hard_brake,mitra_t8,data\raw\mitra\Data_T8\T8_DAll.csv,2355.0,-9.615225
6577,1,954.8539,955.6547,0.8008000000000948,,,hard_brake,mitra_t8,data\raw\mitra\Data_T8\T8_DAll.csv,2357.0,-6.124529999999999
6578,1,928.928,929.461867,0.5338669999999865,,,hard_brake,mitra_t8,data\raw\mitra\Data_T8\T8_DAll.csv,2358.0,-4.494537499999999
6579,2,964.296667,965.831533,1.5348660000000791,,,hard_brake,mitra_t8,data\raw\mitra\Data_T8\T8_DAll.csv,2359.0,-13.671874999999998
6580,1,929.929,930.796533,0.8675329999999803,,,hard_brake,mitra_t8,data\raw\mitra\Data_T8\T8_DAll.csv,2360.0,-22.683687500000005
6581,21,928.360767,928.928,0.5672329999999874,,,hard_brake,mitra_t8,data\raw\mitra\Data_T8\T8_DAll.csv,2363.0,-5.9414750000000005
6582,1,931.5306,932.298033,0.7674329999999827,,,hard_brake,mitra_t8,data\raw\mitra\Data_T8\T8_DAll.csv,2365.0,-10.5222875
6583,21,930.296033,931.096833,0.8007999999999811,,,hard_brake,mitra_t8,data\raw\mitra\Data_T8\T8_DAll.csv,2369.0,-10.59925
6584,3,971.036733,971.837533,0.8007999999999811,,,hard_brake,mitra_t8,data\raw\mitra\Data_T8\T8_DAll.csv,2370.0,-4.606553333333333
6585,1,966.298667,967.833533,1.5348659999999654,,,hard_brake,mitra_t8,data\raw\mitra\Data_T8\T8_DAll.csv,2371.0,-7.41846
6586,3,976.141833,976.842533,0.7006999999999834,,,hard_brake,mitra_t8,data\raw\mitra\Data_T8\T8_DAll.csv,2372.0,-8.375024999999999
6587,3,984.049733,984.6837,0.6339670000000979,,,hard_brake,mitra_t8,data\raw\mitra\Data_T8\T8_DAll.csv,2373.0,-5.024900000000001
6588,3,975.207567,976.008367,0.8007999999999811,,,hard_brake,mitra_t8,data\raw\mitra\Data_T8\T8_DAll.csv,2374.0,-13.857225000000001
6589,1,940.0391,940.806533,0.7674329999999827,,,hard_brake,mitra_t8,data\raw\mitra\Data_T8\T8_DAll.csv,2375.0,-23.398774999999997
6590,1,970.736433,971.6707,0.9342669999999771,,,hard_brake,mitra_t8,data\raw\mitra\Data_T8\T8_DAll.csv,2378.0,-6.784353333333333
6591,1,940.7398,941.6407,0.9009000000000924,,,hard_brake,mitra_t8,data\raw\mitra\Data_T8\T8_DAll.csv,2382.0,-15.1638625
6592,2,943.4425,944.009733,0.5672329999999874,,,hard_brake,mitra_t8,data\raw\mitra\Data_T8\T8_DAll.csv,2387.0,-4.268533333333334
6593,2,969.201567,969.6687,0.4671329999999898,,,hard_brake,mitra_t8,data\raw\mitra\Data_T8\T8_DAll.csv,2387.0,-4.623387500000001
6594,3,949.214933,950.482867,1.267934000000082,,,hard_brake,mitra_t8,data\raw\mitra\Data_T8\T8_DAll.csv,2388.0,-5.383006666666668
6595,3,985.050733,986.018367,0.9676339999999755,,,hard_brake,mitra_t8,data\raw\mitra\Data_T8\T8_DAll.csv,2388.0,-14.268237500000001
6596,1,944.977367,945.811533,0.8341660000000957,,,hard_brake,mitra_t8,data\raw\mitra\Data_T8\T8_DAll.csv,2389.0,-5.45823
6597,3,950.082467,950.95,0.867533000000094,,,hard_brake,mitra_t8,data\raw\mitra\Data_T8\T8_DAll.csv,2393.0,-4.889146666666666
6598,3,987.553233,988.354033,0.8007999999999811,,,hard_brake,mitra_t8,data\raw\mitra\Data_T8\T8_DAll.csv,2393.0,-14.15355
6599,2,976.508867,977.343033,0.834165999999982,,,hard_brake,mitra_t8,data\raw\mitra\Data_T8\T8_DAll.csv,2395.0,-15.479337500000002
6600,3,951.083467,951.984367,0.9008999999999787,,,hard_brake,mitra_t8,data\raw\mitra\Data_T8\T8_DAll.csv,2398.0,-4.786333333333333
6601,1,975.841533,976.6757,0.8341669999999795,,,hard_brake,mitra_t8,data\raw\mitra\Data_T8\T8_DAll.csv,2399.0,-18.034174999999998
6602,2,977.5766,978.510867,0.9342669999999771,,,hard_brake,mitra_t8,data\raw\mitra\Data_T8\T8_DAll.csv,2400.0,-23.812324999999998
6603,1,950.182567,951.1502,0.9676330000000917,,,hard_brake,mitra_t8,data\raw\mitra\Data_T8\T8_DAll.csv,2402.0,-6.653273333333334
6604,3,953.185567,954.219933,1.0343659999999772,,,hard_brake,mitra_t8,data\raw\mitra\Data_T8\T8_DAll.csv,2405.0,-5.351420000000001
6605,2,978.8779,979.411767,0.5338670000001002,,,hard_brake,mitra_t8,data\raw\mitra\Data_T8\T8_DAll.csv,2406.0,-4.664646666666666
6606,1,953.953,954.6537,0.7006999999999834,,,hard_brake,mitra_t8,data\raw\mitra\Data_T8\T8_DAll.csv,2407.0,-5.3124625
6607,3,953.085467,954.086467,1.0009999999999764,,,hard_brake,mitra_t8,data\raw\mitra\Data_T8\T8_DAll.csv,2412.0,-5.418679999999999
6608,1,956.789167,957.489867,0.7006999999999834,,,hard_brake,mitra_t8,data\raw\mitra\Data_T8\T8_DAll.csv,2414.0,-6.80985
6609,1,984.650333,986.018367,1.368033999999966,,,hard_brake,mitra_t8,data\raw\mitra\Data_T8\T8_DAll.csv,2415.0,-7.984026666666667
6610,1,957.589967,958.324033,0.7340659999999843,,,hard_brake,mitra_t8,data\raw\mitra\Data_T8\T8_DAll.csv,2416.0,-13.830925
6611,2,981.947633,983.349033,1.401399999999967,,,hard_brake,mitra_t8,data\raw\mitra\Data_T8\T8_DAll.csv,2420.0,-12.75672
6612,2,987.953633,988.854533,0.9008999999999787,,,hard_brake,mitra_t8,data\raw\mitra\Data_T8\T8_DAll.csv,2425.0,-15.683262500000001
6613,1,958.991367,959.992367,1.0009999999999764,,,hard_brake,mitra_t8,data\raw\mitra\Data_T8\T8_DAll.csv,2426.0,-8.64655
6614,21,965.197567,965.798167,0.6005999999999858,,,hard_brake,mitra_t8,data\raw\mitra\Data_T8\T8_DAll.csv,2427.0,-8.2382875
6615,1,990.456133,990.956633,0.5004999999999882,,,hard_brake,mitra_t8,data\raw\mitra\Data_T8\T8_DAll.csv,2430.0,-5.1003375
6616,2,985.6847,986.6857,1.0009999999999764,,,hard_brake,mitra_t8,data\raw\mitra\Data_T8\T8_DAll.csv,2432.0,-15.5016625
6617,1,961.327033,962.1612,0.8341669999999795,,,hard_brake,mitra_t8,data\raw\mitra\Data_T8\T8_DAll.csv,2433.0,-8.5139
6618,0,938.4375,938.938,0.5004999999999882,,,hard_brake,mitra_t8,data\raw\mitra\Data_T8\T8_DAll.csv,2436.0,-5.608026666666666
6619,2,938.804533,939.405133,0.6005999999999858,,,hard_brake,mitra_t8,data\raw\mitra\Data_T8\T8_DAll.csv,2437.0,-4.304953333333333
6620,2,986.986,987.6867,0.7006999999999834,,,hard_brake,mitra_t8,data\raw\mitra\Data_T8\T8_DAll.csv,2437.0,-9.345324999999999
6621,2,961.794167,962.6617,0.8675329999999803,,,hard_brake,mitra_t8,data\raw\mitra\Data_T8\T8_DAll.csv,2439.0,-5.8153999999999995
6622,2,989.254933,989.855533,0.6005999999999858,,,hard_brake,mitra_t8,data\raw\mitra\Data_T8\T8_DAll.csv,2440.0,-11.5507125
6623,3,989.3884,990.1892,0.8007999999999811,,,hard_brake,mitra_t8,data\raw\mitra\Data_T8\T8_DAll.csv,2453.0,-6.6866200000000005
6624,3,968.901267,969.6687,0.7674329999999827,,,hard_brake,mitra_t8,data\raw\mitra\Data_T8\T8_DAll.csv,2469.0,-4.38192
6625,3,969.902267,971.2703,1.3680329999999685,,,hard_brake,mitra_t8,data\raw\mitra\Data_T8\T8_DAll.csv,2473.0,-4.373573333333334
6626,2,980.946633,981.6807,0.7340669999999818,,,hard_brake,mitra_t8,data\raw\mitra\Data_T8\T8_DAll.csv,2476.0,-11.017337500000002
6627,3,972.8719,973.7728,0.9008999999999787,,,hard_brake,mitra_t8,data\raw\mitra\Data_T8\T8_DAll.csv,2482.0,-4.067453333333334
6628,7,961.093467,961.994367,0.9008999999999787,,,hard_brake,mitra_t8,data\raw\mitra\Data_T8\T8_DAll.csv,2484.0,-4.8101
6629,3,990.255933,990.823167,0.5672339999999849,,,hard_brake,mitra_t8,data\raw\mitra\Data_T8\T8_DAll.csv,2492.0,-5.901725000000001
6630,10,973.973,975.4745,1.5015000000000782,,,hard_brake,mitra_t8,data\raw\mitra\Data_T8\T8_DAll.csv,2494.0,-5.601286666666667
6631,2,990.255933,990.823167,0.5672339999999849,,,hard_brake,mitra_t8,data\raw\mitra\Data_T8\T8_DAll.csv,2496.0,-11.335012500000001
6632,1,990.322667,990.823167,0.5004999999999882,,,hard_brake,mitra_t8,data\raw\mitra\Data_T8\T8_DAll.csv,2504.0,-7.5354874999999995
6633,1,986.552233,987.119467,0.5672339999999849,,,hard_brake,mitra_t8,data\raw\mitra\Data_T8\T8_DAll.csv,2506.0,-4.770466666666667
6634,2,989.355033,990.356033,1.0009999999999764,,,hard_brake,mitra_t8,data\raw\mitra\Data_T8\T8_DAll.csv,2511.0,-5.2202
6635,2,990.322667,990.823167,0.5004999999999882,,,hard_brake,mitra_t8,data\raw\mitra\Data_T8\T8_DAll.csv,2515.0,-9.4567375
6636,3,990.255933,990.823167,0.5672339999999849,,,hard_brake,mitra_t8,data\raw\mitra\Data_T8\T8_DAll.csv,2522.0,-4.865762500000001
6637,20,990.155833,990.823167,0.6673339999999826,,,hard_brake,mitra_t8,data\raw\mitra\Data_T8\T8_DAll.csv,2543.0,-9.484900000000001
6638,20,989.7888,990.823167,1.0343669999999747,,,hard_brake,mitra_t8,data\raw\mitra\Data_T8\T8_DAll.csv,2558.0,-5.8459
6639,0,990.4895,990.956633,0.4671329999999898,,,hard_brake,mitra_t8,data\raw\mitra\Data_T8\T8_DAll.csv,2562.0,-10.797725
6640,11,990.1892,990.823167,0.6339669999999842,,,hard_brake,mitra_t8,data\raw\mitra\Data_T8\T8_DAll.csv,2580.0,-9.256575
6641,0,15.115111,29.829822,14.714711,5.0,5026341.23417942,queue,mitra_t9,data\raw\mitra\Data_T9\T9_DAll.csv,,
6642,0,162.262219,189.456072,27.19385300000002,10.0,5026559.192787411,queue,mitra_t9,data\raw\mitra\Data_T9\T9_DAll.csv,,
6643,0,249.68295,279.412672,29.72972199999998,5.0,5026643.984840955,queue,mitra_t9,data\raw\mitra\Data_T9\T9_DAll.csv,,
6644,10,156.122748,166.666622,10.543873999999988,7.0,5026477.006560366,queue,mitra_t9,data\raw\mitra\Data_T9\T9_DAll.csv,,
6645,10,185.085036,233.032971,47.947935,7.0,5026475.8432072215,queue,mitra_t9,data\raw\mitra\Data_T9\T9_DAll.csv,,
6646,10,437.937821,483.116321,45.17850000000004,6.0,5026489.150031734,queue,mitra_t9,data\raw\mitra\Data_T9\T9_DAll.csv,,
6647,10,515.515378,527.794321,12.278942999999913,8.0,5026480.26560745,queue,mitra_t9,data\raw\mitra\Data_T9\T9_DAll.csv,,
6648,10,596.429604,603.236409,6.80680499999994,9.0,5026413.199759314,queue,mitra_t9,data\raw\mitra\Data_T9\T9_DAll.csv,,
6649,10,613.246417,620.553722,7.307305000000042,6.0,5026405.532317008,queue,mitra_t9,data\raw\mitra\Data_T9\T9_DAll.csv,,
6650,10,632.599098,686.653137,54.05403899999999,10.0,5026409.04828411,queue,mitra_t9,data\raw\mitra\Data_T9\T9_DAll.csv,,
6651,10,712.278756,754.454254,42.17549799999995,5.0,5026408.661137544,queue,mitra_t9,data\raw\mitra\Data_T9\T9_DAll.csv,,
6652,3,289.389312,329.162408,39.77309600000001,10.0,5026674.3799087955,queue,mitra_t9,data\raw\mitra\Data_T9\T9_DAll.csv,,
6653,3,352.118692,375.108342,22.989649999999983,4.0,5026655.844030324,queue,mitra_t9,data\raw\mitra\Data_T9\T9_DAll.csv,,
6654,3,440.57379,469.435978,28.862188000000003,8.0,5026535.64179665,queue,mitra_t9,data\raw\mitra\Data_T9\T9_DAll.csv,,
6655,3,538.171362,550.18337,12.012007999999923,8.0,5026677.234238071,queue,mitra_t9,data\raw\mitra\Data_T9\T9_DAll.csv,,
6656,3,814.948065,857.590696,42.64263099999994,8.0,5026418.367981687,queue,mitra_t9,data\raw\mitra\Data_T9\T9_DAll.csv,,
6657,2,277.043637,290.790713,13.747075999999993,9.0,5026671.368111872,queue,mitra_t9,data\raw\mitra\Data_T9\T9_DAll.csv,,
6658,2,529.963156,536.402927,6.439770999999951,4.0,5026668.413335773,queue,mitra_t9,data\raw\mitra\Data_T9\T9_DAll.csv,,
6659,20,552.118638,583.183028,31.064390000000003,15.0,5026550.922041165,queue,mitra_t9,data\raw\mitra\Data_T9\T9_DAll.csv,,
6660,20,650.517011,675.508662,24.991650999999933,7.0,5026528.679238683,queue,mitra_t9,data\raw\mitra\Data_T9\T9_DAll.csv,,
6661,5,502.535735,503.102969,0.5672339999999849,,,hard_brake,mitra_t9,data\raw\mitra\Data_T9\T9_DAll.csv,10.0,-9.350462499999999
6662,4,500.433634,501.100968,0.6673340000000394,,,hard_brake,mitra_t9,data\raw\mitra\Data_T9\T9_DAll.csv,16.0,-7.6046
6663,7,507.740939,508.274806,0.5338669999999865,,,hard_brake,mitra_t9,data\raw\mitra\Data_T9\T9_DAll.csv,23.0,-5.1923
6664,7,544.978167,545.812334,0.8341669999999795,,,hard_brake,mitra_t9,data\raw\mitra\Data_T9\T9_DAll.csv,29.0,-6.696859999999999
6665,5,522.55575,523.122984,0.5672339999999849,,,hard_brake,mitra_t9,data\raw\mitra\Data_T9\T9_DAll.csv,40.0,-4.09399
6666,7,498.698566,499.432633,0.7340669999999818,,,hard_brake,mitra_t9,data\raw\mitra\Data_T9\T9_DAll.csv,45.0,-12.9757625
6667,7,490.757293,491.391261,0.6339679999999817,,,hard_brake,mitra_t9,data\raw\mitra\Data_T9\T9_DAll.csv,52.0,-4.3552333333333335
6668,7,504.437637,504.938137,0.5004999999999882,,,hard_brake,mitra_t9,data\raw\mitra\Data_T9\T9_DAll.csv,55.0,-5.8233375
6669,3,166.032655,166.699989,0.6673339999999826,,,hard_brake,mitra_t9,data\raw\mitra\Data_T9\T9_DAll.csv,57.0,-10.481325000000002
6670,7,516.115979,516.783313,0.6673339999999826,,,hard_brake,mitra_t9,data\raw\mitra\Data_T9\T9_DAll.csv,58.0,-11.052487500000002
6671,1,239.305909,240.10671,0.8008009999999786,,,hard_brake,mitra_t9,data\raw\mitra\Data_T9\T9_DAll.csv,59.0,-8.860874999999998
6672,1,257.090355,257.957889,0.8675340000000347,,,hard_brake,mitra_t9,data\raw\mitra\Data_T9\T9_DAll.csv,60.0,-8.9280625
6673,3,174.007294,175.041662,1.0343680000000006,,,hard_brake,mitra_t9,data\raw\mitra\Data_T9\T9_DAll.csv,62.0,-5.5643375
6674,2,246.045981,246.780048,0.7340669999999818,,,hard_brake,mitra_t9,data\raw\mitra\Data_T9\T9_DAll.csv,66.0,-9.3948625
6675,2,209.14242,209.909854,0.7674340000000086,,,hard_brake,mitra_t9,data\raw\mitra\Data_T9\T9_DAll.csv,75.0,-6.445125000000001
6676,3,179.312598,180.213499,0.9009010000000046,,,hard_brake,mitra_t9,data\raw\mitra\Data_T9\T9_DAll.csv,79.0,-6.500925
6677,2,259.55949,260.293558,0.7340680000000361,,,hard_brake,mitra_t9,data\raw\mitra\Data_T9\T9_DAll.csv,82.0,-10.485037499999999
6678,3,169.002291,169.569524,0.5672329999999874,,,hard_brake,mitra_t9,data\raw\mitra\Data_T9\T9_DAll.csv,84.0,-4.314686666666666
6679,3,162.929553,163.86382,0.9342670000000055,,,hard_brake,mitra_t9,data\raw\mitra\Data_T9\T9_DAll.csv,87.0,-5.770700000000001
6680,3,158.32495,159.192483,0.8675330000000088,,,hard_brake,mitra_t9,data\raw\mitra\Data_T9\T9_DAll.csv,88.0,-5.632866666666668
6681,3,156.790082,157.524149,0.7340669999999818,,,hard_brake,mitra_t9,data\raw\mitra\Data_T9\T9_DAll.csv,89.0,-8.6879375
6682,2,183.183134,184.050668,0.8675340000000062,,,hard_brake,mitra_t9,data\raw\mitra\Data_T9\T9_DAll.csv,90.0,-8.63765
6683,2,181.548167,182.382334,0.8341669999999795,,,hard_brake,mitra_t9,data\raw\mitra\Data_T9\T9_DAll.csv,91.0,-9.014512499999999
6684,2,179.913199,180.380332,0.46713300000001823,,,hard_brake,mitra_t9,data\raw\mitra\Data_T9\T9_DAll.csv,92.0,-4.9673750000000005
6685,3,153.820446,154.68798,0.8675340000000062,,,hard_brake,mitra_t9,data\raw\mitra\Data_T9\T9_DAll.csv,95.0,-6.448825
6686,2,240.073343,240.573843,0.5005000000000166,,,hard_brake,mitra_t9,data\raw\mitra\Data_T9\T9_DAll.csv,98.0,-4.66598
6687,3,178.745364,179.446065,0.7007010000000093,,,hard_brake,mitra_t9,data\raw\mitra\Data_T9\T9_DAll.csv,99.0,-5.161686666666666
6688,3,213.646923,214.514457,0.8675340000000062,,,hard_brake,mitra_t9,data\raw\mitra\Data_T9\T9_DAll.csv,100.0,-6.34852
6689,7,509.843041,510.610475,0.7674339999999802,,,hard_brake,mitra_t9,data\raw\mitra\Data_T9\T9_DAll.csv,106.0,-13.558262500000001
6690,7,509.008873,509.609474,0.6006009999999833,,,hard_brake,mitra_t9,data\raw\mitra\Data_T9\T9_DAll.csv,107.0,-5.0705
6691,7,511.911776,512.77931,0.8675340000000347,,,hard_brake,mitra_t9,data\raw\mitra\Data_T9\T9_DAll.csv,108.0,-17.477024999999998
6692,7,562.762613,563.329847,0.5672339999999849,,,hard_brake,mitra_t9,data\raw\mitra\Data_T9\T9_DAll.csv,122.0,-7.741324999999999
6693,7,537.070261,538.972162,1.9019010000000662,,,hard_brake,mitra_t9,data\raw\mitra\Data_T9\T9_DAll.csv,126.0,-6.40434
6694,3,17.283946,18.118113,0.8341670000000008,,,hard_brake,mitra_t9,data\raw\mitra\Data_T9\T9_DAll.csv,138.0,-8.287566666666667
6695,1,262.228826,262.729326,0.5004999999999882,,,hard_brake,mitra_t9,data\raw\mitra\Data_T9\T9_DAll.csv,140.0,-4.222353333333333
6696,6,471.604813,472.405613,0.8008000000000379,,,hard_brake,mitra_t9,data\raw\mitra\Data_T9\T9_DAll.csv,158.0,-15.087112500000002
6697,5,468.134677,468.735277,0.6005999999999858,,,hard_brake,mitra_t9,data\raw\mitra\Data_T9\T9_DAll.csv,169.0,-8.102437499999999
6698,1,264.798061,265.632228,0.8341669999999795,,,hard_brake,mitra_t9,data\raw\mitra\Data_T9\T9_DAll.csv,174.0,-10.017825
6699,1,268.001263,268.63523,0.6339669999999842,,,hard_brake,mitra_t9,data\raw\mitra\Data_T9\T9_DAll.csv,178.0,-6.511324999999999
6700,3,256.990255,257.791056,0.8008010000000354,,,hard_brake,mitra_t9,data\raw\mitra\Data_T9\T9_DAll.csv,221.0,-13.206949999999999
6701,2,250.784051,251.618218,0.8341670000000079,,,hard_brake,mitra_t9,data\raw\mitra\Data_T9\T9_DAll.csv,223.0,-8.92635
6702,2,255.088354,255.789054,0.7006999999999834,,,hard_brake,mitra_t9,data\raw\mitra\Data_T9\T9_DAll.csv,231.0,-8.5662875
6703,3,227.4941,228.128067,0.6339669999999842,,,hard_brake,mitra_t9,data\raw\mitra\Data_T9\T9_DAll.csv,232.0,-4.7298
6704,2,253.319919,254.12072,0.800801000000007,,,hard_brake,mitra_t9,data\raw\mitra\Data_T9\T9_DAll.csv,238.0,-4.663413333333334
6705,2,261.194458,261.961892,0.7674339999999802,,,hard_brake,mitra_t9,data\raw\mitra\Data_T9\T9_DAll.csv,239.0,-5.969475000000001
6706,2,257.056989,257.624222,0.5672329999999874,,,hard_brake,mitra_t9,data\raw\mitra\Data_T9\T9_DAll.csv,252.0,-4.379426666666666
6707,3,293.927182,294.828083,0.9009009999999762,,,hard_brake,mitra_t9,data\raw\mitra\Data_T9\T9_DAll.csv,264.0,-6.71760909090909
6708,3,268.13473,268.968897,0.8341670000000363,,,hard_brake,mitra_t9,data\raw\mitra\Data_T9\T9_DAll.csv,278.0,-5.404729999999999
6709,3,267.233829,268.13473,0.9009009999999762,,,hard_brake,mitra_t9,data\raw\mitra\Data_T9\T9_DAll.csv,279.0,-13.99855
6710,3,246.212814,247.113715,0.9009010000000046,,,hard_brake,mitra_t9,data\raw\mitra\Data_T9\T9_DAll.csv,281.0,-4.947126666666667
6711,3,244.043979,244.94488,0.9009010000000046,,,hard_brake,mitra_t9,data\raw\mitra\Data_T9\T9_DAll.csv,287.0,-7.01194
6712,3,249.88315,250.784051,0.9009010000000046,,,hard_brake,mitra_t9,data\raw\mitra\Data_T9\T9_DAll.csv,290.0,-11.90775
6713,3,255.355287,256.122721,0.7674340000000086,,,hard_brake,mitra_t9,data\raw\mitra\Data_T9\T9_DAll.csv,292.0,-12.7346
6714,1,286.48641,286.986911,0.5005010000000425,,,hard_brake,mitra_t9,data\raw\mitra\Data_T9\T9_DAll.csv,293.0,-6.3776375
6715,3,264.431027,265.298561,0.8675340000000347,,,hard_brake,mitra_t9,data\raw\mitra\Data_T9\T9_DAll.csv,294.0,-7.7637624999999995
6716,1,293.827082,294.594516,0.7674339999999802,,,hard_brake,mitra_t9,data\raw\mitra\Data_T9\T9_DAll.csv,296.0,-4.689113333333333
6717,3,273.706967,274.474401,0.7674339999999802,,,hard_brake,mitra_t9,data\raw\mitra\Data_T9\T9_DAll.csv,299.0,-11.819749999999999
6718,3,270.270198,270.970899,0.7007009999999809,,,hard_brake,mitra_t9,data\raw\mitra\Data_T9\T9_DAll.csv,300.0,-11.348025
6719,1,289.789713,290.657247,0.8675339999999778,,,hard_brake,mitra_t9,data\raw\mitra\Data_T9\T9_DAll.csv,301.0,-11.421750000000001
6720,1,298.331586,299.165753,0.8341669999999795,,,hard_brake,mitra_t9,data\raw\mitra\Data_T9\T9_DAll.csv,302.0,-8.24785
6721,1,300.366954,301.034288,0.6673339999999826,,,hard_brake,mitra_t9,data\raw\mitra\Data_T9\T9_DAll.csv,303.0,-4.467113333333333
6722,2,293.026282,293.827082,0.8008000000000379,,,hard_brake,mitra_t9,data\raw\mitra\Data_T9\T9_DAll.csv,304.0,-6.7970625
6723,3,277.844437,278.478404,0.6339669999999842,,,hard_brake,mitra_t9,data\raw\mitra\Data_T9\T9_DAll.csv,306.0,-4.711233333333333
6724,1,307.640892,308.508426,0.8675339999999778,,,hard_brake,mitra_t9,data\raw\mitra\Data_T9\T9_DAll.csv,307.0,-8.4329
6725,2,297.697618,298.498419,0.8008010000000354,,,hard_brake,mitra_t9,data\raw\mitra\Data_T9\T9_DAll.csv,309.0,-13.7622
6726,7,28.261587,28.795454,0.5338670000000008,,,hard_brake,mitra_t9,data\raw\mitra\Data_T9\T9_DAll.csv,320.0,-7.9116875
6727,4,98.465106,99.199173,0.734066999999996,,,hard_brake,mitra_t9,data\raw\mitra\Data_T9\T9_DAll.csv,330.0,-7.2685875
6728,1,311.044295,311.845095,0.8008000000000379,,,hard_brake,mitra_t9,data\raw\mitra\Data_T9\T9_DAll.csv,347.0,-7.0426375
6729,1,317.817733,318.685267,0.8675340000000347,,,hard_brake,mitra_t9,data\raw\mitra\Data_T9\T9_DAll.csv,348.0,-17.514312500000003
6730,1,309.47606,310.343594,0.8675339999999778,,,hard_brake,mitra_t9,data\raw\mitra\Data_T9\T9_DAll.csv,349.0,-13.9088125
6731,2,306.239491,306.739992,0.5005009999999857,,,hard_brake,mitra_t9,data\raw\mitra\Data_T9\T9_DAll.csv,350.0,-4.55462
6732,1,312.979563,313.847097,0.8675340000000347,,,hard_brake,mitra_t9,data\raw\mitra\Data_T9\T9_DAll.csv,351.0,-8.7176875
6733,3,308.108026,308.842093,0.7340669999999818,,,hard_brake,mitra_t9,data\raw\mitra\Data_T9\T9_DAll.csv,352.0,-6.634987499999999
6734,4,94.694669,95.19517,0.5005009999999999,,,hard_brake,mitra_t9,data\raw\mitra\Data_T9\T9_DAll.csv,369.0,-7.6933750000000005
6735,7,668.601757,669.302458,0.7007009999999809,,,hard_brake,mitra_t9,data\raw\mitra\Data_T9\T9_DAll.csv,374.0,-4.406346666666667
6736,7,625.091592,626.559726,1.4681339999999636,,,hard_brake,mitra_t9,data\raw\mitra\Data_T9\T9_DAll.csv,377.0,-7.050306666666667
6737,7,617.85102,618.718554,0.8675340000000915,,,hard_brake,mitra_t9,data\raw\mitra\Data_T9\T9_DAll.csv,379.0,-13.1206375
6738,6,180.447066,181.481433,1.0343670000000031,,,hard_brake,mitra_t9,data\raw\mitra\Data_T9\T9_DAll.csv,380.0,-7.495606666666666
6739,7,614.781284,615.815652,1.0343679999999722,,,hard_brake,mitra_t9,data\raw\mitra\Data_T9\T9_DAll.csv,380.0,-6.59572
6740,7,620.119955,620.720555,0.6005999999999858,,,hard_brake,mitra_t9,data\raw\mitra\Data_T9\T9_DAll.csv,381.0,-5.882687499999999
6741,1,37.570894,38.405062,0.8341679999999982,,,hard_brake,mitra_t9,data\raw\mitra\Data_T9\T9_DAll.csv,388.0,-4.78264
6742,1,15.949278,16.549879,0.600601000000001,,,hard_brake,mitra_t9,data\raw\mitra\Data_T9\T9_DAll.csv,393.0,-6.217650000000001
6743,1,103.470109,103.97061,0.5005009999999999,,,hard_brake,mitra_t9,data\raw\mitra\Data_T9\T9_DAll.csv,397.0,-4.392788888888889
6744,3,125.392025,126.326293,0.934268000000003,,,hard_brake,mitra_t9,data\raw\mitra\Data_T9\T9_DAll.csv,408.0,-4.907819999999999
6745,1,45.945934,46.579901,0.6339669999999984,,,hard_brake,mitra_t9,data\raw\mitra\Data_T9\T9_DAll.csv,411.0,-5.7622125
6746,3,7.407405,8.208206,0.8008010000000008,,,hard_brake,mitra_t9,data\raw\mitra\Data_T9\T9_DAll.csv,413.0,-9.167775
6747,1,50.51717,51.084404,0.5672339999999991,,,hard_brake,mitra_t9,data\raw\mitra\Data_T9\T9_DAll.csv,419.0,-8.294450000000001
6748,2,133.666965,134.167465,0.5004999999999882,,,hard_brake,mitra_t9,data\raw\mitra\Data_T9\T9_DAll.csv,423.0,-6.242999999999999
6749,1,18.885547,19.719714,0.8341670000000008,,,hard_brake,mitra_t9,data\raw\mitra\Data_T9\T9_DAll.csv,427.0,-4.697913333333333
6750,7,485.385256,486.085957,0.7007009999999809,,,hard_brake,mitra_t9,data\raw\mitra\Data_T9\T9_DAll.csv,461.0,-10.4088875
6751,7,671.90506,673.072894,1.1678339999999707,,,hard_brake,mitra_t9,data\raw\mitra\Data_T9\T9_DAll.csv,463.0,-7.500793333333333
6752,7,689.422573,690.123273,0.7006999999999834,,,hard_brake,mitra_t9,data\raw\mitra\Data_T9\T9_DAll.csv,465.0,-7.797325000000001
6753,7,603.136309,604.304143,1.1678339999999707,,,hard_brake,mitra_t9,data\raw\mitra\Data_T9\T9_DAll.csv,468.0,-5.412253333333334
6754,7,551.017538,551.484671,0.4671330000001035,,,hard_brake,mitra_t9,data\raw\mitra\Data_T9\T9_DAll.csv,475.0,-5.1340625
6755,21,214.948224,215.715658,0.7674339999999802,,,hard_brake,mitra_t9,data\raw\mitra\Data_T9\T9_DAll.csv,493.0,-8.6837125
6756,7,543.476665,543.977166,0.5005009999999857,,,hard_brake,mitra_t9,data\raw\mitra\Data_T9\T9_DAll.csv,499.0,-5.6511499999999995
6757,7,546.279467,546.913435,0.6339680000000953,,,hard_brake,mitra_t9,data\raw\mitra\Data_T9\T9_DAll.csv,501.0,-4.56136
6758,1,187.454071,188.054671,0.6006000000000142,,,hard_brake,mitra_t9,data\raw\mitra\Data_T9\T9_DAll.csv,504.0,-6.0318125
6759,1,162.562519,163.36332,0.8008009999999786,,,hard_brake,mitra_t9,data\raw\mitra\Data_T9\T9_DAll.csv,507.0,-6.074012499999999
6760,1,182.916201,183.717001,0.8008000000000095,,,hard_brake,mitra_t9,data\raw\mitra\Data_T9\T9_DAll.csv,510.0,-5.567400000000001
6761,1,114.080717,114.647951,0.5672339999999991,,,hard_brake,mitra_t9,data\raw\mitra\Data_T9\T9_DAll.csv,518.0,-7.56075
6762,3,143.910539,144.677973,0.7674340000000086,,,hard_brake,mitra_t9,data\raw\mitra\Data_T9\T9_DAll.csv,521.0,-8.9904625
6763,2,150.45041,151.184478,0.7340680000000077,,,hard_brake,mitra_t9,data\raw\mitra\Data_T9\T9_DAll.csv,524.0,-11.7095625
6764,3,140.640603,141.17447,0.533867000000015,,,hard_brake,mitra_t9,data\raw\mitra\Data_T9\T9_DAll.csv,526.0,-5.284875
6765,7,529.529389,530.296822,0.7674329999999827,,,hard_brake,mitra_t9,data\raw\mitra\Data_T9\T9_DAll.csv,532.0,-11.093599999999999
6766,7,630.263429,631.06423,0.8008009999999786,,,hard_brake,mitra_t9,data\raw\mitra\Data_T9\T9_DAll.csv,534.0,-20.4136375
6767,7,631.698197,632.565731,0.8675339999999778,,,hard_brake,mitra_t9,data\raw\mitra\Data_T9\T9_DAll.csv,537.0,-4.8669199999999995
6768,7,595.695537,596.196037,0.5005000000001019,,,hard_brake,mitra_t9,data\raw\mitra\Data_T9\T9_DAll.csv,540.0,-6.5937624999999995
6769,7,569.869718,570.670519,0.8008009999999786,,,hard_brake,mitra_t9,data\raw\mitra\Data_T9\T9_DAll.csv,542.0,-10.540225
6770,7,574.140655,574.841355,0.7006999999999834,,,hard_brake,mitra_t9,data\raw\mitra\Data_T9\T9_DAll.csv,543.0,-15.4214
6771,6,513.48001,514.113977,0.6339669999999842,,,hard_brake,mitra_t9,data\raw\mitra\Data_T9\T9_DAll.csv,552.0,-6.146493333333334
6772,6,373.039607,373.907141,0.8675340000000347,,,hard_brake,mitra_t9,data\raw\mitra\Data_T9\T9_DAll.csv,554.0,-5.78052
6773,4,615.548718,616.216052,0.6673339999999826,,,hard_brake,mitra_t9,data\raw\mitra\Data_T9\T9_DAll.csv,557.0,-6.113925000000001
6774,6,522.622483,523.456651,0.8341679999999769,,,hard_brake,mitra_t9,data\raw\mitra\Data_T9\T9_DAll.csv,568.0,-12.0408125
6775,7,550.984171,551.818338,0.8341670000000931,,,hard_brake,mitra_t9,data\raw\mitra\Data_T9\T9_DAll.csv,571.0,-8.99085
6776,21,192.459075,193.193142,0.7340669999999818,,,hard_brake,mitra_t9,data\raw\mitra\Data_T9\T9_DAll.csv,578.0,-9.219862500000001
6777,21,178.044664,178.678631,0.6339669999999842,,,hard_brake,mitra_t9,data\raw\mitra\Data_T9\T9_DAll.csv,579.0,-18.4152375
6778,21,157.991283,158.658616,0.6673329999999851,,,hard_brake,mitra_t9,data\raw\mitra\Data_T9\T9_DAll.csv,580.0,-7.2703875
6779,1,98.865506,99.466106,0.6006,,,hard_brake,mitra_t9,data\raw\mitra\Data_T9\T9_DAll.csv,581.0,-6.8969000000000005
6780,0,4.23757,4.771437,0.5338669999999999,,,hard_brake,mitra_t9,data\raw\mitra\Data_T9\T9_DAll.csv,583.0,-4.365686666666666
6781,6,43.643632,44.444433,0.8008009999999999,,,hard_brake,mitra_t9,data\raw\mitra\Data_T9\T9_DAll.csv,587.0,-7.326126666666666
6782,2,317.083666,317.984567,0.900901000000033,,,hard_brake,mitra_t9,data\raw\mitra\Data_T9\T9_DAll.csv,589.0,-5.29214
6783,1,121.354656,121.988623,0.6339669999999984,,,hard_brake,mitra_t9,data\raw\mitra\Data_T9\T9_DAll.csv,606.0,-7.243725
6784,4,757.357156,757.857656,0.5004999999999882,,,hard_brake,mitra_t9,data\raw\mitra\Data_T9\T9_DAll.csv,608.0,-5.499575
6785,3,282.649241,283.650241,1.0009999999999764,,,hard_brake,mitra_t9,data\raw\mitra\Data_T9\T9_DAll.csv,612.0,-7.031846666666667
6786,1,100.700674,101.301274,0.6006,,,hard_brake,mitra_t9,data\raw\mitra\Data_T9\T9_DAll.csv,613.0,-8.6787375
6787,3,279.079005,279.679605,0.6005999999999858,,,hard_brake,mitra_t9,data\raw\mitra\Data_T9\T9_DAll.csv,615.0,-5.2240400000000005
6788,3,300.700621,301.501421,0.8007999999999811,,,hard_brake,mitra_t9,data\raw\mitra\Data_T9\T9_DAll.csv,616.0,-10.287987500000002
6789,21,71.971953,72.739387,0.7674339999999944,,,hard_brake,mitra_t9,data\raw\mitra\Data_T9\T9_DAll.csv,619.0,-15.789112500000002
6790,1,105.605577,106.306278,0.7007010000000093,,,hard_brake,mitra_t9,data\raw\mitra\Data_T9\T9_DAll.csv,620.0,-8.294762500000001
6791,7,531.965157,532.465657,0.5004999999999882,,,hard_brake,mitra_t9,data\raw\mitra\Data_T9\T9_DAll.csv,624.0,-5.7990375
6792,3,291.491414,292.325581,0.8341669999999795,,,hard_brake,mitra_t9,data\raw\mitra\Data_T9\T9_DAll.csv,630.0,-7.5473625
6793,1,126.393026,126.993627,0.6006009999999975,,,hard_brake,mitra_t9,data\raw\mitra\Data_T9\T9_DAll.csv,632.0,-9.126862500000001
6794,3,301.634888,302.335589,0.7007010000000378,,,hard_brake,mitra_t9,data\raw\mitra\Data_T9\T9_DAll.csv,637.0,-11.6263375
6795,2,315.648898,316.850099,1.201201000000026,,,hard_brake,mitra_t9,data\raw\mitra\Data_T9\T9_DAll.csv,639.0,-5.526673333333333
6796,3,311.678262,312.345596,0.6673339999999826,,,hard_brake,mitra_t9,data\raw\mitra\Data_T9\T9_DAll.csv,642.0,-7.0413
6797,3,316.416332,317.3506,0.9342679999999746,,,hard_brake,mitra_t9,data\raw\mitra\Data_T9\T9_DAll.csv,647.0,-15.600999999999999
6798,2,333.700278,334.534445,0.8341669999999795,,,hard_brake,mitra_t9,data\raw\mitra\Data_T9\T9_DAll.csv,652.0,-4.871166666666666
6799,0,86.753397,87.220531,0.4671339999999873,,,hard_brake,mitra_t9,data\raw\mitra\Data_T9\T9_DAll.csv,659.0,-4.742073333333334
6800,10,125.859159,126.359659,0.5004999999999882,,,hard_brake,mitra_t9,data\raw\mitra\Data_T9\T9_DAll.csv,659.0,-5.033853333333334
6801,7,587.520698,588.021198,0.5004999999999882,,,hard_brake,mitra_t9,data\raw\mitra\Data_T9\T9_DAll.csv,660.0,-6.1039625
6802,3,257.757689,258.324923,0.5672339999999849,,,hard_brake,mitra_t9,data\raw\mitra\Data_T9\T9_DAll.csv,661.0,-4.880986666666667
6803,3,291.925181,292.959548,1.0343669999999747,,,hard_brake,mitra_t9,data\raw\mitra\Data_T9\T9_DAll.csv,663.0,-6.37186
6804,0,101.034341,101.634941,0.6006,,,hard_brake,mitra_t9,data\raw\mitra\Data_T9\T9_DAll.csv,664.0,-5.04184
6805,1,339.572816,340.373616,0.8008000000000379,,,hard_brake,mitra_t9,data\raw\mitra\Data_T9\T9_DAll.csv,667.0,-17.092837499999998
6806,3,295.829084,296.663251,0.8341669999999795,,,hard_brake,mitra_t9,data\raw\mitra\Data_T9\T9_DAll.csv,672.0,-7.8043125
6807,2,330.730643,331.531443,0.8008000000000379,,,hard_brake,mitra_t9,data\raw\mitra\Data_T9\T9_DAll.csv,676.0,-16.258612499999998
6808,1,331.56481,332.365611,0.8008009999999786,,,hard_brake,mitra_t9,data\raw\mitra\Data_T9\T9_DAll.csv,678.0,-12.396424999999999
6809,1,332.732644,333.366611,0.6339669999999842,,,hard_brake,mitra_t9,data\raw\mitra\Data_T9\T9_DAll.csv,680.0,-7.9001624999999995
6810,1,337.270514,338.204781,0.9342670000000339,,,hard_brake,mitra_t9,data\raw\mitra\Data_T9\T9_DAll.csv,684.0,-11.450637499999997
6811,21,424.357578,424.924812,0.5672339999999849,,,hard_brake,mitra_t9,data\raw\mitra\Data_T9\T9_DAll.csv,685.0,-5.8907375
6812,2,301.601521,302.202122,0.6006009999999833,,,hard_brake,mitra_t9,data\raw\mitra\Data_T9\T9_DAll.csv,688.0,-5.099733333333333
6813,3,319.886468,320.687269,0.8008010000000354,,,hard_brake,mitra_t9,data\raw\mitra\Data_T9\T9_DAll.csv,689.0,-7.281674999999999
6814,3,346.412988,347.213788,0.8008000000000379,,,hard_brake,mitra_t9,data\raw\mitra\Data_T9\T9_DAll.csv,690.0,-19.449725
6815,2,348.047955,348.548456,0.5005009999999857,,,hard_brake,mitra_t9,data\raw\mitra\Data_T9\T9_DAll.csv,691.0,-4.101380000000001
6816,1,137.537501,138.004635,0.4671340000000157,,,hard_brake,mitra_t9,data\raw\mitra\Data_T9\T9_DAll.csv,693.0,-5.706925
6817,1,283.416675,284.150742,0.7340669999999818,,,hard_brake,mitra_t9,data\raw\mitra\Data_T9\T9_DAll.csv,700.0,-8.303
6818,10,215.648925,216.549826,0.9009010000000046,,,hard_brake,mitra_t9,data\raw\mitra\Data_T9\T9_DAll.csv,702.0,-5.0501933333333335
6819,3,316.649899,317.317233,0.6673339999999826,,,hard_brake,mitra_t9,data\raw\mitra\Data_T9\T9_DAll.csv,707.0,-5.330046666666666
6820,3,342.809385,343.543452,0.7340669999999818,,,hard_brake,mitra_t9,data\raw\mitra\Data_T9\T9_DAll.csv,711.0,-11.041125000000001
6821,3,344.110686,345.044953,0.9342670000000339,,,hard_brake,mitra_t9,data\raw\mitra\Data_T9\T9_DAll.csv,713.0,-11.296275000000001
6822,7,123.289924,123.990624,0.7006999999999977,,,hard_brake,mitra_t9,data\raw\mitra\Data_T9\T9_DAll.csv,714.0,-4.463313333333334
6823,1,177.844464,178.378331,0.533867000000015,,,hard_brake,mitra_t9,data\raw\mitra\Data_T9\T9_DAll.csv,715.0,-5.9164125
6824,1,355.989228,357.056962,1.067733999999973,,,hard_brake,mitra_t9,data\raw\mitra\Data_T9\T9_DAll.csv,717.0,-6.836973333333333
6825,3,345.345253,346.212787,0.8675339999999778,,,hard_brake,mitra_t9,data\raw\mitra\Data_T9\T9_DAll.csv,718.0,-11.886624999999999
6826,1,167.867823,168.535157,0.667334000000011,,,hard_brake,mitra_t9,data\raw\mitra\Data_T9\T9_DAll.csv,719.0,-9.8279125
6827,0,163.696987,164.531154,0.8341669999999795,,,hard_brake,mitra_t9,data\raw\mitra\Data_T9\T9_DAll.csv,720.0,-10.8237875
6828,10,162.062019,163.229853,1.1678339999999992,,,hard_brake,mitra_t9,data\raw\mitra\Data_T9\T9_DAll.csv,721.0,-6.058719999999999
6829,10,164.16412,165.265221,1.1011009999999999,,,hard_brake,mitra_t9,data\raw\mitra\Data_T9\T9_DAll.csv,721.0,-4.415566666666667
6830,2,354.721294,355.722294,1.0009999999999764,,,hard_brake,mitra_t9,data\raw\mitra\Data_T9\T9_DAll.csv,728.0,-8.884519999999998
6831,3,350.550457,351.551458,1.0010010000000307,,,hard_brake,mitra_t9,data\raw\mitra\Data_T9\T9_DAll.csv,730.0,-6.65736
6832,3,352.085325,352.886126,0.8008009999999786,,,hard_brake,mitra_t9,data\raw\mitra\Data_T9\T9_DAll.csv,733.0,-10.189062499999999
6833,10,160.660618,161.494785,0.8341670000000079,,,hard_brake,mitra_t9,data\raw\mitra\Data_T9\T9_DAll.csv,734.0,-7.17366
6834,10,162.262219,162.829453,0.5672340000000133,,,hard_brake,mitra_t9,data\raw\mitra\Data_T9\T9_DAll.csv,734.0,-6.51384
6835,10,164.731354,165.865822,1.1344679999999983,,,hard_brake,mitra_t9,data\raw\mitra\Data_T9\T9_DAll.csv,734.0,-6.207300000000001
6836,2,353.386626,353.887126,0.500500000000045,,,hard_brake,mitra_t9,data\raw\mitra\Data_T9\T9_DAll.csv,737.0,-6.7803875
6837,2,358.49173,359.225797,0.7340669999999818,,,hard_brake,mitra_t9,data\raw\mitra\Data_T9\T9_DAll.csv,744.0,-7.853537500000001
6838,3,360.026598,360.894131,0.8675330000000372,,,hard_brake,mitra_t9,data\raw\mitra\Data_T9\T9_DAll.csv,745.0,-15.810799999999999
6839,3,357.690929,358.39163,0.7007010000000378,,,hard_brake,mitra_t9,data\raw\mitra\Data_T9\T9_DAll.csv,749.0,-11.394487499999999
6840,7,554.154007,554.754607,0.6005999999999858,,,hard_brake,mitra_t9,data\raw\mitra\Data_T9\T9_DAll.csv,751.0,-6.262474999999999
6841,3,359.29253,360.059964,0.7674339999999802,,,hard_brake,mitra_t9,data\raw\mitra\Data_T9\T9_DAll.csv,752.0,-12.858074999999998
6842,7,597.897739,598.531706,0.6339669999999842,,,hard_brake,mitra_t9,data\raw\mitra\Data_T9\T9_DAll.csv,753.0,-9.925812500000001
6843,7,144.544506,145.11174,0.5672339999999849,,,hard_brake,mitra_t9,data\raw\mitra\Data_T9\T9_DAll.csv,758.0,-4.814953333333333
6844,7,146.913541,147.480775,0.5672339999999849,,,hard_brake,mitra_t9,data\raw\mitra\Data_T9\T9_DAll.csv,758.0,-8.46318
6845,7,545.4453,546.146001,0.7007009999999809,,,hard_brake,mitra_t9,data\raw\mitra\Data_T9\T9_DAll.csv,758.0,-5.6423625
6846,3,362.629199,363.563467,0.9342679999999746,,,hard_brake,mitra_t9,data\raw\mitra\Data_T9\T9_DAll.csv,759.0,-18.281037499999996
6847,1,207.707652,208.174786,0.4671340000000157,,,hard_brake,mitra_t9,data\raw\mitra\Data_T9\T9_DAll.csv,760.0,-4.34578
6848,2,366.032602,366.900136,0.8675339999999778,,,hard_brake,mitra_t9,data\raw\mitra\Data_T9\T9_DAll.csv,762.0,-10.2341125
6849,21,198.698646,199.36598,0.667334000000011,,,hard_brake,mitra_t9,data\raw\mitra\Data_T9\T9_DAll.csv,766.0,-12.914124999999999
6850,7,612.545716,613.21305,0.6673339999999826,,,hard_brake,mitra_t9,data\raw\mitra\Data_T9\T9_DAll.csv,772.0,-4.660380000000001
6851,1,209.709654,210.577188,0.8675340000000062,,,hard_brake,mitra_t9,data\raw\mitra\Data_T9\T9_DAll.csv,773.0,-6.727500000000001
6852,11,185.118402,185.785736,0.667334000000011,,,hard_brake,mitra_t9,data\raw\mitra\Data_T9\T9_DAll.csv,776.0,-5.380526666666667
6853,1,221.721663,222.25553,0.5338669999999865,,,hard_brake,mitra_t9,data\raw\mitra\Data_T9\T9_DAll.csv,778.0,-8.2253625
6854,7,707.006819,707.807619,0.8008000000000948,,,hard_brake,mitra_t9,data\raw\mitra\Data_T9\T9_DAll.csv,788.0,-19.5535375
6855,3,373.573474,374.574475,1.0010010000000307,,,hard_brake,mitra_t9,data\raw\mitra\Data_T9\T9_DAll.csv,791.0,-6.23068
6856,0,215.749025,216.583192,0.8341670000000079,,,hard_brake,mitra_t9,data\raw\mitra\Data_T9\T9_DAll.csv,792.0,-20.427687499999998
6857,1,236.202807,236.936874,0.7340669999999818,,,hard_brake,mitra_t9,data\raw\mitra\Data_T9\T9_DAll.csv,793.0,-6.120374999999999
6858,2,373.973874,374.741308,0.7674339999999802,,,hard_brake,mitra_t9,data\raw\mitra\Data_T9\T9_DAll.csv,796.0,-11.9660625
6859,3,376.876777,377.744311,0.8675339999999778,,,hard_brake,mitra_t9,data\raw\mitra\Data_T9\T9_DAll.csv,799.0,-11.0087
6860,21,233.233171,233.900505,0.667334000000011,,,hard_brake,mitra_t9,data\raw\mitra\Data_T9\T9_DAll.csv,802.0,-12.935012499999997
6861,2,375.041609,375.909142,0.8675329999999803,,,hard_brake,mitra_t9,data\raw\mitra\Data_T9\T9_DAll.csv,810.0,-17.18525
6862,3,356.256161,357.056962,0.8008009999999786,,,hard_brake,mitra_t9,data\raw\mitra\Data_T9\T9_DAll.csv,812.0,-12.9876125
6863,1,249.18245,249.949883,0.7674330000000111,,,hard_brake,mitra_t9,data\raw\mitra\Data_T9\T9_DAll.csv,819.0,-9.3551875
6864,3,382.582481,383.249815,0.6673340000000394,,,hard_brake,mitra_t9,data\raw\mitra\Data_T9\T9_DAll.csv,820.0,-4.6027466666666665
6865,2,385.71895,386.41965,0.7006999999999834,,,hard_brake,mitra_t9,data\raw\mitra\Data_T9\T9_DAll.csv,824.0,-6.0139125
6866,3,383.983882,384.918149,0.9342670000000339,,,hard_brake,mitra_t9,data\raw\mitra\Data_T9\T9_DAll.csv,825.0,-12.490537500000002
6867,3,364.497734,365.231801,0.7340670000000387,,,hard_brake,mitra_t9,data\raw\mitra\Data_T9\T9_DAll.csv,826.0,-4.31798
6868,1,375.708942,376.576476,0.8675340000000347,,,hard_brake,mitra_t9,data\raw\mitra\Data_T9\T9_DAll.csv,827.0,-13.8592125
6869,1,254.92152,255.622221,0.7007010000000093,,,hard_brake,mitra_t9,data\raw\mitra\Data_T9\T9_DAll.csv,828.0,-4.946025
6870,3,384.984882,385.91915,0.9342679999999746,,,hard_brake,mitra_t9,data\raw\mitra\Data_T9\T9_DAll.csv,830.0,-5.49622
6871,3,314.347597,315.348598,1.0010009999999738,,,hard_brake,mitra_t9,data\raw\mitra\Data_T9\T9_DAll.csv,834.0,-7.056446666666667
6872,1,260.126724,260.727325,0.6006009999999833,,,hard_brake,mitra_t9,data\raw\mitra\Data_T9\T9_DAll.csv,836.0,-4.766413333333333
6873,2,384.150715,385.084983,0.9342680000000314,,,hard_brake,mitra_t9,data\raw\mitra\Data_T9\T9_DAll.csv,839.0,-9.4819625
6874,3,392.225454,393.092988,0.8675339999999778,,,hard_brake,mitra_t9,data\raw\mitra\Data_T9\T9_DAll.csv,847.0,-12.179712499999999
6875,0,233.566838,234.234172,0.667334000000011,,,hard_brake,mitra_t9,data\raw\mitra\Data_T9\T9_DAll.csv,851.0,-4.769653333333334
6876,2,377.177077,377.911144,0.7340669999999818,,,hard_brake,mitra_t9,data\raw\mitra\Data_T9\T9_DAll.csv,854.0,-15.149125000000002
6877,0,258.65859,259.592857,0.9342669999999771,,,hard_brake,mitra_t9,data\raw\mitra\Data_T9\T9_DAll.csv,859.0,-9.413613333333334
6878,2,380.246812,381.08098,0.8341680000000338,,,hard_brake,mitra_t9,data\raw\mitra\Data_T9\T9_DAll.csv,871.0,-13.3392125
6879,1,287.821078,288.488412,0.6673339999999826,,,hard_brake,mitra_t9,data\raw\mitra\Data_T9\T9_DAll.csv,873.0,-9.942124999999999
6880,1,394.79469,395.59549,0.8007999999999811,,,hard_brake,mitra_t9,data\raw\mitra\Data_T9\T9_DAll.csv,874.0,-8.2751625
6881,1,295.528784,296.329584,0.8008000000000379,,,hard_brake,mitra_t9,data\raw\mitra\Data_T9\T9_DAll.csv,887.0,-13.450387500000001
6882,3,394.961523,395.762324,0.8008009999999786,,,hard_brake,mitra_t9,data\raw\mitra\Data_T9\T9_DAll.csv,889.0,-13.827862499999998
6883,1,303.803723,304.33759,0.5338669999999865,,,hard_brake,mitra_t9,data\raw\mitra\Data_T9\T9_DAll.csv,892.0,-8.8017875
6884,0,298.231485,299.065653,0.8341679999999769,,,hard_brake,mitra_t9,data\raw\mitra\Data_T9\T9_DAll.csv,893.0,-9.096306666666667
6885,0,359.19243,359.726297,0.5338669999999865,,,hard_brake,mitra_t9,data\raw\mitra\Data_T9\T9_DAll.csv,893.0,-5.8798625
6886,3,396.362924,397.430658,1.067733999999973,,,hard_brake,mitra_t9,data\raw\mitra\Data_T9\T9_DAll.csv,895.0,-5.338546666666668
6887,2,307.340592,308.174759,0.8341669999999795,,,hard_brake,mitra_t9,data\raw\mitra\Data_T9\T9_DAll.csv,896.0,-9.198287500000001
6888,2,311.611529,312.178762,0.5672329999999874,,,hard_brake,mitra_t9,data\raw\mitra\Data_T9\T9_DAll.csv,902.0,-6.2008625
6889,3,400.066627,400.934161,0.8675340000000347,,,hard_brake,mitra_t9,data\raw\mitra\Data_T9\T9_DAll.csv,904.0,-26.1377375
6890,3,312.512429,312.979563,0.4671339999999873,,,hard_brake,mitra_t9,data\raw\mitra\Data_T9\T9_DAll.csv,905.0,-4.386713333333334
6891,3,406.306198,407.273832,0.9676340000000323,,,hard_brake,mitra_t9,data\raw\mitra\Data_T9\T9_DAll.csv,906.0,-5.79458
6892,21,503.036236,503.837036,0.8008000000000379,,,hard_brake,mitra_t9,data\raw\mitra\Data_T9\T9_DAll.csv,907.0,-6.7673
6893,3,407.674232,408.441666,0.7674339999999802,,,hard_brake,mitra_t9,data\raw\mitra\Data_T9\T9_DAll.csv,911.0,-18.71995
6894,21,523.456651,523.990518,0.5338669999999865,,,hard_brake,mitra_t9,data\raw\mitra\Data_T9\T9_DAll.csv,912.0,-8.5316625
6895,7,623.456624,624.224058,0.7674339999999802,,,hard_brake,mitra_t9,data\raw\mitra\Data_T9\T9_DAll.csv,913.0,-12.479712500000002
6896,1,325.191772,325.692272,0.5004999999999882,,,hard_brake,mitra_t9,data\raw\mitra\Data_T9\T9_DAll.csv,916.0,-5.854775000000001
6897,3,413.24647,413.94717,0.7007000000000403,,,hard_brake,mitra_t9,data\raw\mitra\Data_T9\T9_DAll.csv,917.0,-18.000262499999998
6898,3,415.982539,416.783339,0.8008000000000379,,,hard_brake,mitra_t9,data\raw\mitra\Data_T9\T9_DAll.csv,921.0,-12.958450000000001
6899,1,390.490387,391.324554,0.8341669999999795,,,hard_brake,mitra_t9,data\raw\mitra\Data_T9\T9_DAll.csv,922.0,-4.932253333333334
6900,3,371.971873,372.739307,0.7674339999999802,,,hard_brake,mitra_t9,data\raw\mitra\Data_T9\T9_DAll.csv,923.0,-8.2129625
6901,21,321.755003,322.322237,0.5672339999999849,,,hard_brake,mitra_t9,data\raw\mitra\Data_T9\T9_DAll.csv,924.0,-4.9604625
6902,1,309.142393,309.709627,0.5672339999999849,,,hard_brake,mitra_t9,data\raw\mitra\Data_T9\T9_DAll.csv,925.0,-5.213273333333333
6903,1,406.473032,407.273832,0.8008000000000379,,,hard_brake,mitra_t9,data\raw\mitra\Data_T9\T9_DAll.csv,927.0,-10.704999999999998
6904,21,331.297876,331.998577,0.7007010000000378,,,hard_brake,mitra_t9,data\raw\mitra\Data_T9\T9_DAll.csv,928.0,-6.5364125
6905,3,420.854075,421.454676,0.6006009999999833,,,hard_brake,mitra_t9,data\raw\mitra\Data_T9\T9_DAll.csv,930.0,-7.354100000000001
6906,1,407.807699,408.775333,0.9676339999999755,,,hard_brake,mitra_t9,data\raw\mitra\Data_T9\T9_DAll.csv,931.0,-17.1732125
6907,7,775.141602,775.875669,0.7340669999999818,,,hard_brake,mitra_t9,data\raw\mitra\Data_T9\T9_DAll.csv,933.0,-8.8473
6908,1,409.3092,409.943167,0.633967000000041,,,hard_brake,mitra_t9,data\raw\mitra\Data_T9\T9_DAll.csv,935.0,-4.68058
6909,1,334.267512,335.034946,0.7674339999999802,,,hard_brake,mitra_t9,data\raw\mitra\Data_T9\T9_DAll.csv,937.0,-11.035337499999997
6910,2,407.674232,408.6085,0.9342679999999746,,,hard_brake,mitra_t9,data\raw\mitra\Data_T9\T9_DAll.csv,943.0,-15.549199999999999
6911,1,354.85476,355.722294,0.8675339999999778,,,hard_brake,mitra_t9,data\raw\mitra\Data_T9\T9_DAll.csv,955.0,-6.823725
6912,3,427.627514,428.461681,0.8341669999999795,,,hard_brake,mitra_t9,data\raw\mitra\Data_T9\T9_DAll.csv,956.0,-29.903925000000005
6913,1,353.253159,354.05396,0.8008010000000354,,,hard_brake,mitra_t9,data\raw\mitra\Data_T9\T9_DAll.csv,958.0,-4.46976
6914,2,415.081638,415.615505,0.5338669999999865,,,hard_brake,mitra_t9,data\raw\mitra\Data_T9\T9_DAll.csv,959.0,-4.932526666666666
6915,1,357.991229,358.89213,0.900901000000033,,,hard_brake,mitra_t9,data\raw\mitra\Data_T9\T9_DAll.csv,961.0,-5.354159999999999
6916,2,419.352574,420.286842,0.9342679999999746,,,hard_brake,mitra_t9,data\raw\mitra\Data_T9\T9_DAll.csv,964.0,-10.522212500000002
6917,1,359.425997,360.059964,0.6339669999999842,,,hard_brake,mitra_t9,data\raw\mitra\Data_T9\T9_DAll.csv,965.0,-7.59385
6918,3,422.956177,423.790344,0.8341669999999795,,,hard_brake,mitra_t9,data\raw\mitra\Data_T9\T9_DAll.csv,966.0,-27.526674999999997
6919,2,424.023911,424.958178,0.9342669999999771,,,hard_brake,mitra_t9,data\raw\mitra\Data_T9\T9_DAll.csv,968.0,-6.757273333333333
6920,2,420.987542,421.788343,0.8008009999999786,,,hard_brake,mitra_t9,data\raw\mitra\Data_T9\T9_DAll.csv,969.0,-11.7134875
6921,1,364.497734,365.131701,0.633967000000041,,,hard_brake,mitra_t9,data\raw\mitra\Data_T9\T9_DAll.csv,972.0,-5.13522
6922,1,414.914804,415.448672,0.533867999999984,,,hard_brake,mitra_t9,data\raw\mitra\Data_T9\T9_DAll.csv,974.0,-4.148126666666667
6923,3,430.330216,431.29785,0.9676339999999755,,,hard_brake,mitra_t9,data\raw\mitra\Data_T9\T9_DAll.csv,976.0,-6.264460000000001
6924,1,374.140708,374.741308,0.6005999999999858,,,hard_brake,mitra_t9,data\raw\mitra\Data_T9\T9_DAll.csv,978.0,-8.5421125
6925,21,360.960865,361.861766,0.9009009999999762,,,hard_brake,mitra_t9,data\raw\mitra\Data_T9\T9_DAll.csv,979.0,-6.61068
6926,1,424.224111,425.125012,0.900901000000033,,,hard_brake,mitra_t9,data\raw\mitra\Data_T9\T9_DAll.csv,980.0,-6.019266666666667
6927,7,335.568813,336.80338,1.2345670000000268,,,hard_brake,mitra_t9,data\raw\mitra\Data_T9\T9_DAll.csv,985.0,-10.199593333333333
6928,0,417.417306,418.118007,0.7007009999999809,,,hard_brake,mitra_t9,data\raw\mitra\Data_T9\T9_DAll.csv,991.0,-28.28695
6929,2,433.299851,434.467685,1.1678340000000276,,,hard_brake,mitra_t9,data\raw\mitra\Data_T9\T9_DAll.csv,992.0,-7.213233333333333
6930,1,418.418307,419.285841,0.8675339999999778,,,hard_brake,mitra_t9,data\raw\mitra\Data_T9\T9_DAll.csv,993.0,-8.5298125
6931,3,432.398951,433.133018,0.7340669999999818,,,hard_brake,mitra_t9,data\raw\mitra\Data_T9\T9_DAll.csv,994.0,-13.718462499999998
6932,1,380.580479,381.414647,0.8341679999999769,,,hard_brake,mitra_t9,data\raw\mitra\Data_T9\T9_DAll.csv,996.0,-11.535025
6933,3,437.504054,438.304855,0.8008009999999786,,,hard_brake,mitra_t9,data\raw\mitra\Data_T9\T9_DAll.csv,998.0,-12.7459
6934,1,431.09765,431.79835,0.7007000000000403,,,hard_brake,mitra_t9,data\raw\mitra\Data_T9\T9_DAll.csv,1002.0,-8.395375
6935,21,375.875776,376.509743,0.633967000000041,,,hard_brake,mitra_t9,data\raw\mitra\Data_T9\T9_DAll.csv,1003.0,-10.4110625
6936,1,385.985883,386.753317,0.7674339999999802,,,hard_brake,mitra_t9,data\raw\mitra\Data_T9\T9_DAll.csv,1006.0,-6.6038749999999995
6937,3,440.17339,440.97419,0.8008000000000379,,,hard_brake,mitra_t9,data\raw\mitra\Data_T9\T9_DAll.csv,1007.0,-11.912949999999999
6938,7,579.345858,580.180026,0.8341679999999769,,,hard_brake,mitra_t9,data\raw\mitra\Data_T9\T9_DAll.csv,1011.0,-9.0481125
6939,2,353.75366,354.621194,0.8675339999999778,,,hard_brake,mitra_t9,data\raw\mitra\Data_T9\T9_DAll.csv,1013.0,-8.398713333333331
6940,3,431.264483,432.132017,0.8675340000000347,,,hard_brake,mitra_t9,data\raw\mitra\Data_T9\T9_DAll.csv,1016.0,-24.05055
6941,3,449.482696,450.316864,0.8341680000000338,,,hard_brake,mitra_t9,data\raw\mitra\Data_T9\T9_DAll.csv,1021.0,-8.1151625
6942,3,442.809358,443.643526,0.8341680000000338,,,hard_brake,mitra_t9,data\raw\mitra\Data_T9\T9_DAll.csv,1024.0,-14.592987499999998
6943,1,453.9872,454.821367,0.8341670000000363,,,hard_brake,mitra_t9,data\raw\mitra\Data_T9\T9_DAll.csv,1035.0,-10.410725000000001
6944,1,397.297192,397.797692,0.5004999999999882,,,hard_brake,mitra_t9,data\raw\mitra\Data_T9\T9_DAll.csv,1037.0,-4.720866666666667
6945,1,450.650531,451.484698,0.8341669999999795,,,hard_brake,mitra_t9,data\raw\mitra\Data_T9\T9_DAll.csv,1038.0,-18.360550000000003
6946,2,455.088301,455.822368,0.7340669999999818,,,hard_brake,mitra_t9,data\raw\mitra\Data_T9\T9_DAll.csv,1039.0,-11.585925
6947,3,401.668228,402.302195,0.6339669999999842,,,hard_brake,mitra_t9,data\raw\mitra\Data_T9\T9_DAll.csv,1040.0,-5.640013333333333
6948,3,455.221767,455.989201,0.7674339999999802,,,hard_brake,mitra_t9,data\raw\mitra\Data_T9\T9_DAll.csv,1040.0,-11.1225625
6949,21,394.060622,394.727956,0.6673339999999826,,,hard_brake,mitra_t9,data\raw\mitra\Data_T9\T9_DAll.csv,1042.0,-7.212812500000001
6950,3,445.178393,445.645527,0.4671339999999873,,,hard_brake,mitra_t9,data\raw\mitra\Data_T9\T9_DAll.csv,1045.0,-4.323206666666667
6951,3,463.596807,464.330874,0.7340669999999818,,,hard_brake,mitra_t9,data\raw\mitra\Data_T9\T9_DAll.csv,1045.0,-23.075037500000004
6952,2,450.450331,451.251131,0.8007999999999811,,,hard_brake,mitra_t9,data\raw\mitra\Data_T9\T9_DAll.csv,1046.0,-4.69402
6953,21,402.435662,403.236463,0.8008010000000354,,,hard_brake,mitra_t9,data\raw\mitra\Data_T9\T9_DAll.csv,1047.0,-8.8678125
6954,21,404.804697,405.338564,0.5338670000000434,,,hard_brake,mitra_t9,data\raw\mitra\Data_T9\T9_DAll.csv,1051.0,-9.7657
6955,3,467.80101,468.50171,0.7006999999999834,,,hard_brake,mitra_t9,data\raw\mitra\Data_T9\T9_DAll.csv,1052.0,-7.612425
6956,3,409.275834,409.843067,0.5672330000000443,,,hard_brake,mitra_t9,data\raw\mitra\Data_T9\T9_DAll.csv,1055.0,-4.62826
6957,3,465.331875,466.099309,0.7674339999999802,,,hard_brake,mitra_t9,data\raw\mitra\Data_T9\T9_DAll.csv,1055.0,-20.598574999999997
6958,3,472.23878,473.006214,0.7674339999999802,,,hard_brake,mitra_t9,data\raw\mitra\Data_T9\T9_DAll.csv,1058.0,-11.097287499999998
6959,2,468.668544,469.502711,0.8341669999999795,,,hard_brake,mitra_t9,data\raw\mitra\Data_T9\T9_DAll.csv,1062.0,-27.612225000000002
6960,3,470.804012,471.671546,0.8675339999999778,,,hard_brake,mitra_t9,data\raw\mitra\Data_T9\T9_DAll.csv,1063.0,-7.9289125
6961,3,476.57645,477.343884,0.7674339999999802,,,hard_brake,mitra_t9,data\raw\mitra\Data_T9\T9_DAll.csv,1066.0,-12.873225000000001
6962,2,471.371246,472.172046,0.8008000000000379,,,hard_brake,mitra_t9,data\raw\mitra\Data_T9\T9_DAll.csv,1067.0,-11.191524999999999
6963,1,455.355234,456.322868,0.9676340000000323,,,hard_brake,mitra_t9,data\raw\mitra\Data_T9\T9_DAll.csv,1068.0,-5.9727
6964,7,687.754238,688.288105,0.5338669999999865,,,hard_brake,mitra_t9,data\raw\mitra\Data_T9\T9_DAll.csv,1070.0,-6.050587499999999
6965,2,473.173047,474.007214,0.8341669999999795,,,hard_brake,mitra_t9,data\raw\mitra\Data_T9\T9_DAll.csv,1073.0,-26.4474625
6966,3,478.945485,479.679552,0.7340669999999818,,,hard_brake,mitra_t9,data\raw\mitra\Data_T9\T9_DAll.csv,1075.0,-9.590725
6967,0,437.337221,438.138021,0.8007999999999811,,,hard_brake,mitra_t9,data\raw\mitra\Data_T9\T9_DAll.csv,1076.0,-19.270675000000004
6968,2,442.809358,443.376592,0.5672340000000418,,,hard_brake,mitra_t9,data\raw\mitra\Data_T9\T9_DAll.csv,1078.0,-4.8554
6969,1,452.185398,452.986199,0.8008009999999786,,,hard_brake,mitra_t9,data\raw\mitra\Data_T9\T9_DAll.csv,1085.0,-18.1692125
6970,3,482.849388,483.516721,0.6673330000000419,,,hard_brake,mitra_t9,data\raw\mitra\Data_T9\T9_DAll.csv,1088.0,-10.019437500000002
6971,7,722.889364,723.489964,0.6005999999999858,,,hard_brake,mitra_t9,data\raw\mitra\Data_T9\T9_DAll.csv,1089.0,-10.855762499999999
6972,7,390.723953,391.324554,0.6006009999999833,,,hard_brake,mitra_t9,data\raw\mitra\Data_T9\T9_DAll.csv,1090.0,-5.424906666666668
6973,3,430.597149,431.39795,0.8008009999999786,,,hard_brake,mitra_t9,data\raw\mitra\Data_T9\T9_DAll.csv,1096.0,-4.143613333333334
6974,2,479.345885,480.180052,0.8341669999999795,,,hard_brake,mitra_t9,data\raw\mitra\Data_T9\T9_DAll.csv,1096.0,-25.176062499999997
6975,3,486.55309,487.353891,0.8008009999999786,,,hard_brake,mitra_t9,data\raw\mitra\Data_T9\T9_DAll.csv,1099.0,-9.426512500000001
6976,1,468.067943,469.002211,0.9342679999999746,,,hard_brake,mitra_t9,data\raw\mitra\Data_T9\T9_DAll.csv,1100.0,-16.023712500000002
6977,3,488.021225,488.855392,0.8341669999999795,,,hard_brake,mitra_t9,data\raw\mitra\Data_T9\T9_DAll.csv,1103.0,-11.7632625
6978,1,425.091645,425.959179,0.8675339999999778,,,hard_brake,mitra_t9,data\raw\mitra\Data_T9\T9_DAll.csv,1106.0,-17.4499125
6979,1,472.705914,473.173047,0.4671329999999898,,,hard_brake,mitra_t9,data\raw\mitra\Data_T9\T9_DAll.csv,1108.0,-5.4548
6980,1,427.794347,428.728615,0.9342679999999746,,,hard_brake,mitra_t9,data\raw\mitra\Data_T9\T9_DAll.csv,1109.0,-6.643126666666666
6981,2,478.311518,479.012218,0.7007000000000403,,,hard_brake,mitra_t9,data\raw\mitra\Data_T9\T9_DAll.csv,1110.0,-7.001075
6982,7,697.363845,698.131279,0.7674339999999802,,,hard_brake,mitra_t9,data\raw\mitra\Data_T9\T9_DAll.csv,1113.0,-10.5608
6983,7,767.70083,768.368164,0.6673339999999826,,,hard_brake,mitra_t9,data\raw\mitra\Data_T9\T9_DAll.csv,1116.0,-11.122975
6984,2,484.217422,485.185056,0.9676339999999755,,,hard_brake,mitra_t9,data\raw\mitra\Data_T9\T9_DAll.csv,1117.0,-7.48038
6985,3,489.522726,490.356893,0.8341670000000363,,,hard_brake,mitra_t9,data\raw\mitra\Data_T9\T9_DAll.csv,1118.0,-27.232225
6986,1,438.605155,439.139022,0.5338669999999865,,,hard_brake,mitra_t9,data\raw\mitra\Data_T9\T9_DAll.csv,1122.0,-7.8406625
6987,3,493.126328,494.027229,0.9009009999999762,,,hard_brake,mitra_t9,data\raw\mitra\Data_T9\T9_DAll.csv,1126.0,-19.757824999999997
6988,1,475.775649,476.509716,0.7340670000000387,,,hard_brake,mitra_t9,data\raw\mitra\Data_T9\T9_DAll.csv,1130.0,-11.139562499999998
6989,3,496.930131,497.697565,0.7674339999999802,,,hard_brake,mitra_t9,data\raw\mitra\Data_T9\T9_DAll.csv,1131.0,-23.239850000000004
6990,7,769.469265,770.370165,0.9009000000000924,,,hard_brake,mitra_t9,data\raw\mitra\Data_T9\T9_DAll.csv,1132.0,-14.137062499999999
6991,3,495.361897,496.196064,0.8341669999999795,,,hard_brake,mitra_t9,data\raw\mitra\Data_T9\T9_DAll.csv,1133.0,-13.438524999999998
6992,1,484.651189,485.351889,0.7007000000000403,,,hard_brake,mitra_t9,data\raw\mitra\Data_T9\T9_DAll.csv,1134.0,-5.1587
6993,2,491.724927,492.525728,0.8008010000000354,,,hard_brake,mitra_t9,data\raw\mitra\Data_T9\T9_DAll.csv,1135.0,-24.7715625
6994,2,489.956493,490.523727,0.5672339999999849,,,hard_brake,mitra_t9,data\raw\mitra\Data_T9\T9_DAll.csv,1136.0,-8.895637500000001
6995,3,438.972189,439.639523,0.6673339999999826,,,hard_brake,mitra_t9,data\raw\mitra\Data_T9\T9_DAll.csv,1137.0,-7.504175
6996,1,485.819023,486.686557,0.8675339999999778,,,hard_brake,mitra_t9,data\raw\mitra\Data_T9\T9_DAll.csv,1139.0,-20.711025000000003
6997,2,495.361897,496.029231,0.6673339999999826,,,hard_brake,mitra_t9,data\raw\mitra\Data_T9\T9_DAll.csv,1140.0,-8.470212499999999
6998,1,486.986857,487.854391,0.8675340000000347,,,hard_brake,mitra_t9,data\raw\mitra\Data_T9\T9_DAll.csv,1141.0,-20.669612499999996
6999,3,503.136336,503.870403,0.7340670000000387,,,hard_brake,mitra_t9,data\raw\mitra\Data_T9\T9_DAll.csv,1147.0,-4.9186749999999995
7000,2,501.067601,501.868402,0.8008009999999786,,,hard_brake,mitra_t9,data\raw\mitra\Data_T9\T9_DAll.csv,1150.0,-16.694074999999998
7001,3,504.80467,505.705571,0.900901000000033,,,hard_brake,mitra_t9,data\raw\mitra\Data_T9\T9_DAll.csv,1151.0,-11.7847875
7002,2,502.669202,503.70357,1.034368000000029,,,hard_brake,mitra_t9,data\raw\mitra\Data_T9\T9_DAll.csv,1153.0,-8.1087
7003,1,491.024227,491.858394,0.8341669999999795,,,hard_brake,mitra_t9,data\raw\mitra\Data_T9\T9_DAll.csv,1156.0,-21.3639625
7004,3,506.439638,507.207072,0.7674339999999802,,,hard_brake,mitra_t9,data\raw\mitra\Data_T9\T9_DAll.csv,1158.0,-18.623475000000003
7005,3,490.89076,491.357894,0.4671339999999873,,,hard_brake,mitra_t9,data\raw\mitra\Data_T9\T9_DAll.csv,1160.0,-7.1868375
7006,7,783.116241,783.883675,0.7674340000000939,,,hard_brake,mitra_t9,data\raw\mitra\Data_T9\T9_DAll.csv,1161.0,-6.046637499999999
7007,3,507.674206,508.708573,1.0343669999999747,,,hard_brake,mitra_t9,data\raw\mitra\Data_T9\T9_DAll.csv,1164.0,-5.955733333333333
7008,3,509.108974,509.876407,0.7674329999999827,,,hard_brake,mitra_t9,data\raw\mitra\Data_T9\T9_DAll.csv,1167.0,-7.7219
7009,2,505.405271,505.872405,0.4671339999999873,,,hard_brake,mitra_t9,data\raw\mitra\Data_T9\T9_DAll.csv,1170.0,-4.938937499999999
7010,3,510.143341,510.877408,0.7340669999999818,,,hard_brake,mitra_t9,data\raw\mitra\Data_T9\T9_DAll.csv,1171.0,-14.1937625
7011,3,457.323869,457.824369,0.5004999999999882,,,hard_brake,mitra_t9,data\raw\mitra\Data_T9\T9_DAll.csv,1173.0,-4.7913625
7012,3,511.044242,511.878409,0.8341669999999795,,,hard_brake,mitra_t9,data\raw\mitra\Data_T9\T9_DAll.csv,1174.0,-20.473675
7013,2,507.273806,508.208073,0.9342670000000339,,,hard_brake,mitra_t9,data\raw\mitra\Data_T9\T9_DAll.csv,1175.0,-6.2208733333333335
7014,3,479.779652,480.313519,0.5338669999999865,,,hard_brake,mitra_t9,data\raw\mitra\Data_T9\T9_DAll.csv,1180.0,-4.33284
7015,3,520.453649,521.554749,1.101099999999974,,,hard_brake,mitra_t9,data\raw\mitra\Data_T9\T9_DAll.csv,1180.0,-10.651370000000002
7016,3,518.685214,519.385914,0.7006999999999834,,,hard_brake,mitra_t9,data\raw\mitra\Data_T9\T9_DAll.csv,1181.0,-14.3513
7017,2,508.808673,509.542741,0.7340679999999793,,,hard_brake,mitra_t9,data\raw\mitra\Data_T9\T9_DAll.csv,1182.0,-15.9402625
7018,2,512.178709,512.712576,0.5338669999999865,,,hard_brake,mitra_t9,data\raw\mitra\Data_T9\T9_DAll.csv,1186.0,-7.255962500000001
7019,7,777.043503,777.710837,0.6673339999999826,,,hard_brake,mitra_t9,data\raw\mitra\Data_T9\T9_DAll.csv,1188.0,-8.512649999999999
7020,1,504.537737,505.205071,0.6673339999999826,,,hard_brake,mitra_t9,data\raw\mitra\Data_T9\T9_DAll.csv,1194.0,-7.015837500000001
7021,2,513.012876,513.88041,0.8675339999999778,,,hard_brake,mitra_t9,data\raw\mitra\Data_T9\T9_DAll.csv,1195.0,-22.8537125
7022,3,525.959153,526.726586,0.7674329999999827,,,hard_brake,mitra_t9,data\raw\mitra\Data_T9\T9_DAll.csv,1197.0,-6.0066125
7023,2,518.885414,519.719581,0.8341669999999795,,,hard_brake,mitra_t9,data\raw\mitra\Data_T9\T9_DAll.csv,1204.0,-13.1981875
7024,2,516.015879,516.883413,0.8675339999999778,,,hard_brake,mitra_t9,data\raw\mitra\Data_T9\T9_DAll.csv,1206.0,-22.045112499999995
7025,3,527.727587,528.561754,0.8341669999999795,,,hard_brake,mitra_t9,data\raw\mitra\Data_T9\T9_DAll.csv,1208.0,-6.708374999999999
7026,3,529.095622,529.729589,0.6339669999999842,,,hard_brake,mitra_t9,data\raw\mitra\Data_T9\T9_DAll.csv,1215.0,-6.820449999999999
7027,21,506.206071,506.739938,0.5338669999999865,,,hard_brake,mitra_t9,data\raw\mitra\Data_T9\T9_DAll.csv,1218.0,-8.191225
7028,1,507.640839,508.54174,0.9009009999999762,,,hard_brake,mitra_t9,data\raw\mitra\Data_T9\T9_DAll.csv,1220.0,-5.240493333333334
7029,3,532.398924,533.399925,1.0010010000000875,,,hard_brake,mitra_t9,data\raw\mitra\Data_T9\T9_DAll.csv,1222.0,-8.200113333333332
7030,21,475.975849,476.810017,0.8341680000000338,,,hard_brake,mitra_t9,data\raw\mitra\Data_T9\T9_DAll.csv,1223.0,-5.483453333333333
7031,21,485.685556,486.319524,0.6339679999999817,,,hard_brake,mitra_t9,data\raw\mitra\Data_T9\T9_DAll.csv,1223.0,-8.0727375
7032,1,510.810675,511.544742,0.7340669999999818,,,hard_brake,mitra_t9,data\raw\mitra\Data_T9\T9_DAll.csv,1225.0,-11.8457625
7033,3,533.933792,534.734592,0.8007999999999811,,,hard_brake,mitra_t9,data\raw\mitra\Data_T9\T9_DAll.csv,1227.0,-7.126737500000001
7034,7,678.578398,679.612765,1.0343669999999747,,,hard_brake,mitra_t9,data\raw\mitra\Data_T9\T9_DAll.csv,1228.0,-8.588688888888889
7035,7,749.34915,750.016484,0.6673339999999826,,,hard_brake,mitra_t9,data\raw\mitra\Data_T9\T9_DAll.csv,1230.0,-13.294562500000001
7036,1,515.882412,516.716579,0.8341669999999795,,,hard_brake,mitra_t9,data\raw\mitra\Data_T9\T9_DAll.csv,1233.0,-26.181187500000004
7037,2,482.348887,483.183055,0.8341680000000338,,,hard_brake,mitra_t9,data\raw\mitra\Data_T9\T9_DAll.csv,1241.0,-6.2806999999999995
7038,1,530.797323,531.73159,0.9342669999999771,,,hard_brake,mitra_t9,data\raw\mitra\Data_T9\T9_DAll.csv,1242.0,-13.950199999999999
7039,3,537.437294,538.238095,0.8008010000000922,,,hard_brake,mitra_t9,data\raw\mitra\Data_T9\T9_DAll.csv,1244.0,-16.8105625
7040,7,756.789922,757.690823,0.9009009999999762,,,hard_brake,mitra_t9,data\raw\mitra\Data_T9\T9_DAll.csv,1246.0,-9.729662500000002
7041,1,488.321525,489.022225,0.7006999999999834,,,hard_brake,mitra_t9,data\raw\mitra\Data_T9\T9_DAll.csv,1248.0,-10.4364125
7042,3,516.249445,516.883413,0.6339679999999817,,,hard_brake,mitra_t9,data\raw\mitra\Data_T9\T9_DAll.csv,1253.0,-9.699625000000001
7043,3,546.212734,547.080268,0.8675340000000915,,,hard_brake,mitra_t9,data\raw\mitra\Data_T9\T9_DAll.csv,1258.0,-24.289062499999996
7044,1,532.966158,533.900425,0.9342670000000908,,,hard_brake,mitra_t9,data\raw\mitra\Data_T9\T9_DAll.csv,1260.0,-7.586733333333332
7045,2,531.297823,532.065257,0.7674339999999802,,,hard_brake,mitra_t9,data\raw\mitra\Data_T9\T9_DAll.csv,1263.0,-14.83915
7046,2,539.105629,539.906429,0.8007999999999811,,,hard_brake,mitra_t9,data\raw\mitra\Data_T9\T9_DAll.csv,1265.0,-11.387837499999998
7047,3,549.949804,550.750604,0.8007999999999811,,,hard_brake,mitra_t9,data\raw\mitra\Data_T9\T9_DAll.csv,1266.0,-30.6432
7048,2,493.660196,494.360896,0.7007000000000403,,,hard_brake,mitra_t9,data\raw\mitra\Data_T9\T9_DAll.csv,1267.0,-8.5701
7049,2,534.901426,535.735593,0.8341669999999795,,,hard_brake,mitra_t9,data\raw\mitra\Data_T9\T9_DAll.csv,1269.0,-15.9305625
7050,3,552.852706,553.753606,0.9008999999999787,,,hard_brake,mitra_t9,data\raw\mitra\Data_T9\T9_DAll.csv,1270.0,-17.944225
7051,1,499.232433,500.033234,0.8008009999999786,,,hard_brake,mitra_t9,data\raw\mitra\Data_T9\T9_DAll.csv,1273.0,-16.2826625
7052,3,535.335193,536.06926,0.7340669999999818,,,hard_brake,mitra_t9,data\raw\mitra\Data_T9\T9_DAll.csv,1274.0,-14.9684375
7053,3,556.089275,557.090275,1.0009999999999764,,,hard_brake,mitra_t9,data\raw\mitra\Data_T9\T9_DAll.csv,1278.0,-9.094173333333334
7054,2,555.088274,555.755608,0.6673340000000962,,,hard_brake,mitra_t9,data\raw\mitra\Data_T9\T9_DAll.csv,1279.0,-7.0746125
7055,1,502.001868,502.869402,0.8675339999999778,,,hard_brake,mitra_t9,data\raw\mitra\Data_T9\T9_DAll.csv,1281.0,-12.40325
7056,1,534.334192,535.235093,0.9009009999999762,,,hard_brake,mitra_t9,data\raw\mitra\Data_T9\T9_DAll.csv,1290.0,-11.3020125
7057,3,565.331848,566.266115,0.9342669999999771,,,hard_brake,mitra_t9,data\raw\mitra\Data_T9\T9_DAll.csv,1291.0,-20.2840875
7058,3,564.464314,565.265115,0.8008010000000922,,,hard_brake,mitra_t9,data\raw\mitra\Data_T9\T9_DAll.csv,1293.0,-10.737124999999999
7059,2,503.536736,504.20407,0.6673339999999826,,,hard_brake,mitra_t9,data\raw\mitra\Data_T9\T9_DAll.csv,1295.0,-4.4030499999999995
7060,3,562.295479,563.09628,0.8008009999999786,,,hard_brake,mitra_t9,data\raw\mitra\Data_T9\T9_DAll.csv,1298.0,-20.22805
7061,2,561.261112,562.095279,0.8341669999999795,,,hard_brake,mitra_t9,data\raw\mitra\Data_T9\T9_DAll.csv,1299.0,-16.166300000000003
7062,3,568.401584,569.102284,0.7007000000000971,,,hard_brake,mitra_t9,data\raw\mitra\Data_T9\T9_DAll.csv,1301.0,-9.839
7063,3,572.639154,573.439954,0.8007999999999811,,,hard_brake,mitra_t9,data\raw\mitra\Data_T9\T9_DAll.csv,1303.0,-7.7761875
7064,3,551.618138,552.252105,0.6339669999999842,,,hard_brake,mitra_t9,data\raw\mitra\Data_T9\T9_DAll.csv,1304.0,-5.063046666666667
7065,3,574.541055,575.441956,0.9009009999999762,,,hard_brake,mitra_t9,data\raw\mitra\Data_T9\T9_DAll.csv,1308.0,-38.4434625
7066,3,579.045558,579.779625,0.7340669999999818,,,hard_brake,mitra_t9,data\raw\mitra\Data_T9\T9_DAll.csv,1312.0,-5.064536363636364
7067,2,566.332849,567.100283,0.7674339999999802,,,hard_brake,mitra_t9,data\raw\mitra\Data_T9\T9_DAll.csv,1314.0,-15.706812499999998
7068,3,582.315494,583.116295,0.8008010000000922,,,hard_brake,mitra_t9,data\raw\mitra\Data_T9\T9_DAll.csv,1318.0,-22.2708375
7069,1,560.226744,561.094278,0.8675339999999778,,,hard_brake,mitra_t9,data\raw\mitra\Data_T9\T9_DAll.csv,1320.0,-17.6369125
7070,7,734.334139,735.168306,0.8341669999999795,,,hard_brake,mitra_t9,data\raw\mitra\Data_T9\T9_DAll.csv,1321.0,-20.970125
7071,3,542.175364,542.942798,0.7674340000000939,,,hard_brake,mitra_t9,data\raw\mitra\Data_T9\T9_DAll.csv,1325.0,-6.9581
7072,3,569.669518,570.370219,0.7007009999999809,,,hard_brake,mitra_t9,data\raw\mitra\Data_T9\T9_DAll.csv,1325.0,-17.095137500000003
7073,3,500.2668,501.034234,0.767434000000037,,,hard_brake,mitra_t9,data\raw\mitra\Data_T9\T9_DAll.csv,1326.0,-6.170773333333333
7074,3,585.68553,586.619797,0.9342669999999771,,,hard_brake,mitra_t9,data\raw\mitra\Data_T9\T9_DAll.csv,1326.0,-22.639450000000004
7075,7,685.31847,685.952437,0.6339669999999842,,,hard_brake,mitra_t9,data\raw\mitra\Data_T9\T9_DAll.csv,1329.0,-6.288712500000001
7076,2,574.407588,574.941455,0.5338669999999865,,,hard_brake,mitra_t9,data\raw\mitra\Data_T9\T9_DAll.csv,1333.0,-8.9932625
7077,21,528.228088,528.862055,0.6339670000000979,,,hard_brake,mitra_t9,data\raw\mitra\Data_T9\T9_DAll.csv,1335.0,-6.792150000000001
7078,2,577.343857,578.444958,1.1011010000000852,,,hard_brake,mitra_t9,data\raw\mitra\Data_T9\T9_DAll.csv,1336.0,-7.567026666666667
7079,3,588.788632,589.956466,1.1678339999999707,,,hard_brake,mitra_t9,data\raw\mitra\Data_T9\T9_DAll.csv,1337.0,-10.850993333333333
7080,2,579.078925,579.779625,0.7006999999999834,,,hard_brake,mitra_t9,data\raw\mitra\Data_T9\T9_DAll.csv,1341.0,-12.231162499999998
7081,2,575.141655,576.109289,0.9676339999999755,,,hard_brake,mitra_t9,data\raw\mitra\Data_T9\T9_DAll.csv,1342.0,-7.042566666666667
7082,1,523.456651,524.224085,0.7674339999999802,,,hard_brake,mitra_t9,data\raw\mitra\Data_T9\T9_DAll.csv,1343.0,-11.458224999999999
7083,2,564.597781,565.431948,0.8341669999999795,,,hard_brake,mitra_t9,data\raw\mitra\Data_T9\T9_DAll.csv,1345.0,-6.883725
7084,3,590.390233,591.291134,0.9009010000000899,,,hard_brake,mitra_t9,data\raw\mitra\Data_T9\T9_DAll.csv,1346.0,-34.053525
7085,1,567.200383,568.101284,0.9009009999999762,,,hard_brake,mitra_t9,data\raw\mitra\Data_T9\T9_DAll.csv,1348.0,-16.868837499999998
7086,2,580.94746,581.614793,0.6673329999999851,,,hard_brake,mitra_t9,data\raw\mitra\Data_T9\T9_DAll.csv,1350.0,-13.969012499999998
7087,3,591.591434,592.458968,0.8675339999999778,,,hard_brake,mitra_t9,data\raw\mitra\Data_T9\T9_DAll.csv,1351.0,-12.5341625
7088,3,507.407272,508.007873,0.6006010000000401,,,hard_brake,mitra_t9,data\raw\mitra\Data_T9\T9_DAll.csv,1354.0,-4.763486666666666
7089,2,582.682528,583.616795,0.9342669999999771,,,hard_brake,mitra_t9,data\raw\mitra\Data_T9\T9_DAll.csv,1356.0,-28.8626375
7090,2,589.822999,590.6238,0.8008009999999786,,,hard_brake,mitra_t9,data\raw\mitra\Data_T9\T9_DAll.csv,1359.0,-26.355787499999998
7091,2,592.826002,593.626802,0.8007999999999811,,,hard_brake,mitra_t9,data\raw\mitra\Data_T9\T9_DAll.csv,1361.0,-14.093262500000002
7092,2,594.494336,595.295137,0.8008009999999786,,,hard_brake,mitra_t9,data\raw\mitra\Data_T9\T9_DAll.csv,1364.0,-14.7425125
7093,2,596.796638,597.630805,0.8341669999999795,,,hard_brake,mitra_t9,data\raw\mitra\Data_T9\T9_DAll.csv,1365.0,-11.542424999999998
7094,3,596.596438,597.463972,0.8675339999999778,,,hard_brake,mitra_t9,data\raw\mitra\Data_T9\T9_DAll.csv,1366.0,-6.5762599999999996
7095,2,583.850362,584.784629,0.9342669999999771,,,hard_brake,mitra_t9,data\raw\mitra\Data_T9\T9_DAll.csv,1367.0,-29.133262499999997
7096,3,600.30014,601.134308,0.8341679999999769,,,hard_brake,mitra_t9,data\raw\mitra\Data_T9\T9_DAll.csv,1370.0,-8.3257375
7097,1,582.482327,583.283128,0.8008009999999786,,,hard_brake,mitra_t9,data\raw\mitra\Data_T9\T9_DAll.csv,1371.0,-18.375275000000002
7098,2,598.798639,599.79964,1.0010009999999738,,,hard_brake,mitra_t9,data\raw\mitra\Data_T9\T9_DAll.csv,1373.0,-6.5008333333333335
7099,3,602.669176,603.63681,0.9676339999999755,,,hard_brake,mitra_t9,data\raw\mitra\Data_T9\T9_DAll.csv,1374.0,-18.07865
7100,3,604.03721,604.971477,0.9342670000000908,,,hard_brake,mitra_t9,data\raw\mitra\Data_T9\T9_DAll.csv,1378.0,-13.1283375
7101,2,601.434608,602.135308,0.7006999999999834,,,hard_brake,mitra_t9,data\raw\mitra\Data_T9\T9_DAll.csv,1381.0,-7.2217625
7102,3,608.508346,609.142314,0.6339680000000953,,,hard_brake,mitra_t9,data\raw\mitra\Data_T9\T9_DAll.csv,1385.0,-4.474126666666667
7103,3,520.053248,520.653849,0.6006009999999833,,,hard_brake,mitra_t9,data\raw\mitra\Data_T9\T9_DAll.csv,1390.0,-4.423666666666667
7104,3,610.844015,611.644815,0.8007999999999811,,,hard_brake,mitra_t9,data\raw\mitra\Data_T9\T9_DAll.csv,1390.0,-11.001949999999999
7105,2,607.040212,607.807646,0.7674339999999802,,,hard_brake,mitra_t9,data\raw\mitra\Data_T9\T9_DAll.csv,1391.0,-9.864425
7106,2,608.508346,609.475981,0.9676350000000866,,,hard_brake,mitra_t9,data\raw\mitra\Data_T9\T9_DAll.csv,1394.0,-5.491966666666666
7107,1,580.180026,580.94746,0.7674339999999802,,,hard_brake,mitra_t9,data\raw\mitra\Data_T9\T9_DAll.csv,1396.0,-15.738262500000001
7108,2,610.109948,610.643815,0.5338669999999865,,,hard_brake,mitra_t9,data\raw\mitra\Data_T9\T9_DAll.csv,1398.0,-7.448300000000001
7109,3,576.91009,577.443957,0.5338669999999865,,,hard_brake,mitra_t9,data\raw\mitra\Data_T9\T9_DAll.csv,1401.0,-7.586924999999999
7110,1,596.729905,597.630805,0.9008999999999787,,,hard_brake,mitra_t9,data\raw\mitra\Data_T9\T9_DAll.csv,1402.0,-17.6068625
7111,3,604.904744,605.471978,0.5672339999999849,,,hard_brake,mitra_t9,data\raw\mitra\Data_T9\T9_DAll.csv,1405.0,-10.620450000000002
7112,3,607.207046,608.141313,0.9342669999999771,,,hard_brake,mitra_t9,data\raw\mitra\Data_T9\T9_DAll.csv,1406.0,-8.56674
7113,3,616.149319,616.883386,0.7340669999999818,,,hard_brake,mitra_t9,data\raw\mitra\Data_T9\T9_DAll.csv,1408.0,-4.976446666666667
7114,3,611.878382,612.81265,0.9342679999999746,,,hard_brake,mitra_t9,data\raw\mitra\Data_T9\T9_DAll.csv,1412.0,-16.0247375
7115,2,604.938111,605.805645,0.8675339999999778,,,hard_brake,mitra_t9,data\raw\mitra\Data_T9\T9_DAll.csv,1414.0,-11.972224999999998
7116,7,703.937083,704.971451,1.0343679999999722,,,hard_brake,mitra_t9,data\raw\mitra\Data_T9\T9_DAll.csv,1415.0,-8.263160000000001
7117,1,602.402242,603.136309,0.7340669999999818,,,hard_brake,mitra_t9,data\raw\mitra\Data_T9\T9_DAll.csv,1416.0,-11.7686125
7118,3,618.818654,619.652821,0.8341669999999795,,,hard_brake,mitra_t9,data\raw\mitra\Data_T9\T9_DAll.csv,1418.0,-17.2605375
7119,2,591.558067,592.292135,0.7340679999999793,,,hard_brake,mitra_t9,data\raw\mitra\Data_T9\T9_DAll.csv,1420.0,-6.300800000000001
7120,2,612.61245,613.646817,1.0343670000000884,,,hard_brake,mitra_t9,data\raw\mitra\Data_T9\T9_DAll.csv,1423.0,-9.234280000000002
7121,6,659.559384,660.159984,0.6005999999999858,,,hard_brake,mitra_t9,data\raw\mitra\Data_T9\T9_DAll.csv,1427.0,-5.2958066666666666
7122,3,599.232406,599.966474,0.7340679999999793,,,hard_brake,mitra_t9,data\raw\mitra\Data_T9\T9_DAll.csv,1429.0,-12.9875625
7123,1,599.99984,600.967474,0.9676340000000891,,,hard_brake,mitra_t9,data\raw\mitra\Data_T9\T9_DAll.csv,1430.0,-5.407233333333333
7124,1,618.418254,618.985488,0.5672339999999849,,,hard_brake,mitra_t9,data\raw\mitra\Data_T9\T9_DAll.csv,1432.0,-5.391575
7125,21,585.552063,586.419597,0.8675339999999778,,,hard_brake,mitra_t9,data\raw\mitra\Data_T9\T9_DAll.csv,1434.0,-5.528433333333333
7126,1,577.31049,578.111291,0.8008010000000922,,,hard_brake,mitra_t9,data\raw\mitra\Data_T9\T9_DAll.csv,1437.0,-12.247287499999999
7127,7,633.666832,634.968133,1.3013009999999667,,,hard_brake,mitra_t9,data\raw\mitra\Data_T9\T9_DAll.csv,1441.0,-9.44422
7128,7,693.193009,693.927076,0.7340670000000955,,,hard_brake,mitra_t9,data\raw\mitra\Data_T9\T9_DAll.csv,1441.0,-5.796453333333333
7129,2,621.855023,622.822657,0.9676340000000891,,,hard_brake,mitra_t9,data\raw\mitra\Data_T9\T9_DAll.csv,1449.0,-13.494762500000002
7130,3,620.353522,621.154322,0.8007999999999811,,,hard_brake,mitra_t9,data\raw\mitra\Data_T9\T9_DAll.csv,1456.0,-28.4020125
7131,3,623.356524,624.157325,0.8008009999999786,,,hard_brake,mitra_t9,data\raw\mitra\Data_T9\T9_DAll.csv,1461.0,-25.8824125
7132,2,624.924759,625.658826,0.7340669999999818,,,hard_brake,mitra_t9,data\raw\mitra\Data_T9\T9_DAll.csv,1463.0,-10.920650000000002
7133,2,633.766932,634.500999,0.7340669999999818,,,hard_brake,mitra_t9,data\raw\mitra\Data_T9\T9_DAll.csv,1467.0,-16.1578875
7134,1,599.29914,600.30014,1.00100000000009,,,hard_brake,mitra_t9,data\raw\mitra\Data_T9\T9_DAll.csv,1469.0,-5.808493333333334
7135,2,634.567732,635.168333,0.6006009999999833,,,hard_brake,mitra_t9,data\raw\mitra\Data_T9\T9_DAll.csv,1471.0,-9.955325
7136,2,636.069233,636.669834,0.6006009999999833,,,hard_brake,mitra_t9,data\raw\mitra\Data_T9\T9_DAll.csv,1474.0,-5.860049999999999
7137,3,625.792293,626.52636,0.7340669999999818,,,hard_brake,mitra_t9,data\raw\mitra\Data_T9\T9_DAll.csv,1475.0,-4.820139999999999
7138,3,626.92676,627.594094,0.6673340000000962,,,hard_brake,mitra_t9,data\raw\mitra\Data_T9\T9_DAll.csv,1476.0,-5.385993333333333
7139,2,626.893393,627.493994,0.600601000000097,,,hard_brake,mitra_t9,data\raw\mitra\Data_T9\T9_DAll.csv,1482.0,-4.521587500000001
7140,1,614.113951,614.814651,0.7006999999999834,,,hard_brake,mitra_t9,data\raw\mitra\Data_T9\T9_DAll.csv,1483.0,-13.966687499999999
7141,1,635.301799,636.169333,0.8675340000000915,,,hard_brake,mitra_t9,data\raw\mitra\Data_T9\T9_DAll.csv,1489.0,-8.930175
7142,21,696.763245,697.530678,0.7674329999999827,,,hard_brake,mitra_t9,data\raw\mitra\Data_T9\T9_DAll.csv,1494.0,-11.750424999999998
7143,1,645.111607,646.012507,0.9008999999999787,,,hard_brake,mitra_t9,data\raw\mitra\Data_T9\T9_DAll.csv,1495.0,-6.8110100000000005
7144,1,636.703201,637.504001,0.8007999999999811,,,hard_brake,mitra_t9,data\raw\mitra\Data_T9\T9_DAll.csv,1497.0,-17.4580375
7145,3,632.098597,632.999498,0.9009009999999762,,,hard_brake,mitra_t9,data\raw\mitra\Data_T9\T9_DAll.csv,1499.0,-11.289725000000002
7146,3,638.304802,639.172336,0.8675339999999778,,,hard_brake,mitra_t9,data\raw\mitra\Data_T9\T9_DAll.csv,1501.0,-13.206675000000002
7147,7,732.432237,733.166305,0.7340679999999793,,,hard_brake,mitra_t9,data\raw\mitra\Data_T9\T9_DAll.csv,1502.0,-13.2735125
7148,2,620.553722,621.321156,0.7674339999999802,,,hard_brake,mitra_t9,data\raw\mitra\Data_T9\T9_DAll.csv,1505.0,-6.424775000000001
7149,3,640.44027,641.341171,0.9009009999999762,,,hard_brake,mitra_t9,data\raw\mitra\Data_T9\T9_DAll.csv,1507.0,-13.813225
7150,2,643.943772,644.844673,0.9009009999999762,,,hard_brake,mitra_t9,data\raw\mitra\Data_T9\T9_DAll.csv,1509.0,-12.371299999999998
7151,2,647.981142,648.681843,0.7007009999999809,,,hard_brake,mitra_t9,data\raw\mitra\Data_T9\T9_DAll.csv,1511.0,-9.556875
7152,7,850.650424,851.284391,0.6339669999999842,,,hard_brake,mitra_t9,data\raw\mitra\Data_T9\T9_DAll.csv,1512.0,-4.3165466666666665
7153,3,641.107604,642.008504,0.9008999999999787,,,hard_brake,mitra_t9,data\raw\mitra\Data_T9\T9_DAll.csv,1514.0,-5.1484066666666655
7154,3,641.808304,642.675838,0.8675339999999778,,,hard_brake,mitra_t9,data\raw\mitra\Data_T9\T9_DAll.csv,1519.0,-11.0197125
7155,3,643.743572,644.67784,0.9342679999999746,,,hard_brake,mitra_t9,data\raw\mitra\Data_T9\T9_DAll.csv,1520.0,-17.211737499999998
7156,1,624.390891,625.158325,0.7674339999999802,,,hard_brake,mitra_t9,data\raw\mitra\Data_T9\T9_DAll.csv,1524.0,-7.004975
7157,3,648.548376,649.51601,0.9676340000000891,,,hard_brake,mitra_t9,data\raw\mitra\Data_T9\T9_DAll.csv,1529.0,-8.076353333333333
7158,3,651.417911,652.185345,0.7674339999999802,,,hard_brake,mitra_t9,data\raw\mitra\Data_T9\T9_DAll.csv,1538.0,-26.549749999999996
7159,2,660.293451,661.027518,0.7340669999999818,,,hard_brake,mitra_t9,data\raw\mitra\Data_T9\T9_DAll.csv,1539.0,-9.456300000000002
7160,1,662.262086,663.02952,0.7674340000000939,,,hard_brake,mitra_t9,data\raw\mitra\Data_T9\T9_DAll.csv,1540.0,-5.663550000000001
7161,3,653.820313,654.521014,0.7007009999999809,,,hard_brake,mitra_t9,data\raw\mitra\Data_T9\T9_DAll.csv,1541.0,-18.146225
7162,1,634.167332,635.168333,1.0010009999999738,,,hard_brake,mitra_t9,data\raw\mitra\Data_T9\T9_DAll.csv,1543.0,-8.03952
7163,1,670.270092,671.204359,0.9342669999999771,,,hard_brake,mitra_t9,data\raw\mitra\Data_T9\T9_DAll.csv,1545.0,-17.1287375
7164,1,663.73022,664.697854,0.9676339999999755,,,hard_brake,mitra_t9,data\raw\mitra\Data_T9\T9_DAll.csv,1547.0,-11.95105
7165,3,655.989148,656.856682,0.8675339999999778,,,hard_brake,mitra_t9,data\raw\mitra\Data_T9\T9_DAll.csv,1549.0,-11.136375000000001
7166,2,664.430921,665.198355,0.7674339999999802,,,hard_brake,mitra_t9,data\raw\mitra\Data_T9\T9_DAll.csv,1555.0,-13.789625000000001
7167,1,672.90606,673.506661,0.6006009999999833,,,hard_brake,mitra_t9,data\raw\mitra\Data_T9\T9_DAll.csv,1560.0,-4.4376266666666675
7168,2,669.569391,670.370192,0.8008009999999786,,,hard_brake,mitra_t9,data\raw\mitra\Data_T9\T9_DAll.csv,1562.0,-11.729612500000002
7169,7,739.572709,740.340143,0.7674339999999802,,,hard_brake,mitra_t9,data\raw\mitra\Data_T9\T9_DAll.csv,1564.0,-18.7059375
7170,3,666.599756,667.534023,0.9342670000000908,,,hard_brake,mitra_t9,data\raw\mitra\Data_T9\T9_DAll.csv,1565.0,-19.470187499999998
7171,3,663.963787,664.697854,0.7340669999999818,,,hard_brake,mitra_t9,data\raw\mitra\Data_T9\T9_DAll.csv,1566.0,-20.052775
7172,7,746.412881,747.180315,0.7674339999999802,,,hard_brake,mitra_t9,data\raw\mitra\Data_T9\T9_DAll.csv,1568.0,-12.7922875
7173,1,653.95378,654.687847,0.7340669999999818,,,hard_brake,mitra_t9,data\raw\mitra\Data_T9\T9_DAll.csv,1569.0,-5.1052599999999995
7174,2,671.871693,672.70586,0.8341669999999795,,,hard_brake,mitra_t9,data\raw\mitra\Data_T9\T9_DAll.csv,1570.0,-5.489773333333334
7175,3,668.535024,669.369191,0.8341669999999795,,,hard_brake,mitra_t9,data\raw\mitra\Data_T9\T9_DAll.csv,1571.0,-17.520475
7176,3,672.138627,672.872694,0.7340669999999818,,,hard_brake,mitra_t9,data\raw\mitra\Data_T9\T9_DAll.csv,1575.0,-15.94115
7177,1,678.845331,679.712865,0.8675339999999778,,,hard_brake,mitra_t9,data\raw\mitra\Data_T9\T9_DAll.csv,1580.0,-10.0736875
7178,3,676.54303,677.54403,1.0009999999999764,,,hard_brake,mitra_t9,data\raw\mitra\Data_T9\T9_DAll.csv,1582.0,-8.4034
7179,2,654.487647,655.355181,0.8675339999999778,,,hard_brake,mitra_t9,data\raw\mitra\Data_T9\T9_DAll.csv,1583.0,-14.401775
7180,3,673.106261,673.873694,0.7674329999999827,,,hard_brake,mitra_t9,data\raw\mitra\Data_T9\T9_DAll.csv,1584.0,-12.2592
7181,7,753.78692,754.68782,0.9008999999999787,,,hard_brake,mitra_t9,data\raw\mitra\Data_T9\T9_DAll.csv,1585.0,-6.850522222222223
7182,1,680.046532,680.713866,0.6673340000000962,,,hard_brake,mitra_t9,data\raw\mitra\Data_T9\T9_DAll.csv,1586.0,-11.722612500000002
7183,1,659.893051,660.560385,0.6673339999999826,,,hard_brake,mitra_t9,data\raw\mitra\Data_T9\T9_DAll.csv,1591.0,-4.976093333333334
7184,21,684.317469,684.851336,0.5338669999999865,,,hard_brake,mitra_t9,data\raw\mitra\Data_T9\T9_DAll.csv,1592.0,-7.8462625
7185,7,770.236698,770.870666,0.6339679999999817,,,hard_brake,mitra_t9,data\raw\mitra\Data_T9\T9_DAll.csv,1593.0,-9.2707875
7186,3,684.384202,685.051536,0.6673340000000962,,,hard_brake,mitra_t9,data\raw\mitra\Data_T9\T9_DAll.csv,1596.0,-12.0113
7187,3,680.013166,680.8807,0.8675340000000915,,,hard_brake,mitra_t9,data\raw\mitra\Data_T9\T9_DAll.csv,1603.0,-34.9644125
7188,3,650.617111,651.484645,0.8675339999999778,,,hard_brake,mitra_t9,data\raw\mitra\Data_T9\T9_DAll.csv,1607.0,-4.979566666666667
7189,3,652.919412,653.386546,0.4671339999999873,,,hard_brake,mitra_t9,data\raw\mitra\Data_T9\T9_DAll.csv,1612.0,-4.913426666666667
7190,3,661.060885,661.794952,0.7340669999999818,,,hard_brake,mitra_t9,data\raw\mitra\Data_T9\T9_DAll.csv,1612.0,-7.50618
7191,7,793.092882,793.893683,0.8008009999999786,,,hard_brake,mitra_t9,data\raw\mitra\Data_T9\T9_DAll.csv,1618.0,-5.106986666666667
7192,2,690.123273,691.024174,0.9009009999999762,,,hard_brake,mitra_t9,data\raw\mitra\Data_T9\T9_DAll.csv,1624.0,-5.1915466666666665
7193,21,695.49531,696.029177,0.5338669999999865,,,hard_brake,mitra_t9,data\raw\mitra\Data_T9\T9_DAll.csv,1626.0,-5.7500125
7194,1,672.038526,672.872694,0.8341679999999769,,,hard_brake,mitra_t9,data\raw\mitra\Data_T9\T9_DAll.csv,1630.0,-11.82195
7195,1,677.310464,678.211364,0.9008999999999787,,,hard_brake,mitra_t9,data\raw\mitra\Data_T9\T9_DAll.csv,1636.0,-4.9922933333333335
7196,2,696.696511,697.564045,0.8675339999999778,,,hard_brake,mitra_t9,data\raw\mitra\Data_T9\T9_DAll.csv,1640.0,-17.976012500000003
7197,3,695.69551,696.729878,1.0343679999999722,,,hard_brake,mitra_t9,data\raw\mitra\Data_T9\T9_DAll.csv,1642.0,-9.472773333333333
7198,1,698.798613,699.566047,0.7674339999999802,,,hard_brake,mitra_t9,data\raw\mitra\Data_T9\T9_DAll.csv,1643.0,-5.783283333333333
7199,3,677.14363,678.044531,0.9009009999999762,,,hard_brake,mitra_t9,data\raw\mitra\Data_T9\T9_DAll.csv,1645.0,-4.9008400000000005
7200,3,693.092909,694.060543,0.9676340000000891,,,hard_brake,mitra_t9,data\raw\mitra\Data_T9\T9_DAll.csv,1646.0,-19.555562499999997
7201,2,704.904717,705.738885,0.8341679999999769,,,hard_brake,mitra_t9,data\raw\mitra\Data_T9\T9_DAll.csv,1651.0,-7.3212874999999995
7202,3,696.863345,697.564045,0.7006999999999834,,,hard_brake,mitra_t9,data\raw\mitra\Data_T9\T9_DAll.csv,1652.0,-9.838799999999999
7203,3,705.338484,706.239385,0.9009009999999762,,,hard_brake,mitra_t9,data\raw\mitra\Data_T9\T9_DAll.csv,1653.0,-13.301850000000002
7204,1,680.8807,681.714867,0.8341669999999795,,,hard_brake,mitra_t9,data\raw\mitra\Data_T9\T9_DAll.csv,1655.0,-6.697775
7205,1,682.916068,683.883702,0.9676339999999755,,,hard_brake,mitra_t9,data\raw\mitra\Data_T9\T9_DAll.csv,1657.0,-8.137325
7206,3,700.066547,700.733881,0.6673339999999826,,,hard_brake,mitra_t9,data\raw\mitra\Data_T9\T9_DAll.csv,1663.0,-6.216687500000001
7207,7,754.954754,755.521988,0.5672339999999849,,,hard_brake,mitra_t9,data\raw\mitra\Data_T9\T9_DAll.csv,1666.0,-7.311987499999999
7208,3,704.237383,705.238384,1.0010009999999738,,,hard_brake,mitra_t9,data\raw\mitra\Data_T9\T9_DAll.csv,1668.0,-11.836599999999999
7209,1,712.94609,713.74689,0.8007999999999811,,,hard_brake,mitra_t9,data\raw\mitra\Data_T9\T9_DAll.csv,1669.0,-18.408337500000002
7210,1,719.085561,719.919728,0.8341669999999795,,,hard_brake,mitra_t9,data\raw\mitra\Data_T9\T9_DAll.csv,1672.0,-6.489525
7211,3,706.506318,707.407219,0.9009010000000899,,,hard_brake,mitra_t9,data\raw\mitra\Data_T9\T9_DAll.csv,1674.0,-11.6629125
7212,1,693.793609,694.661143,0.8675340000000915,,,hard_brake,mitra_t9,data\raw\mitra\Data_T9\T9_DAll.csv,1679.0,-5.235433333333333
7213,3,708.441586,709.576054,1.1344679999999698,,,hard_brake,mitra_t9,data\raw\mitra\Data_T9\T9_DAll.csv,1680.0,-8.866620000000001
7214,1,723.356497,724.257398,0.9009009999999762,,,hard_brake,mitra_t9,data\raw\mitra\Data_T9\T9_DAll.csv,1681.0,-21.364962499999997
7215,1,697.530678,698.231379,0.7007009999999809,,,hard_brake,mitra_t9,data\raw\mitra\Data_T9\T9_DAll.csv,1682.0,-4.45781
7216,2,712.178656,713.079557,0.9009009999999762,,,hard_brake,mitra_t9,data\raw\mitra\Data_T9\T9_DAll.csv,1683.0,-23.988500000000002
7217,3,709.876354,710.577055,0.7007009999999809,,,hard_brake,mitra_t9,data\raw\mitra\Data_T9\T9_DAll.csv,1684.0,-11.535812500000002
7218,2,716.849993,717.750893,0.9008999999999787,,,hard_brake,mitra_t9,data\raw\mitra\Data_T9\T9_DAll.csv,1687.0,-24.523974999999997
7219,2,717.850993,718.918728,1.0677349999999706,,,hard_brake,mitra_t9,data\raw\mitra\Data_T9\T9_DAll.csv,1692.0,-5.444746666666666
7220,2,719.052194,719.752895,0.7007009999999809,,,hard_brake,mitra_t9,data\raw\mitra\Data_T9\T9_DAll.csv,1693.0,-4.692470000000001
7221,3,714.247391,714.914725,0.6673339999999826,,,hard_brake,mitra_t9,data\raw\mitra\Data_T9\T9_DAll.csv,1694.0,-14.166375
7222,7,762.262059,763.029493,0.7674339999999802,,,hard_brake,mitra_t9,data\raw\mitra\Data_T9\T9_DAll.csv,1696.0,-19.299274999999998
7223,3,716.883359,717.58406,0.7007009999999809,,,hard_brake,mitra_t9,data\raw\mitra\Data_T9\T9_DAll.csv,1697.0,-9.328687500000001
7224,2,722.989464,723.756898,0.7674339999999802,,,hard_brake,mitra_t9,data\raw\mitra\Data_T9\T9_DAll.csv,1700.0,-13.566400000000002
7225,3,718.351494,719.252394,0.9008999999999787,,,hard_brake,mitra_t9,data\raw\mitra\Data_T9\T9_DAll.csv,1701.0,-16.764787499999997
7226,3,719.118928,720.086562,0.9676339999999755,,,hard_brake,mitra_t9,data\raw\mitra\Data_T9\T9_DAll.csv,1704.0,-16.3652875
7227,1,701.034181,701.734882,0.7007009999999809,,,hard_brake,mitra_t9,data\raw\mitra\Data_T9\T9_DAll.csv,1706.0,-7.1402125
7228,3,720.086562,720.920729,0.8341670000000931,,,hard_brake,mitra_t9,data\raw\mitra\Data_T9\T9_DAll.csv,1707.0,-32.30015
7229,1,705.705518,706.406218,0.7006999999999834,,,hard_brake,mitra_t9,data\raw\mitra\Data_T9\T9_DAll.csv,1711.0,-4.4308700000000005
7230,2,729.629435,730.430236,0.8008010000000922,,,hard_brake,mitra_t9,data\raw\mitra\Data_T9\T9_DAll.csv,1717.0,-5.151313333333333
7231,2,728.428234,729.596069,1.167835000000082,,,hard_brake,mitra_t9,data\raw\mitra\Data_T9\T9_DAll.csv,1718.0,-8.848875
7232,1,707.307119,708.074553,0.7674340000000939,,,hard_brake,mitra_t9,data\raw\mitra\Data_T9\T9_DAll.csv,1719.0,-7.3115375
7233,7,827.260374,828.094541,0.8341670000000931,,,hard_brake,mitra_t9,data\raw\mitra\Data_T9\T9_DAll.csv,1722.0,-6.685275000000001
7234,2,724.224031,725.091565,0.8675339999999778,,,hard_brake,mitra_t9,data\raw\mitra\Data_T9\T9_DAll.csv,1725.0,-24.6338375
7235,3,726.025833,727.093567,1.067733999999973,,,hard_brake,mitra_t9,data\raw\mitra\Data_T9\T9_DAll.csv,1728.0,-6.4837066666666665
7236,1,737.871008,738.605075,0.7340670000000955,,,hard_brake,mitra_t9,data\raw\mitra\Data_T9\T9_DAll.csv,1729.0,-18.1265125
7237,2,733.600072,734.434239,0.8341670000000931,,,hard_brake,mitra_t9,data\raw\mitra\Data_T9\T9_DAll.csv,1731.0,-5.334906666666667
7238,2,734.100572,735.101573,1.0010009999999738,,,hard_brake,mitra_t9,data\raw\mitra\Data_T9\T9_DAll.csv,1732.0,-7.14572
7239,3,728.995468,729.762902,0.7674340000000939,,,hard_brake,mitra_t9,data\raw\mitra\Data_T9\T9_DAll.csv,1733.0,-17.480775
7240,2,735.969107,736.936741,0.9676339999999755,,,hard_brake,mitra_t9,data\raw\mitra\Data_T9\T9_DAll.csv,1735.0,-26.96305
7241,2,736.769907,737.604075,0.8341679999999769,,,hard_brake,mitra_t9,data\raw\mitra\Data_T9\T9_DAll.csv,1739.0,-9.63815
7242,3,731.331137,732.265404,0.9342669999999771,,,hard_brake,mitra_t9,data\raw\mitra\Data_T9\T9_DAll.csv,1742.0,-5.892126666666666
7243,7,791.09088,791.891681,0.8008009999999786,,,hard_brake,mitra_t9,data\raw\mitra\Data_T9\T9_DAll.csv,1746.0,-13.274187500000002
7244,1,720.286762,721.087562,0.8008000000000948,,,hard_brake,mitra_t9,data\raw\mitra\Data_T9\T9_DAll.csv,1748.0,-11.811449999999999
7245,3,732.732538,733.600072,0.8675339999999778,,,hard_brake,mitra_t9,data\raw\mitra\Data_T9\T9_DAll.csv,1749.0,-9.509475
7246,2,748.081216,748.94875,0.8675339999999778,,,hard_brake,mitra_t9,data\raw\mitra\Data_T9\T9_DAll.csv,1754.0,-5.0378799999999995
7247,2,746.312781,747.113582,0.8008009999999786,,,hard_brake,mitra_t9,data\raw\mitra\Data_T9\T9_DAll.csv,1761.0,-11.612087500000001
7248,3,737.103574,737.770908,0.6673339999999826,,,hard_brake,mitra_t9,data\raw\mitra\Data_T9\T9_DAll.csv,1764.0,-4.297673333333333
7249,3,748.915383,749.782917,0.8675339999999778,,,hard_brake,mitra_t9,data\raw\mitra\Data_T9\T9_DAll.csv,1767.0,-14.1671
7250,2,750.083217,750.950751,0.8675339999999778,,,hard_brake,mitra_t9,data\raw\mitra\Data_T9\T9_DAll.csv,1770.0,-8.7440625
7251,1,748.214682,749.115583,0.9009009999999762,,,hard_brake,mitra_t9,data\raw\mitra\Data_T9\T9_DAll.csv,1771.0,-9.067274999999999
7252,3,738.638442,739.439243,0.8008009999999786,,,hard_brake,mitra_t9,data\raw\mitra\Data_T9\T9_DAll.csv,1772.0,-16.6963625
7253,3,741.574711,742.442245,0.8675339999999778,,,hard_brake,mitra_t9,data\raw\mitra\Data_T9\T9_DAll.csv,1774.0,-13.039749999999998
7254,3,739.97311,740.607077,0.6339669999999842,,,hard_brake,mitra_t9,data\raw\mitra\Data_T9\T9_DAll.csv,1776.0,-8.6782875
7255,1,754.120587,754.954754,0.8341669999999795,,,hard_brake,mitra_t9,data\raw\mitra\Data_T9\T9_DAll.csv,1777.0,-5.503166666666667
7256,3,744.110579,745.11158,1.0010009999999738,,,hard_brake,mitra_t9,data\raw\mitra\Data_T9\T9_DAll.csv,1778.0,-7.333186666666666
7257,7,798.331452,799.232353,0.9009009999999762,,,hard_brake,mitra_t9,data\raw\mitra\Data_T9\T9_DAll.csv,1783.0,-8.841912500000001
7258,3,743.543346,744.444246,0.9008999999999787,,,hard_brake,mitra_t9,data\raw\mitra\Data_T9\T9_DAll.csv,1784.0,-15.620287500000002
7259,2,752.318785,753.286419,0.9676339999999755,,,hard_brake,mitra_t9,data\raw\mitra\Data_T9\T9_DAll.csv,1787.0,-15.861937499999998
7260,2,753.98712,754.78792,0.8007999999999811,,,hard_brake,mitra_t9,data\raw\mitra\Data_T9\T9_DAll.csv,1793.0,-18.235275
7261,1,761.527992,762.462259,0.9342669999999771,,,hard_brake,mitra_t9,data\raw\mitra\Data_T9\T9_DAll.csv,1794.0,-5.602273333333333
7262,2,759.859658,760.793925,0.9342669999999771,,,hard_brake,mitra_t9,data\raw\mitra\Data_T9\T9_DAll.csv,1796.0,-16.438125
7263,2,758.458257,759.459257,1.0009999999999764,,,hard_brake,mitra_t9,data\raw\mitra\Data_T9\T9_DAll.csv,1797.0,-10.546687499999999
7264,21,748.815283,749.415883,0.6005999999999858,,,hard_brake,mitra_t9,data\raw\mitra\Data_T9\T9_DAll.csv,1799.0,-9.4605875
7265,2,756.556355,757.290422,0.7340669999999818,,,hard_brake,mitra_t9,data\raw\mitra\Data_T9\T9_DAll.csv,1801.0,-5.5821875
7266,3,752.552352,753.620086,1.067733999999973,,,hard_brake,mitra_t9,data\raw\mitra\Data_T9\T9_DAll.csv,1808.0,-8.66974
7267,3,753.78692,754.954754,1.1678339999999707,,,hard_brake,mitra_t9,data\raw\mitra\Data_T9\T9_DAll.csv,1809.0,-6.568646666666667
7268,1,736.53634,737.270408,0.7340679999999793,,,hard_brake,mitra_t9,data\raw\mitra\Data_T9\T9_DAll.csv,1810.0,-8.5351875
7269,1,767.767563,768.635097,0.8675339999999778,,,hard_brake,mitra_t9,data\raw\mitra\Data_T9\T9_DAll.csv,1815.0,-6.079533333333333
7270,3,755.655454,756.789922,1.1344680000000835,,,hard_brake,mitra_t9,data\raw\mitra\Data_T9\T9_DAll.csv,1816.0,-10.4271625
7271,3,756.623089,757.624089,1.0009999999999764,,,hard_brake,mitra_t9,data\raw\mitra\Data_T9\T9_DAll.csv,1820.0,-24.145675
7272,2,766.232696,766.966763,0.7340669999999818,,,hard_brake,mitra_t9,data\raw\mitra\Data_T9\T9_DAll.csv,1821.0,-5.932849999999999
7273,3,757.724189,758.62509,0.9009009999999762,,,hard_brake,mitra_t9,data\raw\mitra\Data_T9\T9_DAll.csv,1824.0,-21.582112499999997
7274,3,760.660458,761.628092,0.9676340000000891,,,hard_brake,mitra_t9,data\raw\mitra\Data_T9\T9_DAll.csv,1830.0,-11.2657125
7275,1,772.972767,774.140601,1.1678339999999707,,,hard_brake,mitra_t9,data\raw\mitra\Data_T9\T9_DAll.csv,1831.0,-5.9184866666666665
7276,2,770.637099,771.471266,0.8341669999999795,,,hard_brake,mitra_t9,data\raw\mitra\Data_T9\T9_DAll.csv,1834.0,-13.022025
7277,1,744.677813,745.61208,0.9342669999999771,,,hard_brake,mitra_t9,data\raw\mitra\Data_T9\T9_DAll.csv,1838.0,-6.779375
7278,3,763.46326,764.297427,0.8341669999999795,,,hard_brake,mitra_t9,data\raw\mitra\Data_T9\T9_DAll.csv,1839.0,-9.0787125
7279,3,765.999129,767.367163,1.368033999999966,,,hard_brake,mitra_t9,data\raw\mitra\Data_T9\T9_DAll.csv,1841.0,-6.36472
7280,3,764.297427,765.632095,1.3346680000000788,,,hard_brake,mitra_t9,data\raw\mitra\Data_T9\T9_DAll.csv,1844.0,-8.502853333333332
7281,2,760.627091,761.561359,0.9342680000000883,,,hard_brake,mitra_t9,data\raw\mitra\Data_T9\T9_DAll.csv,1846.0,-8.05764
7282,2,772.272067,773.306434,1.0343669999999747,,,hard_brake,mitra_t9,data\raw\mitra\Data_T9\T9_DAll.csv,1850.0,-5.5047
7283,3,765.398528,766.633096,1.2345679999999675,,,hard_brake,mitra_t9,data\raw\mitra\Data_T9\T9_DAll.csv,1851.0,-6.679913333333333
7284,2,777.510637,778.311438,0.8008009999999786,,,hard_brake,mitra_t9,data\raw\mitra\Data_T9\T9_DAll.csv,1852.0,-6.1783125000000005
7285,21,766.032495,766.599729,0.5672339999999849,,,hard_brake,mitra_t9,data\raw\mitra\Data_T9\T9_DAll.csv,1854.0,-8.4057
7286,2,775.108235,775.975769,0.8675339999999778,,,hard_brake,mitra_t9,data\raw\mitra\Data_T9\T9_DAll.csv,1855.0,-15.413274999999999
7287,21,769.102231,769.769565,0.6673339999999826,,,hard_brake,mitra_t9,data\raw\mitra\Data_T9\T9_DAll.csv,1862.0,-11.896262500000002
7288,3,771.404533,772.472267,1.067733999999973,,,hard_brake,mitra_t9,data\raw\mitra\Data_T9\T9_DAll.csv,1864.0,-5.488026666666666
7289,1,777.47727,778.311438,0.8341679999999769,,,hard_brake,mitra_t9,data\raw\mitra\Data_T9\T9_DAll.csv,1865.0,-10.998
7290,2,781.447907,782.482274,1.0343669999999747,,,hard_brake,mitra_t9,data\raw\mitra\Data_T9\T9_DAll.csv,1866.0,-6.466
7291,3,775.875669,776.97677,1.1011009999999715,,,hard_brake,mitra_t9,data\raw\mitra\Data_T9\T9_DAll.csv,1867.0,-6.530046666666666
7292,3,772.872667,774.140601,1.2679339999999684,,,hard_brake,mitra_t9,data\raw\mitra\Data_T9\T9_DAll.csv,1869.0,-6.579933333333333
7293,0,725.692166,726.86,1.1678339999999707,,,hard_brake,mitra_t9,data\raw\mitra\Data_T9\T9_DAll.csv,1870.0,-66.55944666666666
7294,3,763.329793,763.963761,0.6339679999999817,,,hard_brake,mitra_t9,data\raw\mitra\Data_T9\T9_DAll.csv,1870.0,-4.5580266666666684
7295,2,784.384176,785.151609,0.7674329999999827,,,hard_brake,mitra_t9,data\raw\mitra\Data_T9\T9_DAll.csv,1871.0,-9.528287500000001
7296,3,774.107235,774.841302,0.7340670000000955,,,hard_brake,mitra_t9,data\raw\mitra\Data_T9\T9_DAll.csv,1873.0,-4.265626666666666
7297,3,774.641102,775.708836,1.067733999999973,,,hard_brake,mitra_t9,data\raw\mitra\Data_T9\T9_DAll.csv,1874.0,-6.2965333333333335
7298,21,775.408536,776.109236,0.7006999999999834,,,hard_brake,mitra_t9,data\raw\mitra\Data_T9\T9_DAll.csv,1877.0,-15.5277375
7299,2,787.854311,788.821945,0.9676339999999755,,,hard_brake,mitra_t9,data\raw\mitra\Data_T9\T9_DAll.csv,1878.0,-6.77794
7300,1,781.147607,781.981774,0.8341669999999795,,,hard_brake,mitra_t9,data\raw\mitra\Data_T9\T9_DAll.csv,1879.0,-7.307499999999999
7301,3,774.707835,775.208335,0.5004999999999882,,,hard_brake,mitra_t9,data\raw\mitra\Data_T9\T9_DAll.csv,1881.0,-4.593653333333333
7302,3,782.081874,782.982775,0.9009009999999762,,,hard_brake,mitra_t9,data\raw\mitra\Data_T9\T9_DAll.csv,1881.0,-4.7326266666666665
7303,3,785.35181,786.119243,0.7674329999999827,,,hard_brake,mitra_t9,data\raw\mitra\Data_T9\T9_DAll.csv,1883.0,-4.38194
7304,2,790.356813,791.157614,0.8008009999999786,,,hard_brake,mitra_t9,data\raw\mitra\Data_T9\T9_DAll.csv,1886.0,-9.9173625
7305,2,792.759215,793.493282,0.7340669999999818,,,hard_brake,mitra_t9,data\raw\mitra\Data_T9\T9_DAll.csv,1887.0,-12.288337499999999
7306,3,779.779572,780.446906,0.6673339999999826,,,hard_brake,mitra_t9,data\raw\mitra\Data_T9\T9_DAll.csv,1888.0,-4.097433333333333
7307,3,788.955412,789.822946,0.8675339999999778,,,hard_brake,mitra_t9,data\raw\mitra\Data_T9\T9_DAll.csv,1888.0,-6.600687500000001
7308,3,790.757214,791.658114,0.9008999999999787,,,hard_brake,mitra_t9,data\raw\mitra\Data_T9\T9_DAll.csv,1892.0,-4.915046666666667
7309,1,788.421545,789.122246,0.7007009999999809,,,hard_brake,mitra_t9,data\raw\mitra\Data_T9\T9_DAll.csv,1896.0,-4.250093333333333
7310,1,770.637099,771.471266,0.8341669999999795,,,hard_brake,mitra_t9,data\raw\mitra\Data_T9\T9_DAll.csv,1897.0,-12.5138375
7311,1,792.625748,793.326449,0.7007009999999809,,,hard_brake,mitra_t9,data\raw\mitra\Data_T9\T9_DAll.csv,1901.0,-10.010137499999999
7312,2,798.531653,799.332453,0.8007999999999811,,,hard_brake,mitra_t9,data\raw\mitra\Data_T9\T9_DAll.csv,1902.0,-11.565762500000002
7313,3,782.282074,783.483275,1.2012010000000828,,,hard_brake,mitra_t9,data\raw\mitra\Data_T9\T9_DAll.csv,1903.0,-5.514293333333333
7314,1,796.696485,797.497285,0.8007999999999811,,,hard_brake,mitra_t9,data\raw\mitra\Data_T9\T9_DAll.csv,1905.0,-13.035475
7315,2,800.667121,801.501288,0.8341670000000931,,,hard_brake,mitra_t9,data\raw\mitra\Data_T9\T9_DAll.csv,1906.0,-11.955149999999998
7316,3,783.216341,784.284075,1.067733999999973,,,hard_brake,mitra_t9,data\raw\mitra\Data_T9\T9_DAll.csv,1908.0,-4.866426666666667
7317,3,797.530652,798.131252,0.6005999999999858,,,hard_brake,mitra_t9,data\raw\mitra\Data_T9\T9_DAll.csv,1908.0,-4.644846666666667
7318,1,800.433554,801.167621,0.7340670000000955,,,hard_brake,mitra_t9,data\raw\mitra\Data_T9\T9_DAll.csv,1909.0,-6.3509
7319,3,811.377829,812.011796,0.6339669999999842,,,hard_brake,mitra_t9,data\raw\mitra\Data_T9\T9_DAll.csv,1912.0,-9.82375
7320,3,784.717842,785.184976,0.4671339999999873,,,hard_brake,mitra_t9,data\raw\mitra\Data_T9\T9_DAll.csv,1914.0,-4.155153333333333
7321,3,800.633754,801.334455,0.7007010000000946,,,hard_brake,mitra_t9,data\raw\mitra\Data_T9\T9_DAll.csv,1914.0,-8.386849999999999
7322,2,804.938057,805.672124,0.7340670000000955,,,hard_brake,mitra_t9,data\raw\mitra\Data_T9\T9_DAll.csv,1915.0,-6.379412499999999
7323,3,804.70449,805.405191,0.7007009999999809,,,hard_brake,mitra_t9,data\raw\mitra\Data_T9\T9_DAll.csv,1923.0,-5.095253333333333
7324,1,801.701488,802.669122,0.9676339999999755,,,hard_brake,mitra_t9,data\raw\mitra\Data_T9\T9_DAll.csv,1926.0,-12.2550625
7325,1,784.117242,784.817943,0.7007009999999809,,,hard_brake,mitra_t9,data\raw\mitra\Data_T9\T9_DAll.csv,1927.0,-5.849549999999999
7326,2,806.539658,807.173626,0.6339679999999817,,,hard_brake,mitra_t9,data\raw\mitra\Data_T9\T9_DAll.csv,1929.0,-6.9269375
7327,3,807.774226,808.34146,0.5672339999999849,,,hard_brake,mitra_t9,data\raw\mitra\Data_T9\T9_DAll.csv,1932.0,-5.5269875
7328,2,811.444562,812.178629,0.7340669999999818,,,hard_brake,mitra_t9,data\raw\mitra\Data_T9\T9_DAll.csv,1933.0,-5.528887500000001
7329,3,813.27973,814.013797,0.7340669999999818,,,hard_brake,mitra_t9,data\raw\mitra\Data_T9\T9_DAll.csv,1937.0,-12.904612499999999
7330,21,792.125248,792.592382,0.4671339999999873,,,hard_brake,mitra_t9,data\raw\mitra\Data_T9\T9_DAll.csv,1939.0,-5.055437500000001
7331,3,819.018801,819.852968,0.8341669999999795,,,hard_brake,mitra_t9,data\raw\mitra\Data_T9\T9_DAll.csv,1940.0,-5.78393
7332,3,816.249366,817.016799,0.7674329999999827,,,hard_brake,mitra_t9,data\raw\mitra\Data_T9\T9_DAll.csv,1947.0,-13.134975
7333,21,799.933054,800.633754,0.7006999999999834,,,hard_brake,mitra_t9,data\raw\mitra\Data_T9\T9_DAll.csv,1950.0,-5.7934375000000005
7334,1,809.375827,810.176628,0.8008010000000922,,,hard_brake,mitra_t9,data\raw\mitra\Data_T9\T9_DAll.csv,1951.0,-8.918737499999999
7335,1,812.378829,813.17963,0.8008009999999786,,,hard_brake,mitra_t9,data\raw\mitra\Data_T9\T9_DAll.csv,1953.0,-8.5436625
7336,3,823.556671,824.357472,0.8008009999999786,,,hard_brake,mitra_t9,data\raw\mitra\Data_T9\T9_DAll.csv,1956.0,-17.712062500000002
7337,1,816.249366,817.016799,0.7674329999999827,,,hard_brake,mitra_t9,data\raw\mitra\Data_T9\T9_DAll.csv,1957.0,-7.331750000000001
7338,2,823.223004,824.023805,0.8008010000000922,,,hard_brake,mitra_t9,data\raw\mitra\Data_T9\T9_DAll.csv,1960.0,-14.486737499999998
7339,1,822.121903,823.022804,0.9009009999999762,,,hard_brake,mitra_t9,data\raw\mitra\Data_T9\T9_DAll.csv,1961.0,-7.55015
7340,2,816.316099,817.183633,0.8675339999999778,,,hard_brake,mitra_t9,data\raw\mitra\Data_T9\T9_DAll.csv,1962.0,-5.534433333333334
7341,2,825.825606,826.69314,0.8675339999999778,,,hard_brake,mitra_t9,data\raw\mitra\Data_T9\T9_DAll.csv,1966.0,-16.5970125
7342,2,830.630409,831.364477,0.7340679999999793,,,hard_brake,mitra_t9,data\raw\mitra\Data_T9\T9_DAll.csv,1970.0,-9.729162500000001
7343,3,801.034154,802.001788,0.9676340000000891,,,hard_brake,mitra_t9,data\raw\mitra\Data_T9\T9_DAll.csv,1980.0,-7.69274
7344,2,832.232011,832.865978,0.6339669999999842,,,hard_brake,mitra_t9,data\raw\mitra\Data_T9\T9_DAll.csv,1981.0,-8.587362500000001
7345,3,804.637757,805.805591,1.1678340000000844,,,hard_brake,mitra_t9,data\raw\mitra\Data_T9\T9_DAll.csv,1982.0,-5.379133333333333
7346,3,835.802247,836.703147,0.9008999999999787,,,hard_brake,mitra_t9,data\raw\mitra\Data_T9\T9_DAll.csv,1982.0,-18.887725
7347,3,847.146922,848.214656,1.067733999999973,,,hard_brake,mitra_t9,data\raw\mitra\Data_T9\T9_DAll.csv,1985.0,-11.5748
7348,3,804.837957,806.172625,1.3346680000000788,,,hard_brake,mitra_t9,data\raw\mitra\Data_T9\T9_DAll.csv,1990.0,-4.9663466666666665
7349,3,843.710152,844.711153,1.0010009999999738,,,hard_brake,mitra_t9,data\raw\mitra\Data_T9\T9_DAll.csv,1991.0,-10.2239
7350,3,840.373483,841.207651,0.8341680000000906,,,hard_brake,mitra_t9,data\raw\mitra\Data_T9\T9_DAll.csv,1993.0,-8.206199999999999
7351,1,831.965077,832.865978,0.9009010000000899,,,hard_brake,mitra_t9,data\raw\mitra\Data_T9\T9_DAll.csv,2002.0,-8.0084
7352,3,857.357129,858.224663,0.8675339999999778,,,hard_brake,mitra_t9,data\raw\mitra\Data_T9\T9_DAll.csv,2006.0,-14.628387499999999
7353,1,839.672783,840.373483,0.7006999999999834,,,hard_brake,mitra_t9,data\raw\mitra\Data_T9\T9_DAll.csv,2009.0,-8.180774999999999
7354,2,845.945721,846.879988,0.9342669999999771,,,hard_brake,mitra_t9,data\raw\mitra\Data_T9\T9_DAll.csv,2010.0,-11.759275
7355,1,840.940717,841.874984,0.9342670000000908,,,hard_brake,mitra_t9,data\raw\mitra\Data_T9\T9_DAll.csv,2012.0,-21.010825
7356,3,861.995099,862.729166,0.7340669999999818,,,hard_brake,mitra_t9,data\raw\mitra\Data_T9\T9_DAll.csv,2013.0,-12.071462499999999
7357,1,845.178287,845.878987,0.7007000000000971,,,hard_brake,mitra_t9,data\raw\mitra\Data_T9\T9_DAll.csv,2015.0,-5.374225000000001
7358,2,847.347122,848.381489,1.0343669999999747,,,hard_brake,mitra_t9,data\raw\mitra\Data_T9\T9_DAll.csv,2018.0,-10.565833333333334
7359,3,860.159931,860.893998,0.7340669999999818,,,hard_brake,mitra_t9,data\raw\mitra\Data_T9\T9_DAll.csv,2019.0,-16.8596125
7360,1,821.321103,822.021803,0.7006999999999834,,,hard_brake,mitra_t9,data\raw\mitra\Data_T9\T9_DAll.csv,2024.0,-15.1115375
7361,3,879.012112,879.746179,0.7340669999999818,,,hard_brake,mitra_t9,data\raw\mitra\Data_T9\T9_DAll.csv,2030.0,-17.631124999999997
7362,1,825.491939,826.359473,0.8675339999999778,,,hard_brake,mitra_t9,data\raw\mitra\Data_T9\T9_DAll.csv,2034.0,-6.3897
7363,1,793.026149,793.693482,0.6673329999999851,,,hard_brake,mitra_t9,data\raw\mitra\Data_T9\T9_DAll.csv,2035.0,-6.094293333333334
7364,2,796.729851,797.363818,0.6339669999999842,,,hard_brake,mitra_t9,data\raw\mitra\Data_T9\T9_DAll.csv,2035.0,-5.868433333333333
7365,7,792.592382,793.459916,0.8675339999999778,,,hard_brake,mitra_t9,data\raw\mitra\Data_T9\T9_DAll.csv,2036.0,-5.35342
7366,21,839.472583,840.173283,0.7006999999999834,,,hard_brake,mitra_t9,data\raw\mitra\Data_T9\T9_DAll.csv,2037.0,-14.324837500000001
7367,2,854.254027,855.054827,0.8008000000000948,,,hard_brake,mitra_t9,data\raw\mitra\Data_T9\T9_DAll.csv,2038.0,-19.9945875
7368,3,825.291739,825.959073,0.6673339999999826,,,hard_brake,mitra_t9,data\raw\mitra\Data_T9\T9_DAll.csv,2039.0,-4.53044
7369,3,869.569338,870.236672,0.6673339999999826,,,hard_brake,mitra_t9,data\raw\mitra\Data_T9\T9_DAll.csv,2039.0,-12.157637499999998
7370,3,888.021118,888.588352,0.5672339999999849,,,hard_brake,mitra_t9,data\raw\mitra\Data_T9\T9_DAll.csv,2040.0,-10.175825
7371,2,859.559331,860.393498,0.8341669999999795,,,hard_brake,mitra_t9,data\raw\mitra\Data_T9\T9_DAll.csv,2041.0,-7.7112625
7372,2,861.160932,861.894999,0.7340669999999818,,,hard_brake,mitra_t9,data\raw\mitra\Data_T9\T9_DAll.csv,2045.0,-13.242825
7373,2,868.001104,868.902004,0.9008999999999787,,,hard_brake,mitra_t9,data\raw\mitra\Data_T9\T9_DAll.csv,2046.0,-7.129309999999999
7374,1,829.529309,830.196642,0.6673329999999851,,,hard_brake,mitra_t9,data\raw\mitra\Data_T9\T9_DAll.csv,2047.0,-5.702162499999999
7375,2,863.563334,864.397501,0.8341669999999795,,,hard_brake,mitra_t9,data\raw\mitra\Data_T9\T9_DAll.csv,2050.0,-12.3547625
7376,3,873.506608,874.407508,0.9008999999999787,,,hard_brake,mitra_t9,data\raw\mitra\Data_T9\T9_DAll.csv,2052.0,-27.620137500000002
7377,2,857.357129,858.224663,0.8675339999999778,,,hard_brake,mitra_t9,data\raw\mitra\Data_T9\T9_DAll.csv,2055.0,-21.165937500000002
7378,3,898.531626,899.432527,0.9009010000000899,,,hard_brake,mitra_t9,data\raw\mitra\Data_T9\T9_DAll.csv,2057.0,-9.2485125
7379,2,871.537973,872.07184,0.5338669999999865,,,hard_brake,mitra_t9,data\raw\mitra\Data_T9\T9_DAll.csv,2059.0,-4.28077
7380,3,891.524621,892.258688,0.7340669999999818,,,hard_brake,mitra_t9,data\raw\mitra\Data_T9\T9_DAll.csv,2060.0,-8.207699999999999
7381,2,875.275042,876.075843,0.8008009999999786,,,hard_brake,mitra_t9,data\raw\mitra\Data_T9\T9_DAll.csv,2071.0,-16.250037499999998
7382,3,882.749181,883.583348,0.8341669999999795,,,hard_brake,mitra_t9,data\raw\mitra\Data_T9\T9_DAll.csv,2073.0,-19.8123375
7383,21,849.549323,850.016457,0.4671339999999873,,,hard_brake,mitra_t9,data\raw\mitra\Data_T9\T9_DAll.csv,2074.0,-4.463444444444445
7384,3,897.163592,898.097859,0.9342669999999771,,,hard_brake,mitra_t9,data\raw\mitra\Data_T9\T9_DAll.csv,2077.0,-9.349744444444443
7385,2,879.279045,879.913012,0.6339669999999842,,,hard_brake,mitra_t9,data\raw\mitra\Data_T9\T9_DAll.csv,2078.0,-7.4043125
7386,21,880.446879,881.080846,0.6339669999999842,,,hard_brake,mitra_t9,data\raw\mitra\Data_T9\T9_DAll.csv,2082.0,-4.738826666666667
7387,2,869.836272,870.737172,0.9008999999999787,,,hard_brake,mitra_t9,data\raw\mitra\Data_T9\T9_DAll.csv,2083.0,-5.30118
7388,1,871.237673,871.905006,0.6673329999999851,,,hard_brake,mitra_t9,data\raw\mitra\Data_T9\T9_DAll.csv,2084.0,-7.898999999999999
7389,7,861.694799,862.328766,0.6339669999999842,,,hard_brake,mitra_t9,data\raw\mitra\Data_T9\T9_DAll.csv,2089.0,-4.87048
7390,21,873.072841,873.706808,0.6339669999999842,,,hard_brake,mitra_t9,data\raw\mitra\Data_T9\T9_DAll.csv,2090.0,-10.370124999999998
7391,3,901.401161,902.268695,0.8675339999999778,,,hard_brake,mitra_t9,data\raw\mitra\Data_T9\T9_DAll.csv,2091.0,-18.9648875
7392,2,882.448881,883.416515,0.9676339999999755,,,hard_brake,mitra_t9,data\raw\mitra\Data_T9\T9_DAll.csv,2093.0,-30.3566375
7393,3,902.302062,902.936029,0.6339669999999842,,,hard_brake,mitra_t9,data\raw\mitra\Data_T9\T9_DAll.csv,2095.0,-10.0497625
7394,2,883.983749,884.918016,0.9342669999999771,,,hard_brake,mitra_t9,data\raw\mitra\Data_T9\T9_DAll.csv,2100.0,-7.576013333333334
7395,3,905.571998,906.439532,0.8675339999999778,,,hard_brake,mitra_t9,data\raw\mitra\Data_T9\T9_DAll.csv,2101.0,-36.347375
7396,1,882.815914,883.583348,0.7674339999999802,,,hard_brake,mitra_t9,data\raw\mitra\Data_T9\T9_DAll.csv,2104.0,-13.6611375
7397,3,907.540633,908.107866,0.5672329999999874,,,hard_brake,mitra_t9,data\raw\mitra\Data_T9\T9_DAll.csv,2113.0,-7.1587625
7398,21,877.510611,878.044478,0.5338669999999865,,,hard_brake,mitra_t9,data\raw\mitra\Data_T9\T9_DAll.csv,2117.0,-8.57605
7399,2,888.454885,889.255686,0.8008009999999786,,,hard_brake,mitra_t9,data\raw\mitra\Data_T9\T9_DAll.csv,2118.0,-11.3988
7400,3,907.473899,908.107866,0.6339669999999842,,,hard_brake,mitra_t9,data\raw\mitra\Data_T9\T9_DAll.csv,2119.0,-9.9214
7401,3,891.758188,892.392155,0.6339669999999842,,,hard_brake,mitra_t9,data\raw\mitra\Data_T9\T9_DAll.csv,2121.0,-5.138159999999999
7402,2,851.284391,852.051825,0.7674339999999802,,,hard_brake,mitra_t9,data\raw\mitra\Data_T9\T9_DAll.csv,2122.0,-6.718262499999999
7403,1,883.850282,884.751183,0.9009009999999762,,,hard_brake,mitra_t9,data\raw\mitra\Data_T9\T9_DAll.csv,2127.0,-13.080312499999998
7404,1,865.531968,866.399502,0.8675339999999778,,,hard_brake,mitra_t9,data\raw\mitra\Data_T9\T9_DAll.csv,2129.0,-10.398724999999999
7405,2,891.391154,892.091855,0.7007009999999809,,,hard_brake,mitra_t9,data\raw\mitra\Data_T9\T9_DAll.csv,2131.0,-7.8624374999999995
7406,1,864.530968,865.231668,0.7006999999999834,,,hard_brake,mitra_t9,data\raw\mitra\Data_T9\T9_DAll.csv,2136.0,-9.540325000000001
7407,2,895.528624,896.429524,0.9008999999999787,,,hard_brake,mitra_t9,data\raw\mitra\Data_T9\T9_DAll.csv,2138.0,-32.1488125
7408,3,892.558988,893.426522,0.8675339999999778,,,hard_brake,mitra_t9,data\raw\mitra\Data_T9\T9_DAll.csv,2139.0,-13.941874999999998
7409,3,893.893656,894.76119,0.8675340000000915,,,hard_brake,mitra_t9,data\raw\mitra\Data_T9\T9_DAll.csv,2145.0,-5.113173333333333
7410,2,903.569996,904.270697,0.7007010000000946,,,hard_brake,mitra_t9,data\raw\mitra\Data_T9\T9_DAll.csv,2147.0,-9.1013
7411,1,889.889653,890.757187,0.8675340000000915,,,hard_brake,mitra_t9,data\raw\mitra\Data_T9\T9_DAll.csv,2149.0,-8.356312500000001
7412,2,900.233327,900.934028,0.7007009999999809,,,hard_brake,mitra_t9,data\raw\mitra\Data_T9\T9_DAll.csv,2153.0,-16.3679625
7413,3,907.740833,908.408167,0.6673340000000962,,,hard_brake,mitra_t9,data\raw\mitra\Data_T9\T9_DAll.csv,2155.0,-12.2807375
7414,1,842.742518,843.509952,0.7674339999999802,,,hard_brake,mitra_t9,data\raw\mitra\Data_T9\T9_DAll.csv,2159.0,-10.416793333333334
7415,1,906.673099,907.173599,0.5004999999999882,,,hard_brake,mitra_t9,data\raw\mitra\Data_T9\T9_DAll.csv,2170.0,-4.264846666666666
7416,1,907.373799,908.107866,0.7340669999999818,,,hard_brake,mitra_t9,data\raw\mitra\Data_T9\T9_DAll.csv,2171.0,-9.832887499999998
7417,2,907.440533,908.107866,0.6673329999999851,,,hard_brake,mitra_t9,data\raw\mitra\Data_T9\T9_DAll.csv,2173.0,-16.6917875
7418,2,899.632727,900.433527,0.8007999999999811,,,hard_brake,mitra_t9,data\raw\mitra\Data_T9\T9_DAll.csv,2175.0,-23.188124999999996
7419,2,876.643077,877.41051,0.7674330000000964,,,hard_brake,mitra_t9,data\raw\mitra\Data_T9\T9_DAll.csv,2180.0,-14.026274999999998
7420,1,907.440533,908.107866,0.6673329999999851,,,hard_brake,mitra_t9,data\raw\mitra\Data_T9\T9_DAll.csv,2194.0,-7.2307749999999995
7421,1,886.019117,886.753184,0.7340669999999818,,,hard_brake,mitra_t9,data\raw\mitra\Data_T9\T9_DAll.csv,2215.0,-10.9045
7422,1,907.807566,908.408167,0.600601000000097,,,hard_brake,mitra_t9,data\raw\mitra\Data_T9\T9_DAll.csv,2226.0,-9.167824999999999
7423,2,907.640733,908.408167,0.7674340000000939,,,hard_brake,mitra_t9,data\raw\mitra\Data_T9\T9_DAll.csv,2230.0,-5.751362499999999
7424,1,892.158588,892.926022,0.7674339999999802,,,hard_brake,mitra_t9,data\raw\mitra\Data_T9\T9_DAll.csv,2231.0,-23.715225000000004
7425,3,884.350782,885.418516,1.067733999999973,,,hard_brake,mitra_t9,data\raw\mitra\Data_T9\T9_DAll.csv,2233.0,-6.084366666666667
7426,3,907.640733,908.141233,0.5005000000001019,,,hard_brake,mitra_t9,data\raw\mitra\Data_T9\T9_DAll.csv,2234.0,-5.4782625000000005
7427,1,894.694456,895.595357,0.9009010000000899,,,hard_brake,mitra_t9,data\raw\mitra\Data_T9\T9_DAll.csv,2237.0,-21.083862500000002
7428,2,907.707466,908.408167,0.7007010000000946,,,hard_brake,mitra_t9,data\raw\mitra\Data_T9\T9_DAll.csv,2246.0,-12.155549999999998
7429,1,907.774199,908.408167,0.6339680000000953,,,hard_brake,mitra_t9,data\raw\mitra\Data_T9\T9_DAll.csv,2247.0,-11.96855
7430,2,907.774199,908.408167,0.6339680000000953,,,hard_brake,mitra_t9,data\raw\mitra\Data_T9\T9_DAll.csv,2255.0,-6.8460125000000005
7431,2,907.006766,907.941033,0.9342669999999771,,,hard_brake,mitra_t9,data\raw\mitra\Data_T9\T9_DAll.csv,2263.0,-6.315993333333334
7432,2,907.073499,908.141233,1.0677340000000868,,,hard_brake,mitra_t9,data\raw\mitra\Data_T9\T9_DAll.csv,2264.0,-7.844249999999999
7433,21,907.674099,908.408167,0.734068000000093,,,hard_brake,mitra_t9,data\raw\mitra\Data_T9\T9_DAll.csv,2277.0,-5.5663124999999996
7434,2,886.48625,886.986751,0.5005009999999857,,,hard_brake,mitra_t9,data\raw\mitra\Data_T9\T9_DAll.csv,2279.0,-4.992806666666667
7435,2,907.340432,907.941033,0.6006009999999833,,,hard_brake,mitra_t9,data\raw\mitra\Data_T9\T9_DAll.csv,2283.0,-10.6588
7436,3,906.572999,907.140232,0.5672329999999874,,,hard_brake,mitra_t9,data\raw\mitra\Data_T9\T9_DAll.csv,2312.0,-4.280973333333333
7437,3,907.307066,907.9744,0.6673339999999826,,,hard_brake,mitra_t9,data\raw\mitra\Data_T9\T9_DAll.csv,2321.0,-4.142386666666667
7438,11,907.674099,908.408167,0.734068000000093,,,hard_brake,mitra_t9,data\raw\mitra\Data_T9\T9_DAll.csv,2322.0,-18.70375
7439,1,906.906665,908.007766,1.1011009999999715,,,hard_brake,mitra_t9,data\raw\mitra\Data_T9\T9_DAll.csv,2324.0,-8.383574999999999
7440,20,907.874299,908.408167,0.5338680000000977,,,hard_brake,mitra_t9,data\raw\mitra\Data_T9\T9_DAll.csv,2326.0,-5.663625000000001
7441,2,907.373799,908.007766,0.6339669999999842,,,hard_brake,mitra_t9,data\raw\mitra\Data_T9\T9_DAll.csv,2330.0,-12.488687500000001
